# Blender v3.1.2 OBJ File: '1x12 diag slope.blend'
# www.blender.org
mtllib 1x12_track.mtl
o slope_track_track_normal.001
v 0.242348 0.071584 -0.242348
v 0.218205 0.085803 -0.218205
v 0.218205 0.071584 -0.218205
v 0.225017 0.071584 -0.225017
v 0.249160 0.071584 -0.249160
v 0.249160 0.085803 -0.249160
v 0.212470 0.025803 -0.212470
v 0.254896 0.025803 -0.254896
v 0.254896 0.041289 -0.254896
v 0.242348 0.041289 -0.242348
v 0.225017 0.041289 -0.225017
v 0.212470 0.041289 -0.212470
v -0.218205 0.071584 0.218205
v -0.218205 0.085803 0.218205
v -0.242348 0.071584 0.242348
v -0.225017 0.071584 0.225017
v -0.249161 0.085803 0.249161
v -0.249160 0.071584 0.249161
v -0.254896 0.041289 0.254896
v -0.254896 0.025803 0.254896
v -0.225017 0.041289 0.225017
v -0.242348 0.041289 0.242348
v -0.212469 0.025803 0.212469
v -0.212469 0.041289 0.212469
v -0.282283 -0.019513 0.124822
v -0.278953 0.060348 0.128152
v -0.300166 0.060348 0.149366
v -0.303497 -0.019513 0.146035
v -0.303460 -0.017747 0.103646
v -0.300129 0.062114 0.106976
v -0.324673 -0.017747 0.124859
v -0.321343 0.062114 0.128189
v 0.149366 0.060348 -0.300166
v 0.128152 0.060348 -0.278953
v 0.124822 -0.019513 -0.282283
v 0.146035 -0.019513 -0.303496
v 0.106976 0.062114 -0.300129
v 0.103646 -0.017747 -0.303460
v 0.128189 0.062114 -0.321343
v 0.124859 -0.017747 -0.324673
v 0.292236 -0.027464 -0.372444
v 0.294734 0.032432 -0.369946
v -0.369946 0.032432 0.294734
v -0.372444 -0.027464 0.292236
v 0.193413 -0.019222 -0.471267
v 0.195911 0.040674 -0.468769
v -0.471267 -0.019222 0.193413
v -0.468769 0.040674 0.195911
v -0.458753 -0.004795 -0.051648
v -0.455423 0.075066 -0.048318
v -0.476636 0.075066 -0.027105
v -0.479967 -0.004795 -0.030435
v -0.479930 -0.003029 -0.072824
v -0.476600 0.076832 -0.069494
v -0.501143 -0.003029 -0.051611
v -0.497813 0.076832 -0.048281
v -0.027105 0.075066 -0.476636
v -0.048318 0.075066 -0.455423
v -0.051648 -0.004795 -0.458753
v -0.030435 -0.004795 -0.479967
v -0.069494 0.076832 -0.476600
v -0.072824 -0.003029 -0.479930
v -0.048281 0.076832 -0.497813
v -0.051611 -0.003029 -0.501143
v 0.115766 -0.012746 -0.548914
v 0.118264 0.047150 -0.546416
v -0.546416 0.047150 0.118264
v -0.548914 -0.012746 0.115766
v 0.016943 -0.004504 -0.647737
v 0.019441 0.055392 -0.645240
v -0.647737 -0.004504 0.016943
v -0.645240 0.055392 0.019441
v -0.635224 0.009922 -0.228118
v -0.631893 0.089784 -0.224788
v -0.653106 0.089784 -0.203575
v -0.656437 0.009922 -0.206905
v -0.656400 0.011688 -0.249294
v -0.653070 0.091550 -0.245964
v -0.677613 0.011688 -0.228081
v -0.674283 0.091550 -0.224751
v -0.203575 0.089784 -0.653106
v -0.224788 0.089784 -0.631893
v -0.228118 0.009922 -0.635224
v -0.206905 0.009922 -0.656437
v -0.245964 0.091550 -0.653070
v -0.249294 0.011688 -0.656400
v -0.224751 0.091550 -0.674283
v -0.228081 0.011688 -0.677613
v -0.060704 0.001972 -0.725384
v -0.058206 0.061868 -0.722886
v -0.722886 0.061868 -0.058206
v -0.725384 0.001972 -0.060704
v -0.159527 0.010214 -0.824207
v -0.157029 0.070109 -0.821710
v -0.824207 0.010214 -0.159527
v -0.821710 0.070109 -0.157029
v -0.449297 0.099334 -0.959089
v -0.491724 0.099334 -0.916662
v -0.477915 0.129577 -0.927949
v -0.453180 0.143771 -0.951500
v -0.453772 0.129577 -0.952092
v -0.959733 0.083875 -0.449942
v -0.959089 0.099334 -0.449297
v -0.917307 0.083875 -0.492368
v -0.929210 0.099334 -0.479176
v -0.946541 0.099334 -0.461845
v -0.952092 0.129577 -0.453772
v -0.951500 0.143771 -0.453180
v -0.945280 0.129577 -0.460584
v -0.920545 0.143771 -0.484135
v -0.811694 0.024640 -0.404588
v -0.808363 0.104501 -0.401258
v -0.829577 0.104501 -0.380045
v -0.832907 0.024640 -0.383375
v -0.832870 0.026406 -0.425765
v -0.829540 0.106267 -0.422434
v -0.854083 0.026406 -0.404551
v -0.850753 0.106267 -0.401221
v -0.380045 0.104501 -0.829576
v -0.401258 0.104501 -0.808363
v -0.404588 0.024640 -0.811694
v -0.383375 0.024640 -0.832907
v -0.422434 0.106267 -0.829540
v -0.425765 0.026406 -0.832870
v -0.401221 0.106267 -0.850753
v -0.404551 0.026406 -0.854083
v -0.237174 0.016689 -0.901854
v -0.234676 0.076585 -0.899356
v -0.899356 0.076585 -0.234676
v -0.901854 0.016689 -0.237174
v -0.335997 0.024931 -1.000677
v -0.333499 0.084827 -0.998180
v -1.000677 0.024931 -0.335997
v -0.998180 0.084827 -0.333499
v -0.460584 0.129577 -0.945280
v -0.484135 0.143771 -0.920545
v -0.484727 0.129577 -0.921137
v -0.492368 0.083875 -0.917307
v -0.449942 0.083875 -0.959733
v -0.461845 0.099334 -0.946541
v -0.479176 0.099334 -0.929210
v -0.921137 0.129577 -0.484727
v -0.927949 0.129577 -0.477915
v -0.916662 0.099334 -0.491724
v -0.988164 0.039358 -0.581058
v -0.984833 0.119219 -0.577728
v -1.006047 0.119219 -0.556515
v -1.009377 0.039358 -0.559845
v -1.009340 0.041124 -0.602235
v -1.006010 0.120985 -0.598904
v -1.030553 0.041124 -0.581021
v -1.027223 0.120985 -0.577691
v -0.556515 0.119219 -1.006047
v -0.577728 0.119219 -0.984833
v -0.581058 0.039358 -0.988164
v -0.559845 0.039358 -1.009377
v -0.598904 0.120985 -1.006010
v -0.602235 0.041124 -1.009340
v -0.577691 0.120985 -1.027223
v -0.581021 0.041124 -1.030553
v -0.413644 0.031407 -1.078324
v -0.411146 0.091303 -1.075827
v -1.075827 0.091303 -0.411146
v -1.078324 0.031407 -0.413644
v -0.512467 0.039649 -1.177147
v -0.509969 0.099545 -1.174650
v -1.177148 0.039649 -0.512467
v -1.174650 0.099545 -0.509969
v -1.164634 0.054075 -0.757528
v -1.161304 0.133937 -0.754198
v -1.182517 0.133937 -0.732985
v -1.185847 0.054075 -0.736315
v -1.185810 0.055841 -0.778705
v -1.182480 0.135703 -0.775375
v -1.207023 0.055841 -0.757492
v -1.203693 0.135703 -0.754161
v -0.732985 0.133937 -1.182517
v -0.754198 0.133937 -1.161304
v -0.757528 0.054075 -1.164634
v -0.736315 0.054075 -1.185847
v -0.775375 0.135703 -1.182480
v -0.778705 0.055841 -1.185810
v -0.754161 0.135703 -1.203693
v -0.757492 0.055841 -1.207023
v -0.590114 0.046125 -1.254794
v -0.587616 0.106021 -1.252297
v -1.252297 0.106021 -0.587616
v -1.254794 0.046125 -0.590114
v -0.688937 0.054367 -1.353617
v -0.686440 0.114263 -1.351120
v -1.353618 0.054367 -0.688937
v -1.351120 0.114263 -0.686439
v -1.341104 0.068793 -0.933998
v -1.337774 0.148654 -0.930668
v -1.358987 0.148654 -0.909455
v -1.362317 0.068793 -0.912785
v -1.362280 0.070559 -0.955175
v -1.358950 0.150420 -0.951845
v -1.383493 0.070559 -0.933962
v -1.380163 0.150420 -0.930631
v -0.909455 0.148654 -1.358987
v -0.930668 0.148654 -1.337774
v -0.933998 0.068793 -1.341104
v -0.912785 0.068793 -1.362317
v -0.951845 0.150420 -1.358950
v -0.955175 0.070559 -1.362280
v -0.930631 0.150420 -1.380163
v -0.933962 0.070559 -1.383493
v -0.766584 0.060842 -1.431264
v -0.764086 0.120738 -1.428767
v -1.428767 0.120738 -0.764086
v -1.431264 0.060842 -0.766584
v -0.865407 0.069084 -1.530088
v -0.862910 0.128980 -1.527590
v -1.530088 0.069084 -0.865407
v -1.527590 0.128980 -0.862910
v -1.155822 0.142746 -1.665614
v -1.185057 0.158205 -1.635090
v -1.198249 0.142746 -1.623187
v -1.197604 0.158205 -1.622543
v -1.190608 0.188448 -1.627017
v -1.652422 0.158205 -1.167725
v -1.657973 0.188448 -1.159652
v -1.657381 0.202642 -1.159060
v -1.633829 0.188448 -1.183795
v -1.651160 0.188448 -1.166464
v -1.627017 0.188448 -1.190608
v -1.517574 0.083511 -1.110469
v -1.514244 0.163372 -1.107138
v -1.535457 0.163372 -1.085925
v -1.538787 0.083511 -1.089255
v -1.538750 0.085277 -1.131645
v -1.535420 0.165138 -1.128315
v -1.559964 0.085277 -1.110432
v -1.556633 0.165138 -1.107101
v -1.085925 0.163372 -1.535457
v -1.107138 0.163372 -1.514244
v -1.110469 0.083511 -1.517574
v -1.089255 0.083511 -1.538787
v -1.128315 0.165138 -1.535420
v -1.131645 0.085277 -1.538750
v -1.107102 0.165138 -1.556633
v -1.110432 0.085277 -1.559963
v -0.943054 0.075560 -1.607734
v -0.940557 0.135456 -1.605237
v -1.605237 0.135456 -0.940556
v -1.607735 0.075560 -0.943054
v -1.041877 0.083802 -1.706558
v -1.039380 0.143698 -1.704060
v -1.706558 0.083802 -1.041877
v -1.704060 0.143698 -1.039380
v -1.166464 0.188448 -1.651160
v -1.190016 0.202642 -1.626425
v -1.183795 0.188448 -1.633829
v -1.159652 0.188448 -1.657973
v -1.159060 0.202642 -1.657381
v -1.155178 0.158205 -1.664969
v -1.167725 0.158205 -1.652421
v -1.626425 0.202642 -1.190016
v -1.664969 0.158205 -1.155178
v -1.665614 0.142746 -1.155822
v -1.635090 0.158205 -1.185056
v -1.623187 0.142746 -1.198249
v -1.622543 0.158205 -1.197604
v -1.694044 0.098228 -1.286938
v -1.690714 0.178090 -1.283608
v -1.711927 0.178090 -1.262395
v -1.715257 0.098228 -1.265725
v -1.715221 0.099995 -1.308115
v -1.711890 0.179856 -1.304785
v -1.736434 0.099995 -1.286902
v -1.733104 0.179856 -1.283572
v -1.262395 0.178090 -1.711927
v -1.283608 0.178090 -1.690714
v -1.286939 0.098228 -1.694044
v -1.265725 0.098228 -1.715257
v -1.304785 0.179856 -1.711890
v -1.308115 0.099995 -1.715220
v -1.283572 0.179856 -1.733103
v -1.286902 0.099995 -1.736434
v -1.119524 0.090278 -1.784205
v -1.117027 0.150174 -1.781707
v -1.781707 0.150174 -1.117027
v -1.784205 0.090278 -1.119524
v -1.218348 0.098520 -1.883028
v -1.215850 0.158416 -1.880530
v -1.883028 0.098520 -1.218347
v -1.880530 0.158416 -1.215850
v -1.870514 0.112946 -1.463409
v -1.867184 0.192807 -1.460078
v -1.888397 0.192807 -1.438865
v -1.891727 0.112946 -1.442195
v -1.891691 0.114712 -1.484585
v -1.888361 0.194573 -1.481255
v -1.912904 0.114712 -1.463372
v -1.909574 0.194573 -1.460042
v -1.438865 0.192807 -1.888397
v -1.460078 0.192807 -1.867184
v -1.463409 0.112946 -1.870514
v -1.442196 0.112946 -1.891727
v -1.481255 0.194573 -1.888360
v -1.484585 0.114712 -1.891690
v -1.460042 0.194573 -1.909573
v -1.463372 0.114712 -1.912904
v -1.295994 0.104995 -1.960675
v -1.293497 0.164891 -1.958177
v -1.958177 0.164891 -1.293497
v -1.960675 0.104995 -1.295994
v -1.394818 0.113237 -2.059498
v -1.392320 0.173133 -2.057000
v -2.059498 0.113237 -1.394817
v -2.057000 0.173133 -1.392320
v -2.046984 0.127664 -1.639879
v -2.043654 0.207525 -1.636548
v -2.064867 0.207525 -1.615335
v -2.068197 0.127664 -1.618665
v -2.068161 0.129430 -1.661055
v -2.064831 0.209291 -1.657725
v -2.089374 0.129430 -1.639842
v -2.086044 0.209291 -1.636512
v -1.615335 0.207525 -2.064867
v -1.636549 0.207525 -2.043654
v -1.639879 0.127664 -2.046984
v -1.618666 0.127664 -2.068197
v -1.657725 0.209291 -2.064830
v -1.661055 0.129430 -2.068161
v -1.636512 0.209291 -2.086044
v -1.639842 0.129430 -2.089374
v -1.472465 0.119713 -2.137145
v -1.469967 0.179609 -2.134647
v -2.134647 0.179609 -1.469967
v -2.137145 0.119713 -1.472464
v -1.571288 0.127955 -2.235968
v -1.568790 0.187851 -2.233470
v -2.235968 0.127955 -1.571288
v -2.233470 0.187851 -1.568790
v -1.861703 0.201617 -2.371494
v -1.861058 0.217076 -2.370849
v -1.873606 0.217076 -2.358302
v -1.872345 0.247318 -2.357041
v -1.889676 0.247318 -2.339710
v -1.895896 0.261513 -2.332305
v -1.865532 0.247318 -2.363853
v -2.371494 0.201617 -1.861703
v -2.340971 0.217076 -1.890937
v -2.363853 0.247318 -1.865532
v -2.339710 0.247318 -1.889676
v -2.332305 0.261513 -1.895896
v -2.223454 0.142381 -1.816349
v -2.220124 0.222243 -1.813018
v -2.241337 0.222243 -1.791805
v -2.244668 0.142381 -1.795135
v -2.244631 0.144148 -1.837525
v -2.241301 0.224009 -1.834195
v -2.265844 0.144148 -1.816312
v -2.262514 0.224009 -1.812982
v -1.791806 0.222243 -2.241337
v -1.813019 0.222243 -2.220124
v -1.816349 0.142381 -2.223454
v -1.795136 0.142381 -2.244667
v -1.834195 0.224009 -2.241301
v -1.837525 0.144148 -2.244631
v -1.812982 0.224009 -2.262514
v -1.816312 0.144148 -2.265844
v -1.648935 0.134431 -2.313615
v -1.646437 0.194327 -2.311117
v -2.311117 0.194327 -1.646437
v -2.313615 0.134431 -1.648934
v -1.747758 0.142673 -2.412438
v -1.745260 0.202569 -2.409940
v -2.412438 0.142673 -1.747758
v -2.409941 0.202569 -1.745260
v -1.896488 0.247318 -2.332897
v -1.864940 0.261513 -2.363261
v -1.904129 0.201617 -2.329068
v -1.890937 0.217076 -2.340971
v -1.903485 0.217076 -2.328423
v -2.332897 0.247318 -1.896488
v -2.357041 0.247318 -1.872344
v -2.363261 0.261513 -1.864940
v -2.370850 0.217076 -1.861058
v -2.358302 0.217076 -1.873605
v -2.329068 0.201617 -1.904129
v -2.328423 0.217076 -1.903484
v -2.399924 0.157099 -1.992819
v -2.396594 0.236960 -1.989488
v -2.417807 0.236960 -1.968275
v -2.421138 0.157099 -1.971606
v -2.421101 0.158865 -2.013995
v -2.417771 0.238727 -2.010665
v -2.442314 0.158865 -1.992782
v -2.438984 0.238727 -1.989452
v -1.968276 0.236960 -2.417807
v -1.989489 0.236960 -2.396594
v -1.992819 0.157099 -2.399924
v -1.971606 0.157099 -2.421137
v -2.010665 0.238727 -2.417770
v -2.013996 0.158865 -2.421101
v -1.989452 0.238727 -2.438984
v -1.992782 0.158865 -2.442314
v -1.825405 0.149148 -2.490085
v -1.822907 0.209044 -2.487587
v -2.487587 0.209044 -1.822907
v -2.490085 0.149148 -1.825405
v -1.924228 0.157390 -2.588908
v -1.921730 0.217286 -2.586411
v -2.588908 0.157390 -1.924228
v -2.586411 0.217286 -1.921730
v -2.576395 0.171817 -2.169289
v -2.573064 0.251678 -2.165959
v -2.594277 0.251678 -2.144746
v -2.597608 0.171817 -2.148076
v -2.597571 0.173583 -2.190465
v -2.594241 0.253444 -2.187135
v -2.618784 0.173583 -2.169252
v -2.615454 0.253444 -2.165922
v -2.144746 0.251678 -2.594277
v -2.165959 0.251678 -2.573064
v -2.169289 0.171817 -2.576395
v -2.148076 0.171817 -2.597608
v -2.187135 0.253444 -2.594241
v -2.190466 0.173583 -2.597571
v -2.165922 0.253444 -2.615454
v -2.169252 0.173583 -2.618784
v -2.001875 0.163866 -2.666555
v -1.999377 0.223762 -2.664057
v -2.664058 0.223762 -1.999377
v -2.666555 0.163866 -2.001875
v -2.100698 0.172108 -2.765378
v -2.098200 0.232004 -2.762881
v -2.765378 0.172108 -2.100698
v -2.762881 0.232004 -2.098200
v -2.752865 0.186535 -2.345759
v -2.749535 0.266396 -2.342429
v -2.770748 0.266396 -2.321216
v -2.774078 0.186535 -2.324546
v -2.774041 0.188301 -2.366936
v -2.770711 0.268162 -2.363605
v -2.795254 0.188301 -2.345722
v -2.791924 0.268162 -2.342392
v -2.321216 0.266396 -2.770747
v -2.342429 0.266396 -2.749534
v -2.345759 0.186535 -2.752864
v -2.324546 0.186535 -2.774078
v -2.363606 0.268162 -2.770711
v -2.366936 0.188301 -2.774041
v -2.342392 0.268162 -2.791924
v -2.345723 0.188301 -2.795254
v -2.178345 0.178584 -2.843025
v -2.175847 0.238480 -2.840528
v -2.840528 0.238480 -2.175847
v -2.843025 0.178584 -2.178345
v -2.277168 0.186826 -2.941848
v -2.274670 0.246722 -2.939351
v -2.941849 0.186826 -2.277168
v -2.939351 0.246722 -2.274670
v -2.567583 0.260488 -3.077374
v -2.566939 0.275947 -3.076730
v -2.596817 0.275947 -3.046851
v -2.579486 0.275947 -3.064182
v -2.610010 0.260488 -3.034948
v -2.609365 0.275947 -3.034303
v -2.578225 0.306189 -3.062921
v -2.595556 0.306189 -3.045590
v -2.602369 0.306189 -3.038778
v -2.601777 0.320383 -3.038186
v -2.570821 0.320383 -3.069141
v -2.571413 0.306189 -3.069733
v -3.046851 0.275947 -2.596817
v -3.069734 0.306189 -2.571413
v -3.038186 0.320383 -2.601776
v -3.038778 0.306189 -2.602368
v -2.929335 0.201252 -2.522229
v -2.926004 0.281114 -2.518899
v -2.947218 0.281114 -2.497686
v -2.950548 0.201252 -2.501016
v -2.950511 0.203018 -2.543406
v -2.947181 0.282880 -2.540076
v -2.971725 0.203018 -2.522192
v -2.968394 0.282880 -2.518862
v -2.497686 0.281114 -2.947217
v -2.518899 0.281114 -2.926004
v -2.522229 0.201252 -2.929335
v -2.501016 0.201252 -2.950548
v -2.540076 0.282880 -2.947181
v -2.543406 0.203018 -2.950511
v -2.518862 0.282880 -2.968394
v -2.522193 0.203018 -2.971724
v -2.354815 0.193302 -3.019495
v -2.352317 0.253197 -3.016998
v -3.016998 0.253197 -2.352317
v -3.019495 0.193302 -2.354815
v -2.453638 0.201543 -3.118319
v -2.451141 0.261439 -3.115821
v -3.118319 0.201543 -2.453638
v -3.115821 0.261439 -2.451140
v -3.062921 0.306189 -2.578225
v -3.045590 0.306189 -2.595556
v -3.069142 0.320383 -2.570821
v -3.076730 0.275947 -2.566938
v -3.077375 0.260488 -2.567583
v -3.064182 0.275947 -2.579486
v -3.034948 0.260488 -2.610009
v -3.034304 0.275947 -2.609365
v -3.105805 0.215970 -2.698699
v -3.102475 0.295831 -2.695369
v -3.123688 0.295831 -2.674156
v -3.127018 0.215970 -2.677486
v -3.126981 0.217736 -2.719876
v -3.123651 0.297597 -2.716545
v -3.148194 0.217736 -2.698662
v -3.144864 0.297597 -2.695332
v -2.674156 0.295831 -3.123688
v -2.695369 0.295831 -3.102475
v -2.698700 0.215970 -3.105805
v -2.677486 0.215970 -3.127018
v -2.716546 0.297597 -3.123651
v -2.719876 0.217736 -3.126981
v -2.695332 0.297597 -3.144864
v -2.698663 0.217736 -3.148194
v -2.531285 0.208019 -3.195965
v -2.528787 0.267915 -3.193468
v -3.193468 0.267915 -2.528787
v -3.195966 0.208019 -2.531285
v -2.630109 0.216261 -3.294789
v -2.627611 0.276157 -3.292291
v -3.294789 0.216261 -2.630108
v -3.292291 0.276157 -2.627610
v -3.282275 0.230688 -2.875170
v -3.278945 0.310549 -2.871839
v -3.300158 0.310549 -2.850626
v -3.303488 0.230688 -2.853956
v -3.303452 0.232454 -2.896346
v -3.300121 0.312315 -2.893016
v -3.324665 0.232454 -2.875133
v -3.321334 0.312315 -2.871802
v -2.850626 0.310549 -3.300158
v -2.871840 0.310549 -3.278944
v -2.875170 0.230688 -3.282275
v -2.853956 0.230688 -3.303488
v -2.893016 0.312315 -3.300121
v -2.896346 0.232454 -3.303451
v -2.871803 0.312315 -3.321334
v -2.875133 0.232454 -3.324664
v -2.707755 0.222737 -3.372435
v -2.705257 0.282633 -3.369938
v -3.369938 0.282633 -2.705257
v -3.372436 0.222737 -2.707755
v -2.806579 0.230979 -3.471259
v -2.804081 0.290875 -3.468761
v -3.471259 0.230979 -2.806578
v -3.468761 0.290875 -2.804081
v -3.458745 0.245405 -3.051640
v -3.455415 0.325267 -3.048309
v -3.476628 0.325267 -3.027096
v -3.479958 0.245405 -3.030426
v -3.479921 0.247171 -3.072816
v -3.476591 0.327033 -3.069486
v -3.501135 0.247171 -3.051603
v -3.497804 0.327033 -3.048272
v -3.027096 0.325267 -3.476628
v -3.048310 0.325267 -3.455415
v -3.051640 0.245405 -3.458745
v -3.030427 0.245405 -3.479958
v -3.069486 0.327033 -3.476591
v -3.072816 0.247171 -3.479921
v -3.048273 0.327033 -3.497804
v -3.051603 0.247171 -3.501134
v -2.884225 0.237455 -3.548905
v -2.881727 0.297351 -3.546408
v -3.546408 0.297351 -2.881727
v -3.548906 0.237455 -2.884225
v -2.983049 0.245697 -3.647729
v -2.980551 0.305592 -3.645231
v -3.647729 0.245697 -2.983048
v -3.645231 0.305592 -2.980551
v -3.273464 0.319358 -3.783255
v -3.315245 0.334817 -3.740184
v -3.276701 0.379254 -3.775022
v -3.277293 0.365060 -3.775614
v -3.783255 0.319358 -3.273463
v -3.782610 0.334817 -3.272819
v -3.752732 0.334817 -3.302697
v -3.770063 0.334817 -3.285366
v -3.775022 0.379254 -3.276701
v -3.768802 0.365060 -3.284105
v -3.744066 0.379254 -3.307657
v -3.744658 0.365060 -3.308249
v -3.635215 0.260123 -3.228110
v -3.631885 0.339984 -3.224779
v -3.653098 0.339984 -3.203566
v -3.656429 0.260123 -3.206896
v -3.656392 0.261889 -3.249286
v -3.653061 0.341750 -3.245956
v -3.677605 0.261889 -3.228073
v -3.674274 0.341750 -3.224742
v -3.203567 0.339984 -3.653098
v -3.224780 0.339984 -3.631885
v -3.228110 0.260123 -3.635215
v -3.206897 0.260123 -3.656428
v -3.245956 0.341750 -3.653061
v -3.249286 0.261889 -3.656391
v -3.224743 0.341750 -3.674274
v -3.228073 0.261889 -3.677604
v -3.060695 0.252172 -3.725375
v -3.058197 0.312068 -3.722878
v -3.722878 0.312068 -3.058197
v -3.725376 0.252172 -3.060695
v -3.159519 0.260414 -3.824199
v -3.157021 0.320310 -3.821701
v -3.824199 0.260414 -3.159518
v -3.821702 0.320310 -3.157021
v -3.284106 0.365060 -3.768801
v -3.307657 0.379254 -3.744066
v -3.308249 0.365060 -3.744658
v -3.301437 0.365060 -3.751470
v -3.315890 0.319358 -3.740829
v -3.272819 0.334817 -3.782610
v -3.285367 0.334817 -3.770062
v -3.302698 0.334817 -3.752731
v -3.751471 0.365060 -3.301436
v -3.775614 0.365060 -3.277293
v -3.740829 0.319358 -3.315890
v -3.740184 0.334817 -3.315245
v -3.811686 0.274841 -3.404580
v -3.808355 0.354702 -3.401250
v -3.829568 0.354702 -3.380036
v -3.832899 0.274841 -3.383367
v -3.832861 0.276607 -3.425756
v -3.829531 0.356468 -3.422426
v -3.854075 0.276607 -3.404543
v -3.850744 0.356468 -3.401212
v -3.380037 0.354702 -3.829568
v -3.401250 0.354702 -3.808355
v -3.404580 0.274841 -3.811685
v -3.383367 0.274841 -3.832898
v -3.422426 0.356468 -3.829531
v -3.425756 0.276607 -3.832861
v -3.401213 0.356468 -3.850744
v -3.404543 0.276607 -3.854074
v -3.237165 0.266890 -3.901845
v -3.234668 0.326786 -3.899348
v -3.899348 0.326786 -3.234667
v -3.901846 0.266890 -3.237165
v -3.335989 0.275132 -4.000669
v -3.333491 0.335028 -3.998171
v -4.000669 0.275132 -3.335989
v -3.998172 0.335028 -3.333491
v -3.988155 0.289558 -3.581050
v -3.984825 0.369420 -3.577720
v -4.006039 0.369420 -3.556506
v -4.009369 0.289558 -3.559837
v -4.009332 0.291324 -3.602226
v -4.006001 0.371186 -3.598896
v -4.030545 0.291324 -3.581013
v -4.027215 0.371186 -3.577682
v -3.556507 0.369420 -4.006038
v -3.577720 0.369420 -3.984825
v -3.581050 0.289558 -3.988155
v -3.559837 0.289558 -4.009368
v -3.598896 0.371186 -4.006001
v -3.602226 0.291324 -4.009331
v -3.577683 0.371186 -4.027215
v -3.581013 0.291324 -4.030545
v -3.413635 0.281608 -4.078316
v -3.411138 0.341504 -4.075818
v -4.075818 0.341504 -3.411138
v -4.078316 0.281608 -3.413635
v -3.512459 0.289850 -4.177139
v -3.509961 0.349746 -4.174641
v -4.177139 0.289850 -3.512459
v -4.174642 0.349746 -3.509961
v -4.164626 0.304276 -3.757520
v -4.161295 0.384137 -3.754190
v -4.182508 0.384137 -3.732976
v -4.185839 0.304276 -3.736307
v -4.185802 0.306042 -3.778696
v -4.182472 0.385903 -3.775366
v -4.207015 0.306042 -3.757483
v -4.203685 0.385903 -3.754153
v -3.732977 0.384137 -4.182508
v -3.754190 0.384137 -4.161295
v -3.757520 0.304276 -4.164625
v -3.736307 0.304276 -4.185839
v -3.775366 0.385903 -4.182471
v -3.778697 0.306042 -4.185802
v -3.754153 0.385903 -4.203684
v -3.757483 0.306042 -4.207015
v -3.590106 0.296325 -4.254786
v -3.587608 0.356221 -4.252288
v -4.252288 0.356221 -3.587608
v -4.254786 0.296325 -3.590105
v -3.688929 0.304567 -4.353609
v -3.686431 0.364463 -4.351111
v -4.353610 0.304567 -3.688929
v -4.351112 0.364463 -3.686431
v -3.978699 0.393688 -4.488490
v -4.021770 0.378229 -4.446709
v -3.989986 0.423931 -4.474681
v -4.007317 0.423931 -4.457350
v -4.014129 0.423931 -4.450538
v -4.013537 0.438125 -4.449946
v -3.982582 0.438125 -4.480902
v -4.488491 0.393688 -3.978699
v -4.446709 0.378229 -4.021770
v -4.458612 0.393688 -4.008578
v -4.481494 0.423931 -3.983173
v -4.480903 0.438125 -3.982581
v -4.341096 0.318994 -3.933990
v -4.337766 0.398855 -3.930660
v -4.358979 0.398855 -3.909446
v -4.362309 0.318994 -3.912777
v -4.362272 0.320760 -3.955166
v -4.358942 0.400621 -3.951836
v -4.383485 0.320760 -3.933953
v -4.380155 0.400621 -3.930623
v -3.909447 0.398855 -4.358978
v -3.930660 0.398855 -4.337765
v -3.933990 0.318994 -4.341095
v -3.912777 0.318994 -4.362309
v -3.951837 0.400621 -4.358942
v -3.955167 0.320760 -4.362272
v -3.930623 0.400621 -4.380155
v -3.933954 0.320760 -4.383485
v -3.766576 0.311043 -4.431256
v -3.764078 0.370939 -4.428758
v -4.428759 0.370939 -3.764078
v -4.431256 0.311043 -3.766575
v -3.865399 0.319285 -4.530079
v -3.862902 0.379181 -4.527582
v -4.530080 0.319285 -3.865399
v -4.527582 0.379181 -3.862901
v -3.983174 0.423931 -4.481494
v -3.979344 0.378229 -4.489135
v -3.991247 0.393688 -4.475943
v -4.008578 0.393688 -4.458611
v -4.021126 0.393688 -4.446064
v -4.450539 0.423931 -4.014129
v -4.449947 0.438125 -4.013537
v -4.474682 0.423931 -3.989985
v -4.457351 0.423931 -4.007317
v -4.489135 0.378229 -3.979343
v -4.475943 0.393688 -3.991246
v -4.446064 0.393688 -4.021125
v -4.517566 0.333711 -4.110460
v -4.514235 0.413573 -4.107130
v -4.535449 0.413573 -4.085917
v -4.538779 0.333711 -4.089247
v -4.538742 0.335478 -4.131636
v -4.535412 0.415339 -4.128306
v -4.559955 0.335478 -4.110423
v -4.556625 0.415339 -4.107093
v -4.085917 0.413573 -4.535449
v -4.107130 0.413573 -4.514235
v -4.110460 0.333711 -4.517566
v -4.089247 0.333711 -4.538779
v -4.128306 0.415339 -4.535411
v -4.131637 0.335478 -4.538742
v -4.107093 0.415339 -4.556624
v -4.110423 0.335478 -4.559955
v -3.943046 0.325761 -4.607726
v -3.940548 0.385657 -4.605228
v -4.605228 0.385657 -3.940548
v -4.607726 0.325761 -3.943046
v -4.041869 0.334003 -4.706549
v -4.039371 0.393899 -4.704051
v -4.706550 0.334003 -4.041869
v -4.704052 0.393899 -4.039371
v -4.694036 0.348429 -4.286930
v -4.690706 0.428290 -4.283600
v -4.711919 0.428290 -4.262386
v -4.715249 0.348429 -4.265717
v -4.715212 0.350195 -4.308106
v -4.711882 0.430057 -4.304776
v -4.736425 0.350195 -4.286893
v -4.733095 0.430057 -4.283563
v -4.262387 0.428290 -4.711918
v -4.283600 0.428290 -4.690705
v -4.286931 0.348429 -4.694036
v -4.265718 0.348429 -4.715249
v -4.304777 0.430057 -4.711882
v -4.308107 0.350195 -4.715212
v -4.283564 0.430057 -4.733095
v -4.286894 0.350195 -4.736425
v -4.119516 0.340478 -4.784196
v -4.117018 0.400374 -4.781698
v -4.781699 0.400374 -4.117018
v -4.784196 0.340478 -4.119515
v -4.218339 0.348720 -4.883019
v -4.215842 0.408616 -4.880522
v -4.883020 0.348720 -4.218339
v -4.880522 0.408616 -4.215841
v -4.870506 0.363147 -4.463400
v -4.867176 0.443008 -4.460070
v -4.888389 0.443008 -4.438857
v -4.891719 0.363147 -4.442187
v -4.891682 0.364913 -4.484577
v -4.888352 0.444774 -4.481246
v -4.912895 0.364913 -4.463364
v -4.909565 0.444774 -4.460033
v -4.438857 0.443008 -4.888389
v -4.460071 0.443008 -4.867176
v -4.463401 0.363147 -4.870506
v -4.442187 0.363147 -4.891719
v -4.481246 0.444774 -4.888352
v -4.484577 0.364913 -4.891682
v -4.460033 0.444774 -4.909565
v -4.463364 0.364913 -4.912895
v -4.295986 0.355196 -4.960666
v -4.293489 0.415092 -4.958169
v -4.958169 0.415092 -4.293488
v -4.960667 0.355196 -4.295986
v -4.394810 0.363438 -5.059490
v -4.392312 0.423334 -5.056992
v -5.059490 0.363438 -4.394809
v -5.056993 0.423334 -4.392312
v -4.685225 0.437100 -5.195015
v -4.697128 0.452559 -5.181823
v -4.713198 0.482801 -5.163231
v -5.164493 0.452559 -4.714458
v -5.163231 0.482801 -4.713197
v -5.180562 0.482801 -4.695866
v -5.155828 0.496996 -4.719418
v -5.156419 0.482801 -4.720009
v -5.046976 0.377865 -4.639870
v -5.043646 0.457726 -4.636540
v -5.064859 0.457726 -4.615327
v -5.068189 0.377865 -4.618657
v -5.068152 0.379631 -4.661047
v -5.064822 0.459492 -4.657716
v -5.089365 0.379631 -4.639833
v -5.086035 0.459492 -4.636503
v -4.615327 0.457726 -5.064858
v -4.636540 0.457726 -5.043645
v -4.639871 0.377865 -5.046976
v -4.618657 0.377865 -5.068189
v -4.657717 0.459492 -5.064822
v -4.661047 0.379631 -5.068152
v -4.636503 0.459492 -5.086035
v -4.639833 0.379631 -5.089365
v -4.472456 0.369914 -5.137136
v -4.469958 0.429810 -5.134638
v -5.134639 0.429810 -4.469958
v -5.137136 0.369914 -4.472456
v -4.571280 0.378156 -5.235960
v -4.568782 0.438052 -5.233462
v -5.235960 0.378156 -4.571279
v -5.233462 0.438052 -4.568781
v -4.695867 0.482801 -5.180562
v -4.719418 0.496996 -5.155827
v -4.720010 0.482801 -5.156419
v -4.689054 0.482801 -5.187375
v -4.688462 0.496996 -5.186783
v -4.727651 0.437100 -5.152589
v -4.684580 0.452559 -5.194371
v -4.714459 0.452559 -5.164492
v -4.727006 0.452559 -5.151945
v -5.186783 0.496996 -4.688462
v -5.187375 0.482801 -4.689054
v -5.194371 0.452559 -4.684579
v -5.195016 0.437100 -4.685224
v -5.181824 0.452559 -4.697127
v -5.152590 0.437100 -4.727651
v -5.151945 0.452559 -4.727006
v -5.223446 0.392582 -4.816340
v -5.220116 0.472443 -4.813010
v -5.241329 0.472443 -4.791797
v -5.244659 0.392582 -4.795127
v -5.244623 0.394348 -4.837517
v -5.241292 0.474210 -4.834187
v -5.265836 0.394348 -4.816303
v -5.262506 0.474210 -4.812973
v -4.791798 0.472443 -5.241329
v -4.813011 0.472443 -5.220116
v -4.816341 0.392582 -5.223446
v -4.795128 0.392582 -5.244659
v -4.834187 0.474210 -5.241292
v -4.837517 0.394348 -5.244622
v -4.812974 0.474210 -5.262505
v -4.816304 0.394348 -5.265835
v -4.648926 0.384631 -5.313606
v -4.646429 0.444527 -5.311109
v -5.311109 0.444527 -4.646428
v -5.313607 0.384631 -4.648926
v -4.747750 0.392873 -5.412430
v -4.745252 0.452769 -5.409932
v -5.412430 0.392873 -4.747749
v -5.409933 0.452769 -4.745252
v -5.399917 0.407300 -4.992811
v -5.396586 0.487161 -4.989480
v -5.417799 0.487161 -4.968267
v -5.421130 0.407300 -4.971598
v -5.421093 0.409066 -5.013987
v -5.417762 0.488927 -5.010656
v -5.442306 0.409066 -4.992773
v -5.438975 0.488927 -4.989443
v -4.968267 0.487161 -5.417799
v -4.989481 0.487161 -5.396586
v -4.992811 0.407300 -5.399916
v -4.971598 0.407300 -5.421129
v -5.010657 0.488927 -5.417762
v -5.013987 0.409066 -5.421092
v -4.989444 0.488927 -5.438975
v -4.992774 0.409066 -5.442305
v -4.825396 0.399349 -5.490077
v -4.822898 0.459245 -5.487579
v -5.487579 0.459245 -4.822898
v -5.490077 0.399349 -4.825396
v -4.924220 0.407591 -5.588900
v -4.921722 0.467487 -5.586402
v -5.588900 0.407591 -4.924219
v -5.586402 0.467487 -4.921721
v -5.576386 0.422018 -5.169281
v -5.573056 0.501879 -5.165950
v -5.594269 0.501879 -5.144737
v -5.597600 0.422018 -5.148067
v -5.597563 0.423784 -5.190457
v -5.594233 0.503645 -5.187127
v -5.618776 0.423784 -5.169244
v -5.615446 0.503645 -5.165914
v -5.144737 0.501879 -5.594269
v -5.165951 0.501879 -5.573056
v -5.169281 0.422018 -5.576386
v -5.148067 0.422018 -5.597599
v -5.187127 0.503645 -5.594232
v -5.190457 0.423784 -5.597562
v -5.165914 0.503645 -5.615445
v -5.169244 0.423784 -5.618775
v -5.001866 0.414067 -5.666546
v -4.999369 0.473963 -5.664049
v -5.664049 0.473963 -4.999368
v -5.666547 0.414067 -5.001866
v -5.100690 0.422309 -5.765370
v -5.098192 0.482205 -5.762872
v -5.765370 0.422309 -5.100689
v -5.762873 0.482205 -5.098192
v -5.390460 0.511430 -5.900251
v -5.420339 0.511430 -5.870372
v -5.403008 0.511430 -5.887703
v -5.433531 0.495971 -5.858469
v -5.419078 0.541672 -5.869111
v -5.425298 0.555866 -5.861707
v -5.394342 0.555866 -5.892663
v -5.394934 0.541672 -5.893255
v -5.900896 0.495971 -5.391104
v -5.900251 0.511430 -5.390460
v -5.870373 0.511430 -5.420339
v -5.887704 0.511430 -5.403008
v -5.869112 0.541672 -5.419077
v -5.886443 0.541672 -5.401746
v -5.862299 0.541672 -5.425889
v -5.752857 0.436735 -5.345751
v -5.749527 0.516596 -5.342421
v -5.770740 0.516596 -5.321207
v -5.774070 0.436735 -5.324537
v -5.774033 0.438501 -5.366927
v -5.770703 0.518363 -5.363597
v -5.795246 0.438501 -5.345714
v -5.791916 0.518363 -5.342383
v -5.321208 0.516596 -5.770739
v -5.342421 0.516596 -5.749526
v -5.345751 0.436735 -5.752856
v -5.324538 0.436735 -5.774069
v -5.363597 0.518363 -5.770702
v -5.366928 0.438501 -5.774033
v -5.342384 0.518363 -5.791915
v -5.345715 0.438501 -5.795246
v -5.178337 0.428785 -5.843017
v -5.175839 0.488680 -5.840519
v -5.840519 0.488680 -5.175838
v -5.843017 0.428785 -5.178336
v -5.277160 0.437026 -5.941840
v -5.274662 0.496922 -5.939342
v -5.941841 0.437026 -5.277160
v -5.939343 0.496922 -5.274662
v -5.401747 0.541672 -5.886442
v -5.425890 0.541672 -5.862299
v -5.391105 0.495971 -5.900896
v -5.432887 0.511430 -5.857825
v -5.861708 0.555866 -5.425298
v -5.892663 0.555866 -5.394342
v -5.893255 0.541672 -5.394934
v -5.858470 0.495971 -5.433531
v -5.857825 0.511430 -5.432886
v -5.929327 0.451453 -5.522221
v -5.925996 0.531314 -5.518890
v -5.947209 0.531314 -5.497677
v -5.950540 0.451453 -5.501007
v -5.950503 0.453219 -5.543397
v -5.947173 0.533080 -5.540067
v -5.971716 0.453219 -5.522184
v -5.968386 0.533080 -5.518854
v -5.497678 0.531314 -5.947209
v -5.518891 0.531314 -5.925996
v -5.522221 0.451453 -5.929326
v -5.501008 0.451453 -5.950539
v -5.540068 0.533080 -5.947173
v -5.543398 0.453219 -5.950503
v -5.518854 0.533080 -5.968386
v -5.522184 0.453219 -5.971716
v -5.354807 0.443502 -6.019487
v -5.352309 0.503398 -6.016989
v -6.016990 0.503398 -5.352309
v -6.019487 0.443502 -5.354806
v -5.453630 0.451744 -6.118310
v -5.451132 0.511640 -6.115812
v -6.118310 0.451744 -5.453629
v -6.115813 0.511640 -5.451132
v -6.105796 0.466171 -5.698690
v -6.102466 0.546032 -5.695360
v -6.123679 0.546032 -5.674147
v -6.127009 0.466171 -5.677477
v -6.126974 0.467937 -5.719867
v -6.123643 0.547798 -5.716537
v -6.148187 0.467937 -5.698654
v -6.144856 0.547798 -5.695324
v -5.674148 0.546032 -6.123679
v -5.695361 0.546032 -6.102466
v -5.698691 0.466171 -6.105796
v -5.677478 0.466171 -6.127009
v -5.716538 0.547798 -6.123642
v -5.719868 0.467937 -6.126973
v -5.695325 0.547798 -6.144855
v -5.698655 0.467937 -6.148186
v -5.531277 0.458220 -6.195957
v -5.528780 0.518116 -6.193460
v -6.193460 0.518116 -5.528779
v -6.195958 0.458220 -5.531277
v -5.630100 0.466462 -6.294780
v -5.627602 0.526358 -6.292282
v -6.294780 0.466462 -5.630099
v -6.292283 0.526358 -5.627602
v -6.282267 0.480888 -5.875161
v -6.278936 0.560750 -5.871830
v -6.300149 0.560750 -5.850617
v -6.303480 0.480888 -5.853948
v -6.303443 0.482654 -5.896338
v -6.300113 0.562516 -5.893007
v -6.324656 0.482654 -5.875124
v -6.321326 0.562516 -5.871794
v -5.850617 0.560750 -6.300149
v -5.871831 0.560750 -6.278936
v -5.875161 0.480888 -6.282266
v -5.853948 0.480888 -6.303479
v -5.893008 0.562516 -6.300113
v -5.896338 0.482654 -6.303443
v -5.871795 0.562516 -6.321326
v -5.875125 0.482654 -6.324656
v -5.707747 0.472938 -6.372427
v -5.705249 0.532834 -6.369929
v -6.369930 0.532834 -5.705249
v -6.372427 0.472938 -5.707747
v -5.806570 0.481180 -6.471250
v -5.804072 0.541075 -6.468752
v -6.471251 0.481180 -5.806570
v -6.468753 0.541075 -5.804072
v -6.096340 0.570300 -6.606131
v -6.108888 0.570300 -6.593584
v -6.139411 0.554841 -6.564350
v -6.138767 0.570300 -6.563705
v -6.107627 0.600543 -6.592322
v -6.131770 0.600543 -6.568179
v -6.131178 0.614737 -6.567587
v -6.606132 0.570300 -6.096340
v -6.564350 0.554841 -6.139411
v -6.576253 0.570300 -6.126219
v -6.563705 0.570300 -6.138766
v -6.593584 0.570300 -6.108888
v -6.599135 0.600543 -6.100814
v -6.574992 0.600543 -6.124958
v -6.567588 0.614737 -6.131178
v -6.458737 0.495606 -6.051630
v -6.455407 0.575467 -6.048300
v -6.476620 0.575467 -6.027087
v -6.479950 0.495606 -6.030417
v -6.479914 0.497372 -6.072808
v -6.476583 0.577233 -6.069478
v -6.501127 0.497372 -6.051595
v -6.497797 0.577233 -6.048265
v -6.027088 0.575467 -6.476619
v -6.048301 0.575467 -6.455406
v -6.051631 0.495606 -6.458736
v -6.030418 0.495606 -6.479949
v -6.069478 0.577233 -6.476583
v -6.072808 0.497372 -6.479913
v -6.048265 0.577233 -6.497796
v -6.051595 0.497372 -6.501126
v -5.884217 0.487655 -6.548897
v -5.881720 0.547551 -6.546400
v -6.546400 0.547551 -5.881719
v -6.548898 0.487655 -5.884217
v -5.983040 0.495897 -6.647720
v -5.980542 0.555793 -6.645222
v -6.647720 0.495897 -5.983039
v -6.645223 0.555793 -5.980542
v -6.124958 0.600543 -6.574991
v -6.100814 0.600543 -6.599135
v -6.100223 0.614737 -6.598543
v -6.096985 0.554841 -6.606776
v -6.126219 0.570300 -6.576252
v -6.568180 0.600543 -6.131770
v -6.592323 0.600543 -6.107626
v -6.598543 0.614737 -6.100222
v -6.606776 0.554841 -6.096984
v -6.635207 0.510324 -6.228101
v -6.631876 0.590185 -6.224771
v -6.653090 0.590185 -6.203557
v -6.656420 0.510324 -6.206887
v -6.656384 0.512090 -6.249278
v -6.653053 0.591951 -6.245947
v -6.677597 0.512090 -6.228065
v -6.674266 0.591951 -6.224734
v -6.203558 0.590185 -6.653089
v -6.224771 0.590185 -6.631876
v -6.228101 0.510324 -6.635206
v -6.206888 0.510324 -6.656419
v -6.245948 0.591951 -6.653053
v -6.249278 0.512090 -6.656383
v -6.224734 0.591951 -6.674266
v -6.228065 0.512090 -6.677596
v -6.060688 0.502373 -6.725367
v -6.058190 0.562269 -6.722869
v -6.722870 0.562269 -6.058189
v -6.725368 0.502373 -6.060687
v -6.159510 0.510615 -6.824190
v -6.157012 0.570511 -6.821692
v -6.824191 0.510615 -6.159510
v -6.821693 0.570511 -6.157012
v -6.811677 0.525041 -6.404571
v -6.808347 0.604903 -6.401241
v -6.829560 0.604903 -6.380028
v -6.832890 0.525041 -6.383358
v -6.832854 0.526807 -6.425748
v -6.829524 0.606669 -6.422418
v -6.854067 0.526807 -6.404534
v -6.850737 0.606669 -6.401204
v -6.380028 0.604903 -6.829559
v -6.401241 0.604903 -6.808346
v -6.404572 0.525041 -6.811677
v -6.383358 0.525041 -6.832890
v -6.422418 0.606669 -6.829523
v -6.425748 0.526807 -6.832853
v -6.401205 0.606669 -6.850736
v -6.404535 0.526807 -6.854066
v -6.237157 0.517091 -6.901837
v -6.234660 0.576987 -6.899340
v -6.899340 0.576987 -6.234659
v -6.901838 0.517091 -6.237157
v -6.335980 0.525333 -7.000660
v -6.333483 0.585229 -6.998163
v -7.000661 0.525333 -6.335980
v -6.998163 0.585229 -6.333482
v -6.988147 0.539759 -6.581041
v -6.984817 0.619620 -6.577711
v -7.006030 0.619620 -6.556498
v -7.009360 0.539759 -6.559828
v -7.009324 0.541525 -6.602218
v -7.005994 0.621386 -6.598887
v -7.030537 0.541525 -6.581004
v -7.027207 0.621386 -6.577674
v -6.556498 0.619620 -7.006029
v -6.577711 0.619620 -6.984816
v -6.581041 0.539759 -6.988146
v -6.559828 0.539759 -7.009359
v -6.598888 0.621386 -7.005993
v -6.602219 0.541525 -7.009323
v -6.577675 0.621386 -7.027206
v -6.581005 0.541525 -7.030536
v -6.413628 0.531808 -7.078308
v -6.411130 0.591704 -7.075810
v -7.075810 0.591704 -6.411129
v -7.078308 0.531808 -6.413627
v -6.512450 0.540050 -7.177130
v -6.509953 0.599946 -7.174633
v -7.177131 0.540050 -6.512450
v -7.174633 0.599946 -6.509952
v -6.832100 0.629171 -7.282133
v -6.814769 0.629171 -7.299464
v -6.844647 0.629171 -7.269586
v -6.813508 0.659414 -7.298203
v -6.830839 0.659414 -7.280872
v -6.837059 0.673608 -7.273468
v -6.806103 0.673608 -7.304423
v -6.806695 0.659414 -7.305016
v -7.270231 0.613712 -6.845292
v -7.282134 0.629171 -6.832099
v -7.298203 0.659414 -6.813507
v -7.273468 0.673608 -6.837059
v -7.164617 0.554477 -6.757511
v -7.161287 0.634338 -6.754181
v -7.182500 0.634338 -6.732967
v -7.185830 0.554477 -6.736298
v -7.185794 0.556243 -6.778688
v -7.182464 0.636104 -6.775358
v -7.207007 0.556243 -6.757475
v -7.203677 0.636104 -6.754145
v -6.732968 0.634338 -7.182499
v -6.754181 0.634338 -7.161286
v -6.757512 0.554477 -7.164617
v -6.736299 0.554477 -7.185830
v -6.775358 0.636104 -7.182463
v -6.778688 0.556243 -7.185793
v -6.754145 0.636104 -7.203676
v -6.757475 0.556243 -7.207006
v -6.590097 0.546526 -7.254777
v -6.587600 0.606422 -7.252280
v -7.252280 0.606422 -6.587599
v -7.254778 0.546526 -6.590097
v -6.688920 0.554768 -7.353601
v -6.686423 0.614664 -7.351103
v -7.353601 0.554768 -6.688920
v -7.351103 0.614664 -6.686422
v -6.837651 0.659414 -7.274060
v -6.845292 0.613712 -7.270230
v -6.802866 0.613712 -7.312656
v -6.802221 0.629171 -7.312012
v -7.274060 0.659414 -6.837650
v -7.280872 0.659414 -6.830838
v -7.304424 0.673608 -6.806103
v -7.305016 0.659414 -6.806695
v -7.312012 0.629171 -6.802220
v -7.312657 0.613712 -6.802865
v -7.299465 0.629171 -6.814768
v -7.269586 0.629171 -6.844647
v -7.341087 0.569194 -6.933981
v -7.337757 0.649056 -6.930651
v -7.358970 0.649056 -6.909437
v -7.362300 0.569194 -6.912767
v -7.362264 0.570961 -6.955158
v -7.358934 0.650822 -6.951828
v -7.383477 0.570961 -6.933945
v -7.380147 0.650822 -6.930614
v -6.909438 0.649056 -7.358969
v -6.930652 0.649056 -7.337756
v -6.933982 0.569194 -7.341086
v -6.912768 0.569194 -7.362299
v -6.951828 0.650822 -7.358933
v -6.955159 0.570961 -7.362264
v -6.930615 0.650822 -7.380147
v -6.933946 0.570961 -7.383477
v -6.766568 0.561244 -7.431248
v -6.764070 0.621140 -7.428750
v -7.428751 0.621140 -6.764070
v -7.431248 0.561244 -6.766567
v -6.865391 0.569486 -7.530070
v -6.862893 0.629382 -7.527573
v -7.530071 0.569486 -6.865390
v -7.527574 0.629382 -6.862892
v -7.517557 0.583912 -7.110451
v -7.514227 0.663773 -7.107121
v -7.535440 0.663773 -7.085908
v -7.538770 0.583912 -7.089238
v -7.538734 0.585678 -7.131628
v -7.535404 0.665540 -7.128298
v -7.559947 0.585678 -7.110415
v -7.556617 0.665540 -7.107084
v -7.085908 0.663773 -7.535439
v -7.107121 0.663773 -7.514226
v -7.110452 0.583912 -7.517557
v -7.089238 0.583912 -7.538770
v -7.128299 0.665540 -7.535403
v -7.131629 0.585678 -7.538733
v -7.107085 0.665540 -7.556616
v -7.110415 0.585678 -7.559947
v -6.943038 0.575961 -7.607718
v -6.940540 0.635857 -7.605220
v -7.605221 0.635857 -6.940539
v -7.607718 0.575961 -6.943037
v -7.041861 0.584203 -7.706541
v -7.039363 0.644099 -7.704043
v -7.706541 0.584203 -7.041860
v -7.704043 0.644099 -7.039362
v -7.694027 0.598630 -7.286922
v -7.690697 0.678491 -7.283591
v -7.711910 0.678491 -7.262378
v -7.715240 0.598630 -7.265708
v -7.715204 0.600396 -7.308098
v -7.711874 0.680257 -7.304768
v -7.736417 0.600396 -7.286885
v -7.733087 0.680257 -7.283555
v -7.262379 0.678491 -7.711910
v -7.283592 0.678491 -7.690697
v -7.286922 0.598630 -7.694027
v -7.265709 0.598630 -7.715240
v -7.304769 0.680257 -7.711874
v -7.308099 0.600396 -7.715204
v -7.283555 0.680257 -7.733087
v -7.286885 0.600396 -7.736417
v -7.119508 0.590679 -7.784188
v -7.117010 0.650575 -7.781690
v -7.781691 0.650575 -7.117010
v -7.784188 0.590679 -7.119507
v -7.218331 0.598921 -7.883010
v -7.215833 0.658817 -7.880513
v -7.883011 0.598921 -7.218330
v -7.880514 0.658817 -7.215832
v -7.508746 0.672583 -8.018537
v -7.537981 0.688042 -7.988013
v -7.550528 0.688042 -7.975466
v -7.519388 0.718284 -8.004084
v -7.542940 0.732479 -7.979348
v -8.018538 0.672583 -7.508745
v -7.976111 0.672583 -7.551172
v -7.988014 0.688042 -7.537980
v -7.975467 0.688042 -7.550527
v -7.986753 0.718284 -7.536718
v -8.004085 0.718284 -7.519387
v -7.979941 0.718284 -7.543530
v -7.870498 0.613347 -7.463391
v -7.867167 0.693209 -7.460061
v -7.888381 0.693209 -7.438848
v -7.891711 0.613347 -7.442178
v -7.891675 0.615114 -7.484568
v -7.888344 0.694975 -7.481238
v -7.912888 0.615114 -7.463355
v -7.909557 0.694975 -7.460025
v -7.438848 0.693209 -7.888380
v -7.460062 0.693209 -7.867167
v -7.463392 0.613347 -7.870497
v -7.442179 0.613347 -7.891710
v -7.481239 0.694975 -7.888343
v -7.484569 0.615114 -7.891674
v -7.460026 0.694975 -7.909556
v -7.463356 0.615114 -7.912887
v -7.295978 0.605397 -7.960658
v -7.293480 0.665293 -7.958160
v -7.958161 0.665293 -7.293480
v -7.960659 0.605397 -7.295978
v -7.394801 0.613639 -8.059481
v -7.392303 0.673535 -8.056983
v -8.059481 0.613639 -7.394800
v -8.056983 0.673535 -7.392303
v -7.543531 0.718284 -7.979940
v -7.536719 0.718284 -7.986752
v -7.512576 0.718284 -8.010896
v -7.511984 0.732479 -8.010303
v -7.551173 0.672583 -7.976110
v -7.508101 0.688042 -8.017892
v -7.520649 0.688042 -8.005344
v -7.979349 0.732479 -7.542939
v -8.010304 0.732479 -7.511983
v -8.010897 0.718284 -7.512575
v -8.017893 0.688042 -7.508101
v -8.005345 0.688042 -7.520648
v -8.046968 0.628065 -7.639862
v -8.043637 0.707926 -7.636531
v -8.064851 0.707926 -7.615318
v -8.068181 0.628065 -7.618649
v -8.068144 0.629831 -7.661038
v -8.064814 0.709693 -7.657708
v -8.089357 0.629831 -7.639825
v -8.086027 0.709693 -7.636495
v -7.615318 0.707926 -8.064850
v -7.636532 0.707926 -8.043636
v -7.639862 0.628065 -8.046967
v -7.618649 0.628065 -8.068180
v -7.657709 0.709693 -8.064814
v -7.661039 0.629831 -8.068144
v -7.636496 0.709693 -8.086027
v -7.639826 0.629831 -8.089357
v -7.472448 0.620115 -8.137128
v -7.469951 0.680010 -8.134630
v -8.134631 0.680010 -7.469950
v -8.137129 0.620115 -7.472447
v -7.571271 0.628356 -8.235950
v -7.568773 0.688252 -8.233453
v -8.235951 0.628356 -7.571270
v -8.233454 0.688252 -7.568773
v -8.223437 0.642783 -7.816332
v -8.220107 0.722644 -7.813002
v -8.241321 0.722644 -7.791788
v -8.244651 0.642783 -7.795118
v -8.244615 0.644549 -7.837508
v -8.241284 0.724410 -7.834178
v -8.265828 0.644549 -7.816295
v -8.262498 0.724410 -7.812964
v -7.791788 0.722644 -8.241321
v -7.813002 0.722644 -8.220107
v -7.816332 0.642783 -8.223437
v -7.795118 0.642783 -8.244651
v -7.834179 0.724410 -8.241283
v -7.837509 0.644549 -8.244614
v -7.812965 0.724410 -8.262497
v -7.816296 0.644549 -8.265827
v -7.648918 0.634832 -8.313598
v -7.646420 0.694728 -8.311100
v -8.311101 0.694728 -7.646420
v -8.313599 0.634832 -7.648918
v -7.747741 0.643074 -8.412420
v -7.745244 0.702970 -8.409923
v -8.412421 0.643074 -7.747740
v -8.409924 0.702970 -7.745243
v -8.399908 0.657501 -7.992802
v -8.396578 0.737362 -7.989471
v -8.417791 0.737362 -7.968258
v -8.421122 0.657501 -7.971588
v -8.421084 0.659267 -8.013979
v -8.417754 0.739128 -8.010649
v -8.442298 0.659267 -7.992765
v -8.438968 0.739128 -7.989435
v -7.968259 0.737362 -8.417790
v -7.989472 0.737362 -8.396577
v -7.992803 0.657501 -8.399907
v -7.971589 0.657501 -8.421121
v -8.010649 0.739128 -8.417754
v -8.013979 0.659267 -8.421084
v -7.989435 0.739128 -8.438968
v -7.992765 0.659267 -8.442298
v -7.825388 0.649550 -8.490067
v -7.822891 0.709446 -8.487570
v -8.487571 0.709446 -7.822890
v -8.490068 0.649550 -7.825387
v -7.924211 0.657792 -8.588890
v -7.921713 0.717688 -8.586392
v -8.588891 0.657792 -7.924210
v -8.586393 0.717688 -7.921712
v -8.214626 0.731454 -8.724417
v -8.213982 0.746913 -8.723772
v -8.243860 0.746913 -8.693893
v -8.226529 0.746913 -8.711225
v -8.256408 0.746913 -8.681346
v -8.225268 0.777155 -8.709964
v -8.218456 0.777155 -8.716776
v -8.693894 0.746913 -8.243859
v -8.681347 0.746913 -8.256407
v -8.711226 0.746913 -8.226528
v -8.716777 0.777155 -8.218455
v -8.716185 0.791350 -8.217863
v -8.685821 0.777155 -8.249411
v -8.576378 0.672218 -8.169271
v -8.573048 0.752079 -8.165941
v -8.594261 0.752079 -8.144728
v -8.597591 0.672218 -8.148058
v -8.597555 0.673984 -8.190449
v -8.594225 0.753846 -8.187119
v -8.618769 0.673984 -8.169235
v -8.615438 0.753846 -8.165905
v -8.144729 0.752079 -8.594260
v -8.165942 0.752079 -8.573047
v -8.169272 0.672218 -8.576377
v -8.148059 0.672218 -8.597590
v -8.187119 0.753846 -8.594224
v -8.190450 0.673984 -8.597554
v -8.165906 0.753846 -8.615438
v -8.169236 0.673984 -8.618768
v -8.001859 0.664268 -8.666537
v -7.999361 0.724164 -8.664040
v -8.664041 0.724164 -7.999360
v -8.666538 0.664268 -8.001858
v -8.100681 0.672509 -8.765361
v -8.098184 0.732405 -8.762863
v -8.765361 0.672509 -8.100681
v -8.762863 0.732405 -8.098184
v -8.248819 0.791350 -8.685228
v -8.249412 0.777155 -8.685820
v -8.242599 0.777155 -8.692633
v -8.217864 0.791350 -8.716184
v -8.257052 0.731454 -8.681991
v -8.685229 0.791350 -8.248818
v -8.709965 0.777155 -8.225267
v -8.692634 0.777155 -8.242599
v -8.723773 0.746913 -8.213981
v -8.724418 0.731454 -8.214625
v -8.681992 0.731454 -8.257051
v -8.752848 0.686936 -8.345742
v -8.749517 0.766797 -8.342412
v -8.770731 0.766797 -8.321198
v -8.774061 0.686936 -8.324529
v -8.774025 0.688702 -8.366919
v -8.770695 0.768563 -8.363588
v -8.795238 0.688702 -8.345705
v -8.791908 0.768563 -8.342375
v -8.321198 0.766797 -8.770731
v -8.342412 0.766797 -8.749517
v -8.345742 0.686936 -8.752848
v -8.324529 0.686936 -8.774061
v -8.363589 0.768563 -8.770694
v -8.366920 0.688702 -8.774024
v -8.342376 0.768563 -8.791907
v -8.345706 0.688702 -8.795238
v -8.178329 0.678985 -8.843008
v -8.175832 0.738881 -8.840510
v -8.840511 0.738881 -8.175831
v -8.843009 0.678985 -8.178329
v -8.277152 0.687227 -8.941831
v -8.274654 0.747123 -8.939333
v -8.941832 0.687227 -8.277151
v -8.939334 0.747123 -8.274653
v -8.929318 0.701654 -8.522212
v -8.925988 0.781515 -8.518882
v -8.947202 0.781515 -8.497668
v -8.950532 0.701654 -8.500998
v -8.950495 0.703420 -8.543388
v -8.947165 0.783281 -8.540058
v -8.971708 0.703420 -8.522175
v -8.968378 0.783281 -8.518845
v -8.497669 0.781515 -8.947201
v -8.518883 0.781515 -8.925987
v -8.522213 0.701654 -8.929317
v -8.500999 0.701654 -8.950531
v -8.540059 0.783281 -8.947164
v -8.543389 0.703420 -8.950494
v -8.518846 0.783281 -8.968377
v -8.522176 0.703420 -8.971707
v -8.354799 0.693703 -9.019478
v -8.352302 0.753599 -9.016980
v -9.016981 0.753599 -8.352301
v -9.019479 0.693703 -8.354798
v -8.453622 0.701945 -9.118300
v -8.451124 0.761841 -9.115803
v -9.118301 0.701945 -8.453621
v -9.115804 0.761841 -8.451123
v -9.105788 0.716371 -8.698682
v -9.102458 0.796233 -8.695352
v -9.123672 0.796233 -8.674138
v -9.127002 0.716371 -8.677468
v -9.126966 0.718137 -8.719859
v -9.123635 0.797999 -8.716529
v -9.148179 0.718137 -8.698646
v -9.144849 0.797999 -8.695315
v -8.674139 0.796233 -9.123671
v -8.695353 0.796233 -9.102457
v -8.698683 0.716371 -9.105787
v -8.677469 0.716371 -9.127001
v -8.716530 0.797999 -9.123634
v -8.719860 0.718137 -9.126965
v -8.695316 0.797999 -9.144848
v -8.698647 0.718137 -9.148178
v -8.531269 0.708421 -9.195948
v -8.528771 0.768317 -9.193450
v -9.193451 0.768317 -8.528770
v -9.195949 0.708421 -8.531268
v -8.630092 0.716663 -9.294771
v -8.627594 0.776558 -9.292274
v -9.294771 0.716663 -8.630092
v -9.292274 0.776558 -8.627594
v -8.919862 0.805783 -9.429652
v -8.932409 0.805783 -9.417105
v -8.962933 0.790324 -9.387871
v -8.955292 0.836026 -9.391700
v -8.954700 0.850220 -9.391109
v -8.923744 0.850220 -9.422064
v -9.429653 0.805783 -8.919861
v -9.387872 0.790324 -8.962932
v -9.399775 0.805783 -8.949739
v -9.387227 0.805783 -8.962287
v -9.417106 0.805783 -8.932408
v -9.422657 0.836026 -8.924335
v -9.398514 0.836026 -8.948479
v -9.415845 0.836026 -8.931148
v -9.391701 0.836026 -8.955291
v -9.282258 0.731089 -8.875152
v -9.278928 0.810950 -8.871821
v -9.300141 0.810950 -8.850608
v -9.303472 0.731089 -8.853938
v -9.303435 0.732855 -8.896329
v -9.300105 0.812716 -8.892999
v -9.324649 0.732855 -8.875115
v -9.321319 0.812716 -8.871785
v -8.850609 0.810950 -9.300140
v -8.871822 0.810950 -9.278927
v -8.875153 0.731089 -9.282257
v -8.853939 0.731089 -9.303471
v -8.893000 0.812716 -9.300104
v -8.896330 0.732855 -9.303434
v -8.871786 0.812716 -9.321318
v -8.875116 0.732855 -9.324648
v -8.707739 0.723138 -9.372418
v -8.705241 0.783034 -9.369921
v -9.369921 0.783034 -8.705241
v -9.372418 0.723138 -8.707739
v -8.806562 0.731380 -9.471241
v -8.804065 0.791276 -9.468743
v -9.471242 0.731380 -8.806561
v -9.468744 0.791276 -8.804064
v -8.931149 0.836026 -9.415844
v -8.948480 0.836026 -9.398513
v -8.924336 0.836026 -9.422656
v -8.920506 0.790324 -9.430297
v -8.949740 0.805783 -9.399774
v -8.962288 0.805783 -9.387226
v -9.391109 0.850220 -8.954699
v -9.422065 0.850220 -8.923743
v -9.430298 0.790324 -8.920506
v -9.458729 0.745807 -9.051622
v -9.455399 0.825668 -9.048292
v -9.476612 0.825668 -9.027079
v -9.479942 0.745807 -9.030409
v -9.479905 0.747573 -9.072799
v -9.476575 0.827434 -9.069468
v -9.501119 0.747573 -9.051585
v -9.497788 0.827434 -9.048255
v -9.027080 0.825668 -9.476611
v -9.048293 0.825668 -9.455398
v -9.051623 0.745807 -9.458728
v -9.030410 0.745807 -9.479941
v -9.069469 0.827434 -9.476574
v -9.072800 0.747573 -9.479904
v -9.048256 0.827434 -9.497787
v -9.051586 0.747573 -9.501118
v -8.884210 0.737856 -9.548888
v -8.881712 0.797752 -9.546391
v -9.546391 0.797752 -8.881711
v -9.548889 0.737856 -8.884209
v -8.983032 0.746098 -9.647711
v -8.980535 0.805994 -9.645213
v -9.647712 0.746098 -8.983031
v -9.645214 0.805994 -8.980534
v -9.635199 0.760524 -9.228092
v -9.631868 0.840386 -9.224762
v -9.653082 0.840386 -9.203548
v -9.656412 0.760524 -9.206879
v -9.656376 0.762290 -9.249269
v -9.653046 0.842152 -9.245939
v -9.677589 0.762290 -9.228056
v -9.674259 0.842152 -9.224726
v -9.203549 0.840386 -9.653081
v -9.224763 0.840386 -9.631867
v -9.228093 0.760524 -9.635198
v -9.206880 0.760524 -9.656411
v -9.245940 0.842152 -9.653045
v -9.249270 0.762290 -9.656375
v -9.224727 0.842152 -9.674258
v -9.228057 0.762290 -9.677588
v -9.060679 0.752574 -9.725358
v -9.058182 0.812470 -9.722860
v -9.722861 0.812470 -9.058181
v -9.725359 0.752574 -9.060678
v -9.159502 0.760816 -9.824182
v -9.157004 0.820712 -9.821684
v -9.824182 0.760816 -9.159502
v -9.821684 0.820712 -9.157004
v -9.811668 0.775242 -9.404562
v -9.808338 0.855103 -9.401232
v -9.829552 0.855103 -9.380018
v -9.832882 0.775242 -9.383348
v -9.832846 0.777008 -9.425739
v -9.829515 0.856869 -9.422409
v -9.854059 0.777008 -9.404526
v -9.850729 0.856869 -9.401196
v -9.380019 0.855103 -9.829551
v -9.401233 0.855103 -9.808337
v -9.404563 0.775242 -9.811667
v -9.383349 0.775242 -9.832881
v -9.422410 0.856869 -9.829515
v -9.425740 0.777008 -9.832845
v -9.401196 0.856869 -9.850728
v -9.404527 0.777008 -9.854058
v -9.237149 0.767291 -9.901829
v -9.234652 0.827187 -9.899331
v -9.899331 0.827187 -9.234652
v -9.901829 0.767291 -9.237149
v -9.335973 0.775533 -10.000651
v -9.333475 0.835429 -9.998154
v -10.000652 0.775533 -9.335972
v -9.998155 0.835429 -9.333474
v -9.626388 0.849195 -10.136178
v -9.625743 0.864654 -10.135533
v -9.638290 0.864654 -10.122986
v -9.668814 0.849195 -10.093752
v -9.668169 0.864654 -10.093107
v -9.637030 0.894897 -10.121725
v -9.660581 0.909091 -10.096990
v -9.630218 0.894897 -10.128537
v -10.136179 0.849195 -9.626387
v -10.135534 0.864654 -9.625742
v -10.122987 0.864654 -9.638289
v -10.128538 0.894897 -9.630217
v -10.127946 0.909091 -9.629624
v -10.104395 0.894897 -9.654360
v -10.121726 0.894897 -9.637029
v -10.096991 0.909091 -9.660580
v -9.988139 0.789960 -9.581033
v -9.984809 0.869821 -9.577703
v -10.006022 0.869821 -9.556489
v -10.009353 0.789960 -9.559819
v -10.009315 0.791726 -9.602209
v -10.005985 0.871587 -9.598879
v -10.030529 0.791726 -9.580996
v -10.027199 0.871587 -9.577665
v -9.556490 0.869821 -10.006021
v -9.577703 0.869821 -9.984808
v -9.581034 0.789960 -9.988138
v -9.559820 0.789960 -10.009352
v -9.598880 0.871587 -10.005984
v -9.602210 0.791726 -10.009315
v -9.577666 0.871587 -10.027198
v -9.580997 0.791726 -10.030528
v -9.413620 0.782009 -10.078299
v -9.411122 0.841905 -10.075801
v -10.075802 0.841905 -9.411121
v -10.078300 0.782009 -9.413619
v -9.512443 0.790251 -10.177121
v -9.509945 0.850147 -10.174623
v -10.177122 0.790251 -9.512442
v -10.174624 0.850147 -9.509944
v -9.661173 0.894897 -10.097581
v -9.654361 0.894897 -10.104394
v -9.629625 0.909091 -10.127945
v -9.655622 0.864654 -10.105655
v -10.097582 0.894897 -9.661172
v -10.105656 0.864654 -9.655621
v -10.093753 0.849195 -9.668813
v -10.093108 0.864654 -9.668168
v -10.164609 0.804677 -9.757503
v -10.161279 0.884539 -9.754172
v -10.182492 0.884539 -9.732959
v -10.185822 0.804677 -9.736289
v -10.185785 0.806444 -9.778680
v -10.182455 0.886305 -9.775350
v -10.206999 0.806444 -9.757466
v -10.203669 0.886305 -9.754136
v -9.732960 0.884539 -10.182491
v -9.754173 0.884539 -10.161278
v -9.757504 0.804677 -10.164608
v -9.736290 0.804677 -10.185822
v -9.775350 0.886305 -10.182455
v -9.778680 0.806444 -10.185785
v -9.754136 0.886305 -10.203669
v -9.757466 0.806444 -10.206999
v -9.590090 0.796727 -10.254768
v -9.587592 0.856623 -10.252271
v -10.252272 0.856623 -9.587591
v -10.254769 0.796727 -9.590089
v -9.688912 0.804969 -10.353591
v -9.686415 0.864865 -10.351093
v -10.353592 0.804969 -9.688911
v -10.351094 0.864865 -9.686414
v -10.341079 0.819395 -9.933972
v -10.337749 0.899256 -9.930642
v -10.358962 0.899256 -9.909429
v -10.362292 0.819395 -9.912759
v -10.362256 0.821161 -9.955150
v -10.358926 0.901023 -9.951819
v -10.383470 0.821161 -9.933936
v -10.380139 0.901023 -9.930606
v -9.909430 0.899256 -10.358961
v -9.930643 0.899256 -10.337748
v -9.933973 0.819395 -10.341078
v -9.912760 0.819395 -10.362291
v -9.951820 0.901023 -10.358925
v -9.955151 0.821161 -10.362255
v -9.930607 0.901023 -10.380138
v -9.933937 0.821161 -10.383469
v -9.766560 0.811444 -10.431238
v -9.764062 0.871340 -10.428741
v -10.428741 0.871340 -9.764061
v -10.431239 0.811444 -9.766559
v -9.865383 0.819686 -10.530062
v -9.862885 0.879582 -10.527564
v -10.530063 0.819686 -9.865382
v -10.527565 0.879582 -9.862885
v -10.517549 0.834113 -10.110443
v -10.514218 0.913974 -10.107113
v -10.535432 0.913974 -10.085899
v -10.538762 0.834113 -10.089230
v -10.538726 0.835879 -10.131619
v -10.535396 0.915740 -10.128289
v -10.559939 0.835879 -10.110406
v -10.556609 0.915740 -10.107076
v -10.085899 0.913974 -10.535432
v -10.107113 0.913974 -10.514218
v -10.110443 0.834113 -10.517549
v -10.089230 0.834113 -10.538762
v -10.128290 0.915740 -10.535395
v -10.131620 0.835879 -10.538725
v -10.107077 0.915740 -10.556608
v -10.110407 0.835879 -10.559938
v -9.943030 0.826162 -10.607709
v -9.940533 0.886058 -10.605211
v -10.605212 0.886058 -9.940532
v -10.607710 0.826162 -9.943029
v -10.041853 0.834404 -10.706532
v -10.039355 0.894300 -10.704034
v -10.706532 0.834404 -10.041852
v -10.704035 0.894300 -10.039354
v -10.331623 0.923525 -10.841413
v -10.374049 0.923525 -10.798987
v -10.342910 0.953767 -10.827605
v -10.360241 0.953767 -10.810274
v -10.799633 0.908066 -10.374693
v -10.828867 0.923525 -10.344170
v -10.803462 0.953767 -10.367052
v -10.694019 0.848830 -10.286913
v -10.690689 0.928692 -10.283583
v -10.711903 0.928692 -10.262369
v -10.715233 0.848830 -10.265699
v -10.715196 0.850597 -10.308089
v -10.711865 0.930458 -10.304759
v -10.736409 0.850597 -10.286876
v -10.733079 0.930458 -10.283545
v -10.262370 0.928692 -10.711902
v -10.283584 0.928692 -10.690688
v -10.286914 0.848830 -10.694018
v -10.265700 0.848830 -10.715232
v -10.304760 0.930458 -10.711864
v -10.308090 0.850597 -10.715195
v -10.283546 0.930458 -10.733078
v -10.286877 0.850597 -10.736408
v -10.119500 0.840880 -10.784179
v -10.117002 0.900776 -10.781681
v -10.781682 0.900776 -10.117002
v -10.784180 0.840880 -10.119499
v -10.218323 0.849122 -10.883001
v -10.215825 0.909018 -10.880504
v -10.883002 0.849122 -10.218322
v -10.880505 0.909018 -10.215824
v -10.366461 0.967962 -10.802870
v -10.367053 0.953767 -10.803461
v -10.336098 0.953767 -10.834417
v -10.335505 0.967962 -10.833825
v -10.374694 0.908066 -10.799632
v -10.332268 0.908066 -10.842058
v -10.344171 0.923525 -10.828866
v -10.361502 0.923525 -10.811535
v -10.802871 0.967962 -10.366460
v -10.827606 0.953767 -10.342909
v -10.810275 0.953767 -10.360240
v -10.833826 0.967962 -10.335505
v -10.834418 0.953767 -10.336097
v -10.841414 0.923525 -10.331622
v -10.842059 0.908066 -10.332267
v -10.811536 0.923525 -10.361501
v -10.798988 0.923525 -10.374048
v -10.870489 0.863548 -10.463383
v -10.867159 0.943409 -10.460052
v -10.888372 0.943409 -10.438839
v -10.891703 0.863548 -10.442169
v -10.891666 0.865314 -10.484560
v -10.888336 0.945176 -10.481230
v -10.912880 0.865314 -10.463346
v -10.909550 0.945176 -10.460016
v -10.438840 0.943409 -10.888371
v -10.460053 0.943409 -10.867158
v -10.463384 0.863548 -10.870488
v -10.442170 0.863548 -10.891702
v -10.481231 0.945176 -10.888335
v -10.484561 0.865314 -10.891665
v -10.460017 0.945176 -10.909549
v -10.463347 0.865314 -10.912879
v -10.295970 0.855598 -10.960649
v -10.293472 0.915493 -10.958151
v -10.958152 0.915493 -10.293471
v -10.960649 0.855598 -10.295969
v -10.394794 0.863839 -11.059472
v -10.392296 0.923735 -11.056974
v -11.059473 0.863839 -10.394793
v -11.056975 0.923735 -10.392295
v -11.046959 0.878266 -10.639853
v -11.043629 0.958127 -10.636522
v -11.064842 0.958127 -10.615309
v -11.068172 0.878266 -10.618639
v -11.068136 0.880032 -10.661030
v -11.064806 0.959893 -10.657700
v -11.089350 0.880032 -10.639816
v -11.086020 0.959893 -10.636486
v -10.615310 0.958127 -11.064841
v -10.636523 0.958127 -11.043628
v -10.639853 0.878266 -11.046958
v -10.618640 0.878266 -11.068172
v -10.657701 0.959893 -11.064805
v -10.661031 0.880032 -11.068135
v -10.636487 0.959893 -11.086019
v -10.639817 0.880032 -11.089349
v -10.472441 0.870315 -11.137119
v -10.469943 0.930211 -11.134622
v -11.134623 0.930211 -10.469942
v -11.137120 0.870315 -10.472440
v -10.571263 0.878557 -11.235942
v -10.568766 0.938453 -11.233444
v -11.235943 0.878557 -10.571262
v -11.233445 0.938453 -10.568765
v -11.223430 0.892984 -10.816323
v -11.220099 0.972845 -10.812993
v -11.241313 0.972845 -10.791780
v -11.244643 0.892984 -10.795110
v -11.244606 0.894750 -10.837500
v -11.241276 0.974611 -10.834169
v -11.265820 0.894750 -10.816286
v -11.262489 0.974611 -10.812956
v -10.791780 0.972845 -11.241312
v -10.812994 0.972845 -11.220098
v -10.816324 0.892984 -11.223429
v -10.795111 0.892984 -11.244642
v -10.834170 0.974611 -11.241275
v -10.837501 0.894750 -11.244605
v -10.812957 0.974611 -11.262488
v -10.816287 0.894750 -11.265819
v -10.648911 0.885033 -11.313589
v -10.646413 0.944929 -11.311091
v -11.311092 0.944929 -10.646412
v -11.313590 0.885033 -10.648910
v -10.747733 0.893275 -11.412412
v -10.745235 0.953171 -11.409914
v -11.412413 0.893275 -10.747732
v -11.409915 0.953171 -10.745234
v -11.037503 0.982396 -11.547294
v -11.067382 0.982396 -11.517415
v -11.080574 0.966937 -11.505512
v -11.072933 1.012638 -11.509341
v -11.072341 1.026832 -11.508750
v -11.041978 1.012638 -11.540298
v -11.547939 0.966937 -11.038147
v -11.505513 0.966937 -11.080573
v -11.517416 0.982396 -11.067381
v -11.534747 0.982396 -11.050050
v -11.516155 1.012638 -11.066120
v -11.533486 1.012638 -11.048789
v -11.508751 1.026832 -11.072340
v -11.509342 1.012638 -11.072932
v -11.399899 0.907701 -10.992793
v -11.396569 0.987562 -10.989463
v -11.417783 0.987562 -10.968249
v -11.421113 0.907701 -10.971580
v -11.421077 0.909467 -11.013970
v -11.417747 0.989329 -11.010640
v -11.442290 0.909467 -10.992757
v -11.438960 0.989329 -10.989427
v -10.968250 0.987562 -11.417782
v -10.989464 0.987562 -11.396568
v -10.992794 0.907701 -11.399899
v -10.971581 0.907701 -11.421112
v -11.010641 0.989329 -11.417746
v -11.013971 0.909467 -11.421076
v -10.989428 0.989329 -11.438959
v -10.992758 0.909467 -11.442289
v -10.825380 0.899751 -11.490059
v -10.822883 0.959647 -11.487561
v -11.487562 0.959647 -10.822882
v -11.490060 0.899751 -10.825379
v -10.924203 0.907992 -11.588881
v -10.921705 0.967888 -11.586384
v -11.588882 0.907992 -10.924202
v -11.586385 0.967888 -10.921704
v -11.048790 1.012638 -11.533485
v -11.066121 1.012638 -11.516154
v -11.041386 1.026832 -11.539705
v -11.038148 0.966937 -11.547938
v -11.050051 0.982396 -11.534746
v -11.079929 0.982396 -11.504868
v -11.539706 1.026832 -11.041385
v -11.540298 1.012638 -11.041977
v -11.547295 0.982396 -11.037502
v -11.504869 0.982396 -11.079928
v -11.576370 0.922419 -11.169264
v -11.573040 1.002280 -11.165934
v -11.594254 1.002280 -11.144720
v -11.597584 0.922419 -11.148050
v -11.597546 0.924185 -11.190439
v -11.594215 1.004046 -11.187109
v -11.618759 0.924185 -11.169226
v -11.615429 1.004046 -11.165895
v -11.144721 1.002280 -11.594253
v -11.165935 1.002280 -11.573039
v -11.169265 0.922419 -11.576369
v -11.148051 0.922419 -11.597583
v -11.187110 1.004046 -11.594214
v -11.190440 0.924185 -11.597545
v -11.165896 1.004046 -11.615428
v -11.169227 0.924185 -11.618758
v -11.001851 0.914468 -11.666530
v -10.999353 0.974364 -11.664032
v -11.664033 0.974364 -10.999352
v -11.666531 0.914468 -11.001850
v -11.100674 0.922710 -11.765352
v -11.098176 0.982606 -11.762855
v -11.765353 0.922710 -11.100673
v -11.762856 0.982606 -11.098175
v -11.752840 0.937137 -11.345734
v -11.749510 1.016998 -11.342403
v -11.770723 1.016998 -11.321190
v -11.774054 0.937137 -11.324520
v -11.774016 0.938903 -11.366910
v -11.770686 1.018764 -11.363580
v -11.795230 0.938903 -11.345696
v -11.791900 1.018764 -11.342366
v -11.321191 1.016998 -11.770722
v -11.342404 1.016998 -11.749509
v -11.345735 0.937137 -11.752839
v -11.324521 0.937137 -11.774053
v -11.363581 1.018764 -11.770685
v -11.366911 0.938903 -11.774015
v -11.342367 1.018764 -11.791899
v -11.345697 0.938903 -11.795229
v -11.178321 0.929186 -11.842999
v -11.175823 0.989082 -11.840502
v -11.840503 0.989082 -11.175822
v -11.843000 0.929186 -11.178320
v -11.277143 0.937428 -11.941822
v -11.274646 0.997324 -11.939324
v -11.941823 0.937428 -11.277143
v -11.939325 0.997324 -11.274645
v -11.929311 0.951854 -11.522204
v -11.925981 1.031716 -11.518874
v -11.947194 1.031716 -11.497661
v -11.950524 0.951854 -11.500991
v -11.950486 0.953620 -11.543380
v -11.947156 1.033482 -11.540050
v -11.971700 0.953620 -11.522166
v -11.968369 1.033482 -11.518836
v -11.497662 1.031716 -11.947193
v -11.518875 1.031716 -11.925980
v -11.522205 0.951854 -11.929310
v -11.500992 0.951854 -11.950523
v -11.540051 1.033482 -11.947155
v -11.543381 0.953620 -11.950485
v -11.518837 1.033482 -11.968369
v -11.522167 0.953620 -11.971699
v -11.354791 0.943904 -12.019469
v -11.352293 1.003800 -12.016972
v -12.016973 1.003800 -11.352292
v -12.019470 0.943904 -11.354790
v -11.453613 0.952146 -12.118292
v -11.451116 1.012041 -12.115794
v -12.118293 0.952146 -11.453612
v -12.115795 1.012041 -11.451115
v -11.745105 1.041289 -12.254896
v -11.774983 1.041289 -12.225018
v -11.774983 1.071584 -12.225016
v -11.781796 1.085803 -12.218204
v -12.254896 1.041289 -11.745105
v -12.212469 1.041289 -11.787531
v -12.105781 0.966572 -11.698674
v -12.102450 1.046433 -11.695344
v -12.123664 1.046433 -11.674130
v -12.126994 0.966572 -11.677461
v -12.126956 0.968338 -11.719850
v -12.123626 1.048199 -11.716519
v -12.148170 0.968338 -11.698636
v -12.144839 1.048199 -11.695306
v -11.674131 1.046433 -12.123663
v -11.695345 1.046433 -12.102449
v -11.698675 0.966572 -12.105780
v -11.677462 0.966572 -12.126993
v -11.716520 1.048199 -12.123625
v -11.719851 0.968338 -12.126955
v -11.695307 1.048199 -12.144838
v -11.698637 0.968338 -12.148169
v -11.531260 0.958621 -12.195939
v -11.528763 1.018517 -12.193441
v -12.193442 1.018517 -11.528762
v -12.195940 0.958621 -11.531260
v -11.630084 0.966863 -12.294763
v -11.627586 1.026759 -12.292265
v -12.294764 0.966863 -11.630083
v -12.292266 1.026759 -11.627585
v -11.757652 1.071584 -12.242347
v -11.781796 1.071584 -12.218204
v -11.750840 1.071584 -12.249159
v -11.750840 1.085803 -12.249160
v -11.787531 1.025803 -12.212470
v -11.745104 1.025803 -12.254896
v -11.757652 1.041289 -12.242349
v -11.787531 1.041289 -12.212470
v -12.218204 1.071584 -11.781794
v -12.218205 1.085803 -11.781795
v -12.242349 1.071584 -11.757650
v -12.225017 1.071584 -11.774981
v -12.249161 1.085803 -11.750838
v -12.249161 1.071584 -11.750838
v -12.254896 1.025803 -11.745105
v -12.225018 1.041289 -11.774983
v -12.242349 1.041289 -11.757652
v -12.212469 1.025803 -11.787531
vt 0.949641 0.115757
vt 0.958243 0.103062
vt 0.980127 0.103062
vt 0.988729 0.115757
vt 0.995971 0.062186
vt 0.980127 0.076013
vt 0.942399 0.062186
vt 0.958243 0.076013
vt 0.000000 0.012881
vt 0.905875 0.000000
vt 0.905875 0.012881
vt 0.906387 0.330358
vt 0.000512 0.321630
vt 0.000512 0.330358
vt 0.905753 0.156096
vt -0.000122 0.210448
vt 0.905753 0.210448
vt 0.000512 0.321630
vt 0.906387 0.312903
vt 0.906387 0.321630
vt -0.000122 0.156096
vt 0.905753 0.210448
vt -0.000122 0.210448
vt 0.905875 0.025761
vt 0.000000 0.012881
vt 0.905875 0.012881
vt 0.906387 0.312903
vt 0.000512 0.321630
vt 0.906387 0.321630
vt 0.906075 0.296828
vt 0.000200 0.312903
vt 0.000200 0.296828
vt 0.949641 0.115757
vt 0.958243 0.103062
vt 0.949641 0.103062
vt 0.988729 0.115757
vt 0.980127 0.103062
vt 0.995971 0.062186
vt 0.980127 0.076013
vt 0.995971 0.076013
vt 0.942399 0.062186
vt 0.958243 0.076013
vt 0.000200 0.219937
vt 0.906075 0.259595
vt 0.000200 0.259595
vt 0.905875 0.048121
vt 0.000000 0.062150
vt 0.000000 0.048121
vt 0.000512 0.330358
vt 0.906387 0.321630
vt 0.906387 0.330358
vt 0.000200 0.281378
vt 0.906075 0.297453
vt 0.906075 0.281378
vt 0.000200 0.296828
vt 0.906075 0.312903
vt 0.906075 0.296828
vt 0.906075 0.297453
vt 0.000200 0.281378
vt 0.906075 0.281378
vt 0.999050 0.342604
vt 0.939310 0.183297
vt 0.999050 0.183297
vt 0.999050 0.342604
vt 0.939310 0.183297
vt 0.999050 0.183297
vt 0.999050 0.342604
vt 0.939310 0.183297
vt 0.999050 0.183297
vt 0.999050 0.342604
vt 0.939310 0.183297
vt 0.999050 0.183297
vt 0.985655 0.179437
vt 0.939081 0.132863
vt 0.985655 0.132863
vt 0.999050 0.342604
vt 0.939310 0.183297
vt 0.939310 0.342604
vt 0.999050 0.342604
vt 0.939310 0.183297
vt 0.939310 0.342604
vt 0.999050 0.342604
vt 0.939310 0.183297
vt 0.939310 0.342604
vt 0.999050 0.342604
vt 0.939310 0.183297
vt 0.939310 0.342604
vt 0.985655 0.179437
vt 0.939081 0.132863
vt 0.939081 0.179437
vt 0.979692 0.844034
vt -0.000781 0.781451
vt 0.979692 0.781451
vt 0.145247 0.718868
vt -0.000781 0.656284
vt 0.145247 0.656284
vt 0.979692 0.781451
vt -0.000781 0.718868
vt 0.979692 0.718868
vt 0.302823 0.718868
vt 0.156795 0.656284
vt 0.302823 0.656284
vt 1.000000 1.000000
vt 0.000000 0.851064
vt 1.000000 0.851064
vt 0.998987 0.652658
vt 0.001647 0.504118
vt 0.998987 0.504118
vt 0.000200 0.219937
vt 0.906075 0.259595
vt 0.906075 0.219937
vt 0.905875 0.048121
vt 0.000000 0.062150
vt 0.905875 0.062150
vt 0.905875 0.048121
vt 0.000000 0.034093
vt 0.905875 0.034093
vt 0.999050 0.342604
vt 0.939310 0.183297
vt 0.999050 0.183297
vt 0.999050 0.342604
vt 0.939310 0.183297
vt 0.999050 0.183297
vt 0.999050 0.342604
vt 0.939310 0.183297
vt 0.999050 0.183297
vt 0.999050 0.342604
vt 0.939310 0.183297
vt 0.999050 0.183297
vt 0.985655 0.179437
vt 0.939081 0.132863
vt 0.985655 0.132863
vt 0.999050 0.342604
vt 0.939310 0.183297
vt 0.939310 0.342604
vt 0.999050 0.342604
vt 0.939310 0.183297
vt 0.939310 0.342604
vt 0.999050 0.342604
vt 0.939310 0.183297
vt 0.939310 0.342604
vt 0.999050 0.342604
vt 0.939310 0.183297
vt 0.939310 0.342604
vt 0.985655 0.179437
vt 0.939081 0.132863
vt 0.939081 0.179437
vt 0.979692 0.844034
vt -0.000781 0.781451
vt 0.979692 0.781451
vt 0.145247 0.718868
vt -0.000781 0.656284
vt 0.145247 0.656284
vt 0.979692 0.781451
vt -0.000781 0.718868
vt 0.979692 0.718868
vt 0.302823 0.718868
vt 0.156795 0.656284
vt 0.302823 0.656284
vt 1.000000 1.000000
vt 0.000000 0.851064
vt 1.000000 0.851064
vt 0.998987 0.652658
vt 0.001647 0.504118
vt 0.998987 0.504118
vt 0.905875 0.121202
vt 0.000000 0.093759
vt 0.905875 0.093759
vt 0.000000 0.089593
vt 0.905875 0.062150
vt 0.905875 0.089593
vt 0.905875 0.121202
vt 0.000000 0.093759
vt 0.000000 0.121202
vt 0.000000 0.089593
vt 0.905875 0.062150
vt 0.000000 0.062150
vt 0.999050 0.342604
vt 0.939310 0.183297
vt 0.999050 0.183297
vt 0.999050 0.342604
vt 0.939310 0.183297
vt 0.999050 0.183297
vt 0.999050 0.342604
vt 0.939310 0.183297
vt 0.999050 0.183297
vt 0.999050 0.342604
vt 0.939310 0.183297
vt 0.999050 0.183297
vt 0.985655 0.179437
vt 0.939081 0.132863
vt 0.985655 0.132863
vt 0.999050 0.342604
vt 0.939310 0.183297
vt 0.939310 0.342604
vt 0.999050 0.342604
vt 0.939310 0.183297
vt 0.939310 0.342604
vt 0.999050 0.342604
vt 0.939310 0.183297
vt 0.939310 0.342604
vt 0.999050 0.342604
vt 0.939310 0.183297
vt 0.939310 0.342604
vt 0.985655 0.179437
vt 0.939081 0.132863
vt 0.939081 0.179437
vt 0.979692 0.844034
vt -0.000781 0.781451
vt 0.979692 0.781451
vt 0.145247 0.718868
vt -0.000781 0.656284
vt 0.145247 0.656284
vt 0.979692 0.781451
vt -0.000781 0.718868
vt 0.979692 0.718868
vt 0.302823 0.718868
vt 0.156795 0.656284
vt 0.302823 0.656284
vt 1.000000 1.000000
vt 0.000000 0.851064
vt 1.000000 0.851064
vt 0.998987 0.652658
vt 0.001647 0.504118
vt 0.998987 0.504118
vt 0.000000 0.012881
vt 0.905875 0.000000
vt 0.000000 0.000000
vt 0.000000 0.034093
vt 0.905875 0.048121
vt 0.905875 0.034093
vt 0.905875 0.025761
vt 0.000000 0.012881
vt 0.000000 0.025761
vt 0.999050 0.342604
vt 0.939310 0.183297
vt 0.999050 0.183297
vt 0.999050 0.342604
vt 0.939310 0.183297
vt 0.999050 0.183297
vt 0.999050 0.342604
vt 0.939310 0.183297
vt 0.999050 0.183297
vt 0.999050 0.342604
vt 0.939310 0.183297
vt 0.999050 0.183297
vt 0.985655 0.179437
vt 0.939081 0.132863
vt 0.985655 0.132863
vt 0.999050 0.342604
vt 0.939310 0.183297
vt 0.939310 0.342604
vt 0.999050 0.342604
vt 0.939310 0.183297
vt 0.939310 0.342604
vt 0.999050 0.342604
vt 0.939310 0.183297
vt 0.939310 0.342604
vt 0.999050 0.342604
vt 0.939310 0.183297
vt 0.939310 0.342604
vt 0.985655 0.179437
vt 0.939081 0.132863
vt 0.939081 0.179437
vt 0.979692 0.844034
vt -0.000781 0.781451
vt 0.979692 0.781451
vt 0.145247 0.718868
vt -0.000781 0.656284
vt 0.145247 0.656284
vt 0.979692 0.781451
vt -0.000781 0.718868
vt 0.979692 0.718868
vt 0.302823 0.718868
vt 0.156795 0.656284
vt 0.302823 0.656284
vt 1.000000 1.000000
vt 0.000000 0.851064
vt 1.000000 0.851064
vt 0.998987 0.652658
vt 0.001647 0.504118
vt 0.998987 0.504118
vt 0.000000 0.062150
vt 0.905875 0.048121
vt 0.000000 0.048121
vt 0.906075 0.259595
vt 0.000200 0.219937
vt 0.906075 0.219937
vt 0.000000 0.121202
vt 0.905875 0.093759
vt 0.905875 0.121202
vt 0.905875 0.048121
vt 0.000000 0.034093
vt 0.905875 0.034093
vt 0.000000 0.025761
vt 0.905875 0.012881
vt 0.905875 0.025761
vt 0.906075 0.312903
vt 0.000200 0.296828
vt 0.906075 0.296828
vt 0.000000 0.000000
vt 0.905875 0.012881
vt 0.000000 0.012881
vt 0.906075 0.281378
vt 0.000200 0.297453
vt 0.000200 0.281378
vt 0.905875 0.048121
vt 0.000000 0.062150
vt 0.000000 0.048121
vt 0.000512 0.330358
vt 0.906387 0.321630
vt 0.906387 0.330358
vt 0.905875 0.121202
vt 0.000000 0.093759
vt 0.000000 0.121202
vt 0.905753 0.210448
vt -0.000122 0.156096
vt -0.000122 0.210448
vt 0.999050 0.342604
vt 0.939310 0.183297
vt 0.999050 0.183297
vt 0.999050 0.342604
vt 0.939310 0.183297
vt 0.999050 0.183297
vt 0.999050 0.342604
vt 0.939310 0.183297
vt 0.999050 0.183297
vt 0.999050 0.342604
vt 0.939310 0.183297
vt 0.999050 0.183297
vt 0.985655 0.179437
vt 0.939081 0.132863
vt 0.985655 0.132863
vt 0.999050 0.342604
vt 0.939310 0.183297
vt 0.939310 0.342604
vt 0.999050 0.342604
vt 0.939310 0.183297
vt 0.939310 0.342604
vt 0.999050 0.342604
vt 0.939310 0.183297
vt 0.939310 0.342604
vt 0.999050 0.342604
vt 0.939310 0.183297
vt 0.939310 0.342604
vt 0.985655 0.179437
vt 0.939081 0.132863
vt 0.939081 0.179437
vt 0.979692 0.844034
vt -0.000781 0.781451
vt 0.979692 0.781451
vt 0.145247 0.718868
vt -0.000781 0.656284
vt 0.145247 0.656284
vt 0.979692 0.781451
vt -0.000781 0.718868
vt 0.979692 0.718868
vt 0.302823 0.718868
vt 0.156795 0.656284
vt 0.302823 0.656284
vt 1.000000 1.000000
vt 0.000000 0.851064
vt 1.000000 0.851064
vt 0.998987 0.652658
vt 0.001647 0.504118
vt 0.998987 0.504118
vt 0.000200 0.219937
vt 0.906075 0.259595
vt 0.906075 0.219937
vt 0.000512 0.321630
vt 0.906387 0.312903
vt 0.906387 0.321630
vt 0.999050 0.342604
vt 0.939310 0.183297
vt 0.999050 0.183297
vt 0.999050 0.342604
vt 0.939310 0.183297
vt 0.999050 0.183297
vt 0.999050 0.342604
vt 0.939310 0.183297
vt 0.999050 0.183297
vt 0.999050 0.342604
vt 0.939310 0.183297
vt 0.999050 0.183297
vt 0.985655 0.179437
vt 0.939081 0.132863
vt 0.985655 0.132863
vt 0.999050 0.342604
vt 0.939310 0.183297
vt 0.939310 0.342604
vt 0.999050 0.342604
vt 0.939310 0.183297
vt 0.939310 0.342604
vt 0.999050 0.342604
vt 0.939310 0.183297
vt 0.939310 0.342604
vt 0.999050 0.342604
vt 0.939310 0.183297
vt 0.939310 0.342604
vt 0.985655 0.179437
vt 0.939081 0.132863
vt 0.939081 0.179437
vt 0.979692 0.844034
vt -0.000781 0.781451
vt 0.979692 0.781451
vt 0.145247 0.718868
vt -0.000781 0.656284
vt 0.145247 0.656284
vt 0.979692 0.781451
vt -0.000781 0.718868
vt 0.979692 0.718868
vt 0.302823 0.718868
vt 0.156795 0.656284
vt 0.302823 0.656284
vt 1.000000 1.000000
vt 0.000000 0.851064
vt 1.000000 0.851064
vt 0.998987 0.652658
vt 0.001647 0.504118
vt 0.998987 0.504118
vt 0.905875 0.062150
vt 0.000000 0.089593
vt 0.905875 0.089593
vt 0.906387 0.330358
vt 0.000512 0.321630
vt 0.000512 0.330358
vt 0.999050 0.342604
vt 0.939310 0.183297
vt 0.999050 0.183297
vt 0.999050 0.342604
vt 0.939310 0.183297
vt 0.999050 0.183297
vt 0.999050 0.342604
vt 0.939310 0.183297
vt 0.999050 0.183297
vt 0.999050 0.342604
vt 0.939310 0.183297
vt 0.999050 0.183297
vt 0.985655 0.179437
vt 0.939081 0.132863
vt 0.985655 0.132863
vt 0.999050 0.342604
vt 0.939310 0.183297
vt 0.939310 0.342604
vt 0.999050 0.342604
vt 0.939310 0.183297
vt 0.939310 0.342604
vt 0.999050 0.342604
vt 0.939310 0.183297
vt 0.939310 0.342604
vt 0.999050 0.342604
vt 0.939310 0.183297
vt 0.939310 0.342604
vt 0.985655 0.179437
vt 0.939081 0.132863
vt 0.939081 0.179437
vt 0.979692 0.844034
vt -0.000781 0.781451
vt 0.979692 0.781451
vt 0.145247 0.718868
vt -0.000781 0.656284
vt 0.145247 0.656284
vt 0.979692 0.781451
vt -0.000781 0.718868
vt 0.979692 0.718868
vt 0.302823 0.718868
vt 0.156795 0.656284
vt 0.302823 0.656284
vt 1.000000 1.000000
vt 0.000000 0.851064
vt 1.000000 0.851064
vt 0.998987 0.652658
vt 0.001647 0.504118
vt 0.998987 0.504118
vt -0.000122 0.210448
vt 0.905753 0.156096
vt 0.905753 0.210448
vt 0.000000 0.034093
vt 0.905875 0.048121
vt 0.905875 0.034093
vt 0.000200 0.281378
vt 0.906075 0.297453
vt 0.906075 0.281378
vt 0.000000 0.062150
vt 0.905875 0.089593
vt 0.000000 0.089593
vt 0.905875 0.012881
vt 0.000000 0.000000
vt 0.000000 0.012881
vt 0.000200 0.312903
vt 0.906075 0.296828
vt 0.000200 0.296828
vt 0.906387 0.321630
vt 0.000512 0.312903
vt 0.000512 0.321630
vt 0.905875 0.012881
vt 0.000000 0.025761
vt 0.905875 0.025761
vt 0.999050 0.342604
vt 0.939310 0.183297
vt 0.999050 0.183297
vt 0.999050 0.342604
vt 0.939310 0.183297
vt 0.999050 0.183297
vt 0.999050 0.342604
vt 0.939310 0.183297
vt 0.999050 0.183297
vt 0.999050 0.342604
vt 0.939310 0.183297
vt 0.999050 0.183297
vt 0.985655 0.179437
vt 0.939081 0.132863
vt 0.985655 0.132863
vt 0.999050 0.342604
vt 0.939310 0.183297
vt 0.939310 0.342604
vt 0.999050 0.342604
vt 0.939310 0.183297
vt 0.939310 0.342604
vt 0.999050 0.342604
vt 0.939310 0.183297
vt 0.939310 0.342604
vt 0.999050 0.342604
vt 0.939310 0.183297
vt 0.939310 0.342604
vt 0.985655 0.179437
vt 0.939081 0.132863
vt 0.939081 0.179437
vt 0.979692 0.844034
vt -0.000781 0.781451
vt 0.979692 0.781451
vt 0.145247 0.718868
vt -0.000781 0.656284
vt 0.145247 0.656284
vt 0.979692 0.781451
vt -0.000781 0.718868
vt 0.979692 0.718868
vt 0.302823 0.718868
vt 0.156795 0.656284
vt 0.302823 0.656284
vt 1.000000 1.000000
vt 0.000000 0.851064
vt 1.000000 0.851064
vt 0.998987 0.652658
vt 0.001647 0.504118
vt 0.998987 0.504118
vt 0.000000 0.048121
vt 0.905875 0.062150
vt 0.905875 0.048121
vt 0.906075 0.219937
vt 0.000200 0.259595
vt 0.000200 0.219937
vt 0.905875 0.000000
vt 0.000000 0.012881
vt 0.905875 0.012881
vt 0.905875 0.062150
vt 0.000000 0.089593
vt 0.905875 0.089593
vt 0.905875 0.048121
vt 0.000000 0.062150
vt 0.000000 0.048121
vt 0.000512 0.330358
vt 0.906387 0.321630
vt 0.906387 0.330358
vt -0.000122 0.156096
vt 0.905753 0.210448
vt -0.000122 0.210448
vt 0.000000 0.121202
vt 0.905875 0.093759
vt 0.905875 0.121202
vt 0.000000 0.000000
vt 0.905875 0.012881
vt 0.000000 0.012881
vt 0.905875 0.048121
vt 0.000000 0.034093
vt 0.905875 0.034093
vt 0.999050 0.342604
vt 0.939310 0.183297
vt 0.999050 0.183297
vt 0.999050 0.342604
vt 0.939310 0.183297
vt 0.999050 0.183297
vt 0.999050 0.342604
vt 0.939310 0.183297
vt 0.999050 0.183297
vt 0.999050 0.342604
vt 0.939310 0.183297
vt 0.999050 0.183297
vt 0.985655 0.179437
vt 0.939081 0.132863
vt 0.985655 0.132863
vt 0.999050 0.342604
vt 0.939310 0.183297
vt 0.939310 0.342604
vt 0.999050 0.342604
vt 0.939310 0.183297
vt 0.939310 0.342604
vt 0.999050 0.342604
vt 0.939310 0.183297
vt 0.939310 0.342604
vt 0.999050 0.342604
vt 0.939310 0.183297
vt 0.939310 0.342604
vt 0.985655 0.179437
vt 0.939081 0.132863
vt 0.939081 0.179437
vt 0.979692 0.844034
vt -0.000781 0.781451
vt 0.979692 0.781451
vt 0.145247 0.718868
vt -0.000781 0.656284
vt 0.145247 0.656284
vt 0.979692 0.781451
vt -0.000781 0.718868
vt 0.979692 0.718868
vt 0.302823 0.718868
vt 0.156795 0.656284
vt 0.302823 0.656284
vt 1.000000 1.000000
vt 0.000000 0.851064
vt 1.000000 0.851064
vt 0.998987 0.652658
vt 0.001647 0.504118
vt 0.998987 0.504118
vt 0.000512 0.312903
vt 0.906387 0.321630
vt 0.000512 0.321630
vt 0.000000 0.012881
vt 0.905875 0.025761
vt 0.000000 0.025761
vt 0.999050 0.342604
vt 0.939310 0.183297
vt 0.999050 0.183297
vt 0.999050 0.342604
vt 0.939310 0.183297
vt 0.999050 0.183297
vt 0.999050 0.342604
vt 0.939310 0.183297
vt 0.999050 0.183297
vt 0.999050 0.342604
vt 0.939310 0.183297
vt 0.999050 0.183297
vt 0.985655 0.179437
vt 0.939081 0.132863
vt 0.985655 0.132863
vt 0.999050 0.342604
vt 0.939310 0.183297
vt 0.939310 0.342604
vt 0.999050 0.342604
vt 0.939310 0.183297
vt 0.939310 0.342604
vt 0.999050 0.342604
vt 0.939310 0.183297
vt 0.939310 0.342604
vt 0.999050 0.342604
vt 0.939310 0.183297
vt 0.939310 0.342604
vt 0.985655 0.179437
vt 0.939081 0.132863
vt 0.939081 0.179437
vt 0.979692 0.844034
vt -0.000781 0.781451
vt 0.979692 0.781451
vt 0.145247 0.718868
vt -0.000781 0.656284
vt 0.145247 0.656284
vt 0.979692 0.781451
vt -0.000781 0.718868
vt 0.979692 0.718868
vt 0.302823 0.718868
vt 0.156795 0.656284
vt 0.302823 0.656284
vt 1.000000 1.000000
vt 0.000000 0.851064
vt 1.000000 0.851064
vt 0.998987 0.652658
vt 0.001647 0.504118
vt 0.998987 0.504118
vt 0.906387 0.321630
vt 0.000512 0.312903
vt 0.000512 0.321630
vt 0.000000 0.089593
vt 0.905875 0.062150
vt 0.905875 0.089593
vt 0.000000 0.025761
vt 0.905875 0.012881
vt 0.000000 0.012881
vt 0.000000 0.121202
vt 0.905875 0.093759
vt 0.000000 0.093759
vt 0.999050 0.342604
vt 0.939310 0.183297
vt 0.999050 0.183297
vt 0.999050 0.342604
vt 0.939310 0.183297
vt 0.999050 0.183297
vt 0.999050 0.342604
vt 0.939310 0.183297
vt 0.999050 0.183297
vt 0.999050 0.342604
vt 0.939310 0.183297
vt 0.999050 0.183297
vt 0.985655 0.179437
vt 0.939081 0.132863
vt 0.985655 0.132863
vt 0.999050 0.342604
vt 0.939310 0.183297
vt 0.939310 0.342604
vt 0.999050 0.342604
vt 0.939310 0.183297
vt 0.939310 0.342604
vt 0.999050 0.342604
vt 0.939310 0.183297
vt 0.939310 0.342604
vt 0.999050 0.342604
vt 0.939310 0.183297
vt 0.939310 0.342604
vt 0.985655 0.179437
vt 0.939081 0.132863
vt 0.939081 0.179437
vt 0.979692 0.844034
vt -0.000781 0.781451
vt 0.979692 0.781451
vt 0.145247 0.718868
vt -0.000781 0.656284
vt 0.145247 0.656284
vt 0.979692 0.781451
vt -0.000781 0.718868
vt 0.979692 0.718868
vt 0.302823 0.718868
vt 0.156795 0.656284
vt 0.302823 0.656284
vt 1.000000 1.000000
vt 0.000000 0.851064
vt 1.000000 0.851064
vt 0.998987 0.652658
vt 0.001647 0.504118
vt 0.998987 0.504118
vt 0.000200 0.296828
vt 0.906075 0.312903
vt 0.906075 0.296828
vt 0.906075 0.312903
vt 0.000200 0.296828
vt 0.906075 0.296828
vt 0.000000 0.034093
vt 0.905875 0.048121
vt 0.905875 0.034093
vt 0.905753 0.156096
vt -0.000122 0.210448
vt 0.905753 0.210448
vt 0.906075 0.281378
vt 0.000200 0.297453
vt 0.000200 0.281378
vt 0.000200 0.219937
vt 0.906075 0.259595
vt 0.906075 0.219937
vt 0.000200 0.297453
vt 0.906075 0.281378
vt 0.000200 0.281378
vt 0.906387 0.321630
vt 0.000512 0.330358
vt 0.906387 0.330358
vt 0.999050 0.342604
vt 0.939310 0.183297
vt 0.999050 0.183297
vt 0.999050 0.342604
vt 0.939310 0.183297
vt 0.999050 0.183297
vt 0.999050 0.342604
vt 0.939310 0.183297
vt 0.999050 0.183297
vt 0.999050 0.342604
vt 0.939310 0.183297
vt 0.999050 0.183297
vt 0.985655 0.179437
vt 0.939081 0.132863
vt 0.985655 0.132863
vt 0.999050 0.342604
vt 0.939310 0.183297
vt 0.939310 0.342604
vt 0.999050 0.342604
vt 0.939310 0.183297
vt 0.939310 0.342604
vt 0.999050 0.342604
vt 0.939310 0.183297
vt 0.939310 0.342604
vt 0.999050 0.342604
vt 0.939310 0.183297
vt 0.939310 0.342604
vt 0.985655 0.179437
vt 0.939081 0.132863
vt 0.939081 0.179437
vt 0.979692 0.844034
vt -0.000781 0.781451
vt 0.979692 0.781451
vt 0.145247 0.718868
vt -0.000781 0.656284
vt 0.145247 0.656284
vt 0.979692 0.781451
vt -0.000781 0.718868
vt 0.979692 0.718868
vt 0.302823 0.718868
vt 0.156795 0.656284
vt 0.302823 0.656284
vt 1.000000 1.000000
vt 0.000000 0.851064
vt 1.000000 0.851064
vt 0.998987 0.652658
vt 0.001647 0.504118
vt 0.998987 0.504118
vt 0.000000 0.034093
vt 0.905875 0.048121
vt 0.905875 0.034093
vt 0.000512 0.312903
vt 0.906387 0.321630
vt 0.000512 0.321630
vt 0.000000 0.062150
vt 0.905875 0.089593
vt 0.000000 0.089593
vt 0.905875 0.012881
vt 0.000000 0.000000
vt 0.000000 0.012881
vt 0.905875 0.089593
vt 0.000000 0.062150
vt 0.000000 0.089593
vt 0.000000 0.000000
vt 0.905875 0.012881
vt 0.000000 0.012881
vt 0.999050 0.342604
vt 0.939310 0.183297
vt 0.999050 0.183297
vt 0.999050 0.342604
vt 0.939310 0.183297
vt 0.999050 0.183297
vt 0.999050 0.342604
vt 0.939310 0.183297
vt 0.999050 0.183297
vt 0.999050 0.342604
vt 0.939310 0.183297
vt 0.999050 0.183297
vt 0.985655 0.179437
vt 0.939081 0.132863
vt 0.985655 0.132863
vt 0.999050 0.342604
vt 0.939310 0.183297
vt 0.939310 0.342604
vt 0.999050 0.342604
vt 0.939310 0.183297
vt 0.939310 0.342604
vt 0.999050 0.342604
vt 0.939310 0.183297
vt 0.939310 0.342604
vt 0.999050 0.342604
vt 0.939310 0.183297
vt 0.939310 0.342604
vt 0.985655 0.179437
vt 0.939081 0.132863
vt 0.939081 0.179437
vt 0.979692 0.844034
vt -0.000781 0.781451
vt 0.979692 0.781451
vt 0.145247 0.718868
vt -0.000781 0.656284
vt 0.145247 0.656284
vt 0.979692 0.781451
vt -0.000781 0.718868
vt 0.979692 0.718868
vt 0.302823 0.718868
vt 0.156795 0.656284
vt 0.302823 0.656284
vt 1.000000 1.000000
vt 0.000000 0.851064
vt 1.000000 0.851064
vt 0.998987 0.652658
vt 0.001647 0.504118
vt 0.998987 0.504118
vt 0.906387 0.330358
vt 0.000512 0.321630
vt 0.000512 0.330358
vt 0.000200 0.219937
vt 0.906075 0.259595
vt 0.000200 0.259595
vt 0.999050 0.342604
vt 0.939310 0.183297
vt 0.999050 0.183297
vt 0.999050 0.342604
vt 0.939310 0.183297
vt 0.999050 0.183297
vt 0.999050 0.342604
vt 0.939310 0.183297
vt 0.999050 0.183297
vt 0.999050 0.342604
vt 0.939310 0.183297
vt 0.999050 0.183297
vt 0.985655 0.179437
vt 0.939081 0.132863
vt 0.985655 0.132863
vt 0.999050 0.342604
vt 0.939310 0.183297
vt 0.939310 0.342604
vt 0.999050 0.342604
vt 0.939310 0.183297
vt 0.939310 0.342604
vt 0.999050 0.342604
vt 0.939310 0.183297
vt 0.939310 0.342604
vt 0.999050 0.342604
vt 0.939310 0.183297
vt 0.939310 0.342604
vt 0.985655 0.179437
vt 0.939081 0.132863
vt 0.939081 0.179437
vt 0.979692 0.844034
vt -0.000781 0.781451
vt 0.979692 0.781451
vt 0.145247 0.718868
vt -0.000781 0.656284
vt 0.145247 0.656284
vt 0.979692 0.781451
vt -0.000781 0.718868
vt 0.979692 0.718868
vt 0.302823 0.718868
vt 0.156795 0.656284
vt 0.302823 0.656284
vt 1.000000 1.000000
vt 0.000000 0.851064
vt 1.000000 0.851064
vt 0.998987 0.652658
vt 0.001647 0.504118
vt 0.998987 0.504118
vt 0.905875 0.093759
vt 0.000000 0.121202
vt 0.905875 0.121202
vt 0.906075 0.281378
vt 0.000200 0.297453
vt 0.000200 0.281378
vt 0.906075 0.296828
vt 0.000200 0.312903
vt 0.000200 0.296828
vt 0.000512 0.330358
vt 0.906387 0.321630
vt 0.906387 0.330358
vt 0.906387 0.321630
vt 0.000512 0.312903
vt 0.000512 0.321630
vt 0.905753 0.210448
vt -0.000122 0.156096
vt -0.000122 0.210448
vt -0.000122 0.210448
vt 0.905753 0.156096
vt 0.905753 0.210448
vt 0.905875 0.062150
vt 0.000000 0.048121
vt 0.905875 0.048121
vt 0.999050 0.342604
vt 0.939310 0.183297
vt 0.999050 0.183297
vt 0.999050 0.342604
vt 0.939310 0.183297
vt 0.999050 0.183297
vt 0.999050 0.342604
vt 0.939310 0.183297
vt 0.999050 0.183297
vt 0.999050 0.342604
vt 0.939310 0.183297
vt 0.999050 0.183297
vt 0.985655 0.179437
vt 0.939081 0.132863
vt 0.985655 0.132863
vt 0.999050 0.342604
vt 0.939310 0.183297
vt 0.939310 0.342604
vt 0.999050 0.342604
vt 0.939310 0.183297
vt 0.939310 0.342604
vt 0.999050 0.342604
vt 0.939310 0.183297
vt 0.939310 0.342604
vt 0.999050 0.342604
vt 0.939310 0.183297
vt 0.939310 0.342604
vt 0.985655 0.179437
vt 0.939081 0.132863
vt 0.939081 0.179437
vt 0.979692 0.844034
vt -0.000781 0.781451
vt 0.979692 0.781451
vt 0.145247 0.718868
vt -0.000781 0.656284
vt 0.145247 0.656284
vt 0.979692 0.781451
vt -0.000781 0.718868
vt 0.979692 0.718868
vt 0.302823 0.718868
vt 0.156795 0.656284
vt 0.302823 0.656284
vt 1.000000 1.000000
vt 0.000000 0.851064
vt 1.000000 0.851064
vt 0.998987 0.652658
vt 0.001647 0.504118
vt 0.998987 0.504118
vt 0.000200 0.281378
vt 0.906075 0.297453
vt 0.906075 0.281378
vt 0.000200 0.296828
vt 0.906075 0.312903
vt 0.906075 0.296828
vt 0.000200 0.259595
vt 0.906075 0.219937
vt 0.000200 0.219937
vt 0.000000 0.025761
vt 0.905875 0.012881
vt 0.000000 0.012881
vt 0.000000 0.093759
vt 0.905875 0.121202
vt 0.000000 0.121202
vt 0.000000 0.062150
vt 0.905875 0.048121
vt 0.000000 0.048121
vt 0.000000 0.034093
vt 0.905875 0.048121
vt 0.000000 0.048121
vt 0.000000 0.012881
vt 0.905875 0.025761
vt 0.000000 0.025761
vt 0.999050 0.342604
vt 0.939310 0.183297
vt 0.999050 0.183297
vt 0.999050 0.342604
vt 0.939310 0.183297
vt 0.999050 0.183297
vt 0.999050 0.342604
vt 0.939310 0.183297
vt 0.999050 0.183297
vt 0.999050 0.342604
vt 0.939310 0.183297
vt 0.999050 0.183297
vt 0.985655 0.179437
vt 0.939081 0.132863
vt 0.985655 0.132863
vt 0.999050 0.342604
vt 0.939310 0.183297
vt 0.939310 0.342604
vt 0.999050 0.342604
vt 0.939310 0.183297
vt 0.939310 0.342604
vt 0.999050 0.342604
vt 0.939310 0.183297
vt 0.939310 0.342604
vt 0.999050 0.342604
vt 0.939310 0.183297
vt 0.939310 0.342604
vt 0.985655 0.179437
vt 0.939081 0.132863
vt 0.939081 0.179437
vt 0.979692 0.844034
vt -0.000781 0.781451
vt 0.979692 0.781451
vt 0.145247 0.718868
vt -0.000781 0.656284
vt 0.145247 0.656284
vt 0.979692 0.781451
vt -0.000781 0.718868
vt 0.979692 0.718868
vt 0.302823 0.718868
vt 0.156795 0.656284
vt 0.302823 0.656284
vt 1.000000 1.000000
vt 0.000000 0.851064
vt 1.000000 0.851064
vt 0.998987 0.652658
vt 0.001647 0.504118
vt 0.998987 0.504118
vt 0.906387 0.330358
vt 0.000512 0.321630
vt 0.000512 0.330358
vt 0.905875 0.048121
vt 0.000000 0.062150
vt 0.000000 0.048121
vt 0.000000 0.012881
vt 0.905875 0.000000
vt 0.905875 0.012881
vt 0.905875 0.089593
vt 0.000000 0.062150
vt 0.000000 0.089593
vt 0.905753 0.156096
vt -0.000122 0.210448
vt 0.905753 0.210448
vt 0.905875 0.012881
vt 0.000000 0.025761
vt 0.905875 0.025761
vt 0.905875 0.093759
vt 0.000000 0.121202
vt 0.905875 0.121202
vt -0.000122 0.210448
vt 0.905753 0.156096
vt 0.905753 0.210448
vt 0.000000 0.034093
vt 0.905875 0.048121
vt 0.905875 0.034093
vt 0.999050 0.342604
vt 0.939310 0.183297
vt 0.999050 0.183297
vt 0.999050 0.342604
vt 0.939310 0.183297
vt 0.999050 0.183297
vt 0.999050 0.342604
vt 0.939310 0.183297
vt 0.999050 0.183297
vt 0.999050 0.342604
vt 0.939310 0.183297
vt 0.999050 0.183297
vt 0.985655 0.179437
vt 0.939081 0.132863
vt 0.985655 0.132863
vt 0.999050 0.342604
vt 0.939310 0.183297
vt 0.939310 0.342604
vt 0.999050 0.342604
vt 0.939310 0.183297
vt 0.939310 0.342604
vt 0.999050 0.342604
vt 0.939310 0.183297
vt 0.939310 0.342604
vt 0.999050 0.342604
vt 0.939310 0.183297
vt 0.939310 0.342604
vt 0.985655 0.179437
vt 0.939081 0.132863
vt 0.939081 0.179437
vt 0.979692 0.844034
vt -0.000781 0.781451
vt 0.979692 0.781451
vt 0.145247 0.718868
vt -0.000781 0.656284
vt 0.145247 0.656284
vt 0.979692 0.781451
vt -0.000781 0.718868
vt 0.979692 0.718868
vt 0.302823 0.718868
vt 0.156795 0.656284
vt 0.302823 0.656284
vt 1.000000 1.000000
vt 0.000000 0.851064
vt 1.000000 0.851064
vt 0.998987 0.652658
vt 0.001647 0.504118
vt 0.998987 0.504118
vt 0.000200 0.219937
vt 0.906075 0.259595
vt 0.000200 0.259595
vt 0.000512 0.321630
vt 0.906387 0.312903
vt 0.906387 0.321630
vt 0.000512 0.321630
vt 0.906387 0.330358
vt 0.000512 0.330358
vt 0.000200 0.219937
vt 0.906075 0.259595
vt 0.906075 0.219937
vt 0.999050 0.342604
vt 0.939310 0.183297
vt 0.999050 0.183297
vt 0.999050 0.342604
vt 0.939310 0.183297
vt 0.999050 0.183297
vt 0.999050 0.342604
vt 0.939310 0.183297
vt 0.999050 0.183297
vt 0.999050 0.342604
vt 0.939310 0.183297
vt 0.999050 0.183297
vt 0.985655 0.179437
vt 0.939081 0.132863
vt 0.985655 0.132863
vt 0.999050 0.342604
vt 0.939310 0.183297
vt 0.939310 0.342604
vt 0.999050 0.342604
vt 0.939310 0.183297
vt 0.939310 0.342604
vt 0.999050 0.342604
vt 0.939310 0.183297
vt 0.939310 0.342604
vt 0.999050 0.342604
vt 0.939310 0.183297
vt 0.939310 0.342604
vt 0.985655 0.179437
vt 0.939081 0.132863
vt 0.939081 0.179437
vt 0.979692 0.844034
vt -0.000781 0.781451
vt 0.979692 0.781451
vt 0.145247 0.718868
vt -0.000781 0.656284
vt 0.145247 0.656284
vt 0.979692 0.781451
vt -0.000781 0.718868
vt 0.979692 0.718868
vt 0.302823 0.718868
vt 0.156795 0.656284
vt 0.302823 0.656284
vt 1.000000 1.000000
vt 0.000000 0.851064
vt 1.000000 0.851064
vt 0.998987 0.652658
vt 0.001647 0.504118
vt 0.998987 0.504118
vt 0.000000 0.121202
vt 0.905875 0.093759
vt 0.905875 0.121202
vt 0.905875 0.000000
vt 0.000000 0.012881
vt 0.905875 0.012881
vt 0.000000 0.089593
vt 0.905875 0.062150
vt 0.905875 0.089593
vt 0.999050 0.342604
vt 0.939310 0.183297
vt 0.999050 0.183297
vt 0.999050 0.342604
vt 0.939310 0.183297
vt 0.999050 0.183297
vt 0.999050 0.342604
vt 0.939310 0.183297
vt 0.999050 0.183297
vt 0.999050 0.342604
vt 0.939310 0.183297
vt 0.999050 0.183297
vt 0.985655 0.179437
vt 0.939081 0.132863
vt 0.985655 0.132863
vt 0.999050 0.342604
vt 0.939310 0.183297
vt 0.939310 0.342604
vt 0.999050 0.342604
vt 0.939310 0.183297
vt 0.939310 0.342604
vt 0.999050 0.342604
vt 0.939310 0.183297
vt 0.939310 0.342604
vt 0.999050 0.342604
vt 0.939310 0.183297
vt 0.939310 0.342604
vt 0.985655 0.179437
vt 0.939081 0.132863
vt 0.939081 0.179437
vt 0.979692 0.844034
vt -0.000781 0.781451
vt 0.979692 0.781451
vt 0.145247 0.718868
vt -0.000781 0.656284
vt 0.145247 0.656284
vt 0.979692 0.781451
vt -0.000781 0.718868
vt 0.979692 0.718868
vt 0.302823 0.718868
vt 0.156795 0.656284
vt 0.302823 0.656284
vt 1.000000 1.000000
vt 0.000000 0.851064
vt 1.000000 0.851064
vt 0.998987 0.652658
vt 0.001647 0.504118
vt 0.998987 0.504118
vt 0.906387 0.312903
vt 0.000512 0.321630
vt 0.906387 0.321630
vt 0.000200 0.297453
vt 0.906075 0.281378
vt 0.000200 0.281378
vt 0.000000 0.012881
vt 0.905875 0.025761
vt 0.000000 0.025761
vt 0.905875 0.048121
vt 0.000000 0.034093
vt 0.905875 0.034093
vt 0.000200 0.296828
vt 0.906075 0.312903
vt 0.906075 0.296828
vt 0.000000 0.048121
vt 0.905875 0.062150
vt 0.905875 0.048121
vt 0.906075 0.296828
vt 0.000200 0.312903
vt 0.000200 0.296828
vt 0.906075 0.281378
vt 0.000200 0.297453
vt 0.000200 0.281378
vt 0.999050 0.342604
vt 0.939310 0.183297
vt 0.999050 0.183297
vt 0.999050 0.342604
vt 0.939310 0.183297
vt 0.999050 0.183297
vt 0.999050 0.342604
vt 0.939310 0.183297
vt 0.999050 0.183297
vt 0.999050 0.342604
vt 0.939310 0.183297
vt 0.999050 0.183297
vt 0.985655 0.179437
vt 0.939081 0.132863
vt 0.985655 0.132863
vt 0.999050 0.342604
vt 0.939310 0.183297
vt 0.939310 0.342604
vt 0.999050 0.342604
vt 0.939310 0.183297
vt 0.939310 0.342604
vt 0.999050 0.342604
vt 0.939310 0.183297
vt 0.939310 0.342604
vt 0.999050 0.342604
vt 0.939310 0.183297
vt 0.939310 0.342604
vt 0.985655 0.179437
vt 0.939081 0.132863
vt 0.939081 0.179437
vt 0.979692 0.844034
vt -0.000781 0.781451
vt 0.979692 0.781451
vt 0.145247 0.718868
vt -0.000781 0.656284
vt 0.145247 0.656284
vt 0.979692 0.781451
vt -0.000781 0.718868
vt 0.979692 0.718868
vt 0.302823 0.718868
vt 0.156795 0.656284
vt 0.302823 0.656284
vt 1.000000 1.000000
vt 0.000000 0.851064
vt 1.000000 0.851064
vt 0.998987 0.652658
vt 0.001647 0.504118
vt 0.998987 0.504118
vt 0.906075 0.219937
vt 0.000200 0.259595
vt 0.000200 0.219937
vt -0.000122 0.156096
vt 0.905753 0.210448
vt -0.000122 0.210448
vt 0.000000 0.034093
vt 0.905875 0.048121
vt 0.905875 0.034093
vt 0.000000 0.062150
vt 0.905875 0.089593
vt 0.000000 0.089593
vt 0.906387 0.321630
vt 0.000512 0.312903
vt 0.000512 0.321630
vt 0.905875 0.048121
vt 0.000000 0.062150
vt 0.000000 0.048121
vt 0.999050 0.342604
vt 0.939310 0.183297
vt 0.999050 0.183297
vt 0.999050 0.342604
vt 0.939310 0.183297
vt 0.999050 0.183297
vt 0.999050 0.342604
vt 0.939310 0.183297
vt 0.999050 0.183297
vt 0.999050 0.342604
vt 0.939310 0.183297
vt 0.999050 0.183297
vt 0.985655 0.179437
vt 0.939081 0.132863
vt 0.985655 0.132863
vt 0.999050 0.342604
vt 0.939310 0.183297
vt 0.939310 0.342604
vt 0.999050 0.342604
vt 0.939310 0.183297
vt 0.939310 0.342604
vt 0.999050 0.342604
vt 0.939310 0.183297
vt 0.939310 0.342604
vt 0.999050 0.342604
vt 0.939310 0.183297
vt 0.939310 0.342604
vt 0.985655 0.179437
vt 0.939081 0.132863
vt 0.939081 0.179437
vt 0.979692 0.844034
vt -0.000781 0.781451
vt 0.979692 0.781451
vt 0.145247 0.718868
vt -0.000781 0.656284
vt 0.145247 0.656284
vt 0.979692 0.781451
vt -0.000781 0.718868
vt 0.979692 0.718868
vt 0.302823 0.718868
vt 0.156795 0.656284
vt 0.302823 0.656284
vt 1.000000 1.000000
vt 0.000000 0.851064
vt 1.000000 0.851064
vt 0.998987 0.652658
vt 0.001647 0.504118
vt 0.998987 0.504118
vt 0.905875 0.093759
vt 0.000000 0.121202
vt 0.905875 0.121202
vt 0.905875 0.012881
vt 0.000000 0.025761
vt 0.905875 0.025761
vt 0.906075 0.296828
vt 0.000200 0.312903
vt 0.000200 0.296828
vt 0.905875 0.012881
vt 0.000000 0.000000
vt 0.000000 0.012881
vt 0.999050 0.342604
vt 0.939310 0.183297
vt 0.999050 0.183297
vt 0.999050 0.342604
vt 0.939310 0.183297
vt 0.999050 0.183297
vt 0.999050 0.342604
vt 0.939310 0.183297
vt 0.999050 0.183297
vt 0.999050 0.342604
vt 0.939310 0.183297
vt 0.999050 0.183297
vt 0.985655 0.179437
vt 0.939081 0.132863
vt 0.985655 0.132863
vt 0.999050 0.342604
vt 0.939310 0.183297
vt 0.939310 0.342604
vt 0.999050 0.342604
vt 0.939310 0.183297
vt 0.939310 0.342604
vt 0.999050 0.342604
vt 0.939310 0.183297
vt 0.939310 0.342604
vt 0.999050 0.342604
vt 0.939310 0.183297
vt 0.939310 0.342604
vt 0.985655 0.179437
vt 0.939081 0.132863
vt 0.939081 0.179437
vt 0.979692 0.844034
vt -0.000781 0.781451
vt 0.979692 0.781451
vt 0.145247 0.718868
vt -0.000781 0.656284
vt 0.145247 0.656284
vt 0.979692 0.781451
vt -0.000781 0.718868
vt 0.979692 0.718868
vt 0.302823 0.718868
vt 0.156795 0.656284
vt 0.302823 0.656284
vt 1.000000 1.000000
vt 0.000000 0.851064
vt 1.000000 0.851064
vt 0.998987 0.652658
vt 0.001647 0.504118
vt 0.998987 0.504118
vt 0.000000 0.012881
vt 0.905875 0.025761
vt 0.000000 0.025761
vt 0.000512 0.321630
vt 0.906387 0.312903
vt 0.906387 0.321630
vt 0.000000 0.121202
vt 0.905875 0.093759
vt 0.905875 0.121202
vt 0.999050 0.342604
vt 0.939310 0.183297
vt 0.999050 0.183297
vt 0.999050 0.342604
vt 0.939310 0.183297
vt 0.999050 0.183297
vt 0.999050 0.342604
vt 0.939310 0.183297
vt 0.999050 0.183297
vt 0.999050 0.342604
vt 0.939310 0.183297
vt 0.999050 0.183297
vt 0.985655 0.179437
vt 0.939081 0.132863
vt 0.985655 0.132863
vt 0.999050 0.342604
vt 0.939310 0.183297
vt 0.939310 0.342604
vt 0.999050 0.342604
vt 0.939310 0.183297
vt 0.939310 0.342604
vt 0.999050 0.342604
vt 0.939310 0.183297
vt 0.939310 0.342604
vt 0.999050 0.342604
vt 0.939310 0.183297
vt 0.939310 0.342604
vt 0.985655 0.179437
vt 0.939081 0.132863
vt 0.939081 0.179437
vt 0.979692 0.844034
vt -0.000781 0.781451
vt 0.979692 0.781451
vt 0.145247 0.718868
vt -0.000781 0.656284
vt 0.145247 0.656284
vt 0.979692 0.781451
vt -0.000781 0.718868
vt 0.979692 0.718868
vt 0.302823 0.718868
vt 0.156795 0.656284
vt 0.302823 0.656284
vt 1.000000 1.000000
vt 0.000000 0.851064
vt 1.000000 0.851064
vt 0.998987 0.652658
vt 0.001647 0.504118
vt 0.998987 0.504118
vt 0.905875 0.034093
vt 0.000000 0.048121
vt 0.000000 0.034093
vt 0.000000 0.062150
vt 0.905875 0.048121
vt 0.000000 0.048121
vt 0.905875 0.062150
vt 0.000000 0.089593
vt 0.905875 0.089593
vt 0.000000 0.012881
vt 0.905875 0.000000
vt 0.905875 0.012881
vt 0.000200 0.281378
vt 0.906075 0.297453
vt 0.906075 0.281378
vt 0.000200 0.296828
vt 0.906075 0.312903
vt 0.906075 0.296828
vt 0.906075 0.297453
vt 0.000200 0.281378
vt 0.906075 0.281378
vt 0.000200 0.219937
vt 0.906075 0.259595
vt 0.906075 0.219937
vt 0.000512 0.321630
vt 0.906387 0.330358
vt 0.000512 0.330358
vt 0.906387 0.330358
vt 0.000512 0.321630
vt 0.000512 0.330358
vt 0.905753 0.210448
vt -0.000122 0.156096
vt -0.000122 0.210448
vt 0.999050 0.342604
vt 0.939310 0.183297
vt 0.999050 0.183297
vt 0.999050 0.342604
vt 0.939310 0.183297
vt 0.999050 0.183297
vt 0.999050 0.342604
vt 0.939310 0.183297
vt 0.999050 0.183297
vt 0.999050 0.342604
vt 0.939310 0.183297
vt 0.999050 0.183297
vt 0.985655 0.179437
vt 0.939081 0.132863
vt 0.985655 0.132863
vt 0.999050 0.342604
vt 0.939310 0.183297
vt 0.939310 0.342604
vt 0.999050 0.342604
vt 0.939310 0.183297
vt 0.939310 0.342604
vt 0.999050 0.342604
vt 0.939310 0.183297
vt 0.939310 0.342604
vt 0.999050 0.342604
vt 0.939310 0.183297
vt 0.939310 0.342604
vt 0.985655 0.179437
vt 0.939081 0.132863
vt 0.939081 0.179437
vt 0.979692 0.844034
vt -0.000781 0.781451
vt 0.979692 0.781451
vt 0.145247 0.718868
vt -0.000781 0.656284
vt 0.145247 0.656284
vt 0.979692 0.781451
vt -0.000781 0.718868
vt 0.979692 0.718868
vt 0.302823 0.718868
vt 0.156795 0.656284
vt 0.302823 0.656284
vt 1.000000 1.000000
vt 0.000000 0.851064
vt 1.000000 0.851064
vt 0.998987 0.652658
vt 0.001647 0.504118
vt 0.998987 0.504118
vt 0.906075 0.281378
vt 0.000200 0.297453
vt 0.000200 0.281378
vt 0.905875 0.093759
vt 0.000000 0.121202
vt 0.905875 0.121202
vt 0.906387 0.321630
vt 0.000512 0.330358
vt 0.906387 0.330358
vt 0.000512 0.330358
vt 0.906387 0.321630
vt 0.906387 0.330358
vt -0.000122 0.156096
vt 0.905753 0.210448
vt -0.000122 0.210448
vt 0.000000 0.121202
vt 0.905875 0.093759
vt 0.905875 0.121202
vt 0.905875 0.012881
vt 0.000000 0.000000
vt 0.000000 0.012881
vt 0.000200 0.281378
vt 0.906075 0.297453
vt 0.906075 0.281378
vt 0.000000 0.000000
vt 0.905875 0.012881
vt 0.000000 0.012881
vt 0.999050 0.342604
vt 0.939310 0.183297
vt 0.999050 0.183297
vt 0.999050 0.342604
vt 0.939310 0.183297
vt 0.999050 0.183297
vt 0.999050 0.342604
vt 0.939310 0.183297
vt 0.999050 0.183297
vt 0.999050 0.342604
vt 0.939310 0.183297
vt 0.999050 0.183297
vt 0.985655 0.179437
vt 0.939081 0.132863
vt 0.985655 0.132863
vt 0.999050 0.342604
vt 0.939310 0.183297
vt 0.939310 0.342604
vt 0.999050 0.342604
vt 0.939310 0.183297
vt 0.939310 0.342604
vt 0.999050 0.342604
vt 0.939310 0.183297
vt 0.939310 0.342604
vt 0.999050 0.342604
vt 0.939310 0.183297
vt 0.939310 0.342604
vt 0.985655 0.179437
vt 0.939081 0.132863
vt 0.939081 0.179437
vt 0.979692 0.844034
vt -0.000781 0.781451
vt 0.979692 0.781451
vt 0.145247 0.718868
vt -0.000781 0.656284
vt 0.145247 0.656284
vt 0.979692 0.781451
vt -0.000781 0.718868
vt 0.979692 0.718868
vt 0.302823 0.718868
vt 0.156795 0.656284
vt 0.302823 0.656284
vt 1.000000 1.000000
vt 0.000000 0.851064
vt 1.000000 0.851064
vt 0.998987 0.652658
vt 0.001647 0.504118
vt 0.998987 0.504118
vt 0.906387 0.321630
vt 0.000512 0.312903
vt 0.000512 0.321630
vt 0.000200 0.219937
vt 0.906075 0.259595
vt 0.000200 0.259595
vt 0.000512 0.312903
vt 0.906387 0.321630
vt 0.000512 0.321630
vt 0.905875 0.012881
vt 0.000000 0.025761
vt 0.905875 0.025761
vt 0.905875 0.048121
vt 0.000000 0.062150
vt 0.000000 0.048121
vt 0.999050 0.342604
vt 0.939310 0.183297
vt 0.999050 0.183297
vt 0.999050 0.342604
vt 0.939310 0.183297
vt 0.999050 0.183297
vt 0.999050 0.342604
vt 0.939310 0.183297
vt 0.999050 0.183297
vt 0.999050 0.342604
vt 0.939310 0.183297
vt 0.999050 0.183297
vt 0.985655 0.179437
vt 0.939081 0.132863
vt 0.985655 0.132863
vt 0.999050 0.342604
vt 0.939310 0.183297
vt 0.939310 0.342604
vt 0.999050 0.342604
vt 0.939310 0.183297
vt 0.939310 0.342604
vt 0.999050 0.342604
vt 0.939310 0.183297
vt 0.939310 0.342604
vt 0.999050 0.342604
vt 0.939310 0.183297
vt 0.939310 0.342604
vt 0.985655 0.179437
vt 0.939081 0.132863
vt 0.939081 0.179437
vt 0.979692 0.844034
vt -0.000781 0.781451
vt 0.979692 0.781451
vt 0.145247 0.718868
vt -0.000781 0.656284
vt 0.145247 0.656284
vt 0.979692 0.781451
vt -0.000781 0.718868
vt 0.979692 0.718868
vt 0.302823 0.718868
vt 0.156795 0.656284
vt 0.302823 0.656284
vt 1.000000 1.000000
vt 0.000000 0.851064
vt 1.000000 0.851064
vt 0.998987 0.652658
vt 0.001647 0.504118
vt 0.998987 0.504118
vt 0.905753 0.156096
vt -0.000122 0.210448
vt 0.905753 0.210448
vt 0.906075 0.296828
vt 0.000200 0.312903
vt 0.000200 0.296828
vt 0.000200 0.312903
vt 0.906075 0.296828
vt 0.000200 0.296828
vt 0.999050 0.342604
vt 0.939310 0.183297
vt 0.999050 0.183297
vt 0.999050 0.342604
vt 0.939310 0.183297
vt 0.999050 0.183297
vt 0.999050 0.342604
vt 0.939310 0.183297
vt 0.999050 0.183297
vt 0.999050 0.342604
vt 0.939310 0.183297
vt 0.999050 0.183297
vt 0.985655 0.179437
vt 0.939081 0.132863
vt 0.985655 0.132863
vt 0.999050 0.342604
vt 0.939310 0.183297
vt 0.939310 0.342604
vt 0.999050 0.342604
vt 0.939310 0.183297
vt 0.939310 0.342604
vt 0.999050 0.342604
vt 0.939310 0.183297
vt 0.939310 0.342604
vt 0.999050 0.342604
vt 0.939310 0.183297
vt 0.939310 0.342604
vt 0.985655 0.179437
vt 0.939081 0.132863
vt 0.939081 0.179437
vt 0.979692 0.844034
vt -0.000781 0.781451
vt 0.979692 0.781451
vt 0.145247 0.718868
vt -0.000781 0.656284
vt 0.145247 0.656284
vt 0.979692 0.781451
vt -0.000781 0.718868
vt 0.979692 0.718868
vt 0.302823 0.718868
vt 0.156795 0.656284
vt 0.302823 0.656284
vt 1.000000 1.000000
vt 0.000000 0.851064
vt 1.000000 0.851064
vt 0.998987 0.652658
vt 0.001647 0.504118
vt 0.998987 0.504118
vt 0.000000 0.048121
vt 0.905875 0.034093
vt 0.000000 0.034093
vt 0.000000 0.012881
vt 0.905875 0.025761
vt 0.000000 0.025761
vt 0.000000 0.048121
vt 0.905875 0.062150
vt 0.905875 0.048121
vt 0.000000 0.034093
vt 0.905875 0.048121
vt 0.000000 0.048121
vt 0.000200 0.219937
vt 0.906075 0.259595
vt 0.906075 0.219937
vt 0.000000 0.089593
vt 0.905875 0.062150
vt 0.905875 0.089593
vt 0.905875 0.089593
vt 0.000000 0.062150
vt 0.000000 0.089593
vt 0.999050 0.342604
vt 0.939310 0.183297
vt 0.999050 0.183297
vt 0.999050 0.342604
vt 0.939310 0.183297
vt 0.999050 0.183297
vt 0.999050 0.342604
vt 0.939310 0.183297
vt 0.999050 0.183297
vt 0.999050 0.342604
vt 0.939310 0.183297
vt 0.999050 0.183297
vt 0.985655 0.179437
vt 0.939081 0.132863
vt 0.985655 0.132863
vt 0.999050 0.342604
vt 0.939310 0.183297
vt 0.939310 0.342604
vt 0.999050 0.342604
vt 0.939310 0.183297
vt 0.939310 0.342604
vt 0.999050 0.342604
vt 0.939310 0.183297
vt 0.939310 0.342604
vt 0.999050 0.342604
vt 0.939310 0.183297
vt 0.939310 0.342604
vt 0.985655 0.179437
vt 0.939081 0.132863
vt 0.939081 0.179437
vt 0.979692 0.844034
vt -0.000781 0.781451
vt 0.979692 0.781451
vt 0.145247 0.718868
vt -0.000781 0.656284
vt 0.145247 0.656284
vt 0.979692 0.781451
vt -0.000781 0.718868
vt 0.979692 0.718868
vt 0.302823 0.718868
vt 0.156795 0.656284
vt 0.302823 0.656284
vt 1.000000 1.000000
vt 0.000000 0.851064
vt 1.000000 0.851064
vt 0.998987 0.652658
vt 0.001647 0.504118
vt 0.998987 0.504118
vt 0.905875 0.048121
vt 0.000000 0.034093
vt 0.905875 0.034093
vt 0.906387 0.330358
vt 0.000512 0.321630
vt 0.000512 0.330358
vt 0.905875 0.048121
vt 0.000000 0.062150
vt 0.000000 0.048121
vt 0.906075 0.296828
vt 0.000200 0.312903
vt 0.000200 0.296828
vt 0.906075 0.281378
vt 0.000200 0.297453
vt 0.000200 0.281378
vt 0.000000 0.062150
vt 0.905875 0.089593
vt 0.000000 0.089593
vt 0.905875 0.121202
vt 0.000000 0.093759
vt 0.000000 0.121202
vt 0.000000 0.025761
vt 0.905875 0.012881
vt 0.905875 0.025761
vt 0.906075 0.259595
vt 0.000200 0.219937
vt 0.906075 0.219937
vt 0.000200 0.281378
vt 0.906075 0.297453
vt 0.906075 0.281378
vt 0.000000 0.048121
vt 0.905875 0.034093
vt 0.000000 0.034093
vt 0.999050 0.342604
vt 0.939310 0.183297
vt 0.999050 0.183297
vt 0.999050 0.342604
vt 0.939310 0.183297
vt 0.999050 0.183297
vt 0.999050 0.342604
vt 0.939310 0.183297
vt 0.999050 0.183297
vt 0.999050 0.342604
vt 0.939310 0.183297
vt 0.999050 0.183297
vt 0.985655 0.179437
vt 0.939081 0.132863
vt 0.985655 0.132863
vt 0.999050 0.342604
vt 0.939310 0.183297
vt 0.939310 0.342604
vt 0.999050 0.342604
vt 0.939310 0.183297
vt 0.939310 0.342604
vt 0.999050 0.342604
vt 0.939310 0.183297
vt 0.939310 0.342604
vt 0.999050 0.342604
vt 0.939310 0.183297
vt 0.939310 0.342604
vt 0.985655 0.179437
vt 0.939081 0.132863
vt 0.939081 0.179437
vt 0.979692 0.844034
vt -0.000781 0.781451
vt 0.979692 0.781451
vt 0.145247 0.718868
vt -0.000781 0.656284
vt 0.145247 0.656284
vt 0.979692 0.781451
vt -0.000781 0.718868
vt 0.979692 0.718868
vt 0.302823 0.718868
vt 0.156795 0.656284
vt 0.302823 0.656284
vt 1.000000 1.000000
vt 0.000000 0.851064
vt 1.000000 0.851064
vt 0.998987 0.652658
vt 0.001647 0.504118
vt 0.998987 0.504118
vt 0.000512 0.321630
vt 0.906387 0.312903
vt 0.906387 0.321630
vt 0.999050 0.342604
vt 0.939310 0.183297
vt 0.999050 0.183297
vt 0.999050 0.342604
vt 0.939310 0.183297
vt 0.999050 0.183297
vt 0.999050 0.342604
vt 0.939310 0.183297
vt 0.999050 0.183297
vt 0.999050 0.342604
vt 0.939310 0.183297
vt 0.999050 0.183297
vt 0.985655 0.179437
vt 0.939081 0.132863
vt 0.985655 0.132863
vt 0.999050 0.342604
vt 0.939310 0.183297
vt 0.939310 0.342604
vt 0.999050 0.342604
vt 0.939310 0.183297
vt 0.939310 0.342604
vt 0.999050 0.342604
vt 0.939310 0.183297
vt 0.939310 0.342604
vt 0.999050 0.342604
vt 0.939310 0.183297
vt 0.939310 0.342604
vt 0.985655 0.179437
vt 0.939081 0.132863
vt 0.939081 0.179437
vt 0.979692 0.844034
vt -0.000781 0.781451
vt 0.979692 0.781451
vt 0.145247 0.718868
vt -0.000781 0.656284
vt 0.145247 0.656284
vt 0.979692 0.781451
vt -0.000781 0.718868
vt 0.979692 0.718868
vt 0.302823 0.718868
vt 0.156795 0.656284
vt 0.302823 0.656284
vt 1.000000 1.000000
vt 0.000000 0.851064
vt 1.000000 0.851064
vt 0.998987 0.652658
vt 0.001647 0.504118
vt 0.998987 0.504118
vt -0.000122 0.210448
vt 0.905753 0.156096
vt 0.905753 0.210448
vt 0.000200 0.296828
vt 0.906075 0.312903
vt 0.906075 0.296828
vt 0.000000 0.121202
vt 0.905875 0.093759
vt 0.905875 0.121202
vt 0.999050 0.342604
vt 0.939310 0.183297
vt 0.999050 0.183297
vt 0.999050 0.342604
vt 0.939310 0.183297
vt 0.999050 0.183297
vt 0.999050 0.342604
vt 0.939310 0.183297
vt 0.999050 0.183297
vt 0.999050 0.342604
vt 0.939310 0.183297
vt 0.999050 0.183297
vt 0.985655 0.179437
vt 0.939081 0.132863
vt 0.985655 0.132863
vt 0.999050 0.342604
vt 0.939310 0.183297
vt 0.939310 0.342604
vt 0.999050 0.342604
vt 0.939310 0.183297
vt 0.939310 0.342604
vt 0.999050 0.342604
vt 0.939310 0.183297
vt 0.939310 0.342604
vt 0.999050 0.342604
vt 0.939310 0.183297
vt 0.939310 0.342604
vt 0.985655 0.179437
vt 0.939081 0.132863
vt 0.939081 0.179437
vt 0.979692 0.844034
vt -0.000781 0.781451
vt 0.979692 0.781451
vt 0.145247 0.718868
vt -0.000781 0.656284
vt 0.145247 0.656284
vt 0.979692 0.781451
vt -0.000781 0.718868
vt 0.979692 0.718868
vt 0.302823 0.718868
vt 0.156795 0.656284
vt 0.302823 0.656284
vt 1.000000 1.000000
vt 0.000000 0.851064
vt 1.000000 0.851064
vt 0.998987 0.652658
vt 0.001647 0.504118
vt 0.998987 0.504118
vt 0.000000 0.062150
vt 0.905875 0.048121
vt 0.000000 0.048121
vt 0.905875 0.089593
vt 0.000000 0.062150
vt 0.000000 0.089593
vt 0.905875 0.012881
vt 0.000000 0.025761
vt 0.905875 0.025761
vt 0.000000 0.012881
vt 0.905875 0.000000
vt 0.905875 0.012881
vt 0.000200 0.219937
vt 0.906075 0.259595
vt 0.906075 0.219937
vt 0.906387 0.321630
vt 0.000512 0.312903
vt 0.000512 0.321630
vt 0.000512 0.330358
vt 0.906387 0.321630
vt 0.906387 0.330358
vt 0.905753 0.210448
vt -0.000122 0.156096
vt -0.000122 0.210448
vt 0.905875 0.012881
vt 0.000000 0.000000
vt 0.000000 0.012881
vt 0.999050 0.342604
vt 0.939310 0.183297
vt 0.999050 0.183297
vt 0.999050 0.342604
vt 0.939310 0.183297
vt 0.999050 0.183297
vt 0.999050 0.342604
vt 0.939310 0.183297
vt 0.999050 0.183297
vt 0.999050 0.342604
vt 0.939310 0.183297
vt 0.999050 0.183297
vt 0.985655 0.179437
vt 0.939081 0.132863
vt 0.985655 0.132863
vt 0.999050 0.342604
vt 0.939310 0.183297
vt 0.939310 0.342604
vt 0.999050 0.342604
vt 0.939310 0.183297
vt 0.939310 0.342604
vt 0.999050 0.342604
vt 0.939310 0.183297
vt 0.939310 0.342604
vt 0.999050 0.342604
vt 0.939310 0.183297
vt 0.939310 0.342604
vt 0.985655 0.179437
vt 0.939081 0.132863
vt 0.939081 0.179437
vt 0.979692 0.844034
vt -0.000781 0.781451
vt 0.979692 0.781451
vt 0.145247 0.718868
vt -0.000781 0.656284
vt 0.145247 0.656284
vt 0.979692 0.781451
vt -0.000781 0.718868
vt 0.979692 0.718868
vt 0.302823 0.718868
vt 0.156795 0.656284
vt 0.302823 0.656284
vt 1.000000 1.000000
vt 0.000000 0.851064
vt 1.000000 0.851064
vt 0.998987 0.652658
vt 0.001647 0.504118
vt 0.998987 0.504118
vt 0.000000 0.121202
vt 0.905875 0.093759
vt 0.905875 0.121202
vt 0.000512 0.330358
vt 0.906387 0.321630
vt 0.906387 0.330358
vt 0.905753 0.156096
vt -0.000122 0.210448
vt 0.905753 0.210448
vt 0.905875 0.012881
vt 0.000000 0.000000
vt 0.000000 0.012881
vt 0.000000 0.048121
vt 0.905875 0.062150
vt 0.905875 0.048121
vt 0.000000 0.034093
vt 0.905875 0.048121
vt 0.905875 0.034093
vt 0.905875 0.012881
vt 0.000000 0.025761
vt 0.905875 0.025761
vt 0.000512 0.321630
vt 0.906387 0.312903
vt 0.906387 0.321630
vt 0.000000 0.012881
vt 0.905875 0.025761
vt 0.000000 0.025761
vt 0.905875 0.048121
vt 0.000000 0.062150
vt 0.000000 0.048121
vt 0.000200 0.281378
vt 0.906075 0.297453
vt 0.906075 0.281378
vt 0.999050 0.342604
vt 0.939310 0.183297
vt 0.999050 0.183297
vt 0.999050 0.342604
vt 0.939310 0.183297
vt 0.999050 0.183297
vt 0.999050 0.342604
vt 0.939310 0.183297
vt 0.999050 0.183297
vt 0.999050 0.342604
vt 0.939310 0.183297
vt 0.999050 0.183297
vt 0.985655 0.179437
vt 0.939081 0.132863
vt 0.985655 0.132863
vt 0.999050 0.342604
vt 0.939310 0.183297
vt 0.939310 0.342604
vt 0.999050 0.342604
vt 0.939310 0.183297
vt 0.939310 0.342604
vt 0.999050 0.342604
vt 0.939310 0.183297
vt 0.939310 0.342604
vt 0.999050 0.342604
vt 0.939310 0.183297
vt 0.939310 0.342604
vt 0.985655 0.179437
vt 0.939081 0.132863
vt 0.939081 0.179437
vt 0.979692 0.844034
vt -0.000781 0.781451
vt 0.979692 0.781451
vt 0.145247 0.718868
vt -0.000781 0.656284
vt 0.145247 0.656284
vt 0.979692 0.781451
vt -0.000781 0.718868
vt 0.979692 0.718868
vt 0.302823 0.718868
vt 0.156795 0.656284
vt 0.302823 0.656284
vt 1.000000 1.000000
vt 0.000000 0.851064
vt 1.000000 0.851064
vt 0.998987 0.652658
vt 0.001647 0.504118
vt 0.998987 0.504118
vt -0.000122 0.156096
vt 0.905753 0.210448
vt -0.000122 0.210448
vt 0.906387 0.330358
vt 0.000512 0.321630
vt 0.000512 0.330358
vt 0.000000 0.089593
vt 0.905875 0.062150
vt 0.905875 0.089593
vt 0.000200 0.219937
vt 0.906075 0.259595
vt 0.906075 0.219937
vt 0.999050 0.342604
vt 0.939310 0.183297
vt 0.999050 0.183297
vt 0.999050 0.342604
vt 0.939310 0.183297
vt 0.999050 0.183297
vt 0.999050 0.342604
vt 0.939310 0.183297
vt 0.999050 0.183297
vt 0.999050 0.342604
vt 0.939310 0.183297
vt 0.999050 0.183297
vt 0.985655 0.179437
vt 0.939081 0.132863
vt 0.985655 0.132863
vt 0.999050 0.342604
vt 0.939310 0.183297
vt 0.939310 0.342604
vt 0.999050 0.342604
vt 0.939310 0.183297
vt 0.939310 0.342604
vt 0.999050 0.342604
vt 0.939310 0.183297
vt 0.939310 0.342604
vt 0.999050 0.342604
vt 0.939310 0.183297
vt 0.939310 0.342604
vt 0.985655 0.179437
vt 0.939081 0.132863
vt 0.939081 0.179437
vt 0.979692 0.844034
vt -0.000781 0.781451
vt 0.979692 0.781451
vt 0.145247 0.718868
vt -0.000781 0.656284
vt 0.145247 0.656284
vt 0.979692 0.781451
vt -0.000781 0.718868
vt 0.979692 0.718868
vt 0.302823 0.718868
vt 0.156795 0.656284
vt 0.302823 0.656284
vt 1.000000 1.000000
vt 0.000000 0.851064
vt 1.000000 0.851064
vt 0.998987 0.652658
vt 0.001647 0.504118
vt 0.998987 0.504118
vt 0.906387 0.321630
vt 0.000512 0.312903
vt 0.000512 0.321630
vt 0.000000 0.000000
vt 0.905875 0.012881
vt 0.000000 0.012881
vt 0.000000 0.034093
vt 0.905875 0.048121
vt 0.000000 0.048121
vt 0.906075 0.312903
vt 0.000200 0.296828
vt 0.906075 0.296828
vt 0.905875 0.093759
vt 0.000000 0.121202
vt 0.905875 0.121202
vt 0.905875 0.089593
vt 0.000000 0.062150
vt 0.000000 0.089593
vt 0.999050 0.342604
vt 0.939310 0.183297
vt 0.999050 0.183297
vt 0.999050 0.342604
vt 0.939310 0.183297
vt 0.999050 0.183297
vt 0.999050 0.342604
vt 0.939310 0.183297
vt 0.999050 0.183297
vt 0.999050 0.342604
vt 0.939310 0.183297
vt 0.999050 0.183297
vt 0.985655 0.179437
vt 0.939081 0.132863
vt 0.985655 0.132863
vt 0.999050 0.342604
vt 0.939310 0.183297
vt 0.939310 0.342604
vt 0.999050 0.342604
vt 0.939310 0.183297
vt 0.939310 0.342604
vt 0.999050 0.342604
vt 0.939310 0.183297
vt 0.939310 0.342604
vt 0.999050 0.342604
vt 0.939310 0.183297
vt 0.939310 0.342604
vt 0.985655 0.179437
vt 0.939081 0.132863
vt 0.939081 0.179437
vt 0.979692 0.844034
vt -0.000781 0.781451
vt 0.979692 0.781451
vt 0.145247 0.718868
vt -0.000781 0.656284
vt 0.145247 0.656284
vt 0.979692 0.781451
vt -0.000781 0.718868
vt 0.979692 0.718868
vt 0.302823 0.718868
vt 0.156795 0.656284
vt 0.302823 0.656284
vt 1.000000 1.000000
vt 0.000000 0.851064
vt 1.000000 0.851064
vt 0.998987 0.652658
vt 0.001647 0.504118
vt 0.998987 0.504118
vt 0.905875 0.012881
vt 0.000000 0.000000
vt 0.000000 0.012881
vt 0.000200 0.219937
vt 0.906075 0.259595
vt 0.000200 0.259595
vt 0.906075 0.281378
vt 0.000200 0.297453
vt 0.000200 0.281378
vt 0.000200 0.296828
vt 0.906075 0.312903
vt 0.906075 0.296828
vt 0.999050 0.342604
vt 0.939310 0.183297
vt 0.999050 0.183297
vt 0.999050 0.342604
vt 0.939310 0.183297
vt 0.999050 0.183297
vt 0.999050 0.342604
vt 0.939310 0.183297
vt 0.999050 0.183297
vt 0.999050 0.342604
vt 0.939310 0.183297
vt 0.999050 0.183297
vt 0.985655 0.179437
vt 0.939081 0.132863
vt 0.985655 0.132863
vt 0.999050 0.342604
vt 0.939310 0.183297
vt 0.939310 0.342604
vt 0.999050 0.342604
vt 0.939310 0.183297
vt 0.939310 0.342604
vt 0.999050 0.342604
vt 0.939310 0.183297
vt 0.939310 0.342604
vt 0.999050 0.342604
vt 0.939310 0.183297
vt 0.939310 0.342604
vt 0.985655 0.179437
vt 0.939081 0.132863
vt 0.939081 0.179437
vt 0.979692 0.844034
vt -0.000781 0.781451
vt 0.979692 0.781451
vt 0.145247 0.718868
vt -0.000781 0.656284
vt 0.145247 0.656284
vt 0.979692 0.781451
vt -0.000781 0.718868
vt 0.979692 0.718868
vt 0.302823 0.718868
vt 0.156795 0.656284
vt 0.302823 0.656284
vt 1.000000 1.000000
vt 0.000000 0.851064
vt 1.000000 0.851064
vt 0.998987 0.652658
vt 0.001647 0.504118
vt 0.998987 0.504118
vt 0.000000 0.121202
vt 0.905875 0.093759
vt 0.905875 0.121202
vt 0.000000 0.025761
vt 0.905875 0.012881
vt 0.905875 0.025761
vt 0.905875 0.048121
vt 0.000000 0.034093
vt 0.905875 0.034093
vt 0.905875 0.025761
vt 0.000000 0.012881
vt 0.000000 0.025761
vt 0.000512 0.321630
vt 0.906387 0.312903
vt 0.906387 0.321630
vt 0.905875 0.093759
vt 0.000000 0.121202
vt 0.905875 0.121202
vt 0.906075 0.281378
vt 0.000200 0.297453
vt 0.000200 0.281378
vt 0.905753 0.210448
vt -0.000122 0.156096
vt -0.000122 0.210448
vt 0.905875 0.062150
vt 0.000000 0.048121
vt 0.905875 0.048121
vt 0.999050 0.342604
vt 0.939310 0.183297
vt 0.999050 0.183297
vt 0.999050 0.342604
vt 0.939310 0.183297
vt 0.999050 0.183297
vt 0.999050 0.342604
vt 0.939310 0.183297
vt 0.999050 0.183297
vt 0.999050 0.342604
vt 0.939310 0.183297
vt 0.999050 0.183297
vt 0.985655 0.179437
vt 0.939081 0.132863
vt 0.985655 0.132863
vt 0.999050 0.342604
vt 0.939310 0.183297
vt 0.939310 0.342604
vt 0.999050 0.342604
vt 0.939310 0.183297
vt 0.939310 0.342604
vt 0.999050 0.342604
vt 0.939310 0.183297
vt 0.939310 0.342604
vt 0.999050 0.342604
vt 0.939310 0.183297
vt 0.939310 0.342604
vt 0.985655 0.179437
vt 0.939081 0.132863
vt 0.939081 0.179437
vt 0.979692 0.844034
vt -0.000781 0.781451
vt 0.979692 0.781451
vt 0.145247 0.718868
vt -0.000781 0.656284
vt 0.145247 0.656284
vt 0.979692 0.781451
vt -0.000781 0.718868
vt 0.979692 0.718868
vt 0.302823 0.718868
vt 0.156795 0.656284
vt 0.302823 0.656284
vt 1.000000 1.000000
vt 0.000000 0.851064
vt 1.000000 0.851064
vt 0.998987 0.652658
vt 0.001647 0.504118
vt 0.998987 0.504118
vt 0.000000 0.089593
vt 0.905875 0.062150
vt 0.905875 0.089593
vt 0.999050 0.342604
vt 0.939310 0.183297
vt 0.999050 0.183297
vt 0.999050 0.342604
vt 0.939310 0.183297
vt 0.999050 0.183297
vt 0.999050 0.342604
vt 0.939310 0.183297
vt 0.999050 0.183297
vt 0.999050 0.342604
vt 0.939310 0.183297
vt 0.999050 0.183297
vt 0.985655 0.179437
vt 0.939081 0.132863
vt 0.985655 0.132863
vt 0.999050 0.342604
vt 0.939310 0.183297
vt 0.939310 0.342604
vt 0.999050 0.342604
vt 0.939310 0.183297
vt 0.939310 0.342604
vt 0.999050 0.342604
vt 0.939310 0.183297
vt 0.939310 0.342604
vt 0.999050 0.342604
vt 0.939310 0.183297
vt 0.939310 0.342604
vt 0.985655 0.179437
vt 0.939081 0.132863
vt 0.939081 0.179437
vt 0.979692 0.844034
vt -0.000781 0.781451
vt 0.979692 0.781451
vt 0.145247 0.718868
vt -0.000781 0.656284
vt 0.145247 0.656284
vt 0.979692 0.781451
vt -0.000781 0.718868
vt 0.979692 0.718868
vt 0.302823 0.718868
vt 0.156795 0.656284
vt 0.302823 0.656284
vt 1.000000 1.000000
vt 0.000000 0.851064
vt 1.000000 0.851064
vt 0.998987 0.652658
vt 0.001647 0.504118
vt 0.998987 0.504118
vt 0.000200 0.219937
vt 0.906075 0.259595
vt 0.000200 0.259595
vt 0.000200 0.297453
vt 0.906075 0.281378
vt 0.000200 0.281378
vt 0.000200 0.259595
vt 0.906075 0.219937
vt 0.000200 0.219937
vt 0.905875 0.089593
vt 0.000000 0.062150
vt 0.000000 0.089593
vt 0.906387 0.321630
vt 0.000512 0.312903
vt 0.000512 0.321630
vt 0.999050 0.342604
vt 0.939310 0.183297
vt 0.999050 0.183297
vt 0.999050 0.342604
vt 0.939310 0.183297
vt 0.999050 0.183297
vt 0.999050 0.342604
vt 0.939310 0.183297
vt 0.999050 0.183297
vt 0.999050 0.342604
vt 0.939310 0.183297
vt 0.999050 0.183297
vt 0.985655 0.179437
vt 0.939081 0.132863
vt 0.985655 0.132863
vt 0.999050 0.342604
vt 0.939310 0.183297
vt 0.939310 0.342604
vt 0.999050 0.342604
vt 0.939310 0.183297
vt 0.939310 0.342604
vt 0.999050 0.342604
vt 0.939310 0.183297
vt 0.939310 0.342604
vt 0.999050 0.342604
vt 0.939310 0.183297
vt 0.939310 0.342604
vt 0.985655 0.179437
vt 0.939081 0.132863
vt 0.939081 0.179437
vt 0.979692 0.844034
vt -0.000781 0.781451
vt 0.979692 0.781451
vt 0.145247 0.718868
vt -0.000781 0.656284
vt 0.145247 0.656284
vt 0.979692 0.781451
vt -0.000781 0.718868
vt 0.979692 0.718868
vt 0.302823 0.718868
vt 0.156795 0.656284
vt 0.302823 0.656284
vt 1.000000 1.000000
vt 0.000000 0.851064
vt 1.000000 0.851064
vt 0.998987 0.652658
vt 0.001647 0.504118
vt 0.998987 0.504118
vt 0.000000 0.034093
vt 0.905875 0.048121
vt 0.905875 0.034093
vt 0.000512 0.321630
vt 0.906387 0.330358
vt 0.000512 0.330358
vt -0.000122 0.210448
vt 0.905753 0.156096
vt 0.905753 0.210448
vt 0.000000 0.000000
vt 0.905875 0.012881
vt 0.000000 0.012881
vt 0.906075 0.312903
vt 0.000200 0.296828
vt 0.906075 0.296828
vt 0.000000 0.062150
vt 0.905875 0.048121
vt 0.000000 0.048121
vt 0.906387 0.330358
vt 0.000512 0.321630
vt 0.000512 0.330358
vt 0.000200 0.296828
vt 0.906075 0.312903
vt 0.906075 0.296828
vt 0.999050 0.342604
vt 0.939310 0.183297
vt 0.999050 0.183297
vt 0.999050 0.342604
vt 0.939310 0.183297
vt 0.999050 0.183297
vt 0.999050 0.342604
vt 0.939310 0.183297
vt 0.999050 0.183297
vt 0.999050 0.342604
vt 0.939310 0.183297
vt 0.999050 0.183297
vt 0.985655 0.179437
vt 0.939081 0.132863
vt 0.985655 0.132863
vt 0.999050 0.342604
vt 0.939310 0.183297
vt 0.939310 0.342604
vt 0.999050 0.342604
vt 0.939310 0.183297
vt 0.939310 0.342604
vt 0.999050 0.342604
vt 0.939310 0.183297
vt 0.939310 0.342604
vt 0.999050 0.342604
vt 0.939310 0.183297
vt 0.939310 0.342604
vt 0.985655 0.179437
vt 0.939081 0.132863
vt 0.939081 0.179437
vt 0.979692 0.844034
vt -0.000781 0.781451
vt 0.979692 0.781451
vt 0.145247 0.718868
vt -0.000781 0.656284
vt 0.145247 0.656284
vt 0.979692 0.781451
vt -0.000781 0.718868
vt 0.979692 0.718868
vt 0.302823 0.718868
vt 0.156795 0.656284
vt 0.302823 0.656284
vt 1.000000 1.000000
vt 0.000000 0.851064
vt 1.000000 0.851064
vt 0.998987 0.652658
vt 0.001647 0.504118
vt 0.998987 0.504118
vt -0.000122 0.210448
vt 0.905753 0.156096
vt 0.905753 0.210448
vt 0.000512 0.321630
vt 0.906387 0.330358
vt 0.000512 0.330358
vt 0.000000 0.012881
vt 0.905875 0.025761
vt 0.000000 0.025761
vt 0.905875 0.034093
vt 0.000000 0.048121
vt 0.000000 0.034093
vt 0.905875 0.012881
vt 0.000000 0.000000
vt 0.000000 0.012881
vt 0.905875 0.012881
vt 0.000000 0.025761
vt 0.905875 0.025761
vt 0.905875 0.089593
vt 0.000000 0.062150
vt 0.000000 0.089593
vt 0.906387 0.330358
vt 0.000512 0.321630
vt 0.000512 0.330358
vt 0.906387 0.321630
vt 0.000512 0.312903
vt 0.000512 0.321630
vt 0.905875 0.048121
vt 0.000000 0.062150
vt 0.000000 0.048121
vt 0.999050 0.342604
vt 0.939310 0.183297
vt 0.999050 0.183297
vt 0.999050 0.342604
vt 0.939310 0.183297
vt 0.999050 0.183297
vt 0.999050 0.342604
vt 0.939310 0.183297
vt 0.999050 0.183297
vt 0.999050 0.342604
vt 0.939310 0.183297
vt 0.999050 0.183297
vt 0.985655 0.179437
vt 0.939081 0.132863
vt 0.985655 0.132863
vt 0.999050 0.342604
vt 0.939310 0.183297
vt 0.939310 0.342604
vt 0.999050 0.342604
vt 0.939310 0.183297
vt 0.939310 0.342604
vt 0.999050 0.342604
vt 0.939310 0.183297
vt 0.939310 0.342604
vt 0.999050 0.342604
vt 0.939310 0.183297
vt 0.939310 0.342604
vt 0.985655 0.179437
vt 0.939081 0.132863
vt 0.939081 0.179437
vt 0.979692 0.844034
vt -0.000781 0.781451
vt 0.979692 0.781451
vt 0.145247 0.718868
vt -0.000781 0.656284
vt 0.145247 0.656284
vt 0.979692 0.781451
vt -0.000781 0.718868
vt 0.979692 0.718868
vt 0.302823 0.718868
vt 0.156795 0.656284
vt 0.302823 0.656284
vt 1.000000 1.000000
vt 0.000000 0.851064
vt 1.000000 0.851064
vt 0.998987 0.652658
vt 0.001647 0.504118
vt 0.998987 0.504118
vt 0.905753 0.156096
vt -0.000122 0.210448
vt 0.905753 0.210448
vt 0.000000 0.121202
vt 0.905875 0.093759
vt 0.000000 0.093759
vt 0.999050 0.342604
vt 0.939310 0.183297
vt 0.999050 0.183297
vt 0.999050 0.342604
vt 0.939310 0.183297
vt 0.999050 0.183297
vt 0.999050 0.342604
vt 0.939310 0.183297
vt 0.999050 0.183297
vt 0.999050 0.342604
vt 0.939310 0.183297
vt 0.999050 0.183297
vt 0.985655 0.179437
vt 0.939081 0.132863
vt 0.985655 0.132863
vt 0.999050 0.342604
vt 0.939310 0.183297
vt 0.939310 0.342604
vt 0.999050 0.342604
vt 0.939310 0.183297
vt 0.939310 0.342604
vt 0.999050 0.342604
vt 0.939310 0.183297
vt 0.939310 0.342604
vt 0.999050 0.342604
vt 0.939310 0.183297
vt 0.939310 0.342604
vt 0.985655 0.179437
vt 0.939081 0.132863
vt 0.939081 0.179437
vt 0.979692 0.844034
vt -0.000781 0.781451
vt 0.979692 0.781451
vt 0.145247 0.718868
vt -0.000781 0.656284
vt 0.145247 0.656284
vt 0.979692 0.781451
vt -0.000781 0.718868
vt 0.979692 0.718868
vt 0.302823 0.718868
vt 0.156795 0.656284
vt 0.302823 0.656284
vt 1.000000 1.000000
vt 0.000000 0.851064
vt 1.000000 0.851064
vt 0.998987 0.652658
vt 0.001647 0.504118
vt 0.998987 0.504118
vt 0.906075 0.312903
vt 0.000200 0.296828
vt 0.906075 0.296828
vt 0.000000 0.121202
vt 0.905875 0.093759
vt 0.905875 0.121202
vt 0.000000 0.062150
vt 0.905875 0.089593
vt 0.000000 0.089593
vt 0.000200 0.219937
vt 0.906075 0.259595
vt 0.906075 0.219937
vt 0.000512 0.312903
vt 0.906387 0.321630
vt 0.000512 0.321630
vt 0.000000 0.000000
vt 0.905875 0.012881
vt 0.000000 0.012881
vt 0.999050 0.342604
vt 0.939310 0.183297
vt 0.999050 0.183297
vt 0.999050 0.342604
vt 0.939310 0.183297
vt 0.999050 0.183297
vt 0.999050 0.342604
vt 0.939310 0.183297
vt 0.999050 0.183297
vt 0.999050 0.342604
vt 0.939310 0.183297
vt 0.999050 0.183297
vt 0.985655 0.179437
vt 0.939081 0.132863
vt 0.985655 0.132863
vt 0.999050 0.342604
vt 0.939310 0.183297
vt 0.939310 0.342604
vt 0.999050 0.342604
vt 0.939310 0.183297
vt 0.939310 0.342604
vt 0.999050 0.342604
vt 0.939310 0.183297
vt 0.939310 0.342604
vt 0.999050 0.342604
vt 0.939310 0.183297
vt 0.939310 0.342604
vt 0.985655 0.179437
vt 0.939081 0.132863
vt 0.939081 0.179437
vt 0.979692 0.844034
vt -0.000781 0.781451
vt 0.979692 0.781451
vt 0.145247 0.718868
vt -0.000781 0.656284
vt 0.145247 0.656284
vt 0.979692 0.781451
vt -0.000781 0.718868
vt 0.979692 0.718868
vt 0.302823 0.718868
vt 0.156795 0.656284
vt 0.302823 0.656284
vt 1.000000 1.000000
vt 0.000000 0.851064
vt 1.000000 0.851064
vt 0.998987 0.652658
vt 0.001647 0.504118
vt 0.998987 0.504118
vt 0.000000 0.048121
vt 0.905875 0.034093
vt 0.000000 0.034093
vt 0.906075 0.219937
vt 0.000200 0.259595
vt 0.000200 0.219937
vt 0.000200 0.281378
vt 0.906075 0.297453
vt 0.906075 0.281378
vt 0.000200 0.296828
vt 0.906075 0.312903
vt 0.906075 0.296828
vt 0.906075 0.297453
vt 0.000200 0.281378
vt 0.906075 0.281378
vt 0.000000 0.048121
vt 0.905875 0.062150
vt 0.905875 0.048121
vt 0.999050 0.342604
vt 0.939310 0.183297
vt 0.999050 0.183297
vt 0.999050 0.342604
vt 0.939310 0.183297
vt 0.999050 0.183297
vt 0.999050 0.342604
vt 0.939310 0.183297
vt 0.999050 0.183297
vt 0.999050 0.342604
vt 0.939310 0.183297
vt 0.999050 0.183297
vt 0.985655 0.179437
vt 0.939081 0.132863
vt 0.985655 0.132863
vt 0.999050 0.342604
vt 0.939310 0.183297
vt 0.939310 0.342604
vt 0.999050 0.342604
vt 0.939310 0.183297
vt 0.939310 0.342604
vt 0.999050 0.342604
vt 0.939310 0.183297
vt 0.939310 0.342604
vt 0.999050 0.342604
vt 0.939310 0.183297
vt 0.939310 0.342604
vt 0.985655 0.179437
vt 0.939081 0.132863
vt 0.939081 0.179437
vt 0.979692 0.844034
vt -0.000781 0.781451
vt 0.979692 0.781451
vt 0.145247 0.718868
vt -0.000781 0.656284
vt 0.145247 0.656284
vt 0.979692 0.781451
vt -0.000781 0.718868
vt 0.979692 0.718868
vt 0.302823 0.718868
vt 0.156795 0.656284
vt 0.302823 0.656284
vt 1.000000 1.000000
vt 0.000000 0.851064
vt 1.000000 0.851064
vt 0.998987 0.652658
vt 0.001647 0.504118
vt 0.998987 0.504118
vt 0.906075 0.281378
vt 0.000200 0.297453
vt 0.000200 0.281378
vt 0.905875 0.048121
vt 0.000000 0.062150
vt 0.000000 0.048121
vt 0.906387 0.330358
vt 0.000512 0.321630
vt 0.000512 0.330358
vt -0.000122 0.210448
vt 0.905753 0.156096
vt 0.905753 0.210448
vt 0.000512 0.330358
vt 0.906387 0.321630
vt 0.906387 0.330358
vt 0.000512 0.321630
vt 0.906387 0.312903
vt 0.906387 0.321630
vt 0.906075 0.296828
vt 0.000200 0.312903
vt 0.000200 0.296828
vt 0.905875 0.093759
vt 0.000000 0.121202
vt 0.905875 0.121202
vt 0.000000 0.025761
vt 0.905875 0.012881
vt 0.905875 0.025761
vt 0.000200 0.281378
vt 0.906075 0.297453
vt 0.906075 0.281378
vt 0.999050 0.342604
vt 0.939310 0.183297
vt 0.999050 0.183297
vt 0.999050 0.342604
vt 0.939310 0.183297
vt 0.999050 0.183297
vt 0.999050 0.342604
vt 0.939310 0.183297
vt 0.999050 0.183297
vt 0.999050 0.342604
vt 0.939310 0.183297
vt 0.999050 0.183297
vt 0.985655 0.179437
vt 0.939081 0.132863
vt 0.985655 0.132863
vt 0.999050 0.342604
vt 0.939310 0.183297
vt 0.939310 0.342604
vt 0.999050 0.342604
vt 0.939310 0.183297
vt 0.939310 0.342604
vt 0.999050 0.342604
vt 0.939310 0.183297
vt 0.939310 0.342604
vt 0.999050 0.342604
vt 0.939310 0.183297
vt 0.939310 0.342604
vt 0.985655 0.179437
vt 0.939081 0.132863
vt 0.939081 0.179437
vt 0.979692 0.844034
vt -0.000781 0.781451
vt 0.979692 0.781451
vt 0.145247 0.718868
vt -0.000781 0.656284
vt 0.145247 0.656284
vt 0.979692 0.781451
vt -0.000781 0.718868
vt 0.979692 0.718868
vt 0.302823 0.718868
vt 0.156795 0.656284
vt 0.302823 0.656284
vt 1.000000 1.000000
vt 0.000000 0.851064
vt 1.000000 0.851064
vt 0.998987 0.652658
vt 0.001647 0.504118
vt 0.998987 0.504118
vt 0.000000 0.121202
vt 0.905875 0.093759
vt 0.905875 0.121202
vt 0.000000 0.000000
vt 0.905875 0.012881
vt 0.000000 0.012881
vt 0.000000 0.089593
vt 0.905875 0.062150
vt 0.905875 0.089593
vt 0.905875 0.062150
vt 0.000000 0.089593
vt 0.905875 0.089593
vt 0.999050 0.342604
vt 0.939310 0.183297
vt 0.999050 0.183297
vt 0.999050 0.342604
vt 0.939310 0.183297
vt 0.999050 0.183297
vt 0.999050 0.342604
vt 0.939310 0.183297
vt 0.999050 0.183297
vt 0.999050 0.342604
vt 0.939310 0.183297
vt 0.999050 0.183297
vt 0.985655 0.179437
vt 0.939081 0.132863
vt 0.985655 0.132863
vt 0.999050 0.342604
vt 0.939310 0.183297
vt 0.939310 0.342604
vt 0.999050 0.342604
vt 0.939310 0.183297
vt 0.939310 0.342604
vt 0.999050 0.342604
vt 0.939310 0.183297
vt 0.939310 0.342604
vt 0.999050 0.342604
vt 0.939310 0.183297
vt 0.939310 0.342604
vt 0.985655 0.179437
vt 0.939081 0.132863
vt 0.939081 0.179437
vt 0.979692 0.844034
vt -0.000781 0.781451
vt 0.979692 0.781451
vt 0.145247 0.718868
vt -0.000781 0.656284
vt 0.145247 0.656284
vt 0.979692 0.781451
vt -0.000781 0.718868
vt 0.979692 0.718868
vt 0.302823 0.718868
vt 0.156795 0.656284
vt 0.302823 0.656284
vt 1.000000 1.000000
vt 0.000000 0.851064
vt 1.000000 0.851064
vt 0.998987 0.652658
vt 0.001647 0.504118
vt 0.998987 0.504118
vt 0.000000 0.034093
vt 0.905875 0.048121
vt 0.000000 0.048121
vt 0.905753 0.210448
vt -0.000122 0.156096
vt -0.000122 0.210448
vt 0.999050 0.342604
vt 0.939310 0.183297
vt 0.999050 0.183297
vt 0.999050 0.342604
vt 0.939310 0.183297
vt 0.999050 0.183297
vt 0.999050 0.342604
vt 0.939310 0.183297
vt 0.999050 0.183297
vt 0.999050 0.342604
vt 0.939310 0.183297
vt 0.999050 0.183297
vt 0.985655 0.179437
vt 0.939081 0.132863
vt 0.985655 0.132863
vt 0.999050 0.342604
vt 0.939310 0.183297
vt 0.939310 0.342604
vt 0.999050 0.342604
vt 0.939310 0.183297
vt 0.939310 0.342604
vt 0.999050 0.342604
vt 0.939310 0.183297
vt 0.939310 0.342604
vt 0.999050 0.342604
vt 0.939310 0.183297
vt 0.939310 0.342604
vt 0.985655 0.179437
vt 0.939081 0.132863
vt 0.939081 0.179437
vt 0.979692 0.844034
vt -0.000781 0.781451
vt 0.979692 0.781451
vt 0.145247 0.718868
vt -0.000781 0.656284
vt 0.145247 0.656284
vt 0.979692 0.781451
vt -0.000781 0.718868
vt 0.979692 0.718868
vt 0.302823 0.718868
vt 0.156795 0.656284
vt 0.302823 0.656284
vt 1.000000 1.000000
vt 0.000000 0.851064
vt 1.000000 0.851064
vt 0.998987 0.652658
vt 0.001647 0.504118
vt 0.998987 0.504118
vt 0.906075 0.259595
vt 0.000200 0.219937
vt 0.906075 0.219937
vt 0.906387 0.321630
vt 0.000512 0.312903
vt 0.000512 0.321630
vt 0.000000 0.062150
vt 0.905875 0.048121
vt 0.000000 0.048121
vt 0.000000 0.034093
vt 0.905875 0.048121
vt 0.905875 0.034093
vt 0.000200 0.219937
vt 0.906075 0.259595
vt 0.906075 0.219937
vt 0.905875 0.012881
vt 0.000000 0.000000
vt 0.000000 0.012881
vt 0.905875 0.012881
vt 0.000000 0.025761
vt 0.905875 0.025761
vt 0.000200 0.296828
vt 0.906075 0.312903
vt 0.906075 0.296828
vt 0.999050 0.342604
vt 0.939310 0.183297
vt 0.999050 0.183297
vt 0.999050 0.342604
vt 0.939310 0.183297
vt 0.999050 0.183297
vt 0.999050 0.342604
vt 0.939310 0.183297
vt 0.999050 0.183297
vt 0.999050 0.342604
vt 0.939310 0.183297
vt 0.999050 0.183297
vt 0.985655 0.179437
vt 0.939081 0.132863
vt 0.985655 0.132863
vt 0.999050 0.342604
vt 0.939310 0.183297
vt 0.939310 0.342604
vt 0.999050 0.342604
vt 0.939310 0.183297
vt 0.939310 0.342604
vt 0.999050 0.342604
vt 0.939310 0.183297
vt 0.939310 0.342604
vt 0.999050 0.342604
vt 0.939310 0.183297
vt 0.939310 0.342604
vt 0.985655 0.179437
vt 0.939081 0.132863
vt 0.939081 0.179437
vt 0.979692 0.844034
vt -0.000781 0.781451
vt 0.979692 0.781451
vt 0.145247 0.718868
vt -0.000781 0.656284
vt 0.145247 0.656284
vt 0.979692 0.781451
vt -0.000781 0.718868
vt 0.979692 0.718868
vt 0.302823 0.718868
vt 0.156795 0.656284
vt 0.302823 0.656284
vt 1.000000 1.000000
vt 0.000000 0.851064
vt 1.000000 0.851064
vt 0.998987 0.652658
vt 0.001647 0.504118
vt 0.998987 0.504118
vt 0.000200 0.297453
vt 0.906075 0.281378
vt 0.000200 0.281378
vt 0.906075 0.312903
vt 0.000200 0.296828
vt 0.906075 0.296828
vt 0.000512 0.321630
vt 0.906387 0.330358
vt 0.000512 0.330358
vt 0.906387 0.312903
vt 0.000512 0.321630
vt 0.906387 0.321630
vt 0.905875 0.048121
vt 0.000000 0.034093
vt 0.905875 0.034093
vt 0.000000 0.034093
vt 0.905875 0.048121
vt 0.905875 0.034093
vt 0.000000 0.025761
vt 0.905875 0.012881
vt 0.905875 0.025761
vt 0.905875 0.025761
vt 0.000000 0.012881
vt 0.000000 0.025761
vt 0.000000 0.048121
vt 0.905875 0.062150
vt 0.905875 0.048121
vt 0.999050 0.342604
vt 0.939310 0.183297
vt 0.999050 0.183297
vt 0.999050 0.342604
vt 0.939310 0.183297
vt 0.999050 0.183297
vt 0.999050 0.342604
vt 0.939310 0.183297
vt 0.999050 0.183297
vt 0.999050 0.342604
vt 0.939310 0.183297
vt 0.999050 0.183297
vt 0.985655 0.179437
vt 0.939081 0.132863
vt 0.985655 0.132863
vt 0.999050 0.342604
vt 0.939310 0.183297
vt 0.939310 0.342604
vt 0.999050 0.342604
vt 0.939310 0.183297
vt 0.939310 0.342604
vt 0.999050 0.342604
vt 0.939310 0.183297
vt 0.939310 0.342604
vt 0.999050 0.342604
vt 0.939310 0.183297
vt 0.939310 0.342604
vt 0.985655 0.179437
vt 0.939081 0.132863
vt 0.939081 0.179437
vt 0.979692 0.844034
vt -0.000781 0.781451
vt 0.979692 0.781451
vt 0.145247 0.718868
vt -0.000781 0.656284
vt 0.145247 0.656284
vt 0.979692 0.781451
vt -0.000781 0.718868
vt 0.979692 0.718868
vt 0.302823 0.718868
vt 0.156795 0.656284
vt 0.302823 0.656284
vt 1.000000 1.000000
vt 0.000000 0.851064
vt 1.000000 0.851064
vt 0.998987 0.652658
vt 0.001647 0.504118
vt 0.998987 0.504118
vt 0.906387 0.330358
vt 0.000512 0.321630
vt 0.000512 0.330358
vt 0.000000 0.121202
vt 0.905875 0.093759
vt 0.000000 0.093759
vt 0.905875 0.089593
vt 0.000000 0.062150
vt 0.000000 0.089593
vt 0.905753 0.210448
vt -0.000122 0.156096
vt -0.000122 0.210448
vt 0.999050 0.342604
vt 0.939310 0.183297
vt 0.999050 0.183297
vt 0.999050 0.342604
vt 0.939310 0.183297
vt 0.999050 0.183297
vt 0.999050 0.342604
vt 0.939310 0.183297
vt 0.999050 0.183297
vt 0.999050 0.342604
vt 0.939310 0.183297
vt 0.999050 0.183297
vt 0.985655 0.179437
vt 0.939081 0.132863
vt 0.985655 0.132863
vt 0.999050 0.342604
vt 0.939310 0.183297
vt 0.939310 0.342604
vt 0.999050 0.342604
vt 0.939310 0.183297
vt 0.939310 0.342604
vt 0.999050 0.342604
vt 0.939310 0.183297
vt 0.939310 0.342604
vt 0.999050 0.342604
vt 0.939310 0.183297
vt 0.939310 0.342604
vt 0.985655 0.179437
vt 0.939081 0.132863
vt 0.939081 0.179437
vt 0.979692 0.844034
vt -0.000781 0.781451
vt 0.979692 0.781451
vt 0.145247 0.718868
vt -0.000781 0.656284
vt 0.145247 0.656284
vt 0.979692 0.781451
vt -0.000781 0.718868
vt 0.979692 0.718868
vt 0.302823 0.718868
vt 0.156795 0.656284
vt 0.302823 0.656284
vt 1.000000 1.000000
vt 0.000000 0.851064
vt 1.000000 0.851064
vt 0.998987 0.652658
vt 0.001647 0.504118
vt 0.998987 0.504118
vt 0.000200 0.296828
vt 0.906075 0.312903
vt 0.906075 0.296828
vt 0.000000 0.121202
vt 0.905875 0.093759
vt 0.905875 0.121202
vt 0.000000 0.062150
vt 0.905875 0.089593
vt 0.000000 0.089593
vt 0.906075 0.281378
vt 0.000200 0.297453
vt 0.000200 0.281378
vt 0.999050 0.342604
vt 0.939310 0.183297
vt 0.999050 0.183297
vt 0.999050 0.342604
vt 0.939310 0.183297
vt 0.999050 0.183297
vt 0.999050 0.342604
vt 0.939310 0.183297
vt 0.999050 0.183297
vt 0.999050 0.342604
vt 0.939310 0.183297
vt 0.999050 0.183297
vt 0.985655 0.179437
vt 0.939081 0.132863
vt 0.985655 0.132863
vt 0.999050 0.342604
vt 0.939310 0.183297
vt 0.939310 0.342604
vt 0.999050 0.342604
vt 0.939310 0.183297
vt 0.939310 0.342604
vt 0.999050 0.342604
vt 0.939310 0.183297
vt 0.939310 0.342604
vt 0.999050 0.342604
vt 0.939310 0.183297
vt 0.939310 0.342604
vt 0.985655 0.179437
vt 0.939081 0.132863
vt 0.939081 0.179437
vt 0.979692 0.844034
vt -0.000781 0.781451
vt 0.979692 0.781451
vt 0.145247 0.718868
vt -0.000781 0.656284
vt 0.145247 0.656284
vt 0.979692 0.781451
vt -0.000781 0.718868
vt 0.979692 0.718868
vt 0.302823 0.718868
vt 0.156795 0.656284
vt 0.302823 0.656284
vt 1.000000 1.000000
vt 0.000000 0.851064
vt 1.000000 0.851064
vt 0.998987 0.652658
vt 0.001647 0.504118
vt 0.998987 0.504118
vt 0.906075 0.259595
vt 0.000200 0.219937
vt 0.906075 0.219937
vt 0.000000 0.012881
vt 0.905875 0.000000
vt 0.905875 0.012881
vt 0.905875 0.048121
vt 0.000000 0.062150
vt 0.000000 0.048121
vt 0.905875 0.012881
vt 0.000000 0.000000
vt 0.000000 0.012881
vt 0.000200 0.259595
vt 0.906075 0.219937
vt 0.000200 0.219937
vt 0.000512 0.321630
vt 0.906387 0.312903
vt 0.906387 0.321630
vt -0.000122 0.210448
vt 0.905753 0.156096
vt 0.905753 0.210448
vt 0.999050 0.342604
vt 0.939310 0.183297
vt 0.999050 0.183297
vt 0.999050 0.342604
vt 0.939310 0.183297
vt 0.999050 0.183297
vt 0.999050 0.342604
vt 0.939310 0.183297
vt 0.999050 0.183297
vt 0.999050 0.342604
vt 0.939310 0.183297
vt 0.999050 0.183297
vt 0.985655 0.179437
vt 0.939081 0.132863
vt 0.985655 0.132863
vt 0.999050 0.342604
vt 0.939310 0.183297
vt 0.939310 0.342604
vt 0.999050 0.342604
vt 0.939310 0.183297
vt 0.939310 0.342604
vt 0.999050 0.342604
vt 0.939310 0.183297
vt 0.939310 0.342604
vt 0.999050 0.342604
vt 0.939310 0.183297
vt 0.939310 0.342604
vt 0.985655 0.179437
vt 0.939081 0.132863
vt 0.939081 0.179437
vt 0.979692 0.844034
vt -0.000781 0.781451
vt 0.979692 0.781451
vt 0.145247 0.718868
vt -0.000781 0.656284
vt 0.145247 0.656284
vt 0.979692 0.781451
vt -0.000781 0.718868
vt 0.979692 0.718868
vt 0.302823 0.718868
vt 0.156795 0.656284
vt 0.302823 0.656284
vt 1.000000 1.000000
vt 0.000000 0.851064
vt 1.000000 0.851064
vt 0.998987 0.652658
vt 0.001647 0.504118
vt 0.998987 0.504118
vt 0.906075 0.281378
vt 0.000200 0.297453
vt 0.000200 0.281378
vt 0.000000 0.012881
vt 0.905875 0.000000
vt 0.905875 0.012881
vt 0.000512 0.321630
vt 0.906387 0.312903
vt 0.906387 0.321630
vt -0.000122 0.210448
vt 0.905753 0.156096
vt 0.905753 0.210448
vt 0.905875 0.062150
vt 0.000000 0.048121
vt 0.905875 0.048121
vt 0.000200 0.312903
vt 0.906075 0.296828
vt 0.000200 0.296828
vt 0.000200 0.297453
vt 0.906075 0.281378
vt 0.000200 0.281378
vt 0.000200 0.297453
vt 0.906075 0.281378
vt 0.000200 0.281378
vt 0.999050 0.342604
vt 0.939310 0.183297
vt 0.999050 0.183297
vt 0.999050 0.342604
vt 0.939310 0.183297
vt 0.999050 0.183297
vt 0.999050 0.342604
vt 0.939310 0.183297
vt 0.999050 0.183297
vt 0.999050 0.342604
vt 0.939310 0.183297
vt 0.999050 0.183297
vt 0.985655 0.179437
vt 0.939081 0.132863
vt 0.985655 0.132863
vt 0.999050 0.342604
vt 0.939310 0.183297
vt 0.939310 0.342604
vt 0.999050 0.342604
vt 0.939310 0.183297
vt 0.939310 0.342604
vt 0.999050 0.342604
vt 0.939310 0.183297
vt 0.939310 0.342604
vt 0.999050 0.342604
vt 0.939310 0.183297
vt 0.939310 0.342604
vt 0.985655 0.179437
vt 0.939081 0.132863
vt 0.939081 0.179437
vt 0.979692 0.844034
vt -0.000781 0.781451
vt 0.979692 0.781451
vt 0.145247 0.718868
vt -0.000781 0.656284
vt 0.145247 0.656284
vt 0.979692 0.781451
vt -0.000781 0.718868
vt 0.979692 0.718868
vt 0.302823 0.718868
vt 0.156795 0.656284
vt 0.302823 0.656284
vt 1.000000 1.000000
vt 0.000000 0.851064
vt 1.000000 0.851064
vt 0.998987 0.652658
vt 0.001647 0.504118
vt 0.998987 0.504118
vt 0.000000 0.121202
vt 0.905875 0.093759
vt 0.905875 0.121202
vt 0.000000 0.025761
vt 0.905875 0.012881
vt 0.905875 0.025761
vt 0.000000 0.025761
vt 0.905875 0.012881
vt 0.000000 0.012881
vt 0.000000 0.121202
vt 0.905875 0.093759
vt 0.000000 0.093759
vt 0.905875 0.089593
vt 0.000000 0.062150
vt 0.000000 0.089593
vt 0.999050 0.342604
vt 0.939310 0.183297
vt 0.999050 0.183297
vt 0.999050 0.342604
vt 0.939310 0.183297
vt 0.999050 0.183297
vt 0.999050 0.342604
vt 0.939310 0.183297
vt 0.999050 0.183297
vt 0.999050 0.342604
vt 0.939310 0.183297
vt 0.999050 0.183297
vt 0.985655 0.179437
vt 0.939081 0.132863
vt 0.985655 0.132863
vt 0.999050 0.342604
vt 0.939310 0.183297
vt 0.939310 0.342604
vt 0.999050 0.342604
vt 0.939310 0.183297
vt 0.939310 0.342604
vt 0.999050 0.342604
vt 0.939310 0.183297
vt 0.939310 0.342604
vt 0.999050 0.342604
vt 0.939310 0.183297
vt 0.939310 0.342604
vt 0.985655 0.179437
vt 0.939081 0.132863
vt 0.939081 0.179437
vt 0.979692 0.844034
vt -0.000781 0.781451
vt 0.979692 0.781451
vt 0.145247 0.718868
vt -0.000781 0.656284
vt 0.145247 0.656284
vt 0.979692 0.781451
vt -0.000781 0.718868
vt 0.979692 0.718868
vt 0.302823 0.718868
vt 0.156795 0.656284
vt 0.302823 0.656284
vt 1.000000 1.000000
vt 0.000000 0.851064
vt 1.000000 0.851064
vt 0.998987 0.652658
vt 0.001647 0.504118
vt 0.998987 0.504118
vt 0.000000 0.062150
vt 0.905875 0.089593
vt 0.000000 0.089593
vt 0.000512 0.321630
vt 0.906387 0.312903
vt 0.906387 0.321630
vt 0.906387 0.312903
vt 0.000512 0.321630
vt 0.906387 0.321630
vt 0.000200 0.259595
vt 0.906075 0.219937
vt 0.000200 0.219937
vt 0.999050 0.342604
vt 0.939310 0.183297
vt 0.999050 0.183297
vt 0.999050 0.342604
vt 0.939310 0.183297
vt 0.999050 0.183297
vt 0.999050 0.342604
vt 0.939310 0.183297
vt 0.999050 0.183297
vt 0.999050 0.342604
vt 0.939310 0.183297
vt 0.999050 0.183297
vt 0.985655 0.179437
vt 0.939081 0.132863
vt 0.985655 0.132863
vt 0.999050 0.342604
vt 0.939310 0.183297
vt 0.939310 0.342604
vt 0.999050 0.342604
vt 0.939310 0.183297
vt 0.939310 0.342604
vt 0.999050 0.342604
vt 0.939310 0.183297
vt 0.939310 0.342604
vt 0.999050 0.342604
vt 0.939310 0.183297
vt 0.939310 0.342604
vt 0.985655 0.179437
vt 0.939081 0.132863
vt 0.939081 0.179437
vt 0.979692 0.844034
vt -0.000781 0.781451
vt 0.979692 0.781451
vt 0.145247 0.718868
vt -0.000781 0.656284
vt 0.145247 0.656284
vt 0.979692 0.781451
vt -0.000781 0.718868
vt 0.979692 0.718868
vt 0.302823 0.718868
vt 0.156795 0.656284
vt 0.302823 0.656284
vt 1.000000 1.000000
vt 0.000000 0.851064
vt 1.000000 0.851064
vt 0.998987 0.652658
vt 0.001647 0.504118
vt 0.998987 0.504118
vt 0.906387 0.330358
vt 0.000512 0.321630
vt 0.000512 0.330358
vt 0.000200 0.281378
vt 0.906075 0.297453
vt 0.906075 0.281378
vt 0.999050 0.342604
vt 0.939310 0.183297
vt 0.999050 0.183297
vt 0.999050 0.342604
vt 0.939310 0.183297
vt 0.999050 0.183297
vt 0.999050 0.342604
vt 0.939310 0.183297
vt 0.999050 0.183297
vt 0.999050 0.342604
vt 0.939310 0.183297
vt 0.999050 0.183297
vt 0.985655 0.179437
vt 0.939081 0.132863
vt 0.985655 0.132863
vt 0.999050 0.342604
vt 0.939310 0.183297
vt 0.939310 0.342604
vt 0.999050 0.342604
vt 0.939310 0.183297
vt 0.939310 0.342604
vt 0.999050 0.342604
vt 0.939310 0.183297
vt 0.939310 0.342604
vt 0.999050 0.342604
vt 0.939310 0.183297
vt 0.939310 0.342604
vt 0.985655 0.179437
vt 0.939081 0.132863
vt 0.939081 0.179437
vt 0.979692 0.844034
vt -0.000781 0.781451
vt 0.979692 0.781451
vt 0.145247 0.718868
vt -0.000781 0.656284
vt 0.145247 0.656284
vt 0.979692 0.781451
vt -0.000781 0.718868
vt 0.979692 0.718868
vt 0.302823 0.718868
vt 0.156795 0.656284
vt 0.302823 0.656284
vt 1.000000 1.000000
vt 0.000000 0.851064
vt 1.000000 0.851064
vt 0.998987 0.652658
vt 0.001647 0.504118
vt 0.998987 0.504118
vt 0.906075 0.312903
vt 0.000200 0.296828
vt 0.906075 0.296828
vt 0.905875 0.048121
vt 0.000000 0.062150
vt 0.000000 0.048121
vt 0.905875 0.012881
vt 0.000000 0.000000
vt 0.000000 0.012881
vt 0.000200 0.312903
vt 0.906075 0.296828
vt 0.000200 0.296828
vt 0.905875 0.012881
vt 0.000000 0.000000
vt 0.000000 0.012881
vt 0.999050 0.342604
vt 0.939310 0.183297
vt 0.999050 0.183297
vt 0.999050 0.342604
vt 0.939310 0.183297
vt 0.999050 0.183297
vt 0.999050 0.342604
vt 0.939310 0.183297
vt 0.999050 0.183297
vt 0.999050 0.342604
vt 0.939310 0.183297
vt 0.999050 0.183297
vt 0.985655 0.179437
vt 0.939081 0.132863
vt 0.985655 0.132863
vt 0.999050 0.342604
vt 0.939310 0.183297
vt 0.939310 0.342604
vt 0.999050 0.342604
vt 0.939310 0.183297
vt 0.939310 0.342604
vt 0.999050 0.342604
vt 0.939310 0.183297
vt 0.939310 0.342604
vt 0.999050 0.342604
vt 0.939310 0.183297
vt 0.939310 0.342604
vt 0.985655 0.179437
vt 0.939081 0.132863
vt 0.939081 0.179437
vt 0.979692 0.844034
vt -0.000781 0.781451
vt 0.979692 0.781451
vt 0.145247 0.718868
vt -0.000781 0.656284
vt 0.145247 0.656284
vt 0.979692 0.781451
vt -0.000781 0.718868
vt 0.979692 0.718868
vt 0.302823 0.718868
vt 0.156795 0.656284
vt 0.302823 0.656284
vt 1.000000 1.000000
vt 0.000000 0.851064
vt 1.000000 0.851064
vt 0.998987 0.652658
vt 0.001647 0.504118
vt 0.998987 0.504118
vt -0.000122 0.210448
vt 0.905753 0.156096
vt 0.905753 0.210448
vt 0.000000 0.089593
vt 0.905875 0.062150
vt 0.905875 0.089593
vt 0.905875 0.089593
vt 0.000000 0.062150
vt 0.000000 0.089593
vt 0.905753 0.210448
vt -0.000122 0.156096
vt -0.000122 0.210448
vt 0.999050 0.342604
vt 0.939310 0.183297
vt 0.999050 0.183297
vt 0.999050 0.342604
vt 0.939310 0.183297
vt 0.999050 0.183297
vt 0.999050 0.342604
vt 0.939310 0.183297
vt 0.999050 0.183297
vt 0.999050 0.342604
vt 0.939310 0.183297
vt 0.999050 0.183297
vt 0.985655 0.179437
vt 0.939081 0.132863
vt 0.985655 0.132863
vt 0.999050 0.342604
vt 0.939310 0.183297
vt 0.939310 0.342604
vt 0.999050 0.342604
vt 0.939310 0.183297
vt 0.939310 0.342604
vt 0.999050 0.342604
vt 0.939310 0.183297
vt 0.939310 0.342604
vt 0.999050 0.342604
vt 0.939310 0.183297
vt 0.939310 0.342604
vt 0.985655 0.179437
vt 0.939081 0.132863
vt 0.939081 0.179437
vt 0.979692 0.844034
vt -0.000781 0.781451
vt 0.979692 0.781451
vt 0.145247 0.718868
vt -0.000781 0.656284
vt 0.145247 0.656284
vt 0.979692 0.781451
vt -0.000781 0.718868
vt 0.979692 0.718868
vt 0.302823 0.718868
vt 0.156795 0.656284
vt 0.302823 0.656284
vt 1.000000 1.000000
vt 0.000000 0.851064
vt 1.000000 0.851064
vt 0.998987 0.652658
vt 0.001647 0.504118
vt 0.998987 0.504118
vt 0.000000 0.121202
vt 0.905875 0.093759
vt 0.905875 0.121202
vt 0.000000 0.048121
vt 0.905875 0.062150
vt 0.905875 0.048121
vt 0.905753 0.210448
vt -0.000122 0.156096
vt -0.000122 0.210448
vt 0.000200 0.219937
vt 0.906075 0.259595
vt 0.906075 0.219937
vt 0.905875 0.093759
vt 0.000000 0.121202
vt 0.905875 0.121202
vt 0.999050 0.342604
vt 0.939310 0.183297
vt 0.999050 0.183297
vt 0.999050 0.342604
vt 0.939310 0.183297
vt 0.999050 0.183297
vt 0.999050 0.342604
vt 0.939310 0.183297
vt 0.999050 0.183297
vt 0.999050 0.342604
vt 0.939310 0.183297
vt 0.999050 0.183297
vt 0.985655 0.179437
vt 0.939081 0.132863
vt 0.985655 0.132863
vt 0.999050 0.342604
vt 0.939310 0.183297
vt 0.939310 0.342604
vt 0.999050 0.342604
vt 0.939310 0.183297
vt 0.939310 0.342604
vt 0.999050 0.342604
vt 0.939310 0.183297
vt 0.939310 0.342604
vt 0.999050 0.342604
vt 0.939310 0.183297
vt 0.939310 0.342604
vt 0.985655 0.179437
vt 0.939081 0.132863
vt 0.939081 0.179437
vt 0.979692 0.844034
vt -0.000781 0.781451
vt 0.979692 0.781451
vt 0.145247 0.718868
vt -0.000781 0.656284
vt 0.145247 0.656284
vt 0.979692 0.781451
vt -0.000781 0.718868
vt 0.979692 0.718868
vt 0.302823 0.718868
vt 0.156795 0.656284
vt 0.302823 0.656284
vt 1.000000 1.000000
vt 0.000000 0.851064
vt 1.000000 0.851064
vt 0.998987 0.652658
vt 0.001647 0.504118
vt 0.998987 0.504118
vt 0.000000 0.012881
vt 0.905875 0.000000
vt 0.905875 0.012881
vt 0.906075 0.297453
vt 0.000200 0.281378
vt 0.906075 0.281378
vt 0.906075 0.281378
vt 0.000200 0.297453
vt 0.000200 0.281378
vt 0.906387 0.321630
vt 0.000512 0.312903
vt 0.000512 0.321630
vt 0.000200 0.296828
vt 0.906075 0.312903
vt 0.906075 0.296828
vt 0.999050 0.342604
vt 0.939310 0.183297
vt 0.999050 0.183297
vt 0.999050 0.342604
vt 0.939310 0.183297
vt 0.999050 0.183297
vt 0.999050 0.342604
vt 0.939310 0.183297
vt 0.999050 0.183297
vt 0.999050 0.342604
vt 0.939310 0.183297
vt 0.999050 0.183297
vt 0.985655 0.179437
vt 0.939081 0.132863
vt 0.985655 0.132863
vt 0.999050 0.342604
vt 0.939310 0.183297
vt 0.939310 0.342604
vt 0.999050 0.342604
vt 0.939310 0.183297
vt 0.939310 0.342604
vt 0.999050 0.342604
vt 0.939310 0.183297
vt 0.939310 0.342604
vt 0.999050 0.342604
vt 0.939310 0.183297
vt 0.939310 0.342604
vt 0.985655 0.179437
vt 0.939081 0.132863
vt 0.939081 0.179437
vt 0.979692 0.844034
vt -0.000781 0.781451
vt 0.979692 0.781451
vt 0.145247 0.718868
vt -0.000781 0.656284
vt 0.145247 0.656284
vt 0.979692 0.781451
vt -0.000781 0.718868
vt 0.979692 0.718868
vt 0.302823 0.718868
vt 0.156795 0.656284
vt 0.302823 0.656284
vt 1.000000 1.000000
vt 0.000000 0.851064
vt 1.000000 0.851064
vt 0.998987 0.652658
vt 0.001647 0.504118
vt 0.998987 0.504118
vt 0.000512 0.330358
vt 0.906387 0.321630
vt 0.906387 0.330358
vt 0.000000 0.000000
vt 0.905875 0.012881
vt 0.000000 0.012881
vt 0.906075 0.259595
vt 0.000200 0.219937
vt 0.906075 0.219937
vt 0.000000 0.121202
vt 0.905875 0.093759
vt 0.905875 0.121202
vt 0.000000 0.034093
vt 0.905875 0.048121
vt 0.000000 0.048121
vt 0.905875 0.048121
vt 0.000000 0.062150
vt 0.000000 0.048121
vt 0.000000 0.034093
vt 0.905875 0.048121
vt 0.000000 0.048121
vt 0.906075 0.312903
vt 0.000200 0.296828
vt 0.906075 0.296828
vt 0.906075 0.312903
vt 0.000200 0.296828
vt 0.906075 0.296828
vt 0.905875 0.121202
vt 0.000000 0.093759
vt 0.000000 0.121202
vt 0.000200 0.281378
vt 0.906075 0.297453
vt 0.906075 0.281378
vt 0.000200 0.296828
vt 0.906075 0.312903
vt 0.906075 0.296828
vt 0.999050 0.342604
vt 0.939310 0.183297
vt 0.999050 0.183297
vt 0.999050 0.342604
vt 0.939310 0.183297
vt 0.999050 0.183297
vt 0.999050 0.342604
vt 0.939310 0.183297
vt 0.999050 0.183297
vt 0.999050 0.342604
vt 0.939310 0.183297
vt 0.999050 0.183297
vt 0.985655 0.179437
vt 0.939081 0.132863
vt 0.985655 0.132863
vt 0.999050 0.342604
vt 0.939310 0.183297
vt 0.939310 0.342604
vt 0.999050 0.342604
vt 0.939310 0.183297
vt 0.939310 0.342604
vt 0.999050 0.342604
vt 0.939310 0.183297
vt 0.939310 0.342604
vt 0.999050 0.342604
vt 0.939310 0.183297
vt 0.939310 0.342604
vt 0.985655 0.179437
vt 0.939081 0.132863
vt 0.939081 0.179437
vt 0.979692 0.844034
vt -0.000781 0.781451
vt 0.979692 0.781451
vt 0.145247 0.718868
vt -0.000781 0.656284
vt 0.145247 0.656284
vt 0.979692 0.781451
vt -0.000781 0.718868
vt 0.979692 0.718868
vt 0.302823 0.718868
vt 0.156795 0.656284
vt 0.302823 0.656284
vt 1.000000 1.000000
vt 0.000000 0.851064
vt 1.000000 0.851064
vt 0.998987 0.652658
vt 0.001647 0.504118
vt 0.998987 0.504118
vt -0.000122 0.210448
vt 0.905753 0.156096
vt 0.905753 0.210448
vt 0.000000 0.025761
vt 0.905875 0.012881
vt 0.000000 0.012881
vt 0.999050 0.342604
vt 0.939310 0.183297
vt 0.999050 0.183297
vt 0.999050 0.342604
vt 0.939310 0.183297
vt 0.999050 0.183297
vt 0.999050 0.342604
vt 0.939310 0.183297
vt 0.999050 0.183297
vt 0.999050 0.342604
vt 0.939310 0.183297
vt 0.999050 0.183297
vt 0.985655 0.179437
vt 0.939081 0.132863
vt 0.985655 0.132863
vt 0.999050 0.342604
vt 0.939310 0.183297
vt 0.939310 0.342604
vt 0.999050 0.342604
vt 0.939310 0.183297
vt 0.939310 0.342604
vt 0.999050 0.342604
vt 0.939310 0.183297
vt 0.939310 0.342604
vt 0.999050 0.342604
vt 0.939310 0.183297
vt 0.939310 0.342604
vt 0.985655 0.179437
vt 0.939081 0.132863
vt 0.939081 0.179437
vt 0.979692 0.844034
vt -0.000781 0.781451
vt 0.979692 0.781451
vt 0.145247 0.718868
vt -0.000781 0.656284
vt 0.145247 0.656284
vt 0.979692 0.781451
vt -0.000781 0.718868
vt 0.979692 0.718868
vt 0.302823 0.718868
vt 0.156795 0.656284
vt 0.302823 0.656284
vt 1.000000 1.000000
vt 0.000000 0.851064
vt 1.000000 0.851064
vt 0.998987 0.652658
vt 0.001647 0.504118
vt 0.998987 0.504118
vt 0.000000 0.025761
vt 0.905875 0.012881
vt 0.905875 0.025761
vt 0.906075 0.259595
vt 0.000200 0.219937
vt 0.906075 0.219937
vt 0.000000 0.062150
vt 0.905875 0.089593
vt 0.000000 0.089593
vt 0.905875 0.012881
vt 0.000000 0.025761
vt 0.905875 0.025761
vt 0.905875 0.089593
vt 0.000000 0.062150
vt 0.000000 0.089593
vt 0.905753 0.156096
vt -0.000122 0.210448
vt 0.905753 0.210448
vt 0.906387 0.330358
vt 0.000512 0.321630
vt 0.000512 0.330358
vt 0.999050 0.342604
vt 0.939310 0.183297
vt 0.999050 0.183297
vt 0.999050 0.342604
vt 0.939310 0.183297
vt 0.999050 0.183297
vt 0.999050 0.342604
vt 0.939310 0.183297
vt 0.999050 0.183297
vt 0.999050 0.342604
vt 0.939310 0.183297
vt 0.999050 0.183297
vt 0.985655 0.179437
vt 0.939081 0.132863
vt 0.985655 0.132863
vt 0.999050 0.342604
vt 0.939310 0.183297
vt 0.939310 0.342604
vt 0.999050 0.342604
vt 0.939310 0.183297
vt 0.939310 0.342604
vt 0.999050 0.342604
vt 0.939310 0.183297
vt 0.939310 0.342604
vt 0.999050 0.342604
vt 0.939310 0.183297
vt 0.939310 0.342604
vt 0.985655 0.179437
vt 0.939081 0.132863
vt 0.939081 0.179437
vt 0.979692 0.844034
vt -0.000781 0.781451
vt 0.979692 0.781451
vt 0.145247 0.718868
vt -0.000781 0.656284
vt 0.145247 0.656284
vt 0.979692 0.781451
vt -0.000781 0.718868
vt 0.979692 0.718868
vt 0.302823 0.718868
vt 0.156795 0.656284
vt 0.302823 0.656284
vt 1.000000 1.000000
vt 0.000000 0.851064
vt 1.000000 0.851064
vt 0.998987 0.652658
vt 0.001647 0.504118
vt 0.998987 0.504118
vt 0.906075 0.281378
vt 0.000200 0.297453
vt 0.000200 0.281378
vt 0.000000 0.034093
vt 0.905875 0.048121
vt 0.000000 0.048121
vt -0.000122 0.210448
vt 0.905753 0.156096
vt 0.905753 0.210448
vt 0.000000 0.034093
vt 0.905875 0.048121
vt 0.905875 0.034093
vt 0.905875 0.048121
vt 0.000000 0.062150
vt 0.905875 0.062150
vt 0.000200 0.219937
vt 0.906075 0.259595
vt 0.906075 0.219937
vt 0.905875 0.012881
vt 0.000000 0.000000
vt 0.000000 0.012881
vt 0.906387 0.321630
vt 0.000512 0.312903
vt 0.000512 0.321630
vt 0.905753 0.210448
vt -0.000122 0.156096
vt -0.000122 0.210448
vt 0.999050 0.342604
vt 0.939310 0.183297
vt 0.999050 0.183297
vt 0.999050 0.342604
vt 0.939310 0.183297
vt 0.999050 0.183297
vt 0.999050 0.342604
vt 0.939310 0.183297
vt 0.999050 0.183297
vt 0.999050 0.342604
vt 0.939310 0.183297
vt 0.999050 0.183297
vt 0.985655 0.179437
vt 0.939081 0.132863
vt 0.985655 0.132863
vt 0.999050 0.342604
vt 0.939310 0.183297
vt 0.939310 0.342604
vt 0.999050 0.342604
vt 0.939310 0.183297
vt 0.939310 0.342604
vt 0.999050 0.342604
vt 0.939310 0.183297
vt 0.939310 0.342604
vt 0.999050 0.342604
vt 0.939310 0.183297
vt 0.939310 0.342604
vt 0.985655 0.179437
vt 0.939081 0.132863
vt 0.939081 0.179437
vt 0.979692 0.844034
vt -0.000781 0.781451
vt 0.979692 0.781451
vt 0.145247 0.718868
vt -0.000781 0.656284
vt 0.145247 0.656284
vt 0.979692 0.781451
vt -0.000781 0.718868
vt 0.979692 0.718868
vt 0.302823 0.718868
vt 0.156795 0.656284
vt 0.302823 0.656284
vt 1.000000 1.000000
vt 0.000000 0.851064
vt 1.000000 0.851064
vt 0.998987 0.652658
vt 0.001647 0.504118
vt 0.998987 0.504118
vt 0.905875 0.048121
vt 0.000000 0.062150
vt 0.000000 0.048121
vt 0.000512 0.321630
vt 0.906387 0.312903
vt 0.906387 0.321630
vt 0.000200 0.219937
vt 0.906075 0.259595
vt 0.000200 0.259595
vt 0.000512 0.321630
vt 0.906387 0.330358
vt 0.000512 0.330358
vt 0.000000 0.034093
vt 0.905875 0.048121
vt 0.905875 0.034093
vt 0.000000 0.012881
vt 0.905875 0.025761
vt 0.905875 0.012881
vt 0.906387 0.330358
vt 0.000512 0.321630
vt 0.000512 0.330358
vt 0.999050 0.342604
vt 0.939310 0.183297
vt 0.999050 0.183297
vt 0.999050 0.342604
vt 0.939310 0.183297
vt 0.999050 0.183297
vt 0.999050 0.342604
vt 0.939310 0.183297
vt 0.999050 0.183297
vt 0.999050 0.342604
vt 0.939310 0.183297
vt 0.999050 0.183297
vt 0.985655 0.179437
vt 0.939081 0.132863
vt 0.985655 0.132863
vt 0.999050 0.342604
vt 0.939310 0.183297
vt 0.939310 0.342604
vt 0.999050 0.342604
vt 0.939310 0.183297
vt 0.939310 0.342604
vt 0.999050 0.342604
vt 0.939310 0.183297
vt 0.939310 0.342604
vt 0.999050 0.342604
vt 0.939310 0.183297
vt 0.939310 0.342604
vt 0.985655 0.179437
vt 0.939081 0.132863
vt 0.939081 0.179437
vt 0.979692 0.844034
vt -0.000781 0.781451
vt 0.979692 0.781451
vt 0.145247 0.718868
vt -0.000781 0.656284
vt 0.145247 0.656284
vt 0.979692 0.781451
vt -0.000781 0.718868
vt 0.979692 0.718868
vt 0.302823 0.718868
vt 0.156795 0.656284
vt 0.302823 0.656284
vt 1.000000 1.000000
vt 0.000000 0.851064
vt 1.000000 0.851064
vt 0.998987 0.652658
vt 0.001647 0.504118
vt 0.998987 0.504118
vt 0.000000 0.012881
vt 0.905875 0.000000
vt 0.905875 0.012881
vt 0.000000 0.093759
vt 0.905875 0.121202
vt 0.000000 0.121202
vt 0.000000 0.089593
vt 0.905875 0.062150
vt 0.905875 0.089593
vt 0.000000 0.093759
vt 0.905875 0.121202
vt 0.905875 0.093759
vt 0.000000 0.089593
vt 0.905875 0.062150
vt 0.000000 0.062150
vt 0.999050 0.342604
vt 0.939310 0.183297
vt 0.999050 0.183297
vt 0.999050 0.342604
vt 0.939310 0.183297
vt 0.999050 0.183297
vt 0.999050 0.342604
vt 0.939310 0.183297
vt 0.999050 0.183297
vt 0.999050 0.342604
vt 0.939310 0.183297
vt 0.999050 0.183297
vt 0.985655 0.179437
vt 0.939081 0.132863
vt 0.985655 0.132863
vt 0.999050 0.342604
vt 0.939310 0.183297
vt 0.939310 0.342604
vt 0.999050 0.342604
vt 0.939310 0.183297
vt 0.939310 0.342604
vt 0.999050 0.342604
vt 0.939310 0.183297
vt 0.939310 0.342604
vt 0.999050 0.342604
vt 0.939310 0.183297
vt 0.939310 0.342604
vt 0.985655 0.179437
vt 0.939081 0.132863
vt 0.939081 0.179437
vt 0.979692 0.844034
vt -0.000781 0.781451
vt 0.979692 0.781451
vt 0.145247 0.718868
vt -0.000781 0.656284
vt 0.145247 0.656284
vt 0.979692 0.781451
vt -0.000781 0.718868
vt 0.979692 0.718868
vt 0.302823 0.718868
vt 0.156795 0.656284
vt 0.302823 0.656284
vt 1.000000 1.000000
vt 0.000000 0.851064
vt 1.000000 0.851064
vt 0.998987 0.652658
vt 0.001647 0.504118
vt 0.998987 0.504118
vt 0.906075 0.259595
vt 0.000200 0.219937
vt 0.906075 0.219937
vt 0.000000 0.012881
vt 0.905875 0.025761
vt 0.000000 0.025761
vt 0.000512 0.321630
vt 0.906387 0.330358
vt 0.000512 0.330358
vt 0.000512 0.330358
vt 0.906387 0.321630
vt 0.906387 0.330358
vt 0.905875 0.025761
vt 0.000000 0.012881
vt 0.905875 0.012881
vt 0.000200 0.219937
vt 0.906075 0.259595
vt 0.906075 0.219937
vt 0.000000 0.048121
vt 0.905875 0.034093
vt 0.000000 0.034093
vt 0.000000 0.012881
vt 0.905875 0.000000
vt 0.000000 0.000000
vt 0.999050 0.342604
vt 0.939310 0.183297
vt 0.999050 0.183297
vt 0.999050 0.342604
vt 0.939310 0.183297
vt 0.999050 0.183297
vt 0.999050 0.342604
vt 0.939310 0.183297
vt 0.999050 0.183297
vt 0.999050 0.342604
vt 0.939310 0.183297
vt 0.999050 0.183297
vt 0.985655 0.179437
vt 0.939081 0.132863
vt 0.985655 0.132863
vt 0.999050 0.342604
vt 0.939310 0.183297
vt 0.939310 0.342604
vt 0.999050 0.342604
vt 0.939310 0.183297
vt 0.939310 0.342604
vt 0.999050 0.342604
vt 0.939310 0.183297
vt 0.939310 0.342604
vt 0.999050 0.342604
vt 0.939310 0.183297
vt 0.939310 0.342604
vt 0.985655 0.179437
vt 0.939081 0.132863
vt 0.939081 0.179437
vt 0.979692 0.844034
vt -0.000781 0.781451
vt 0.979692 0.781451
vt 0.145247 0.718868
vt -0.000781 0.656284
vt 0.145247 0.656284
vt 0.979692 0.781451
vt -0.000781 0.718868
vt 0.979692 0.718868
vt 0.302823 0.718868
vt 0.156795 0.656284
vt 0.302823 0.656284
vt 1.000000 1.000000
vt 0.000000 0.851064
vt 1.000000 0.851064
vt 0.998987 0.652658
vt 0.001647 0.504118
vt 0.998987 0.504118
vt 0.959024 0.014240
vt 0.943180 0.000413
vt 0.980908 0.014240
vt 0.996752 0.000413
vt 0.980908 0.041289
vt 0.989510 0.053985
vt 0.959024 0.041289
vt 0.950422 0.053985
vt 0.906075 0.296828
vt 0.000200 0.312903
vt 0.000200 0.296828
vt 0.000512 0.321630
vt 0.906387 0.312903
vt 0.906387 0.321630
vt 0.905875 0.048121
vt 0.000000 0.034093
vt 0.905875 0.034093
vt 0.000000 0.048121
vt 0.905875 0.062150
vt 0.905875 0.048121
vt 0.996752 0.000413
vt 0.980908 0.014240
vt 0.996752 0.014240
vt 0.959024 0.014240
vt 0.943180 0.000413
vt 0.943180 0.014240
vt 0.905875 0.012881
vt 0.906387 0.312903
vt 0.958243 0.103062
vt 0.000000 0.062150
vt 0.905875 0.048121
vt 0.000000 0.048121
vt 0.000000 0.034093
vt 0.905875 0.048121
vt 0.905875 0.034093
vt 0.906387 0.321630
vt 0.000512 0.330358
vt 0.906387 0.330358
vt 0.999050 0.342604
vt 0.939310 0.183297
vt 0.999050 0.183297
vt 0.999050 0.342604
vt 0.939310 0.183297
vt 0.999050 0.183297
vt 0.999050 0.342604
vt 0.939310 0.183297
vt 0.999050 0.183297
vt 0.999050 0.342604
vt 0.939310 0.183297
vt 0.999050 0.183297
vt 0.985655 0.179437
vt 0.939081 0.132863
vt 0.985655 0.132863
vt 0.999050 0.342604
vt 0.939310 0.183297
vt 0.939310 0.342604
vt 0.999050 0.342604
vt 0.939310 0.183297
vt 0.939310 0.342604
vt 0.999050 0.342604
vt 0.939310 0.183297
vt 0.939310 0.342604
vt 0.999050 0.342604
vt 0.939310 0.183297
vt 0.939310 0.342604
vt 0.985655 0.179437
vt 0.939081 0.132863
vt 0.939081 0.179437
vt 0.979692 0.844034
vt -0.000781 0.781451
vt 0.979692 0.781451
vt 0.145247 0.718868
vt -0.000781 0.656284
vt 0.145247 0.656284
vt 0.979692 0.781451
vt -0.000781 0.718868
vt 0.979692 0.718868
vt 0.302823 0.718868
vt 0.156795 0.656284
vt 0.302823 0.656284
vt 1.000000 1.000000
vt 0.000000 0.851064
vt 1.000000 0.851064
vt 0.998987 0.652658
vt 0.001647 0.504118
vt 0.998987 0.504118
vt 0.980127 0.076013
vt 0.958243 0.076013
vt 0.906387 0.321630
vt 0.000512 0.312903
vt 0.000512 0.321630
vt 0.949641 0.103062
vt 0.988729 0.103062
vt 0.995971 0.076013
vt 0.942399 0.076013
vt 0.000000 0.000000
vt 0.906387 0.321630
vt -0.000122 0.156096
vt 0.000512 0.312903
vt 0.905753 0.156096
vt 0.000000 0.025761
vt 0.000512 0.312903
vt 0.906075 0.312903
vt 0.988729 0.103062
vt 0.942399 0.076013
vt 0.906075 0.219937
vt 0.905875 0.062150
vt 0.000512 0.321630
vt 0.000200 0.297453
vt 0.000200 0.312903
vt 0.000200 0.297453
vt 0.939310 0.342604
vt 0.939310 0.342604
vt 0.939310 0.342604
vt 0.939310 0.342604
vt 0.939081 0.179437
vt 0.999050 0.183297
vt 0.999050 0.183297
vt 0.999050 0.183297
vt 0.999050 0.183297
vt 0.985655 0.132863
vt -0.000781 0.844034
vt -0.000781 0.718868
vt -0.000781 0.781451
vt 0.156795 0.718868
vt 0.000000 1.000000
vt 0.001647 0.652658
vt 0.000200 0.259595
vt 0.000000 0.048121
vt 0.000000 0.048121
vt 0.939310 0.342604
vt 0.939310 0.342604
vt 0.939310 0.342604
vt 0.939310 0.342604
vt 0.939081 0.179437
vt 0.999050 0.183297
vt 0.999050 0.183297
vt 0.999050 0.183297
vt 0.999050 0.183297
vt 0.985655 0.132863
vt -0.000781 0.844034
vt -0.000781 0.718868
vt -0.000781 0.781451
vt 0.156795 0.718868
vt 0.000000 1.000000
vt 0.001647 0.652658
vt 0.000000 0.121202
vt 0.000000 0.062150
vt 0.905875 0.093759
vt 0.905875 0.089593
vt 0.939310 0.342604
vt 0.939310 0.342604
vt 0.939310 0.342604
vt 0.939310 0.342604
vt 0.939081 0.179437
vt 0.999050 0.183297
vt 0.999050 0.183297
vt 0.999050 0.183297
vt 0.999050 0.183297
vt 0.985655 0.132863
vt -0.000781 0.844034
vt -0.000781 0.718868
vt -0.000781 0.781451
vt 0.156795 0.718868
vt 0.000000 1.000000
vt 0.001647 0.652658
vt 0.905875 0.012881
vt 0.000000 0.048121
vt 0.905875 0.012881
vt 0.939310 0.342604
vt 0.939310 0.342604
vt 0.939310 0.342604
vt 0.939310 0.342604
vt 0.939081 0.179437
vt 0.999050 0.183297
vt 0.999050 0.183297
vt 0.999050 0.183297
vt 0.999050 0.183297
vt 0.985655 0.132863
vt -0.000781 0.844034
vt -0.000781 0.718868
vt -0.000781 0.781451
vt 0.156795 0.718868
vt 0.000000 1.000000
vt 0.001647 0.652658
vt 0.905875 0.062150
vt 0.000200 0.259595
vt 0.000000 0.093759
vt 0.000000 0.048121
vt 0.000000 0.012881
vt 0.000200 0.312903
vt 0.905875 0.000000
vt 0.906075 0.297453
vt 0.905875 0.062150
vt 0.000512 0.321630
vt 0.905875 0.093759
vt 0.905753 0.156096
vt 0.939310 0.342604
vt 0.939310 0.342604
vt 0.939310 0.342604
vt 0.939310 0.342604
vt 0.939081 0.179437
vt 0.999050 0.183297
vt 0.999050 0.183297
vt 0.999050 0.183297
vt 0.999050 0.183297
vt 0.985655 0.132863
vt -0.000781 0.844034
vt -0.000781 0.718868
vt -0.000781 0.781451
vt 0.156795 0.718868
vt 0.000000 1.000000
vt 0.001647 0.652658
vt 0.000200 0.259595
vt 0.000512 0.312903
vt 0.939310 0.342604
vt 0.939310 0.342604
vt 0.939310 0.342604
vt 0.939310 0.342604
vt 0.939081 0.179437
vt 0.999050 0.183297
vt 0.999050 0.183297
vt 0.999050 0.183297
vt 0.999050 0.183297
vt 0.985655 0.132863
vt -0.000781 0.844034
vt -0.000781 0.718868
vt -0.000781 0.781451
vt 0.156795 0.718868
vt 0.000000 1.000000
vt 0.001647 0.652658
vt 0.000000 0.062150
vt 0.906387 0.321630
vt 0.939310 0.342604
vt 0.939310 0.342604
vt 0.939310 0.342604
vt 0.939310 0.342604
vt 0.939081 0.179437
vt 0.999050 0.183297
vt 0.999050 0.183297
vt 0.999050 0.183297
vt 0.999050 0.183297
vt 0.985655 0.132863
vt -0.000781 0.844034
vt -0.000781 0.718868
vt -0.000781 0.781451
vt 0.156795 0.718868
vt 0.000000 1.000000
vt 0.001647 0.652658
vt -0.000122 0.156096
vt 0.000000 0.048121
vt 0.000200 0.297453
vt 0.905875 0.062150
vt 0.905875 0.000000
vt 0.906075 0.312903
vt 0.906387 0.312903
vt 0.000000 0.012881
vt 0.939310 0.342604
vt 0.939310 0.342604
vt 0.939310 0.342604
vt 0.939310 0.342604
vt 0.939081 0.179437
vt 0.999050 0.183297
vt 0.999050 0.183297
vt 0.999050 0.183297
vt 0.999050 0.183297
vt 0.985655 0.132863
vt -0.000781 0.844034
vt -0.000781 0.718868
vt -0.000781 0.781451
vt 0.156795 0.718868
vt 0.000000 1.000000
vt 0.001647 0.652658
vt 0.000000 0.062150
vt 0.906075 0.259595
vt 0.000000 0.000000
vt 0.000000 0.062150
vt 0.905875 0.062150
vt 0.000512 0.321630
vt 0.905753 0.156096
vt 0.000000 0.093759
vt 0.905875 0.000000
vt 0.000000 0.048121
vt 0.939310 0.342604
vt 0.939310 0.342604
vt 0.939310 0.342604
vt 0.939310 0.342604
vt 0.939081 0.179437
vt 0.999050 0.183297
vt 0.999050 0.183297
vt 0.999050 0.183297
vt 0.999050 0.183297
vt 0.985655 0.132863
vt -0.000781 0.844034
vt -0.000781 0.718868
vt -0.000781 0.781451
vt 0.156795 0.718868
vt 0.000000 1.000000
vt 0.001647 0.652658
vt 0.906387 0.312903
vt 0.905875 0.012881
vt 0.939310 0.342604
vt 0.939310 0.342604
vt 0.939310 0.342604
vt 0.939310 0.342604
vt 0.939081 0.179437
vt 0.999050 0.183297
vt 0.999050 0.183297
vt 0.999050 0.183297
vt 0.999050 0.183297
vt 0.985655 0.132863
vt -0.000781 0.844034
vt -0.000781 0.718868
vt -0.000781 0.781451
vt 0.156795 0.718868
vt 0.000000 1.000000
vt 0.001647 0.652658
vt 0.906387 0.312903
vt 0.000000 0.062150
vt 0.905875 0.025761
vt 0.905875 0.121202
vt 0.939310 0.342604
vt 0.939310 0.342604
vt 0.939310 0.342604
vt 0.939310 0.342604
vt 0.939081 0.179437
vt 0.999050 0.183297
vt 0.999050 0.183297
vt 0.999050 0.183297
vt 0.999050 0.183297
vt 0.985655 0.132863
vt -0.000781 0.844034
vt -0.000781 0.718868
vt -0.000781 0.781451
vt 0.156795 0.718868
vt 0.000000 1.000000
vt 0.001647 0.652658
vt 0.000200 0.312903
vt 0.000200 0.312903
vt 0.000000 0.048121
vt -0.000122 0.156096
vt 0.906075 0.297453
vt 0.000200 0.259595
vt 0.906075 0.297453
vt 0.000512 0.321630
vt 0.939310 0.342604
vt 0.939310 0.342604
vt 0.939310 0.342604
vt 0.939310 0.342604
vt 0.939081 0.179437
vt 0.999050 0.183297
vt 0.999050 0.183297
vt 0.999050 0.183297
vt 0.999050 0.183297
vt 0.985655 0.132863
vt -0.000781 0.844034
vt -0.000781 0.718868
vt -0.000781 0.781451
vt 0.156795 0.718868
vt 0.000000 1.000000
vt 0.001647 0.652658
vt 0.000000 0.048121
vt 0.906387 0.312903
vt 0.905875 0.062150
vt 0.905875 0.000000
vt 0.905875 0.062150
vt 0.905875 0.000000
vt 0.939310 0.342604
vt 0.939310 0.342604
vt 0.939310 0.342604
vt 0.939310 0.342604
vt 0.939081 0.179437
vt 0.999050 0.183297
vt 0.999050 0.183297
vt 0.999050 0.183297
vt 0.999050 0.183297
vt 0.985655 0.132863
vt -0.000781 0.844034
vt -0.000781 0.718868
vt -0.000781 0.781451
vt 0.156795 0.718868
vt 0.000000 1.000000
vt 0.001647 0.652658
vt 0.906387 0.321630
vt 0.906075 0.219937
vt 0.939310 0.342604
vt 0.939310 0.342604
vt 0.939310 0.342604
vt 0.939310 0.342604
vt 0.939081 0.179437
vt 0.999050 0.183297
vt 0.999050 0.183297
vt 0.999050 0.183297
vt 0.999050 0.183297
vt 0.985655 0.132863
vt -0.000781 0.844034
vt -0.000781 0.718868
vt -0.000781 0.781451
vt 0.156795 0.718868
vt 0.000000 1.000000
vt 0.001647 0.652658
vt 0.000000 0.093759
vt 0.906075 0.297453
vt 0.906075 0.312903
vt 0.000512 0.321630
vt 0.906387 0.312903
vt 0.905753 0.156096
vt -0.000122 0.156096
vt 0.000000 0.062150
vt 0.939310 0.342604
vt 0.939310 0.342604
vt 0.939310 0.342604
vt 0.939310 0.342604
vt 0.939081 0.179437
vt 0.999050 0.183297
vt 0.999050 0.183297
vt 0.999050 0.183297
vt 0.999050 0.183297
vt 0.985655 0.132863
vt -0.000781 0.844034
vt -0.000781 0.718868
vt -0.000781 0.781451
vt 0.156795 0.718868
vt 0.000000 1.000000
vt 0.001647 0.652658
vt 0.000200 0.297453
vt 0.000200 0.312903
vt 0.906075 0.259595
vt 0.905875 0.025761
vt 0.905875 0.093759
vt 0.905875 0.062150
vt 0.905875 0.034093
vt 0.905875 0.012881
vt 0.939310 0.342604
vt 0.939310 0.342604
vt 0.939310 0.342604
vt 0.939310 0.342604
vt 0.939081 0.179437
vt 0.999050 0.183297
vt 0.999050 0.183297
vt 0.999050 0.183297
vt 0.999050 0.183297
vt 0.985655 0.132863
vt -0.000781 0.844034
vt -0.000781 0.718868
vt -0.000781 0.781451
vt 0.156795 0.718868
vt 0.000000 1.000000
vt 0.001647 0.652658
vt 0.906387 0.321630
vt 0.905875 0.062150
vt 0.000000 0.000000
vt 0.905875 0.062150
vt -0.000122 0.156096
vt 0.000000 0.012881
vt 0.000000 0.093759
vt -0.000122 0.156096
vt 0.000000 0.048121
vt 0.939310 0.342604
vt 0.939310 0.342604
vt 0.939310 0.342604
vt 0.939310 0.342604
vt 0.939081 0.179437
vt 0.999050 0.183297
vt 0.999050 0.183297
vt 0.999050 0.183297
vt 0.999050 0.183297
vt 0.985655 0.132863
vt -0.000781 0.844034
vt -0.000781 0.718868
vt -0.000781 0.781451
vt 0.156795 0.718868
vt 0.000000 1.000000
vt 0.001647 0.652658
vt 0.906075 0.219937
vt 0.000512 0.312903
vt 0.906387 0.321630
vt 0.000200 0.259595
vt 0.939310 0.342604
vt 0.939310 0.342604
vt 0.939310 0.342604
vt 0.939310 0.342604
vt 0.939081 0.179437
vt 0.999050 0.183297
vt 0.999050 0.183297
vt 0.999050 0.183297
vt 0.999050 0.183297
vt 0.985655 0.132863
vt -0.000781 0.844034
vt -0.000781 0.718868
vt -0.000781 0.781451
vt 0.156795 0.718868
vt 0.000000 1.000000
vt 0.001647 0.652658
vt 0.000000 0.093759
vt 0.000000 0.000000
vt 0.000000 0.062150
vt 0.939310 0.342604
vt 0.939310 0.342604
vt 0.939310 0.342604
vt 0.939310 0.342604
vt 0.939081 0.179437
vt 0.999050 0.183297
vt 0.999050 0.183297
vt 0.999050 0.183297
vt 0.999050 0.183297
vt 0.985655 0.132863
vt -0.000781 0.844034
vt -0.000781 0.718868
vt -0.000781 0.781451
vt 0.156795 0.718868
vt 0.000000 1.000000
vt 0.001647 0.652658
vt 0.000512 0.312903
vt 0.906075 0.297453
vt 0.905875 0.012881
vt 0.000000 0.048121
vt 0.000200 0.312903
vt 0.000000 0.062150
vt 0.906075 0.312903
vt 0.906075 0.297453
vt 0.939310 0.342604
vt 0.939310 0.342604
vt 0.939310 0.342604
vt 0.939310 0.342604
vt 0.939081 0.179437
vt 0.999050 0.183297
vt 0.999050 0.183297
vt 0.999050 0.183297
vt 0.999050 0.183297
vt 0.985655 0.132863
vt -0.000781 0.844034
vt -0.000781 0.718868
vt -0.000781 0.781451
vt 0.156795 0.718868
vt 0.000000 1.000000
vt 0.001647 0.652658
vt 0.906075 0.259595
vt 0.905753 0.156096
vt 0.000000 0.048121
vt 0.905875 0.062150
vt 0.906387 0.312903
vt 0.905875 0.062150
vt 0.939310 0.342604
vt 0.939310 0.342604
vt 0.939310 0.342604
vt 0.939310 0.342604
vt 0.939081 0.179437
vt 0.999050 0.183297
vt 0.999050 0.183297
vt 0.999050 0.183297
vt 0.999050 0.183297
vt 0.985655 0.132863
vt -0.000781 0.844034
vt -0.000781 0.718868
vt -0.000781 0.781451
vt 0.156795 0.718868
vt 0.000000 1.000000
vt 0.001647 0.652658
vt 0.000000 0.093759
vt 0.000000 0.012881
vt 0.906075 0.312903
vt 0.905875 0.000000
vt 0.939310 0.342604
vt 0.939310 0.342604
vt 0.939310 0.342604
vt 0.939310 0.342604
vt 0.939081 0.179437
vt 0.999050 0.183297
vt 0.999050 0.183297
vt 0.999050 0.183297
vt 0.999050 0.183297
vt 0.985655 0.132863
vt -0.000781 0.844034
vt -0.000781 0.718868
vt -0.000781 0.781451
vt 0.156795 0.718868
vt 0.000000 1.000000
vt 0.001647 0.652658
vt 0.905875 0.012881
vt 0.000512 0.312903
vt 0.000000 0.093759
vt 0.939310 0.342604
vt 0.939310 0.342604
vt 0.939310 0.342604
vt 0.939310 0.342604
vt 0.939081 0.179437
vt 0.999050 0.183297
vt 0.999050 0.183297
vt 0.999050 0.183297
vt 0.999050 0.183297
vt 0.985655 0.132863
vt -0.000781 0.844034
vt -0.000781 0.718868
vt -0.000781 0.781451
vt 0.156795 0.718868
vt 0.000000 1.000000
vt 0.001647 0.652658
vt 0.905875 0.048121
vt 0.905875 0.062150
vt 0.000000 0.062150
vt 0.000000 0.000000
vt 0.000200 0.297453
vt 0.000200 0.312903
vt 0.000200 0.297453
vt 0.000200 0.259595
vt 0.906387 0.321630
vt 0.906387 0.321630
vt 0.905753 0.156096
vt 0.939310 0.342604
vt 0.939310 0.342604
vt 0.939310 0.342604
vt 0.939310 0.342604
vt 0.939081 0.179437
vt 0.999050 0.183297
vt 0.999050 0.183297
vt 0.999050 0.183297
vt 0.999050 0.183297
vt 0.985655 0.132863
vt -0.000781 0.844034
vt -0.000781 0.718868
vt -0.000781 0.781451
vt 0.156795 0.718868
vt 0.000000 1.000000
vt 0.001647 0.652658
vt 0.906075 0.297453
vt 0.000000 0.093759
vt 0.000512 0.321630
vt 0.000512 0.321630
vt 0.905753 0.156096
vt 0.000000 0.093759
vt 0.905875 0.000000
vt 0.000200 0.297453
vt 0.905875 0.000000
vt 0.939310 0.342604
vt 0.939310 0.342604
vt 0.939310 0.342604
vt 0.939310 0.342604
vt 0.939081 0.179437
vt 0.999050 0.183297
vt 0.999050 0.183297
vt 0.999050 0.183297
vt 0.999050 0.183297
vt 0.985655 0.132863
vt -0.000781 0.844034
vt -0.000781 0.718868
vt -0.000781 0.781451
vt 0.156795 0.718868
vt 0.000000 1.000000
vt 0.001647 0.652658
vt 0.906387 0.312903
vt 0.906075 0.219937
vt 0.906387 0.312903
vt 0.000000 0.012881
vt 0.905875 0.062150
vt 0.939310 0.342604
vt 0.939310 0.342604
vt 0.939310 0.342604
vt 0.939310 0.342604
vt 0.939081 0.179437
vt 0.999050 0.183297
vt 0.999050 0.183297
vt 0.999050 0.183297
vt 0.999050 0.183297
vt 0.985655 0.132863
vt -0.000781 0.844034
vt -0.000781 0.718868
vt -0.000781 0.781451
vt 0.156795 0.718868
vt 0.000000 1.000000
vt 0.001647 0.652658
vt -0.000122 0.156096
vt 0.906075 0.312903
vt 0.906075 0.312903
vt 0.939310 0.342604
vt 0.939310 0.342604
vt 0.939310 0.342604
vt 0.939310 0.342604
vt 0.939081 0.179437
vt 0.999050 0.183297
vt 0.999050 0.183297
vt 0.999050 0.183297
vt 0.999050 0.183297
vt 0.985655 0.132863
vt -0.000781 0.844034
vt -0.000781 0.718868
vt -0.000781 0.781451
vt 0.156795 0.718868
vt 0.000000 1.000000
vt 0.001647 0.652658
vt 0.905875 0.048121
vt 0.905875 0.012881
vt 0.000000 0.062150
vt 0.905875 0.034093
vt 0.000200 0.259595
vt 0.000000 0.062150
vt 0.905875 0.062150
vt 0.939310 0.342604
vt 0.939310 0.342604
vt 0.939310 0.342604
vt 0.939310 0.342604
vt 0.939081 0.179437
vt 0.999050 0.183297
vt 0.999050 0.183297
vt 0.999050 0.183297
vt 0.999050 0.183297
vt 0.985655 0.132863
vt -0.000781 0.844034
vt -0.000781 0.718868
vt -0.000781 0.781451
vt 0.156795 0.718868
vt 0.000000 1.000000
vt 0.001647 0.652658
vt 0.000000 0.048121
vt 0.906387 0.321630
vt 0.905875 0.062150
vt 0.906075 0.312903
vt 0.906075 0.297453
vt 0.905875 0.062150
vt 0.905875 0.093759
vt 0.000000 0.012881
vt 0.000200 0.259595
vt 0.000200 0.297453
vt 0.905875 0.048121
vt 0.939310 0.342604
vt 0.939310 0.342604
vt 0.939310 0.342604
vt 0.939310 0.342604
vt 0.939081 0.179437
vt 0.999050 0.183297
vt 0.999050 0.183297
vt 0.999050 0.183297
vt 0.999050 0.183297
vt 0.985655 0.132863
vt -0.000781 0.844034
vt -0.000781 0.718868
vt -0.000781 0.781451
vt 0.156795 0.718868
vt 0.000000 1.000000
vt 0.001647 0.652658
vt 0.000512 0.312903
vt 0.939310 0.342604
vt 0.939310 0.342604
vt 0.939310 0.342604
vt 0.939310 0.342604
vt 0.939081 0.179437
vt 0.999050 0.183297
vt 0.999050 0.183297
vt 0.999050 0.183297
vt 0.999050 0.183297
vt 0.985655 0.132863
vt -0.000781 0.844034
vt -0.000781 0.718868
vt -0.000781 0.781451
vt 0.156795 0.718868
vt 0.000000 1.000000
vt 0.001647 0.652658
vt -0.000122 0.156096
vt 0.000200 0.312903
vt 0.000000 0.093759
vt 0.939310 0.342604
vt 0.939310 0.342604
vt 0.939310 0.342604
vt 0.939310 0.342604
vt 0.939081 0.179437
vt 0.999050 0.183297
vt 0.999050 0.183297
vt 0.999050 0.183297
vt 0.999050 0.183297
vt 0.985655 0.132863
vt -0.000781 0.844034
vt -0.000781 0.718868
vt -0.000781 0.781451
vt 0.156795 0.718868
vt 0.000000 1.000000
vt 0.001647 0.652658
vt 0.905875 0.062150
vt 0.905875 0.062150
vt 0.000000 0.012881
vt 0.000000 0.000000
vt 0.000200 0.259595
vt 0.906387 0.312903
vt 0.000512 0.321630
vt 0.905753 0.156096
vt 0.905875 0.000000
vt 0.939310 0.342604
vt 0.939310 0.342604
vt 0.939310 0.342604
vt 0.939310 0.342604
vt 0.939081 0.179437
vt 0.999050 0.183297
vt 0.999050 0.183297
vt 0.999050 0.183297
vt 0.999050 0.183297
vt 0.985655 0.132863
vt -0.000781 0.844034
vt -0.000781 0.718868
vt -0.000781 0.781451
vt 0.156795 0.718868
vt 0.000000 1.000000
vt 0.001647 0.652658
vt 0.000000 0.093759
vt 0.000512 0.321630
vt -0.000122 0.156096
vt 0.905875 0.000000
vt 0.000000 0.062150
vt 0.000000 0.048121
vt 0.000000 0.012881
vt 0.000512 0.312903
vt 0.905875 0.012881
vt 0.905875 0.062150
vt 0.000200 0.297453
vt 0.939310 0.342604
vt 0.939310 0.342604
vt 0.939310 0.342604
vt 0.939310 0.342604
vt 0.939081 0.179437
vt 0.999050 0.183297
vt 0.999050 0.183297
vt 0.999050 0.183297
vt 0.999050 0.183297
vt 0.985655 0.132863
vt -0.000781 0.844034
vt -0.000781 0.718868
vt -0.000781 0.781451
vt 0.156795 0.718868
vt 0.000000 1.000000
vt 0.001647 0.652658
vt 0.905753 0.156096
vt 0.906387 0.321630
vt 0.000000 0.062150
vt 0.000200 0.259595
vt 0.939310 0.342604
vt 0.939310 0.342604
vt 0.939310 0.342604
vt 0.939310 0.342604
vt 0.939081 0.179437
vt 0.999050 0.183297
vt 0.999050 0.183297
vt 0.999050 0.183297
vt 0.999050 0.183297
vt 0.985655 0.132863
vt -0.000781 0.844034
vt -0.000781 0.718868
vt -0.000781 0.781451
vt 0.156795 0.718868
vt 0.000000 1.000000
vt 0.001647 0.652658
vt 0.906387 0.312903
vt 0.905875 0.000000
vt 0.905875 0.034093
vt 0.000200 0.312903
vt 0.000000 0.093759
vt 0.905875 0.062150
vt 0.939310 0.342604
vt 0.939310 0.342604
vt 0.939310 0.342604
vt 0.939310 0.342604
vt 0.939081 0.179437
vt 0.999050 0.183297
vt 0.999050 0.183297
vt 0.999050 0.183297
vt 0.999050 0.183297
vt 0.985655 0.132863
vt -0.000781 0.844034
vt -0.000781 0.718868
vt -0.000781 0.781451
vt 0.156795 0.718868
vt 0.000000 1.000000
vt 0.001647 0.652658
vt 0.905875 0.000000
vt 0.906075 0.219937
vt 0.906075 0.297453
vt 0.000200 0.312903
vt 0.939310 0.342604
vt 0.939310 0.342604
vt 0.939310 0.342604
vt 0.939310 0.342604
vt 0.939081 0.179437
vt 0.999050 0.183297
vt 0.999050 0.183297
vt 0.999050 0.183297
vt 0.999050 0.183297
vt 0.985655 0.132863
vt -0.000781 0.844034
vt -0.000781 0.718868
vt -0.000781 0.781451
vt 0.156795 0.718868
vt 0.000000 1.000000
vt 0.001647 0.652658
vt 0.000000 0.093759
vt 0.000000 0.012881
vt 0.000000 0.048121
vt 0.905875 0.012881
vt 0.000512 0.312903
vt 0.000000 0.093759
vt 0.906075 0.297453
vt 0.905753 0.156096
vt 0.000000 0.062150
vt 0.939310 0.342604
vt 0.939310 0.342604
vt 0.939310 0.342604
vt 0.939310 0.342604
vt 0.939081 0.179437
vt 0.999050 0.183297
vt 0.999050 0.183297
vt 0.999050 0.183297
vt 0.999050 0.183297
vt 0.985655 0.132863
vt -0.000781 0.844034
vt -0.000781 0.718868
vt -0.000781 0.781451
vt 0.156795 0.718868
vt 0.000000 1.000000
vt 0.001647 0.652658
vt 0.000000 0.062150
vt 0.939310 0.342604
vt 0.939310 0.342604
vt 0.939310 0.342604
vt 0.939310 0.342604
vt 0.939081 0.179437
vt 0.999050 0.183297
vt 0.999050 0.183297
vt 0.999050 0.183297
vt 0.999050 0.183297
vt 0.985655 0.132863
vt -0.000781 0.844034
vt -0.000781 0.718868
vt -0.000781 0.781451
vt 0.156795 0.718868
vt 0.000000 1.000000
vt 0.001647 0.652658
vt 0.906075 0.219937
vt 0.906075 0.297453
vt 0.906075 0.259595
vt 0.905875 0.062150
vt 0.906387 0.312903
vt 0.939310 0.342604
vt 0.939310 0.342604
vt 0.939310 0.342604
vt 0.939310 0.342604
vt 0.939081 0.179437
vt 0.999050 0.183297
vt 0.999050 0.183297
vt 0.999050 0.183297
vt 0.999050 0.183297
vt 0.985655 0.132863
vt -0.000781 0.844034
vt -0.000781 0.718868
vt -0.000781 0.781451
vt 0.156795 0.718868
vt 0.000000 1.000000
vt 0.001647 0.652658
vt 0.000000 0.048121
vt 0.906387 0.321630
vt -0.000122 0.156096
vt 0.905875 0.000000
vt 0.000200 0.312903
vt 0.905875 0.062150
vt 0.906387 0.321630
vt 0.000200 0.312903
vt 0.939310 0.342604
vt 0.939310 0.342604
vt 0.939310 0.342604
vt 0.939310 0.342604
vt 0.939081 0.179437
vt 0.999050 0.183297
vt 0.999050 0.183297
vt 0.999050 0.183297
vt 0.999050 0.183297
vt 0.985655 0.132863
vt -0.000781 0.844034
vt -0.000781 0.718868
vt -0.000781 0.781451
vt 0.156795 0.718868
vt 0.000000 1.000000
vt 0.001647 0.652658
vt -0.000122 0.156096
vt 0.906387 0.321630
vt 0.905875 0.012881
vt 0.905875 0.048121
vt 0.905875 0.000000
vt 0.000000 0.012881
vt 0.905875 0.062150
vt 0.906387 0.321630
vt 0.906387 0.312903
vt 0.905875 0.062150
vt 0.939310 0.342604
vt 0.939310 0.342604
vt 0.939310 0.342604
vt 0.939310 0.342604
vt 0.939081 0.179437
vt 0.999050 0.183297
vt 0.999050 0.183297
vt 0.999050 0.183297
vt 0.999050 0.183297
vt 0.985655 0.132863
vt -0.000781 0.844034
vt -0.000781 0.718868
vt -0.000781 0.781451
vt 0.156795 0.718868
vt 0.000000 1.000000
vt 0.001647 0.652658
vt -0.000122 0.156096
vt 0.905875 0.121202
vt 0.939310 0.342604
vt 0.939310 0.342604
vt 0.939310 0.342604
vt 0.939310 0.342604
vt 0.939081 0.179437
vt 0.999050 0.183297
vt 0.999050 0.183297
vt 0.999050 0.183297
vt 0.999050 0.183297
vt 0.985655 0.132863
vt -0.000781 0.844034
vt -0.000781 0.718868
vt -0.000781 0.781451
vt 0.156795 0.718868
vt 0.000000 1.000000
vt 0.001647 0.652658
vt 0.000200 0.312903
vt 0.000000 0.093759
vt 0.905875 0.062150
vt 0.000200 0.259595
vt 0.906387 0.312903
vt 0.905875 0.000000
vt 0.939310 0.342604
vt 0.939310 0.342604
vt 0.939310 0.342604
vt 0.939310 0.342604
vt 0.939081 0.179437
vt 0.999050 0.183297
vt 0.999050 0.183297
vt 0.999050 0.183297
vt 0.999050 0.183297
vt 0.985655 0.132863
vt -0.000781 0.844034
vt -0.000781 0.718868
vt -0.000781 0.781451
vt 0.156795 0.718868
vt 0.000000 1.000000
vt 0.001647 0.652658
vt 0.905875 0.048121
vt 0.906075 0.259595
vt 0.000200 0.297453
vt 0.000200 0.312903
vt 0.000200 0.297453
vt 0.000000 0.062150
vt 0.939310 0.342604
vt 0.939310 0.342604
vt 0.939310 0.342604
vt 0.939310 0.342604
vt 0.939081 0.179437
vt 0.999050 0.183297
vt 0.999050 0.183297
vt 0.999050 0.183297
vt 0.999050 0.183297
vt 0.985655 0.132863
vt -0.000781 0.844034
vt -0.000781 0.718868
vt -0.000781 0.781451
vt 0.156795 0.718868
vt 0.000000 1.000000
vt 0.001647 0.652658
vt 0.906075 0.297453
vt 0.905875 0.062150
vt 0.906387 0.321630
vt -0.000122 0.156096
vt 0.000512 0.321630
vt 0.000512 0.312903
vt 0.906075 0.312903
vt 0.000000 0.093759
vt 0.000000 0.012881
vt 0.000200 0.297453
vt 0.939310 0.342604
vt 0.939310 0.342604
vt 0.939310 0.342604
vt 0.939310 0.342604
vt 0.939081 0.179437
vt 0.999050 0.183297
vt 0.999050 0.183297
vt 0.999050 0.183297
vt 0.999050 0.183297
vt 0.985655 0.132863
vt -0.000781 0.844034
vt -0.000781 0.718868
vt -0.000781 0.781451
vt 0.156795 0.718868
vt 0.000000 1.000000
vt 0.001647 0.652658
vt 0.000000 0.093759
vt 0.905875 0.000000
vt 0.000000 0.062150
vt 0.000000 0.062150
vt 0.939310 0.342604
vt 0.939310 0.342604
vt 0.939310 0.342604
vt 0.939310 0.342604
vt 0.939081 0.179437
vt 0.999050 0.183297
vt 0.999050 0.183297
vt 0.999050 0.183297
vt 0.999050 0.183297
vt 0.985655 0.132863
vt -0.000781 0.844034
vt -0.000781 0.718868
vt -0.000781 0.781451
vt 0.156795 0.718868
vt 0.000000 1.000000
vt 0.001647 0.652658
vt 0.905875 0.034093
vt 0.905753 0.156096
vt 0.939310 0.342604
vt 0.939310 0.342604
vt 0.939310 0.342604
vt 0.939310 0.342604
vt 0.939081 0.179437
vt 0.999050 0.183297
vt 0.999050 0.183297
vt 0.999050 0.183297
vt 0.999050 0.183297
vt 0.985655 0.132863
vt -0.000781 0.844034
vt -0.000781 0.718868
vt -0.000781 0.781451
vt 0.156795 0.718868
vt 0.000000 1.000000
vt 0.001647 0.652658
vt 0.000200 0.259595
vt 0.906387 0.312903
vt 0.905875 0.062150
vt 0.000000 0.048121
vt 0.000200 0.259595
vt 0.905875 0.000000
vt 0.000000 0.012881
vt 0.000200 0.312903
vt 0.939310 0.342604
vt 0.939310 0.342604
vt 0.939310 0.342604
vt 0.939310 0.342604
vt 0.939081 0.179437
vt 0.999050 0.183297
vt 0.999050 0.183297
vt 0.999050 0.183297
vt 0.999050 0.183297
vt 0.985655 0.132863
vt -0.000781 0.844034
vt -0.000781 0.718868
vt -0.000781 0.781451
vt 0.156795 0.718868
vt 0.000000 1.000000
vt 0.001647 0.652658
vt 0.906075 0.297453
vt 0.000200 0.312903
vt 0.906387 0.321630
vt 0.000512 0.312903
vt 0.000000 0.048121
vt 0.000000 0.048121
vt 0.000000 0.012881
vt 0.905875 0.012881
vt 0.000000 0.062150
vt 0.939310 0.342604
vt 0.939310 0.342604
vt 0.939310 0.342604
vt 0.939310 0.342604
vt 0.939081 0.179437
vt 0.999050 0.183297
vt 0.999050 0.183297
vt 0.999050 0.183297
vt 0.999050 0.183297
vt 0.985655 0.132863
vt -0.000781 0.844034
vt -0.000781 0.718868
vt -0.000781 0.781451
vt 0.156795 0.718868
vt 0.000000 1.000000
vt 0.001647 0.652658
vt 0.906387 0.321630
vt 0.905875 0.121202
vt 0.905875 0.062150
vt 0.905753 0.156096
vt 0.939310 0.342604
vt 0.939310 0.342604
vt 0.939310 0.342604
vt 0.939310 0.342604
vt 0.939081 0.179437
vt 0.999050 0.183297
vt 0.999050 0.183297
vt 0.999050 0.183297
vt 0.999050 0.183297
vt 0.985655 0.132863
vt -0.000781 0.844034
vt -0.000781 0.718868
vt -0.000781 0.781451
vt 0.156795 0.718868
vt 0.000000 1.000000
vt 0.001647 0.652658
vt 0.000200 0.312903
vt 0.000000 0.093759
vt 0.905875 0.062150
vt 0.906075 0.297453
vt 0.939310 0.342604
vt 0.939310 0.342604
vt 0.939310 0.342604
vt 0.939310 0.342604
vt 0.939081 0.179437
vt 0.999050 0.183297
vt 0.999050 0.183297
vt 0.999050 0.183297
vt 0.999050 0.183297
vt 0.985655 0.132863
vt -0.000781 0.844034
vt -0.000781 0.718868
vt -0.000781 0.781451
vt 0.156795 0.718868
vt 0.000000 1.000000
vt 0.001647 0.652658
vt 0.000200 0.259595
vt 0.000000 0.000000
vt 0.905875 0.062150
vt 0.905875 0.000000
vt 0.906075 0.259595
vt 0.000512 0.312903
vt -0.000122 0.156096
vt 0.939310 0.342604
vt 0.939310 0.342604
vt 0.939310 0.342604
vt 0.939310 0.342604
vt 0.939081 0.179437
vt 0.999050 0.183297
vt 0.999050 0.183297
vt 0.999050 0.183297
vt 0.999050 0.183297
vt 0.985655 0.132863
vt -0.000781 0.844034
vt -0.000781 0.718868
vt -0.000781 0.781451
vt 0.156795 0.718868
vt 0.000000 1.000000
vt 0.001647 0.652658
vt 0.906075 0.297453
vt 0.000000 0.000000
vt 0.000512 0.312903
vt -0.000122 0.156096
vt 0.000000 0.062150
vt 0.906075 0.312903
vt 0.906075 0.297453
vt 0.906075 0.297453
vt 0.939310 0.342604
vt 0.939310 0.342604
vt 0.939310 0.342604
vt 0.939310 0.342604
vt 0.939081 0.179437
vt 0.999050 0.183297
vt 0.999050 0.183297
vt 0.999050 0.183297
vt 0.999050 0.183297
vt 0.985655 0.132863
vt -0.000781 0.844034
vt -0.000781 0.718868
vt -0.000781 0.781451
vt 0.156795 0.718868
vt 0.000000 1.000000
vt 0.001647 0.652658
vt 0.000000 0.093759
vt 0.000000 0.012881
vt 0.905875 0.025761
vt 0.905875 0.121202
vt 0.905875 0.062150
vt 0.939310 0.342604
vt 0.939310 0.342604
vt 0.939310 0.342604
vt 0.939310 0.342604
vt 0.939081 0.179437
vt 0.999050 0.183297
vt 0.999050 0.183297
vt 0.999050 0.183297
vt 0.999050 0.183297
vt 0.985655 0.132863
vt -0.000781 0.844034
vt -0.000781 0.718868
vt -0.000781 0.781451
vt 0.156795 0.718868
vt 0.000000 1.000000
vt 0.001647 0.652658
vt 0.905875 0.062150
vt 0.000512 0.312903
vt 0.000512 0.312903
vt 0.906075 0.259595
vt 0.939310 0.342604
vt 0.939310 0.342604
vt 0.939310 0.342604
vt 0.939310 0.342604
vt 0.939081 0.179437
vt 0.999050 0.183297
vt 0.999050 0.183297
vt 0.999050 0.183297
vt 0.999050 0.183297
vt 0.985655 0.132863
vt -0.000781 0.844034
vt -0.000781 0.718868
vt -0.000781 0.781451
vt 0.156795 0.718868
vt 0.000000 1.000000
vt 0.001647 0.652658
vt 0.906387 0.321630
vt 0.000200 0.297453
vt 0.939310 0.342604
vt 0.939310 0.342604
vt 0.939310 0.342604
vt 0.939310 0.342604
vt 0.939081 0.179437
vt 0.999050 0.183297
vt 0.999050 0.183297
vt 0.999050 0.183297
vt 0.999050 0.183297
vt 0.985655 0.132863
vt -0.000781 0.844034
vt -0.000781 0.718868
vt -0.000781 0.781451
vt 0.156795 0.718868
vt 0.000000 1.000000
vt 0.001647 0.652658
vt 0.000200 0.312903
vt 0.905875 0.062150
vt 0.905875 0.000000
vt 0.906075 0.312903
vt 0.905875 0.000000
vt 0.939310 0.342604
vt 0.939310 0.342604
vt 0.939310 0.342604
vt 0.939310 0.342604
vt 0.939081 0.179437
vt 0.999050 0.183297
vt 0.999050 0.183297
vt 0.999050 0.183297
vt 0.999050 0.183297
vt 0.985655 0.132863
vt -0.000781 0.844034
vt -0.000781 0.718868
vt -0.000781 0.781451
vt 0.156795 0.718868
vt 0.000000 1.000000
vt 0.001647 0.652658
vt -0.000122 0.156096
vt 0.000000 0.062150
vt 0.905875 0.062150
vt 0.905753 0.156096
vt 0.939310 0.342604
vt 0.939310 0.342604
vt 0.939310 0.342604
vt 0.939310 0.342604
vt 0.939081 0.179437
vt 0.999050 0.183297
vt 0.999050 0.183297
vt 0.999050 0.183297
vt 0.999050 0.183297
vt 0.985655 0.132863
vt -0.000781 0.844034
vt -0.000781 0.718868
vt -0.000781 0.781451
vt 0.156795 0.718868
vt 0.000000 1.000000
vt 0.001647 0.652658
vt 0.000000 0.093759
vt 0.000000 0.062150
vt 0.905753 0.156096
vt 0.000200 0.259595
vt 0.000000 0.093759
vt 0.939310 0.342604
vt 0.939310 0.342604
vt 0.939310 0.342604
vt 0.939310 0.342604
vt 0.939081 0.179437
vt 0.999050 0.183297
vt 0.999050 0.183297
vt 0.999050 0.183297
vt 0.999050 0.183297
vt 0.985655 0.132863
vt -0.000781 0.844034
vt -0.000781 0.718868
vt -0.000781 0.781451
vt 0.156795 0.718868
vt 0.000000 1.000000
vt 0.001647 0.652658
vt 0.000000 0.000000
vt 0.000200 0.297453
vt 0.906075 0.297453
vt 0.000200 0.312903
vt 0.939310 0.342604
vt 0.939310 0.342604
vt 0.939310 0.342604
vt 0.939310 0.342604
vt 0.939081 0.179437
vt 0.999050 0.183297
vt 0.999050 0.183297
vt 0.999050 0.183297
vt 0.999050 0.183297
vt 0.985655 0.132863
vt -0.000781 0.844034
vt -0.000781 0.718868
vt -0.000781 0.781451
vt 0.156795 0.718868
vt 0.000000 1.000000
vt 0.001647 0.652658
vt 0.000512 0.321630
vt 0.905875 0.000000
vt 0.000200 0.259595
vt 0.000000 0.093759
vt 0.905875 0.034093
vt 0.905875 0.062150
vt 0.905875 0.034093
vt 0.000200 0.312903
vt 0.000200 0.312903
vt 0.905875 0.093759
vt 0.000200 0.297453
vt 0.000200 0.312903
vt 0.939310 0.342604
vt 0.939310 0.342604
vt 0.939310 0.342604
vt 0.939310 0.342604
vt 0.939081 0.179437
vt 0.999050 0.183297
vt 0.999050 0.183297
vt 0.999050 0.183297
vt 0.999050 0.183297
vt 0.985655 0.132863
vt -0.000781 0.844034
vt -0.000781 0.718868
vt -0.000781 0.781451
vt 0.156795 0.718868
vt 0.000000 1.000000
vt 0.001647 0.652658
vt -0.000122 0.156096
vt 0.905875 0.025761
vt 0.939310 0.342604
vt 0.939310 0.342604
vt 0.939310 0.342604
vt 0.939310 0.342604
vt 0.939081 0.179437
vt 0.999050 0.183297
vt 0.999050 0.183297
vt 0.999050 0.183297
vt 0.999050 0.183297
vt 0.985655 0.132863
vt -0.000781 0.844034
vt -0.000781 0.718868
vt -0.000781 0.781451
vt 0.156795 0.718868
vt 0.000000 1.000000
vt 0.001647 0.652658
vt 0.000000 0.012881
vt 0.000200 0.259595
vt 0.905875 0.062150
vt 0.000000 0.012881
vt 0.905875 0.062150
vt -0.000122 0.156096
vt 0.906387 0.321630
vt 0.939310 0.342604
vt 0.939310 0.342604
vt 0.939310 0.342604
vt 0.939310 0.342604
vt 0.939081 0.179437
vt 0.999050 0.183297
vt 0.999050 0.183297
vt 0.999050 0.183297
vt 0.999050 0.183297
vt 0.985655 0.132863
vt -0.000781 0.844034
vt -0.000781 0.718868
vt -0.000781 0.781451
vt 0.156795 0.718868
vt 0.000000 1.000000
vt 0.001647 0.652658
vt 0.906075 0.297453
vt 0.905875 0.034093
vt -0.000122 0.156096
vt 0.000000 0.048121
vt 0.000000 0.048121
vt 0.000200 0.259595
vt 0.905875 0.000000
vt 0.906387 0.312903
vt 0.905753 0.156096
vt 0.939310 0.342604
vt 0.939310 0.342604
vt 0.939310 0.342604
vt 0.939310 0.342604
vt 0.939081 0.179437
vt 0.999050 0.183297
vt 0.999050 0.183297
vt 0.999050 0.183297
vt 0.999050 0.183297
vt 0.985655 0.132863
vt -0.000781 0.844034
vt -0.000781 0.718868
vt -0.000781 0.781451
vt 0.156795 0.718868
vt 0.000000 1.000000
vt 0.001647 0.652658
vt 0.905875 0.062150
vt 0.000512 0.312903
vt 0.906075 0.219937
vt 0.906387 0.321630
vt 0.000000 0.048121
vt 0.000000 0.025761
vt 0.906387 0.321630
vt 0.939310 0.342604
vt 0.939310 0.342604
vt 0.939310 0.342604
vt 0.939310 0.342604
vt 0.939081 0.179437
vt 0.999050 0.183297
vt 0.999050 0.183297
vt 0.999050 0.183297
vt 0.999050 0.183297
vt 0.985655 0.132863
vt -0.000781 0.844034
vt -0.000781 0.718868
vt -0.000781 0.781451
vt 0.156795 0.718868
vt 0.000000 1.000000
vt 0.001647 0.652658
vt 0.000000 0.000000
vt 0.905875 0.093759
vt 0.000000 0.062150
vt 0.000000 0.121202
vt 0.905875 0.089593
vt 0.939310 0.342604
vt 0.939310 0.342604
vt 0.939310 0.342604
vt 0.939310 0.342604
vt 0.939081 0.179437
vt 0.999050 0.183297
vt 0.999050 0.183297
vt 0.999050 0.183297
vt 0.999050 0.183297
vt 0.985655 0.132863
vt -0.000781 0.844034
vt -0.000781 0.718868
vt -0.000781 0.781451
vt 0.156795 0.718868
vt 0.000000 1.000000
vt 0.001647 0.652658
vt 0.000200 0.259595
vt 0.905875 0.012881
vt 0.906387 0.321630
vt 0.000512 0.321630
vt 0.000000 0.025761
vt 0.000200 0.259595
vt 0.905875 0.048121
vt 0.939310 0.342604
vt 0.939310 0.342604
vt 0.939310 0.342604
vt 0.939310 0.342604
vt 0.939081 0.179437
vt 0.999050 0.183297
vt 0.999050 0.183297
vt 0.999050 0.183297
vt 0.999050 0.183297
vt 0.985655 0.132863
vt -0.000781 0.844034
vt -0.000781 0.718868
vt -0.000781 0.781451
vt 0.156795 0.718868
vt 0.000000 1.000000
vt 0.001647 0.652658
vt 0.943180 0.014240
vt 0.996752 0.014240
vt 0.989510 0.041289
vt 0.950422 0.041289
vt 0.906075 0.312903
vt 0.000512 0.312903
vt 0.000000 0.048121
vt 0.000000 0.062150
vt 0.980127 0.103062
vt 0.905875 0.062150
vt 0.000000 0.048121
vt 0.000512 0.321630
vt 0.939310 0.342604
vt 0.939310 0.342604
vt 0.939310 0.342604
vt 0.939310 0.342604
vt 0.939081 0.179437
vt 0.999050 0.183297
vt 0.999050 0.183297
vt 0.999050 0.183297
vt 0.999050 0.183297
vt 0.985655 0.132863
vt -0.000781 0.844034
vt -0.000781 0.718868
vt -0.000781 0.781451
vt 0.156795 0.718868
vt 0.000000 1.000000
vt 0.001647 0.652658
vt 0.906387 0.312903
vn 0.7071 0.0000 0.7071
vn 0.7071 -0.0000 -0.7071
vn -0.0412 -0.9983 -0.0412
vn -0.0400 -0.9984 -0.0400
vn -0.0415 -0.9983 -0.0415
vn -0.0398 -0.9984 -0.0398
vn -0.0416 -0.9983 -0.0416
vn -0.7071 -0.0000 0.7071
vn 0.0399 0.9984 0.0399
vn 0.0415 0.9983 0.0415
vn 0.0416 0.9983 0.0416
vn 0.0400 0.9984 0.0400
vn 0.0398 0.9984 0.0398
vn 0.7059 -0.0589 0.7059
vn -0.7059 0.0589 -0.7059
vn 0.7071 0.0001 -0.7071
vn -0.7071 0.0001 0.7071
vn 0.7071 -0.0001 -0.7071
vn -0.7058 0.0589 -0.7059
vn -0.7071 -0.0001 0.7071
vn 0.7058 -0.0589 0.7059
vn -0.7059 0.0588 -0.7059
vn 0.0415 0.9983 0.0416
vn 0.7059 -0.0588 0.7059
vn -0.7062 0.0510 -0.7062
vn -0.7061 0.0537 -0.7061
vn -0.7070 -0.0139 -0.7070
vn -0.7071 -0.0000 -0.7071
vn -0.7070 -0.0138 -0.7071
vn -0.7071 0.0001 -0.7071
vn -0.7143 -0.0180 -0.6996
vn -0.7211 -0.0360 -0.6919
vn -0.7071 -0.0001 -0.7071
vn 0.7065 0.0414 0.7065
vn -0.7058 0.0588 -0.7059
vn -0.7059 0.0589 -0.7058
vn -0.7070 0.0000 -0.7072
usemtl Material.001
s 1
f 2/1/1 4/2/1 1/3/1
f 1/3/1 6/4/1 2/1/1
f 8/5/1 10/6/1 7/7/1
f 11/8/1 7/7/1 10/6/1
f 11/8/1 1/3/1 4/2/1
f 6/9/2 101/10/2 100/11/2
f 143/12/3 13/13/4 16/14/4
f 104/15/5 20/16/6 102/17/7
f 5/18/4 135/19/3 101/20/3
f 7/21/6 139/22/5 8/23/6
f 2/24/8 137/25/8 3/26/8
f 109/27/3 18/28/4 107/29/3
f 12/30/9 141/31/10 98/32/11
f 14/33/1 16/34/1 13/35/1
f 17/36/1 15/37/1 14/33/1
f 20/38/1 22/39/1 19/40/1
f 23/41/1 21/42/1 20/38/1
f 16/34/1 22/39/1 21/42/1
f 136/43/10 6/44/12 100/45/11
f 139/46/2 9/47/2 8/48/2
f 4/49/4 137/50/3 99/51/3
f 106/52/10 19/53/9 22/54/9
f 144/55/10 21/56/9 24/57/9
f 9/58/9 140/59/11 10/60/13
f 26/61/14 28/62/14 25/63/14
f 30/64/2 25/65/2 29/66/2
f 32/67/15 29/68/15 31/69/15
f 27/70/8 31/71/8 28/72/8
f 30/73/11 27/74/11 26/75/11
f 34/76/14 36/77/14 33/78/14
f 37/79/8 35/80/8 34/81/8
f 39/82/15 38/83/15 37/84/15
f 33/85/2 40/86/2 39/87/2
f 37/88/11 33/89/11 39/90/11
f 42/91/14 44/92/14 41/93/14
f 46/94/2 41/95/2 45/96/2
f 48/97/15 45/98/15 47/99/15
f 43/100/8 47/101/8 44/102/8
f 46/103/11 43/104/11 42/105/11
f 41/106/7 47/107/7 45/108/7
f 110/109/11 17/110/12 14/111/12
f 102/112/8 19/113/8 103/114/8
f 12/115/8 138/116/8 7/117/8
f 50/118/14 52/119/14 49/120/14
f 54/121/2 49/122/2 53/123/2
f 56/124/15 53/125/15 55/126/15
f 51/127/8 55/128/8 52/129/8
f 54/130/11 51/131/11 50/132/11
f 58/133/14 60/134/14 57/135/14
f 61/136/8 59/137/8 58/138/8
f 63/139/15 62/140/15 61/141/15
f 57/142/2 64/143/2 63/144/2
f 61/145/11 57/146/11 63/147/11
f 66/148/14 68/149/14 65/150/14
f 70/151/2 65/152/2 69/153/2
f 72/154/15 69/155/15 71/156/15
f 67/157/8 71/158/8 68/159/8
f 70/160/11 67/161/11 66/162/11
f 65/163/7 71/164/7 69/165/7
f 4/166/8 141/167/8 11/168/8
f 1/169/2 140/170/2 135/171/2
f 16/172/2 105/173/2 143/174/2
f 15/175/8 106/176/8 22/177/8
f 74/178/14 76/179/14 73/180/14
f 78/181/2 73/182/2 77/183/2
f 80/184/15 77/185/15 79/186/15
f 75/187/8 79/188/8 76/189/8
f 78/190/11 75/191/11 74/192/11
f 82/193/14 84/194/14 81/195/14
f 85/196/8 83/197/8 82/198/8
f 87/199/15 86/200/15 85/201/15
f 81/202/2 88/203/2 87/204/2
f 85/205/11 81/206/11 87/207/11
f 90/208/14 92/209/14 89/210/14
f 94/211/2 89/212/2 93/213/2
f 96/214/15 93/215/15 95/216/15
f 91/217/8 95/218/8 92/219/8
f 94/220/11 91/221/11 90/222/11
f 89/223/7 95/224/7 93/225/7
f 17/226/8 107/227/8 18/228/8
f 104/229/2 24/230/2 23/231/2
f 14/232/2 142/233/2 110/234/2
f 112/235/14 114/236/14 111/237/14
f 116/238/2 111/239/2 115/240/2
f 118/241/15 115/242/15 117/243/15
f 113/244/8 117/245/8 114/246/8
f 116/247/11 113/248/11 112/249/11
f 120/250/14 122/251/14 119/252/14
f 123/253/8 121/254/8 120/255/8
f 125/256/15 124/257/15 123/258/15
f 119/259/2 126/260/2 125/261/2
f 123/262/11 119/263/11 125/264/11
f 128/265/14 130/266/14 127/267/14
f 132/268/2 127/269/2 131/270/2
f 134/271/15 131/272/15 133/273/15
f 129/274/8 133/275/8 130/276/8
f 132/277/11 129/278/11 128/279/11
f 127/280/7 133/281/7 131/282/7
f 103/283/8 261/284/8 102/285/8
f 100/286/11 253/287/11 136/288/11
f 254/289/8 141/290/8 99/291/8
f 98/292/8 219/293/8 138/294/8
f 253/295/8 137/296/8 136/297/8
f 141/298/11 220/299/11 98/300/11
f 101/301/2 256/302/2 100/303/2
f 140/304/11 257/305/11 258/306/11
f 217/307/2 97/308/2 139/309/2
f 99/310/7 221/311/7 254/312/7
f 143/313/2 262/314/2 225/315/2
f 261/316/7 104/317/7 102/318/7
f 146/319/14 148/320/14 145/321/14
f 150/322/2 145/323/2 149/324/2
f 152/325/15 149/326/15 151/327/15
f 147/328/8 151/329/8 148/330/8
f 150/331/11 147/332/11 146/333/11
f 154/334/14 156/335/14 153/336/14
f 157/337/8 155/338/8 154/339/8
f 159/340/15 158/341/15 157/342/15
f 153/343/2 160/344/2 159/345/2
f 157/346/11 153/347/11 159/348/11
f 162/349/14 164/350/14 161/351/14
f 166/352/2 161/353/2 165/354/2
f 168/355/15 165/356/15 167/357/15
f 163/358/8 167/359/8 164/360/8
f 166/361/11 163/362/11 162/363/11
f 161/364/7 167/365/7 165/366/7
f 259/367/11 108/368/11 110/369/11
f 101/370/7 252/371/7 255/372/7
f 170/373/14 172/374/14 169/375/14
f 174/376/2 169/377/2 173/378/2
f 176/379/15 173/380/15 175/381/15
f 171/382/8 175/383/8 172/384/8
f 174/385/11 171/386/11 170/387/11
f 178/388/14 180/389/14 177/390/14
f 181/391/8 179/392/8 178/393/8
f 183/394/15 182/395/15 181/396/15
f 177/397/2 184/398/2 183/399/2
f 181/400/11 177/401/11 183/402/11
f 186/403/14 188/404/14 185/405/14
f 190/406/2 185/407/2 189/408/2
f 192/409/15 189/410/15 191/411/15
f 187/412/8 191/413/8 188/414/8
f 190/415/11 187/416/11 186/417/11
f 185/418/7 191/419/7 189/420/7
f 222/421/8 109/422/8 226/423/8
f 225/424/7 142/425/7 143/426/7
f 194/427/14 196/428/14 193/429/14
f 198/430/2 193/431/2 197/432/2
f 200/433/15 197/434/15 199/435/15
f 195/436/8 199/437/8 196/438/8
f 198/439/11 195/440/11 194/441/11
f 202/442/14 204/443/14 201/444/14
f 205/445/8 203/446/8 202/447/8
f 207/448/15 206/449/15 205/450/15
f 201/451/2 208/452/2 207/453/2
f 205/454/11 201/455/11 207/456/11
f 210/457/14 212/458/14 209/459/14
f 214/460/2 209/461/2 213/462/2
f 216/463/15 213/464/15 215/465/15
f 211/466/8 215/467/8 212/468/8
f 214/469/11 211/470/11 210/471/11
f 209/472/7 215/473/7 213/474/7
f 139/475/7 219/476/7 217/477/7
f 263/478/2 144/479/2 104/480/2
f 222/481/11 103/482/11 106/483/11
f 140/484/2 252/485/2 135/486/2
f 224/487/8 107/488/8 108/489/8
f 262/490/11 144/491/11 264/492/11
f 223/493/7 109/494/7 107/495/7
f 142/496/2 259/497/2 110/498/2
f 229/499/14 231/500/14 228/501/14
f 233/502/2 228/503/2 232/504/2
f 235/505/15 232/506/15 234/507/15
f 230/508/8 234/509/8 231/510/8
f 233/511/11 230/512/11 229/513/11
f 237/514/14 239/515/14 236/516/14
f 240/517/8 238/518/8 237/519/8
f 242/520/15 241/521/15 240/522/15
f 236/523/2 243/524/2 242/525/2
f 240/526/11 236/527/11 242/528/11
f 245/529/14 247/530/14 244/531/14
f 249/532/2 244/533/2 248/534/2
f 251/535/15 248/536/15 250/537/15
f 246/538/8 250/539/8 247/540/8
f 249/541/11 246/542/11 245/543/11
f 244/544/7 250/545/7 248/546/7
f 261/547/8 381/548/8 344/549/8
f 253/550/11 374/551/11 342/552/11
f 346/553/8 224/554/8 380/555/8
f 382/556/8 226/557/8 379/558/8
f 337/559/2 257/560/2 217/561/2
f 254/562/7 373/563/7 341/564/7
f 219/565/7 337/566/7 217/567/7
f 341/568/8 218/569/8 254/570/8
f 255/571/2 374/572/2 256/573/2
f 220/574/8 375/575/8 219/576/8
f 266/577/14 268/578/14 265/579/14
f 270/580/2 265/581/2 269/582/2
f 272/583/15 269/584/15 271/585/15
f 267/586/8 271/587/8 268/588/8
f 270/589/11 267/590/11 266/591/11
f 274/592/14 276/593/14 273/594/14
f 277/595/8 275/596/8 274/597/8
f 279/598/15 278/599/15 277/600/15
f 273/601/2 280/602/2 279/603/2
f 277/604/11 273/605/11 279/606/11
f 282/607/14 284/608/14 281/609/14
f 286/610/2 281/611/2 285/612/2
f 288/613/15 285/614/15 287/615/15
f 283/616/8 287/617/8 284/618/8
f 286/619/11 283/620/11 282/621/11
f 281/622/7 287/623/7 285/624/7
f 252/625/7 343/626/7 255/627/7
f 373/628/8 253/629/8 342/630/8
f 290/631/14 292/632/14 289/633/14
f 294/634/2 289/635/2 293/636/2
f 296/637/15 293/638/15 295/639/15
f 291/640/8 295/641/8 292/642/8
f 294/643/11 291/644/11 290/645/11
f 298/646/14 300/647/14 297/648/14
f 301/649/8 299/650/8 298/651/8
f 303/652/15 302/653/15 301/654/15
f 297/655/2 304/656/2 303/657/2
f 301/658/11 297/659/11 303/660/11
f 306/661/14 308/662/14 305/663/14
f 310/664/2 305/665/2 309/666/2
f 312/667/15 309/668/15 311/669/15
f 307/670/8 311/671/8 308/672/8
f 310/673/11 307/674/11 306/675/11
f 305/676/7 311/677/7 309/678/7
f 346/679/7 226/680/7 223/681/7
f 252/682/2 339/683/2 340/684/2
f 348/685/2 227/686/2 378/687/2
f 347/688/2 262/689/2 345/690/2
f 314/691/14 316/692/14 313/693/14
f 318/694/2 313/695/2 317/696/2
f 320/697/15 317/698/15 319/699/15
f 315/700/8 319/701/8 316/702/8
f 318/703/11 315/704/11 314/705/11
f 322/706/14 324/707/14 321/708/14
f 325/709/8 323/710/8 322/711/8
f 327/712/15 326/713/15 325/714/15
f 321/715/2 328/716/2 327/717/2
f 325/718/11 321/719/11 327/720/11
f 330/721/14 332/722/14 329/723/14
f 334/724/2 329/725/2 333/726/2
f 336/727/15 333/728/15 335/729/15
f 331/730/8 335/731/8 332/732/8
f 334/733/11 331/734/11 330/735/11
f 329/736/7 335/737/7 333/738/7
f 384/739/11 262/740/11 264/741/11
f 218/742/11 377/743/11 220/744/11
f 383/745/2 264/746/2 263/747/2
f 383/748/7 261/749/7 344/750/7
f 258/751/11 338/752/11 339/753/11
f 348/754/11 224/755/11 259/756/11
f 381/757/11 222/758/11 382/759/11
f 378/760/7 225/761/7 347/762/7
f 350/763/14 352/764/14 349/765/14
f 354/766/2 349/767/2 353/768/2
f 356/769/15 353/770/15 355/771/15
f 351/772/8 355/773/8 352/774/8
f 354/775/11 351/776/11 350/777/11
f 358/778/14 360/779/14 357/780/14
f 361/781/8 359/782/8 358/783/8
f 363/784/15 362/785/15 361/786/15
f 357/787/2 364/788/2 363/789/2
f 361/790/11 357/791/11 363/792/11
f 366/793/14 368/794/14 365/795/14
f 370/796/2 365/797/2 369/798/2
f 372/799/15 369/800/15 371/801/15
f 367/802/8 371/803/8 368/804/8
f 370/805/11 367/806/11 366/807/11
f 365/808/7 371/809/7 369/810/7
f 503/811/2 384/812/2 383/813/2
f 340/814/7 468/815/7 343/816/7
f 339/817/2 463/818/2 340/819/2
f 499/820/8 346/821/8 380/822/8
f 497/823/8 382/824/8 379/825/8
f 343/826/2 467/827/2 374/828/2
f 386/829/14 388/830/14 385/831/14
f 390/832/2 385/833/2 389/834/2
f 392/835/15 389/836/15 391/837/15
f 387/838/8 391/839/8 388/840/8
f 390/841/11 387/842/11 386/843/11
f 394/844/14 396/845/14 393/846/14
f 397/847/8 395/848/8 394/849/8
f 399/850/15 398/851/15 397/852/15
f 393/853/2 400/854/2 399/855/2
f 397/856/11 393/857/11 399/858/11
f 402/859/14 404/860/14 401/861/14
f 406/862/2 401/863/2 405/864/2
f 408/865/15 405/866/15 407/867/15
f 403/868/8 407/869/8 404/870/8
f 406/871/11 403/872/11 402/873/11
f 401/874/7 407/875/7 405/876/7
f 498/877/7 378/878/7 347/879/7
f 466/880/11 374/881/11 467/882/11
f 410/883/14 412/884/14 409/885/14
f 414/886/2 409/887/2 413/888/2
f 416/889/15 413/890/15 415/891/15
f 411/892/8 415/893/8 412/894/8
f 414/895/11 411/896/11 410/897/11
f 418/898/14 420/899/14 417/900/14
f 421/901/8 419/902/8 418/903/8
f 423/904/15 422/905/15 421/906/15
f 417/907/2 424/908/2 423/909/2
f 421/910/11 417/911/11 423/912/11
f 426/913/14 428/914/14 425/915/14
f 430/916/2 425/917/2 429/918/2
f 432/919/15 429/920/15 431/921/15
f 427/922/8 431/923/8 428/924/8
f 430/925/11 427/926/11 426/927/11
f 425/928/7 431/929/7 429/930/7
f 345/931/2 498/932/2 347/933/2
f 339/934/11 458/935/11 460/936/11
f 377/937/11 459/938/11 462/939/11
f 341/940/7 465/941/7 464/942/7
f 470/943/7 379/944/7 346/945/7
f 501/946/7 383/947/7 344/948/7
f 337/949/7 461/950/7 457/951/7
f 458/952/2 337/953/2 457/954/2
f 434/955/14 436/956/14 433/957/14
f 438/958/2 433/959/2 437/960/2
f 440/961/15 437/962/15 439/963/15
f 435/964/8 439/965/8 436/966/8
f 438/967/11 435/968/11 434/969/11
f 442/970/14 444/971/14 441/972/14
f 445/973/8 443/974/8 442/975/8
f 447/976/15 446/977/15 445/978/15
f 441/979/2 448/980/2 447/981/2
f 445/982/11 441/983/11 447/984/11
f 450/985/14 452/986/14 449/987/14
f 454/988/2 449/989/2 453/990/2
f 456/991/15 453/992/15 455/993/15
f 451/994/8 455/995/8 452/996/8
f 454/997/11 451/998/11 450/999/11
f 449/1000/7 455/1001/7 453/1002/7
f 502/1003/11 381/1004/11 382/1005/11
f 504/1006/11 345/1007/11 384/1008/11
f 499/1009/11 348/1010/11 471/1011/11
f 471/1012/2 378/1013/2 472/1014/2
f 459/1015/8 341/1016/8 464/1017/8
f 381/1018/8 501/1019/8 344/1020/8
f 461/1021/8 377/1022/8 462/1023/8
f 465/1024/8 342/1025/8 466/1026/8
f 474/1027/14 476/1028/14 473/1029/14
f 478/1030/2 473/1031/2 477/1032/2
f 480/1033/15 477/1034/15 479/1035/15
f 475/1036/8 479/1037/8 476/1038/8
f 478/1039/11 475/1040/11 474/1041/11
f 482/1042/14 484/1043/14 481/1044/14
f 485/1045/8 483/1046/8 482/1047/8
f 487/1048/15 486/1049/15 485/1050/15
f 481/1051/2 488/1052/2 487/1053/2
f 485/1054/11 481/1055/11 487/1056/11
f 490/1057/14 492/1058/14 489/1059/14
f 494/1060/2 489/1061/2 493/1062/2
f 496/1063/15 493/1064/15 495/1065/15
f 491/1066/8 495/1067/8 492/1068/8
f 494/1069/11 491/1070/11 490/1071/11
f 489/1072/7 495/1073/7 493/1074/7
f 621/1075/7 472/1076/7 498/1077/7
f 577/1078/2 458/1079/2 457/1080/2
f 467/1081/2 580/1082/2 579/1083/2
f 586/1084/8 502/1085/8 497/1086/8
f 623/1087/7 501/1088/7 581/1089/7
f 472/1090/2 587/1091/2 471/1092/2
f 469/1093/2 621/1094/2 498/1095/2
f 457/1096/7 617/1097/7 577/1098/7
f 623/1099/2 504/1100/2 503/1101/2
f 506/1102/14 508/1103/14 505/1104/14
f 510/1105/2 505/1106/2 509/1107/2
f 512/1108/15 509/1109/15 511/1110/15
f 507/1111/8 511/1112/8 508/1113/8
f 510/1114/11 507/1115/11 506/1116/11
f 514/1117/14 516/1118/14 513/1119/14
f 517/1120/8 515/1121/8 514/1122/8
f 519/1123/15 518/1124/15 517/1125/15
f 513/1126/2 520/1127/2 519/1128/2
f 517/1129/11 513/1130/11 519/1131/11
f 522/1132/14 524/1133/14 521/1134/14
f 526/1135/2 521/1136/2 525/1137/2
f 528/1138/15 525/1139/15 527/1140/15
f 523/1141/8 527/1142/8 524/1143/8
f 526/1144/11 523/1145/11 522/1146/11
f 521/1147/7 527/1148/7 525/1149/7
f 614/1150/11 467/1151/11 579/1152/11
f 468/1153/7 613/1154/7 580/1155/7
f 465/1156/7 616/1157/7 464/1158/7
f 587/1159/11 499/1160/11 471/1161/11
f 530/1162/14 532/1163/14 529/1164/14
f 534/1165/2 529/1166/2 533/1167/2
f 536/1168/15 533/1169/15 535/1170/15
f 531/1171/8 535/1172/8 532/1173/8
f 534/1174/11 531/1175/11 530/1176/11
f 538/1177/14 540/1178/14 537/1179/14
f 541/1180/8 539/1181/8 538/1182/8
f 543/1183/15 542/1184/15 541/1185/15
f 537/1186/2 544/1187/2 543/1188/2
f 541/1189/11 537/1190/11 543/1191/11
f 546/1192/14 548/1193/14 545/1194/14
f 550/1195/2 545/1196/2 549/1197/2
f 552/1198/15 549/1199/15 551/1200/15
f 547/1201/8 551/1202/8 548/1203/8
f 550/1204/11 547/1205/11 546/1206/11
f 545/1207/7 551/1208/7 549/1209/7
f 616/1210/8 459/1211/8 464/1212/8
f 622/1213/8 499/1214/8 585/1215/8
f 463/1216/2 619/1217/2 613/1218/2
f 554/1219/14 556/1220/14 553/1221/14
f 558/1222/2 553/1223/2 557/1224/2
f 560/1225/15 557/1226/15 559/1227/15
f 555/1228/8 559/1229/8 556/1230/8
f 558/1231/11 555/1232/11 554/1233/11
f 562/1234/14 564/1235/14 561/1236/14
f 565/1237/8 563/1238/8 562/1239/8
f 567/1240/15 566/1241/15 565/1242/15
f 561/1243/2 568/1244/2 567/1245/2
f 565/1246/11 561/1247/11 567/1248/11
f 570/1249/14 572/1250/14 569/1251/14
f 574/1252/2 569/1253/2 573/1254/2
f 576/1255/15 573/1256/15 575/1257/15
f 571/1258/8 575/1259/8 572/1260/8
f 574/1261/11 571/1262/11 570/1263/11
f 569/1264/7 575/1265/7 573/1266/7
f 586/1267/7 470/1268/7 622/1269/7
f 582/1270/11 502/1271/11 584/1272/11
f 615/1273/8 466/1274/8 614/1275/8
f 462/1276/8 617/1277/8 461/1278/8
f 624/1279/11 469/1280/11 504/1281/11
f 501/1282/8 582/1283/8 581/1284/8
f 462/1285/11 620/1286/11 578/1287/11
f 460/1288/11 618/1289/11 619/1290/11
f 590/1291/14 592/1292/14 589/1293/14
f 594/1294/2 589/1295/2 593/1296/2
f 596/1297/15 593/1298/15 595/1299/15
f 591/1300/8 595/1301/8 592/1302/8
f 594/1303/11 591/1304/11 590/1305/11
f 598/1306/14 600/1307/14 597/1308/14
f 601/1309/8 599/1310/8 598/1311/8
f 603/1312/15 602/1313/15 601/1314/15
f 597/1315/2 604/1316/2 603/1317/2
f 601/1318/11 597/1319/11 603/1320/11
f 606/1321/14 608/1322/14 605/1323/14
f 610/1324/2 605/1325/2 609/1326/2
f 612/1327/15 609/1328/15 611/1329/15
f 607/1330/8 611/1331/8 608/1332/8
f 610/1333/11 607/1334/11 606/1335/11
f 605/1336/7 611/1337/7 609/1338/7
f 614/1339/11 703/1340/11 702/1341/11
f 617/1342/7 734/1343/7 577/1344/7
f 705/1345/2 624/1346/2 623/1347/2
f 619/1348/2 699/1349/2 613/1350/2
f 707/1351/7 586/1352/7 622/1353/7
f 734/1354/2 618/1355/2 577/1356/2
f 626/1357/14 628/1358/14 625/1359/14
f 630/1360/2 625/1361/2 629/1362/2
f 632/1363/15 629/1364/15 631/1365/15
f 627/1366/8 631/1367/8 628/1368/8
f 630/1369/11 627/1370/11 626/1371/11
f 634/1372/14 636/1373/14 633/1374/14
f 637/1375/8 635/1376/8 634/1377/8
f 639/1378/15 638/1379/15 637/1380/15
f 633/1381/2 640/1382/2 639/1383/2
f 637/1384/11 633/1385/11 639/1386/11
f 642/1387/14 644/1388/14 641/1389/14
f 646/1390/2 641/1391/2 645/1392/2
f 648/1393/15 645/1394/15 647/1395/15
f 643/1396/8 647/1397/8 644/1398/8
f 646/1399/11 643/1400/11 642/1401/11
f 641/1402/7 647/1403/7 645/1404/7
f 583/1405/2 741/1406/2 621/1407/2
f 588/1408/16 739/1409/2 587/1410/16
f 578/1411/11 736/1412/11 737/1413/11
f 708/1414/8 622/1415/8 585/1416/8
f 650/1417/14 652/1418/14 649/1419/14
f 654/1420/2 649/1421/2 653/1422/2
f 656/1423/15 653/1424/15 655/1425/15
f 651/1426/8 655/1427/8 652/1428/8
f 654/1429/11 651/1430/11 650/1431/11
f 658/1432/14 660/1433/14 657/1434/14
f 661/1435/8 659/1436/8 658/1437/8
f 663/1438/15 662/1439/15 661/1440/15
f 657/1441/2 664/1442/2 663/1443/2
f 661/1444/11 657/1445/11 663/1446/11
f 666/1447/14 668/1448/14 665/1449/14
f 670/1450/2 665/1451/2 669/1452/2
f 672/1453/15 669/1454/15 671/1455/15
f 667/1456/8 671/1457/8 668/1458/8
f 670/1459/11 667/1460/11 666/1461/11
f 665/1462/7 671/1463/7 669/1464/7
f 701/1465/8 614/1466/8 702/1467/8
f 580/1468/7 699/1469/7 733/1470/7
f 700/1471/8 620/1472/8 616/1473/8
f 674/1474/14 676/1475/14 673/1476/14
f 678/1477/2 673/1478/2 677/1479/2
f 680/1480/15 677/1481/15 679/1482/15
f 675/1483/8 679/1484/8 676/1485/8
f 678/1486/11 675/1487/11 674/1488/11
f 682/1489/14 684/1490/14 681/1491/14
f 685/1492/8 683/1493/8 682/1494/8
f 687/1495/15 686/1496/15 685/1497/15
f 681/1498/2 688/1499/2 687/1500/2
f 685/1501/11 681/1502/11 687/1503/11
f 690/1504/14 692/1505/14 689/1506/14
f 694/1507/2 689/1508/2 693/1509/2
f 696/1510/15 693/1511/15 695/1512/15
f 691/1513/8 695/1514/8 692/1515/8
f 694/1516/11 691/1517/11 690/1518/11
f 689/1519/7 695/1520/7 693/1521/7
f 617/1522/8 737/1523/8 698/1524/8
f 582/1525/8 742/1526/8 581/1527/8
f 743/1528/8 586/1529/8 740/1530/8
f 579/1531/2 733/1532/2 703/1533/2
f 743/1534/11 582/1535/11 584/1536/11
f 744/1537/11 583/1538/11 624/1539/11
f 618/1540/11 735/1541/11 619/1542/11
f 739/1543/11 585/1544/11 587/1545/11
f 615/1546/7 700/1547/7 616/1548/7
f 741/1549/7 588/1550/7 621/1551/7
f 742/1552/7 623/1553/7 581/1554/7
f 710/1555/14 712/1556/14 709/1557/14
f 714/1558/2 709/1559/2 713/1560/2
f 716/1561/15 713/1562/15 715/1563/15
f 711/1564/8 715/1565/8 712/1566/8
f 714/1567/11 711/1568/11 710/1569/11
f 718/1570/14 720/1571/14 717/1572/14
f 721/1573/8 719/1574/8 718/1575/8
f 723/1576/15 722/1577/15 721/1578/15
f 717/1579/2 724/1580/2 723/1581/2
f 721/1582/11 717/1583/11 723/1584/11
f 726/1585/14 728/1586/14 725/1587/14
f 730/1588/2 725/1589/2 729/1590/2
f 732/1591/15 729/1592/15 731/1593/15
f 727/1594/8 731/1595/8 728/1596/8
f 730/1597/11 727/1598/11 726/1599/11
f 725/1600/7 731/1601/7 729/1602/7
f 735/1603/11 855/1604/11 818/1605/11
f 706/1606/2 821/1607/2 741/1608/2
f 824/1609/7 741/1610/7 821/1611/7
f 700/1612/7 851/1613/7 819/1614/7
f 698/1615/7 817/1616/7 734/1617/7
f 819/1618/8 736/1619/8 700/1620/8
f 858/1621/8 707/1622/8 708/1623/8
f 862/1624/11 704/1625/11 743/1626/11
f 733/1627/2 853/1628/2 703/1629/2
f 746/1630/14 748/1631/14 745/1632/14
f 750/1633/2 745/1634/2 749/1635/2
f 752/1636/15 749/1637/15 751/1638/15
f 747/1639/8 751/1640/8 748/1641/8
f 750/1642/11 747/1643/11 746/1644/11
f 754/1645/14 756/1646/14 753/1647/14
f 757/1648/8 755/1649/8 754/1650/8
f 759/1651/15 758/1652/15 757/1653/15
f 753/1654/2 760/1655/2 759/1656/2
f 757/1657/11 753/1658/11 759/1659/11
f 762/1660/14 764/1661/14 761/1662/14
f 766/1663/2 761/1664/2 765/1665/2
f 768/1666/15 765/1667/15 767/1668/15
f 763/1669/8 767/1670/8 764/1671/8
f 766/1672/11 763/1673/11 762/1674/11
f 761/1675/7 767/1676/7 765/1677/7
f 859/1678/7 740/1679/7 707/1680/7
f 850/1681/11 703/1682/11 853/1683/11
f 699/1684/7 852/1685/7 733/1686/7
f 738/1687/2 823/1688/2 739/1689/2
f 817/1690/2 697/1691/16 734/1692/16
f 770/1693/14 772/1694/14 769/1695/14
f 774/1696/2 769/1697/2 773/1698/2
f 776/1699/15 773/1700/15 775/1701/15
f 771/1702/8 775/1703/8 772/1704/8
f 774/1705/11 771/1706/11 770/1707/11
f 778/1708/14 780/1709/14 777/1710/14
f 781/1711/8 779/1712/8 778/1713/8
f 783/1714/15 782/1715/15 781/1716/15
f 777/1717/2 784/1718/2 783/1719/2
f 781/1720/11 777/1721/11 783/1722/11
f 786/1723/14 788/1724/14 785/1725/14
f 790/1726/2 785/1727/2 789/1728/2
f 792/1729/15 789/1730/15 791/1731/15
f 787/1732/8 791/1733/8 788/1734/8
f 790/1735/11 787/1736/11 786/1737/11
f 785/1738/7 791/1739/7 789/1740/7
f 863/1741/7 742/1742/7 861/1743/7
f 737/1744/11 856/1745/11 857/1746/11
f 820/1747/11 744/1748/11 864/1749/11
f 794/1750/14 796/1751/14 793/1752/14
f 798/1753/2 793/1754/2 797/1755/2
f 800/1756/15 797/1757/15 799/1758/15
f 795/1759/8 799/1760/8 796/1761/8
f 798/1762/11 795/1763/11 794/1764/11
f 802/1765/14 804/1766/14 801/1767/14
f 805/1768/8 803/1769/8 802/1770/8
f 807/1771/15 806/1772/15 805/1773/15
f 801/1774/2 808/1775/2 807/1776/2
f 805/1777/11 801/1778/11 807/1779/11
f 810/1780/14 812/1781/14 809/1782/14
f 814/1783/2 809/1784/2 813/1785/2
f 816/1786/15 813/1787/15 815/1788/15
f 811/1789/8 815/1790/8 812/1791/8
f 814/1792/11 811/1793/11 810/1794/11
f 809/1795/7 815/1796/7 813/1797/7
f 864/1798/2 705/1799/2 863/1800/2
f 851/1801/8 702/1802/8 850/1803/8
f 742/1804/8 860/1805/8 861/1806/8
f 854/1807/8 737/1808/8 857/1809/8
f 823/1810/11 708/1811/11 739/1812/11
f 699/1813/2 818/1814/2 849/1815/2
f 822/1816/8 743/1817/8 740/1818/8
f 826/1819/14 828/1820/14 825/1821/14
f 830/1822/2 825/1823/2 829/1824/2
f 832/1825/15 829/1826/15 831/1827/15
f 827/1828/8 831/1829/8 828/1830/8
f 830/1831/11 827/1832/11 826/1833/11
f 834/1834/14 836/1835/14 833/1836/14
f 837/1837/8 835/1838/8 834/1839/8
f 839/1840/15 838/1841/15 837/1842/15
f 833/1843/2 840/1844/2 839/1845/2
f 837/1846/11 833/1847/11 839/1848/11
f 842/1849/14 844/1850/14 841/1851/14
f 846/1852/2 841/1853/2 845/1854/2
f 848/1855/15 845/1856/15 847/1857/15
f 843/1858/8 847/1859/8 844/1860/8
f 846/1861/11 843/1862/11 842/1863/11
f 841/1864/7 847/1865/7 845/1866/7
f 857/1867/8 940/1868/8 854/1869/8
f 949/1870/7 824/1871/7 821/1872/7
f 978/1873/2 855/1874/2 817/1875/2
f 857/1876/11 938/1877/11 979/1878/11
f 818/1879/11 937/1880/11 939/1881/11
f 818/1882/2 976/1883/2 849/1884/2
f 821/1885/2 947/1886/2 949/1887/2
f 942/1888/8 851/1889/8 850/1890/8
f 853/1891/11 942/1892/11 850/1893/11
f 948/1894/11 860/1895/11 862/1896/11
f 984/1897/2 863/1898/2 983/1899/2
f 866/1900/14 868/1901/14 865/1902/14
f 870/1903/2 865/1904/2 869/1905/2
f 872/1906/15 869/1907/15 871/1908/15
f 867/1909/8 871/1910/8 868/1911/8
f 870/1912/11 867/1913/11 866/1914/11
f 874/1915/14 876/1916/14 873/1917/14
f 877/1918/8 875/1919/8 874/1920/8
f 879/1921/15 878/1922/15 877/1923/15
f 873/1924/2 880/1925/2 879/1926/2
f 877/1927/11 873/1928/11 879/1929/11
f 882/1930/14 884/1931/14 881/1932/14
f 886/1933/2 881/1934/2 885/1935/2
f 888/1936/15 885/1937/15 887/1938/15
f 883/1939/8 887/1940/8 884/1941/8
f 886/1942/11 883/1943/11 882/1944/11
f 881/1945/7 887/1946/7 885/1947/7
f 852/1948/7 976/1949/7 944/1950/7
f 890/1951/14 892/1952/14 889/1953/14
f 894/1954/2 889/1955/2 893/1956/2
f 896/1957/15 893/1958/15 895/1959/15
f 891/1960/8 895/1961/8 892/1962/8
f 894/1963/11 891/1964/11 890/1965/11
f 898/1966/14 900/1967/14 897/1968/14
f 901/1969/8 899/1970/8 898/1971/8
f 903/1972/15 902/1973/15 901/1974/15
f 897/1975/2 904/1976/2 903/1977/2
f 901/1978/11 897/1979/11 903/1980/11
f 906/1981/14 908/1982/14 905/1983/14
f 910/1984/2 905/1985/2 909/1986/2
f 912/1987/15 909/1988/15 911/1989/15
f 907/1990/8 911/1991/8 908/1992/8
f 910/1993/11 907/1994/11 906/1995/11
f 905/1996/7 911/1997/7 909/1998/7
f 817/1999/7 940/2000/7 978/2001/7
f 984/2002/11 820/2003/11 864/2004/11
f 941/2005/8 856/2006/8 819/2007/8
f 914/2008/14 916/2009/14 913/2010/14
f 918/2011/2 913/2012/2 917/2013/2
f 920/2014/15 917/2015/15 919/2016/15
f 915/2017/8 919/2018/8 916/2019/8
f 918/2020/11 915/2021/11 914/2022/11
f 922/2023/14 924/2024/14 921/2025/14
f 925/2026/8 923/2027/8 922/2028/8
f 927/2029/15 926/2030/15 925/2031/15
f 921/2032/2 928/2033/2 927/2034/2
f 925/2035/11 921/2036/11 927/2037/11
f 930/2038/14 932/2039/14 929/2040/14
f 934/2041/2 929/2042/2 933/2043/2
f 936/2044/15 933/2045/15 935/2046/15
f 931/2047/8 935/2048/8 932/2049/8
f 934/2050/11 931/2051/11 930/2052/11
f 929/2053/7 935/2054/7 933/2055/7
f 860/2056/8 945/2057/8 861/2058/8
f 950/2059/8 862/2060/8 822/2061/8
f 824/2062/2 980/2063/2 823/2064/2
f 853/2065/2 944/2066/2 943/2067/2
f 980/2068/11 858/2069/11 823/2070/11
f 982/2071/7 822/2072/7 859/2073/7
f 819/2074/7 977/2075/7 941/2076/7
f 945/2077/7 863/2078/7 861/2079/7
f 981/2080/8 859/2081/8 858/2082/8
f 953/2083/14 955/2084/14 952/2085/14
f 957/2086/2 952/2087/2 956/2088/2
f 959/2089/15 956/2090/15 958/2091/15
f 954/2092/8 958/2093/8 955/2094/8
f 957/2095/11 954/2096/11 953/2097/11
f 961/2098/14 963/2099/14 960/2100/14
f 964/2101/8 962/2102/8 961/2103/8
f 966/2104/15 965/2105/15 964/2106/15
f 960/2107/2 967/2108/2 966/2109/2
f 964/2110/11 960/2111/11 966/2112/11
f 969/2113/14 971/2114/14 968/2115/14
f 973/2116/2 968/2117/2 972/2118/2
f 975/2119/15 972/2120/15 974/2121/15
f 970/2122/8 974/2123/8 971/2124/8
f 973/2125/11 970/2126/11 969/2127/11
f 968/2128/7 974/2129/7 972/2130/7
f 1096/2131/8 938/2132/8 941/2133/8
f 941/2134/7 1062/2135/7 1096/2136/7
f 1065/2137/7 945/2138/7 1104/2139/7
f 1219/2140/8 1069/2141/17 1103/2142/17
f 945/2143/8 1064/2144/8 1104/2145/8
f 1065/2146/2 984/2147/2 983/2148/2
f 951/2149/18 1071/2150/2 980/2151/18
f 944/2152/7 1061/2153/7 1097/2154/7
f 1062/2155/8 942/2156/8 1063/2157/8
f 1099/2158/2 937/2159/2 978/2160/2
f 1068/2161/11 946/2162/11 948/2163/11
f 986/2164/14 988/2165/14 985/2166/14
f 990/2167/2 985/2168/2 989/2169/2
f 992/2170/15 989/2171/15 991/2172/15
f 987/2173/8 991/2174/8 988/2175/8
f 990/2176/11 987/2177/11 986/2178/11
f 994/2179/14 996/2180/14 993/2181/14
f 997/2182/8 995/2183/8 994/2184/8
f 999/2185/15 998/2186/15 997/2187/15
f 993/2188/2 1000/2189/2 999/2190/2
f 997/2191/11 993/2192/11 999/2193/11
f 1002/2194/14 1004/2195/14 1001/2196/14
f 1006/2197/2 1001/2198/2 1005/2199/2
f 1008/2200/15 1005/2201/15 1007/2202/15
f 1003/2203/8 1007/2204/8 1004/2205/8
f 1006/2206/11 1003/2207/11 1002/2208/11
f 1001/2209/7 1007/2210/7 1005/2211/7
f 940/2212/7 1099/2213/7 978/2214/7
f 1070/2215/7 951/2216/7 949/2217/7
f 976/2218/2 1058/2219/2 1061/2220/2
f 1071/2221/11 981/2222/11 980/2223/11
f 1010/2224/14 1012/2225/14 1009/2226/14
f 1014/2227/2 1009/2228/2 1013/2229/2
f 1016/2230/15 1013/2231/15 1015/2232/15
f 1011/2233/8 1015/2234/8 1012/2235/8
f 1014/2236/11 1011/2237/11 1010/2238/11
f 1018/2239/14 1020/2240/14 1017/2241/14
f 1021/2242/8 1019/2243/8 1018/2244/8
f 1023/2245/15 1022/2246/15 1021/2247/15
f 1017/2248/2 1024/2249/2 1023/2250/2
f 1021/2251/11 1017/2252/11 1023/2253/11
f 1026/2254/14 1028/2255/14 1025/2256/14
f 1030/2257/2 1025/2258/2 1029/2259/2
f 1032/2260/15 1029/2261/15 1031/2262/15
f 1027/2263/8 1031/2264/8 1028/2265/8
f 1030/2266/11 1027/2267/11 1026/2268/11
f 1025/2269/7 1031/2270/7 1029/2271/7
f 1069/2272/7 950/2273/7 982/2274/7
f 944/2275/2 1098/2276/2 943/2277/2
f 1059/2278/8 979/2279/8 1060/2280/8
f 938/2281/11 1060/2282/11 979/2283/11
f 947/2284/2 1070/2285/2 949/2286/2
f 1102/2287/8 948/2288/8 950/2289/8
f 1034/2290/14 1036/2291/14 1033/2292/14
f 1038/2293/2 1033/2294/2 1037/2295/2
f 1040/2296/15 1037/2297/15 1039/2298/15
f 1035/2299/8 1039/2300/8 1036/2301/8
f 1038/2302/11 1035/2303/11 1034/2304/11
f 1042/2305/14 1044/2306/14 1041/2307/14
f 1045/2308/8 1043/2309/8 1042/2310/8
f 1047/2311/15 1046/2312/15 1045/2313/15
f 1041/2314/2 1048/2315/2 1047/2316/2
f 1045/2317/11 1041/2318/11 1047/2319/11
f 1050/2320/14 1052/2321/14 1049/2322/14
f 1054/2323/2 1049/2324/2 1053/2325/2
f 1056/2326/15 1053/2327/15 1055/2328/15
f 1051/2329/8 1055/2330/8 1052/2331/8
f 1054/2332/11 1051/2333/11 1050/2334/11
f 1049/2335/7 1055/2336/7 1053/2337/7
f 1103/2338/8 982/2339/8 981/2340/8
f 1063/2341/11 943/2342/11 1098/2343/11
f 939/2344/11 1057/2345/11 1058/2346/11
f 1067/2347/11 947/2348/11 984/2349/11
f 1073/2350/14 1075/2351/14 1072/2352/14
f 1077/2353/2 1072/2354/2 1076/2355/2
f 1079/2356/15 1076/2357/15 1078/2358/15
f 1074/2359/8 1078/2360/8 1075/2361/8
f 1077/2362/11 1074/2363/11 1073/2364/11
f 1081/2365/14 1083/2366/14 1080/2367/14
f 1084/2368/8 1082/2369/8 1081/2370/8
f 1086/2371/15 1085/2372/15 1084/2373/19
f 1080/2374/2 1087/2375/2 1086/2376/2
f 1084/2377/11 1080/2378/11 1086/2379/11
f 1089/2380/14 1091/2381/14 1088/2382/14
f 1093/2383/2 1088/2384/2 1092/2385/2
f 1095/2386/15 1092/2387/15 1094/2388/15
f 1090/2389/8 1094/2390/8 1091/2391/8
f 1093/2392/11 1090/2393/11 1089/2394/11
f 1088/2395/7 1094/2396/7 1092/2397/7
f 1181/2398/8 1100/2399/8 1096/2400/8
f 1182/2401/8 1062/2402/17 1063/2403/17
f 1060/2404/8 1214/2405/8 1059/2406/8
f 1071/2407/2 1217/2408/2 1188/2409/2
f 1097/2410/7 1180/2411/7 1184/2412/7
f 1066/2413/2 1218/2414/2 1070/2415/2
f 1058/2416/11 1216/2417/11 1178/2418/11
f 1222/2419/7 1065/2420/7 1104/2421/7
f 1216/2422/2 1099/2423/2 1215/2424/2
f 1106/2425/14 1108/2426/14 1105/2427/14
f 1110/2428/2 1105/2429/2 1109/2430/2
f 1112/2431/15 1109/2432/15 1111/2433/15
f 1107/2434/8 1111/2435/8 1108/2436/8
f 1110/2437/11 1107/2438/11 1106/2439/11
f 1114/2440/14 1116/2441/14 1113/2442/14
f 1117/2443/8 1115/2444/8 1114/2445/8
f 1119/2446/15 1118/2447/15 1117/2448/15
f 1113/2449/2 1120/2450/2 1119/2451/2
f 1117/2452/11 1113/2453/11 1119/2454/11
f 1122/2455/14 1124/2456/14 1121/2457/14
f 1126/2458/2 1121/2459/2 1125/2460/2
f 1128/2461/15 1125/2462/15 1127/2463/15
f 1123/2464/8 1127/2465/8 1124/2466/8
f 1126/2467/11 1123/2468/11 1122/2469/11
f 1121/2470/7 1127/2471/7 1125/2472/7
f 1061/2473/2 1178/2474/2 1180/2475/2
f 1130/2476/14 1132/2477/14 1129/2478/14
f 1134/2479/2 1129/2480/2 1133/2481/2
f 1136/2482/15 1133/2483/15 1135/2484/15
f 1131/2485/8 1135/2486/8 1132/2487/8
f 1134/2488/11 1131/2489/11 1130/2490/11
f 1138/2491/14 1140/2492/14 1137/2493/14
f 1141/2494/8 1139/2495/8 1138/2496/8
f 1143/2497/15 1142/2498/15 1141/2499/15
f 1137/2500/2 1144/2501/2 1143/2502/2
f 1141/2503/11 1137/2504/11 1143/2505/11
f 1146/2506/14 1148/2507/14 1145/2508/14
f 1150/2509/2 1145/2510/2 1149/2511/2
f 1152/2512/15 1149/2513/15 1151/2514/15
f 1147/2515/8 1151/2516/8 1148/2517/8
f 1150/2518/11 1147/2519/11 1146/2520/11
f 1145/2521/7 1151/2522/7 1149/2523/7
f 1182/2524/11 1098/2525/11 1183/2526/11
f 1221/2527/11 1068/2528/11 1223/2529/11
f 1219/2530/11 1071/2531/11 1188/2532/11
f 1187/2533/8 1068/2534/8 1102/2535/8
f 1220/2536/7 1102/2537/7 1069/2538/7
f 1154/2539/14 1156/2540/14 1153/2541/14
f 1158/2542/2 1153/2543/2 1157/2544/2
f 1160/2545/15 1157/2546/15 1159/2547/15
f 1155/2548/8 1159/2549/8 1156/2550/8
f 1158/2551/11 1155/2552/11 1154/2553/11
f 1162/2554/14 1164/2555/14 1161/2556/14
f 1165/2557/8 1163/2558/8 1162/2559/8
f 1167/2560/15 1166/2561/15 1165/2562/15
f 1161/2563/2 1168/2564/2 1167/2565/2
f 1165/2566/11 1161/2567/11 1167/2568/11
f 1170/2569/14 1172/2570/14 1169/2571/14
f 1174/2572/2 1169/2573/2 1173/2574/2
f 1176/2575/15 1173/2576/15 1175/2577/15
f 1171/2578/8 1175/2579/8 1172/2580/8
f 1174/2581/11 1171/2582/11 1170/2583/11
f 1169/2584/7 1175/2585/7 1173/2586/7
f 1185/2587/2 1067/2588/2 1065/2589/2
f 1062/2590/7 1181/2591/7 1096/2592/7
f 1099/2593/7 1214/2594/7 1215/2595/7
f 1097/2596/2 1183/2597/16 1098/2598/2
f 1100/2599/11 1179/2600/11 1060/2601/11
f 1064/2602/8 1222/2603/8 1104/2604/8
f 1218/2605/7 1101/2606/7 1070/2607/7
f 1224/2608/11 1066/2609/11 1067/2610/11
f 1190/2611/14 1192/2612/14 1189/2613/14
f 1194/2614/2 1189/2615/2 1193/2616/2
f 1196/2617/15 1193/2618/15 1195/2619/15
f 1191/2620/8 1195/2621/8 1192/2622/8
f 1194/2623/11 1191/2624/11 1190/2625/11
f 1198/2626/14 1200/2627/14 1197/2628/14
f 1201/2629/8 1199/2630/8 1198/2631/8
f 1203/2632/15 1202/2633/15 1201/2634/15
f 1197/2635/2 1204/2636/2 1203/2637/2
f 1201/2638/11 1197/2639/11 1203/2640/11
f 1206/2641/14 1208/2642/14 1205/2643/14
f 1210/2644/2 1205/2645/2 1209/2646/2
f 1212/2647/15 1209/2648/15 1211/2649/15
f 1207/2650/8 1211/2651/8 1208/2652/8
f 1210/2653/11 1207/2654/11 1206/2655/11
f 1205/2656/7 1211/2657/7 1209/2658/7
f 1215/2659/7 1337/2660/7 1297/2661/7
f 1213/2662/7 1334/2663/7 1181/2664/7
f 1333/2665/20 1182/2666/8 1301/2667/20
f 1214/2668/8 1299/2669/8 1337/2670/8
f 1341/2671/20 1220/2672/17 1219/2673/17
f 1217/2674/18 1340/2675/2 1188/2676/18
f 1307/2677/8 1223/2678/8 1187/2679/8
f 1306/2680/7 1217/2681/7 1218/2682/7
f 1342/2683/7 1187/2684/7 1220/2685/7
f 1297/2686/2 1216/2687/2 1215/2688/2
f 1226/2689/14 1228/2690/14 1225/2691/14
f 1230/2692/2 1225/2693/2 1229/2694/2
f 1232/2695/15 1229/2696/15 1231/2697/15
f 1227/2698/8 1231/2699/8 1228/2700/8
f 1230/2701/11 1227/2702/11 1226/2703/11
f 1234/2704/14 1236/2705/14 1233/2706/14
f 1237/2707/8 1235/2708/8 1234/2709/8
f 1239/2710/15 1238/2711/15 1237/2712/15
f 1233/2713/2 1240/2714/2 1239/2715/2
f 1237/2716/11 1233/2717/11 1239/2718/11
f 1242/2719/14 1244/2720/14 1241/2721/14
f 1246/2722/2 1241/2723/2 1245/2724/2
f 1248/2725/15 1245/2726/15 1247/2727/15
f 1243/2728/8 1247/2729/8 1244/2730/8
f 1246/2731/11 1243/2732/11 1242/2733/11
f 1241/2734/7 1247/2735/7 1245/2736/7
f 1303/2737/7 1222/2738/7 1302/2739/7
f 1306/2740/2 1186/2741/2 1304/2742/2
f 1250/2743/14 1252/2744/14 1249/2745/14
f 1254/2746/2 1249/2747/2 1253/2748/2
f 1256/2749/15 1253/2750/15 1255/2751/15
f 1251/2752/8 1255/2753/8 1252/2754/8
f 1254/2755/11 1251/2756/11 1250/2757/11
f 1258/2758/14 1260/2759/14 1257/2760/14
f 1261/2761/8 1259/2762/8 1258/2763/8
f 1263/2764/15 1262/2765/15 1261/2766/15
f 1257/2767/2 1264/2768/2 1263/2769/2
f 1261/2770/11 1257/2771/11 1263/2772/11
f 1266/2773/14 1268/2774/14 1265/2775/14
f 1270/2776/2 1265/2777/2 1269/2778/2
f 1272/2779/15 1269/2780/15 1271/2781/15
f 1267/2782/8 1271/2783/8 1268/2784/8
f 1270/2785/11 1267/2786/11 1266/2787/11
f 1265/2788/7 1271/2789/7 1269/2790/7
f 1177/2791/11 1299/2792/11 1179/2793/11
f 1334/2794/8 1177/2795/8 1181/2796/8
f 1178/2797/2 1300/2798/2 1180/2799/2
f 1340/2800/11 1219/2801/11 1188/2802/11
f 1180/2803/7 1335/2804/7 1184/2805/7
f 1184/2806/2 1336/2807/2 1183/2808/2
f 1274/2809/14 1276/2810/14 1273/2811/14
f 1278/2812/2 1273/2813/2 1277/2814/2
f 1280/2815/15 1277/2816/15 1279/2817/15
f 1275/2818/8 1279/2819/8 1276/2820/8
f 1278/2821/11 1275/2822/11 1274/2823/11
f 1282/2824/14 1284/2825/14 1281/2826/14
f 1285/2827/8 1283/2828/8 1282/2829/8
f 1287/2830/15 1286/2831/15 1285/2832/15
f 1281/2833/2 1288/2834/2 1287/2835/2
f 1285/2836/11 1281/2837/11 1287/2838/11
f 1290/2839/14 1292/2840/14 1289/2841/14
f 1294/2842/2 1289/2843/2 1293/2844/2
f 1296/2845/15 1293/2846/15 1295/2847/15
f 1291/2848/8 1295/2849/8 1292/2850/8
f 1294/2851/11 1291/2852/11 1290/2853/11
f 1289/2854/7 1295/2855/7 1293/2856/7
f 1305/2857/2 1185/2858/2 1303/2859/2
f 1182/2860/11 1336/2861/11 1301/2862/11
f 1344/2863/11 1221/2864/11 1223/2865/11
f 1305/2866/11 1186/2867/11 1224/2868/11
f 1216/2869/11 1339/2870/11 1178/2871/11
f 1222/2872/8 1343/2873/8 1302/2874/8
f 1310/2875/14 1312/2876/14 1309/2877/14
f 1314/2878/2 1309/2879/2 1313/2880/2
f 1316/2881/15 1313/2882/15 1315/2883/15
f 1311/2884/8 1315/2885/8 1312/2886/8
f 1314/2887/11 1311/2888/11 1310/2889/11
f 1318/2890/14 1320/2891/14 1317/2892/21
f 1321/2893/8 1319/2894/8 1318/2895/8
f 1323/2896/15 1322/2897/15 1321/2898/15
f 1317/2899/2 1324/2900/2 1323/2901/2
f 1321/2902/11 1317/2903/11 1323/2904/11
f 1326/2905/14 1328/2906/14 1325/2907/14
f 1330/2908/2 1325/2909/2 1329/2910/2
f 1332/2911/15 1329/2912/15 1331/2913/15
f 1327/2914/8 1331/2915/8 1328/2916/8
f 1330/2917/11 1327/2918/11 1326/2919/11
f 1325/2920/7 1331/2921/7 1329/2922/7
f 1339/2923/11 1418/2924/11 1420/2925/11
f 1417/2926/16 1338/2927/2 1297/2928/2
f 1461/2929/7 1308/2930/7 1306/2931/7
f 1297/2932/7 1458/2933/7 1417/2934/7
f 1334/2935/7 1455/2936/7 1456/2937/7
f 1335/2938/7 1422/2939/7 1423/2940/7
f 1299/2941/11 1419/2942/11 1421/2943/11
f 1304/2944/2 1461/2945/2 1306/2946/2
f 1454/2947/17 1333/2948/20 1301/2949/20
f 1426/2950/11 1343/2951/11 1344/2952/11
f 1346/2953/14 1348/2954/14 1345/2955/14
f 1350/2956/2 1345/2957/2 1349/2958/2
f 1352/2959/15 1349/2960/15 1351/2961/15
f 1347/2962/8 1351/2963/8 1348/2964/8
f 1350/2965/11 1347/2966/11 1346/2967/11
f 1354/2968/14 1356/2969/14 1353/2970/14
f 1357/2971/8 1355/2972/8 1354/2973/8
f 1359/2974/15 1358/2975/15 1357/2976/15
f 1353/2977/2 1360/2978/2 1359/2979/2
f 1357/2980/11 1353/2981/11 1359/2982/11
f 1362/2983/14 1364/2984/14 1361/2985/14
f 1366/2986/2 1361/2987/2 1365/2988/2
f 1368/2989/15 1365/2990/15 1367/2991/15
f 1363/2992/8 1367/2993/8 1364/2994/8
f 1366/2995/11 1363/2996/11 1362/2997/11
f 1361/2998/7 1367/2999/7 1365/3000/7
f 1456/3001/8 1298/3002/8 1334/3003/8
f 1335/3004/2 1457/3005/16 1336/3006/2
f 1300/3007/2 1420/3008/2 1422/3009/2
f 1426/3010/20 1307/3011/8 1460/3012/20
f 1370/3013/14 1372/3014/14 1369/3015/14
f 1374/3016/2 1369/3017/2 1373/3018/2
f 1376/3019/15 1373/3020/15 1375/3021/15
f 1371/3022/8 1375/3023/8 1372/3024/8
f 1374/3025/11 1371/3026/11 1370/3027/11
f 1378/3028/14 1380/3029/14 1377/3030/14
f 1381/3031/8 1379/3032/8 1378/3033/8
f 1383/3034/15 1382/3035/15 1381/3036/15
f 1377/3037/2 1384/3038/2 1383/3039/2
f 1381/3040/11 1377/3041/11 1383/3042/11
f 1386/3043/14 1388/3044/14 1385/3045/14
f 1390/3046/2 1385/3047/2 1389/3048/2
f 1392/3049/15 1389/3050/15 1391/3051/15
f 1387/3052/8 1391/3053/8 1388/3054/8
f 1390/3055/11 1387/3056/11 1386/3057/11
f 1385/3058/7 1391/3059/7 1389/3060/7
f 1458/3061/8 1299/3062/8 1421/3063/8
f 1463/3064/7 1303/3065/7 1302/3066/7
f 1394/3067/14 1396/3068/14 1393/3069/14
f 1398/3070/2 1393/3071/2 1397/3072/2
f 1400/3073/15 1397/3074/15 1399/3075/15
f 1395/3076/8 1399/3077/8 1396/3078/8
f 1398/3079/11 1395/3080/11 1394/3081/11
f 1402/3082/14 1404/3083/14 1401/3084/14
f 1405/3085/8 1403/3086/8 1402/3087/8
f 1407/3088/15 1406/3089/15 1405/3090/15
f 1401/3091/2 1408/3092/2 1407/3093/2
f 1405/3094/11 1401/3095/11 1407/3096/11
f 1410/3097/14 1412/3098/14 1409/3099/14
f 1414/3100/2 1409/3101/2 1413/3102/2
f 1416/3103/15 1413/3104/15 1415/3105/15
f 1411/3106/8 1415/3107/8 1412/3108/8
f 1414/3109/11 1411/3110/11 1410/3111/11
f 1409/3112/7 1415/3113/7 1413/3114/7
f 1336/3115/11 1454/3116/11 1301/3117/11
f 1427/3118/7 1307/3119/7 1342/3120/7
f 1343/3121/17 1463/3122/8 1302/3123/17
f 1464/3124/2 1305/3125/2 1303/3126/2
f 1459/3127/11 1341/3128/11 1340/3129/11
f 1428/3130/20 1342/3131/8 1341/3132/8
f 1308/3133/18 1459/3134/16 1340/3135/18
f 1425/3136/11 1304/3137/11 1305/3138/11
f 1431/3139/14 1433/3140/14 1430/3141/14
f 1435/3142/2 1430/3143/2 1434/3144/2
f 1437/3145/15 1434/3146/15 1436/3147/15
f 1432/3148/8 1436/3149/8 1433/3150/8
f 1435/3151/11 1432/3152/11 1431/3153/11
f 1439/3154/14 1441/3155/14 1438/3156/14
f 1442/3157/8 1440/3158/8 1439/3159/8
f 1444/3160/15 1443/3161/15 1442/3162/15
f 1438/3163/2 1445/3164/2 1444/3165/2
f 1442/3166/11 1438/3167/11 1444/3168/11
f 1447/3169/14 1449/3170/14 1446/3171/14
f 1451/3172/2 1446/3173/2 1450/3174/2
f 1453/3175/15 1450/3176/15 1452/3177/15
f 1448/3178/8 1452/3179/8 1449/3180/8
f 1451/3181/11 1448/3182/11 1447/3183/11
f 1446/3184/7 1452/3185/7 1450/3186/7
f 1543/3187/11 1426/3188/11 1547/3189/11
f 1419/3190/11 1581/3191/11 1421/3192/11
f 1455/3193/7 1577/3194/7 1456/3195/7
f 1550/3196/7 1427/3197/7 1548/3198/7
f 1421/3199/8 1539/3200/8 1458/3201/8
f 1544/3202/2 1425/3203/2 1464/3204/2
f 1541/3205/17 1455/3206/17 1454/3207/17
f 1459/3208/16 1551/3209/2 1582/3210/2
f 1463/3211/8 1543/3212/8 1584/3213/8
f 1466/3214/14 1468/3215/14 1465/3216/14
f 1470/3217/2 1465/3218/2 1469/3219/2
f 1472/3220/15 1469/3221/15 1471/3222/15
f 1467/3223/8 1471/3224/8 1468/3225/8
f 1470/3226/11 1467/3227/11 1466/3228/11
f 1474/3229/14 1476/3230/14 1473/3231/14
f 1477/3232/8 1475/3233/8 1474/3234/8
f 1479/3235/15 1478/3236/15 1477/3237/15
f 1473/3238/2 1480/3239/2 1479/3240/2
f 1477/3241/11 1473/3242/11 1479/3243/11
f 1482/3244/14 1484/3245/14 1481/3246/14
f 1486/3247/2 1481/3248/2 1485/3249/2
f 1488/3250/15 1485/3251/15 1487/3252/15
f 1483/3253/8 1487/3254/8 1484/3255/8
f 1486/3256/11 1483/3257/11 1482/3258/11
f 1481/3259/7 1487/3260/7 1485/3261/7
f 1549/3262/7 1429/3263/7 1461/3264/7
f 1549/3265/18 1424/3266/2 1545/3267/18
f 1550/3268/8 1426/3269/8 1460/3270/8
f 1584/3271/7 1464/3272/7 1463/3273/7
f 1490/3274/14 1492/3275/14 1489/3276/14
f 1494/3277/2 1489/3278/2 1493/3279/2
f 1496/3280/15 1493/3281/15 1495/3282/15
f 1491/3283/8 1495/3284/8 1492/3285/8
f 1494/3286/11 1491/3287/11 1490/3288/11
f 1498/3289/14 1500/3290/14 1497/3291/14
f 1501/3292/8 1499/3293/8 1498/3294/8
f 1503/3295/15 1502/3296/15 1501/3297/15
f 1497/3298/2 1504/3299/2 1503/3300/2
f 1501/3301/11 1497/3302/11 1503/3303/11
f 1506/3304/14 1508/3305/14 1505/3306/14
f 1510/3307/2 1505/3308/2 1509/3309/2
f 1512/3310/15 1509/3311/15 1511/3312/15
f 1507/3313/8 1511/3314/8 1508/3315/8
f 1510/3316/11 1507/3317/11 1506/3318/11
f 1505/3319/7 1511/3320/7 1509/3321/7
f 1546/3322/11 1424/3323/11 1425/3324/11
f 1577/3325/8 1419/3326/8 1456/3327/8
f 1420/3328/16 1576/3329/2 1422/3330/16
f 1420/3331/11 1537/3332/11 1538/3333/11
f 1514/3334/14 1516/3335/14 1513/3336/14
f 1518/3337/2 1513/3338/2 1517/3339/2
f 1520/3340/15 1517/3341/15 1519/3342/15
f 1515/3343/8 1519/3344/8 1516/3345/8
f 1518/3346/11 1515/3347/11 1514/3348/11
f 1522/3349/14 1524/3350/14 1521/3351/14
f 1525/3352/8 1523/3353/8 1522/3354/8
f 1527/3355/15 1526/3356/15 1525/3357/15
f 1521/3358/2 1528/3359/2 1527/3360/2
f 1525/3361/11 1521/3362/11 1527/3363/11
f 1530/3364/14 1532/3365/14 1529/3366/14
f 1534/3367/2 1529/3368/2 1533/3369/2
f 1536/3370/22 1533/3371/15 1535/3372/22
f 1531/3373/8 1535/3374/8 1532/3375/8
f 1534/3376/11 1531/3377/11 1530/3378/11
f 1529/3379/7 1535/3380/7 1533/3381/7
f 1457/3382/11 1541/3383/11 1454/3384/11
f 1457/3385/16 1578/3386/2 1542/3387/2
f 1579/3388/2 1418/3389/2 1417/3390/2
f 1583/3391/8 1427/3392/17 1428/3393/17
f 1583/3394/11 1459/3395/11 1582/3396/11
f 1423/3397/7 1576/3398/7 1578/3399/7
f 1417/3400/7 1539/3401/7 1579/3402/7
f 1553/3403/14 1555/3404/14 1552/3405/14
f 1557/3406/2 1552/3407/2 1556/3408/2
f 1559/3409/15 1556/3410/15 1558/3411/15
f 1554/3412/8 1558/3413/8 1555/3414/8
f 1557/3415/11 1554/3416/11 1553/3417/11
f 1561/3418/14 1563/3419/14 1560/3420/14
f 1564/3421/8 1562/3422/8 1561/3423/8
f 1566/3424/15 1565/3425/15 1564/3426/15
f 1560/3427/2 1567/3428/2 1566/3429/2
f 1564/3430/11 1560/3431/11 1566/3432/11
f 1569/3433/14 1571/3434/14 1568/3435/14
f 1573/3436/2 1568/3437/2 1572/3438/2
f 1575/3439/15 1572/3440/15 1574/3441/15
f 1570/3442/8 1574/3443/8 1571/3444/8
f 1573/3445/11 1570/3446/11 1569/3447/11
f 1568/3448/7 1574/3449/7 1572/3450/7
f 1939/3451/10 2017/3452/10 2053/3453/10
f 1937/3454/18 2049/3455/2 2050/3456/2
f 1810/3457/7 1935/3458/7 1902/3459/7
f 1579/3460/7 1660/3461/7 1657/3462/7
f 1658/3463/18 1579/3464/2 1657/3465/18
f 2062/3466/10 1944/3467/10 2022/3468/23
f 1666/3469/11 1547/3470/11 1667/3471/11
f 1943/3472/11 1782/3473/11 1906/3474/11
f 1586/3475/14 1588/3476/14 1585/3477/14
f 1590/3478/2 1585/3479/2 1589/3480/2
f 1592/3481/15 1589/3482/15 1591/3483/15
f 1587/3484/8 1591/3485/8 1588/3486/8
f 1590/3487/11 1587/3488/11 1586/3489/11
f 1594/3490/14 1596/3491/14 1593/3492/14
f 1597/3493/8 1595/3494/8 1594/3495/8
f 1599/3496/15 1598/3497/15 1597/3498/15
f 1593/3499/2 1600/3500/2 1599/3501/2
f 1597/3502/11 1593/3503/11 1599/3504/11
f 1602/3505/14 1604/3506/14 1601/3507/14
f 1606/3508/2 1601/3509/2 1605/3510/2
f 1608/3511/15 1605/3512/15 1607/3513/15
f 1603/3514/8 1607/3515/8 1604/3516/8
f 1606/3517/11 1603/3518/11 1602/3519/11
f 1601/3520/7 1607/3521/7 1605/3522/7
f 1698/3523/8 1580/3524/8 1577/3525/8
f 1901/3526/17 1809/3527/17 1808/3528/17
f 1816/3529/16 1701/3530/16 1783/3531/16
f 1670/3532/2 1545/3533/2 1702/3534/2
f 1671/3535/8 1547/3536/8 1550/3537/8
f 1610/3538/14 1612/3539/14 1609/3540/14
f 1614/3541/2 1609/3542/2 1613/3543/2
f 1616/3544/15 1613/3545/15 1615/3546/15
f 1611/3547/8 1615/3548/8 1612/3549/8
f 1614/3550/11 1611/3551/11 1610/3552/11
f 1618/3553/14 1620/3554/14 1617/3555/14
f 1621/3556/8 1619/3557/8 1618/3558/8
f 1623/3559/15 1622/3560/15 1621/3561/15
f 1617/3562/2 1624/3563/2 1623/3564/2
f 1621/3565/11 1617/3566/11 1623/3567/11
f 1626/3568/14 1628/3569/14 1625/3570/14
f 1630/3571/2 1625/3572/2 1629/3573/2
f 1632/3574/15 1629/3575/15 1631/3576/15
f 1627/3577/8 1631/3578/8 1628/3579/8
f 1630/3580/11 1627/3581/11 1626/3582/11
f 1625/3583/7 1631/3584/7 1629/3585/7
f 1538/3586/2 1662/3587/2 1576/3588/2
f 1664/3589/7 1779/3590/7 1810/3591/7
f 1671/3592/7 1548/3593/7 1668/3594/7
f 1669/3595/11 1582/3596/11 1672/3597/11
f 1634/3598/14 1636/3599/14 1633/3600/14
f 1638/3601/2 1633/3602/2 1637/3603/2
f 1640/3604/15 1637/3605/15 1639/3606/15
f 1635/3607/8 1639/3608/8 1636/3609/8
f 1638/3610/11 1635/3611/11 1634/3612/11
f 1642/3613/14 1644/3614/14 1641/3615/14
f 1645/3616/8 1643/3617/8 1642/3618/8
f 1647/3619/15 1646/3620/15 1645/3621/15
f 1641/3622/2 1648/3623/2 1647/3624/2
f 1645/3625/11 1641/3626/11 1647/3627/11
f 1650/3628/24 1652/3629/14 1649/3630/24
f 1654/3631/2 1649/3632/2 1653/3633/2
f 1656/3634/15 1653/3635/15 1655/3636/15
f 1651/3637/8 1655/3638/8 1652/3639/8
f 1654/3640/11 1651/3641/11 1650/3642/11
f 1649/3643/7 1655/3644/7 1653/3645/7
f 1670/3646/7 1551/3647/7 1549/3648/7
f 1782/3649/11 1666/3650/11 1667/3651/11
f 1674/3652/14 1676/3653/14 1673/3654/14
f 1678/3655/2 1673/3656/2 1677/3657/2
f 1680/3658/15 1677/3659/15 1679/3660/15
f 1675/3661/8 1679/3662/8 1676/3663/8
f 1678/3664/11 1675/3665/11 1674/3666/11
f 1682/3667/14 1684/3668/14 1681/3669/14
f 1685/3670/8 1683/3671/8 1682/3672/8
f 1687/3673/15 1686/3674/15 1685/3675/15
f 1681/3676/2 1688/3677/2 1687/3678/2
f 1685/3679/11 1681/3680/11 1687/3681/11
f 1690/3682/14 1692/3683/14 1689/3684/14
f 1694/3685/2 1689/3686/2 1693/3687/2
f 1696/3688/15 1693/3689/15 1695/3690/15
f 1691/3691/8 1695/3692/8 1692/3693/8
f 1694/3694/11 1691/3695/11 1690/3696/11
f 1689/3697/7 1695/3698/7 1693/3699/7
f 1815/3700/11 1940/3701/11 1778/3702/11
f 2052/3703/2 1897/3704/16 1938/3705/16
f 1669/3706/17 1548/3707/8 1583/3708/8
f 1702/3709/11 1546/3710/11 1704/3711/11
f 1941/3712/8 1820/3713/17 1819/3714/17
f 1706/3715/14 1708/3716/14 1705/3717/14
f 1710/3718/2 1705/3719/2 1709/3720/2
f 1712/3721/15 1709/3722/15 1711/3723/15
f 1707/3724/8 1711/3725/8 1708/3726/8
f 1710/3727/11 1707/3728/11 1706/3729/11
f 1714/3730/14 1716/3731/14 1713/3732/14
f 1717/3733/8 1715/3734/8 1714/3735/8
f 1719/3736/15 1718/3737/15 1717/3738/15
f 1713/3739/2 1720/3740/2 1719/3741/2
f 1717/3742/11 1713/3743/11 1719/3744/11
f 1722/3745/14 1724/3746/14 1721/3747/14
f 1726/3748/2 1721/3749/2 1725/3750/2
f 1728/3751/15 1725/3752/15 1727/3753/15
f 1723/3754/8 1727/3755/8 1724/3756/8
f 1726/3757/11 1723/3758/11 1722/3759/11
f 1721/3760/7 1727/3761/7 1725/3762/7
f 1813/3763/7 1899/3764/7 1938/3765/7
f 1662/3766/16 1814/3767/18 1779/3768/18
f 1817/3769/8 1667/3770/8 1671/3771/8
f 2061/3772/7 1904/3773/7 1903/3774/7
f 1730/3775/14 1732/3776/14 1729/3777/14
f 1734/3778/2 1729/3779/2 1733/3780/2
f 1736/3781/15 1733/3782/15 1735/3783/15
f 1731/3784/8 1735/3785/8 1732/3786/8
f 1734/3787/11 1731/3788/11 1730/3789/11
f 1738/3790/14 1740/3791/14 1737/3792/14
f 1741/3793/8 1739/3794/8 1738/3795/8
f 1743/3796/15 1742/3797/15 1741/3798/15
f 1737/3799/2 1744/3800/2 1743/3801/2
f 1741/3802/11 1737/3803/11 1743/3804/11
f 1746/3805/14 1748/3806/14 1745/3807/14
f 1750/3808/2 1745/3809/2 1749/3810/2
f 1752/3811/15 1749/3812/15 1751/3813/15
f 1747/3814/8 1751/3815/8 1748/3816/8
f 1750/3817/11 1747/3818/11 1746/3819/11
f 1745/3820/7 1751/3821/7 1749/3822/7
f 1780/3823/17 1700/3824/8 1698/3825/8
f 1665/3826/17 1821/3827/8 1822/3828/8
f 1822/3829/7 1703/3830/7 1665/3831/7
f 1816/3832/11 1669/3833/11 1672/3834/11
f 1702/3835/2 1818/3836/2 1670/3837/2
f 1754/3838/14 1756/3839/14 1753/3840/14
f 1758/3841/2 1753/3842/2 1757/3843/2
f 1760/3844/15 1757/3845/15 1759/3846/15
f 1755/3847/8 1759/3848/8 1756/3849/8
f 1758/3850/11 1755/3851/11 1754/3852/11
f 1762/3853/14 1764/3854/14 1761/3855/14
f 1765/3856/8 1763/3857/8 1762/3858/8
f 1767/3859/15 1766/3860/15 1765/3861/15
f 1761/3862/2 1768/3863/2 1767/3864/2
f 1765/3865/11 1761/3866/11 1767/3867/11
f 1770/3868/14 1772/3869/14 1769/3870/14
f 1774/3871/2 1769/3872/2 1773/3873/2
f 1776/3874/15 1773/3875/15 1775/3876/15
f 1771/3877/8 1775/3878/8 1772/3879/8
f 1774/3880/11 1771/3881/11 1770/3882/11
f 1769/3883/7 1775/3884/7 1773/3885/7
f 1811/3886/16 1902/3887/16 1937/3888/16
f 1658/3889/11 1814/3890/11 1659/3891/11
f 1538/3892/11 1658/3893/11 1659/3894/11
f 2060/3895/5 1908/3896/5 1942/3897/5
f 1824/3898/11 1702/3899/11 1704/3900/11
f 1785/3901/14 1787/3902/14 1784/3903/14
f 1789/3904/2 1784/3905/2 1788/3906/2
f 1791/3907/15 1788/3908/15 1790/3909/15
f 1786/3910/8 1790/3911/8 1787/3912/8
f 1789/3913/11 1786/3914/11 1785/3915/11
f 1793/3916/14 1795/3917/14 1792/3918/14
f 1796/3919/8 1794/3920/8 1793/3921/8
f 1798/3922/15 1797/3923/15 1796/3924/15
f 1792/3925/2 1799/3926/2 1798/3927/2
f 1796/3928/11 1792/3929/11 1798/3930/11
f 1801/3931/14 1803/3932/14 1800/3933/14
f 1805/3934/2 1800/3935/2 1804/3936/2
f 1807/3937/15 1804/3938/15 1806/3939/15
f 1802/3940/8 1806/3941/8 1803/3942/8
f 1805/3943/11 1802/3944/11 1801/3945/11
f 1800/3946/7 1806/3947/7 1804/3948/7
f 1780/3949/7 1900/3950/7 1936/3951/7
f 1664/3952/18 1811/3953/2 1699/3954/18
f 1699/3955/11 1808/3956/11 1663/3957/11
f 1936/3958/8 1815/3959/17 1780/3960/17
f 1812/3961/8 1661/3962/8 1778/3963/8
f 1813/3964/2 1658/3965/2 1657/3966/2
f 2051/3967/8 1940/3968/8 2054/3969/8
f 1580/3970/11 1661/3971/11 1581/3972/11
f 1700/3973/11 1778/3974/11 1661/3975/11
f 1818/3976/18 1905/3977/2 1907/3978/2
f 2063/3979/10 1943/3980/10 1906/3981/10
f 1944/3982/11 1823/3983/11 1824/3984/11
f 1826/3985/14 1828/3986/14 1825/3987/14
f 1830/3988/2 1825/3989/2 1829/3990/2
f 1832/3991/15 1829/3992/15 1831/3993/15
f 1827/3994/8 1831/3995/8 1828/3996/8
f 1830/3997/11 1827/3998/11 1826/3999/11
f 1834/4000/14 1836/4001/14 1833/4002/14
f 1837/4003/8 1835/4004/8 1834/4005/8
f 1839/4006/15 1838/4007/15 1837/4008/15
f 1833/4009/2 1840/4010/2 1839/4011/2
f 1837/4012/11 1833/4013/11 1839/4014/11
f 1842/4015/14 1844/4016/14 1841/4017/14
f 1846/4018/2 1841/4019/2 1845/4020/2
f 1848/4021/15 1845/4022/15 1847/4023/15
f 1843/4024/8 1847/4025/8 1844/4026/8
f 1846/4027/11 1843/4028/11 1842/4029/11
f 1841/4030/7 1847/4031/7 1845/4032/7
f 1657/4033/7 1812/4034/7 1813/4035/7
f 1909/4036/2 1783/4037/2 1910/4038/2
f 1850/4039/14 1852/4040/14 1849/4041/14
f 1854/4042/2 1849/4043/2 1853/4044/2
f 1856/4045/15 1853/4046/15 1855/4047/15
f 1851/4048/8 1855/4049/8 1852/4050/8
f 1854/4051/11 1851/4052/11 1850/4053/11
f 1858/4054/14 1860/4055/14 1857/4056/14
f 1861/4057/8 1859/4058/8 1858/4059/8
f 1863/4060/15 1862/4061/15 1861/4062/15
f 1857/4063/2 1864/4064/2 1863/4065/2
f 1861/4066/11 1857/4067/11 1863/4068/11
f 1866/4069/14 1868/4070/14 1865/4071/14
f 1870/4072/2 1865/4073/2 1869/4074/2
f 1872/4075/22 1869/4076/15 1871/4077/22
f 1867/4078/8 1871/4079/8 1868/4080/8
f 1870/4081/11 1867/4082/11 1866/4083/11
f 1865/4084/7 1871/4085/7 1869/4086/7
f 1808/4087/8 1697/4088/8 1663/4089/8
f 1811/4090/11 1901/4091/11 1808/4092/11
f 1814/4093/16 1935/4094/2 1779/4095/16
f 1551/4096/16 1672/4097/16 1582/4098/16
f 1908/4099/8 1782/4100/8 1817/4101/8
f 1703/4102/7 1584/4103/7 1665/4104/7
f 1818/4105/7 1701/4106/7 1670/4107/7
f 1874/4108/14 1876/4109/14 1873/4110/14
f 1878/4111/2 1873/4112/2 1877/4113/2
f 1880/4114/15 1877/4115/15 1879/4116/15
f 1875/4117/8 1879/4118/8 1876/4119/8
f 1878/4120/11 1875/4121/11 1874/4122/11
f 1882/4123/14 1884/4124/14 1881/4125/14
f 1885/4126/8 1883/4127/8 1882/4128/8
f 1887/4129/15 1886/4130/15 1885/4131/15
f 1881/4132/2 1888/4133/2 1887/4134/2
f 1885/4135/11 1881/4136/11 1887/4137/11
f 1890/4138/14 1892/4139/14 1889/4140/14
f 1894/4141/2 1889/4142/2 1893/4143/2
f 1896/4144/15 1893/4145/15 1895/4146/15
f 1891/4147/8 1895/4148/8 1892/4149/8
f 1894/4150/11 1891/4151/11 1890/4152/11
f 1889/4153/7 1895/4154/7 1893/4155/7
f 1814/4156/11 1897/4157/11 1939/4158/11
f 1660/4159/8 1581/4160/8 1661/4161/8
f 1938/4162/7 2051/4163/7 2052/4164/7
f 1904/4165/2 1824/4166/2 1781/4167/2
f 2061/4168/8 1943/4169/8 2021/4170/8
f 1909/4171/11 1819/4172/11 1816/4173/11
f 1819/4174/20 1668/4175/8 1669/4176/8
f 1820/4177/7 1671/4178/7 1668/4179/7
f 1903/4180/7 1781/4181/7 1822/4182/7
f 1912/4183/14 1914/4184/14 1911/4185/14
f 1916/4186/2 1911/4187/2 1915/4188/2
f 1918/4189/15 1915/4190/15 1917/4191/15
f 1913/4192/8 1917/4193/8 1914/4194/8
f 1916/4195/11 1913/4196/11 1912/4197/11
f 1920/4198/14 1922/4199/14 1919/4200/14
f 1923/4201/8 1921/4202/8 1920/4203/8
f 1925/4204/15 1924/4205/15 1923/4206/15
f 1919/4207/2 1926/4208/2 1925/4209/2
f 1923/4210/11 1919/4211/11 1925/4212/11
f 1928/4213/14 1930/4214/14 1927/4215/14
f 1932/4216/2 1927/4217/2 1931/4218/2
f 1934/4219/15 1931/4220/15 1933/4221/15
f 1929/4222/8 1933/4223/8 1930/4224/8
f 1932/4225/11 1929/4226/11 1928/4227/11
f 1927/4228/7 1933/4229/7 1931/4230/7
f 1938/4231/2 1777/4232/2 1813/4233/2
f 1578/4234/7 1662/4235/7 1664/4236/7
f 1663/4237/11 1542/4238/11 1699/4239/11
f 1697/4240/7 1780/4241/7 1698/4242/7
f 2064/4243/2 1944/4244/18 1904/4245/18
f 2055/4246/2 1909/4247/16 1910/4248/16
f 1907/4249/7 1783/4250/7 1818/4251/7
f 1946/4252/14 1948/4253/14 1945/4254/14
f 1950/4255/2 1945/4256/2 1949/4257/2
f 1952/4258/15 1949/4259/15 1951/4260/15
f 1947/4261/8 1951/4262/8 1948/4263/8
f 1950/4264/11 1947/4265/11 1946/4266/11
f 1954/4267/14 1956/4268/14 1953/4269/14
f 1957/4270/8 1955/4271/8 1954/4272/8
f 1959/4273/15 1958/4274/15 1957/4275/15
f 1953/4276/2 1960/4277/2 1959/4278/2
f 1957/4279/11 1953/4280/11 1959/4281/11
f 1962/4282/14 1964/4283/14 1961/4284/14
f 1966/4285/2 1961/4286/2 1965/4287/2
f 1968/4288/15 1965/4289/15 1967/4290/15
f 1963/4291/8 1967/4292/8 1964/4293/8
f 1966/4294/11 1963/4295/11 1962/4296/11
f 1961/4297/7 1967/4298/7 1965/4299/7
f 1542/4300/16 1664/4301/2 1699/4302/2
f 2018/4303/20 1936/4304/8 2019/4305/20
f 1935/4306/2 2053/4307/2 2047/4308/2
f 2062/4309/16 1907/4310/2 1905/4311/2
f 1908/4312/8 2063/4313/20 1906/4314/8
f 1970/4315/14 1972/4316/14 1969/4317/14
f 1974/4318/2 1969/4319/2 1973/4320/2
f 1976/4321/15 1973/4322/15 1975/4323/15
f 1971/4324/8 1975/4325/8 1972/4326/8
f 1974/4327/11 1971/4328/11 1970/4329/11
f 1978/4330/14 1980/4331/14 1977/4332/14
f 1981/4333/8 1979/4334/8 1978/4335/8
f 1983/4336/15 1982/4337/15 1981/4338/15
f 1977/4339/2 1984/4340/2 1983/4341/2
f 1981/4342/11 1977/4343/11 1983/4344/11
f 1986/4345/14 1988/4346/14 1985/4347/14
f 1990/4348/2 1985/4349/2 1989/4350/2
f 1992/4351/15 1989/4352/15 1991/4353/15
f 1987/4354/8 1991/4355/8 1988/4356/8
f 1990/4357/11 1987/4358/11 1986/4359/11
f 1985/4360/7 1991/4361/7 1989/4362/7
f 1937/4363/10 2020/4364/10 1901/4365/10
f 1697/4366/8 1541/4367/17 1663/4368/8
f 1900/4369/5 2019/4370/5 1936/4371/5
f 1577/4372/7 1697/4373/7 1698/4374/7
f 1901/4375/8 2048/4376/8 1900/4377/8
f 2056/4378/10 1941/4379/10 1909/4380/10
f 1824/4381/16 1703/4382/2 1781/4383/16
f 1941/4384/20 2060/4385/8 1942/4386/20
f 1994/4387/14 1996/4388/14 1993/4389/14
f 1998/4390/2 1993/4391/2 1997/4392/2
f 2000/4393/15 1997/4394/15 1999/4395/15
f 1995/4396/8 1999/4397/8 1996/4398/8
f 1998/4399/11 1995/4400/11 1994/4401/11
f 2002/4402/14 2004/4403/14 2001/4404/14
f 2005/4405/8 2003/4406/8 2002/4407/8
f 2007/4408/15 2006/4409/15 2005/4410/15
f 2001/4411/2 2008/4412/2 2007/4413/2
f 2005/4414/11 2001/4415/11 2007/4416/11
f 2010/4417/14 2012/4418/14 2009/4419/14
f 2014/4420/2 2009/4421/2 2013/4422/2
f 2016/4423/15 2013/4424/15 2015/4425/15
f 2011/4426/8 2015/4427/8 2012/4428/8
f 2014/4429/11 2011/4430/11 2010/4431/11
f 2009/4432/7 2015/4433/7 2013/4434/7
f 2053/4435/25 2052/4436/22 2018/4437/26
f 2051/4438/15 2018/4437/26 2052/4436/22
f 2019/4439/27 2020/4440/28 2047/4441/29
f 2050/4442/30 2047/4441/29 2020/4440/28
f 2018/4437/26 2047/4441/29 2053/4435/25
f 1940/4443/10 2018/4444/10 2054/4445/10
f 1902/4446/5 2047/4447/5 2049/4448/5
f 1778/4449/8 1899/4450/8 1812/4451/8
f 1584/4452/20 1666/4453/8 1665/4454/8
f 2064/4455/15 2062/4456/22 2022/4457/15
f 2063/4458/15 2061/4459/15 2021/4460/15
f 2059/4461/28 2057/4462/31 2060/4385/28
f 2058/4463/32 2056/4378/33 2055/4246/28
f 1821/4464/8 1903/4465/8 1822/4466/8
f 1703/4467/2 1546/4468/2 1544/4469/2
f 2055/4470/5 1907/4471/5 2058/4472/5
f 2024/4473/14 2026/4474/14 2023/4475/14
f 2028/4476/2 2023/4477/2 2027/4478/2
f 2030/4479/15 2027/4480/15 2029/4481/15
f 2025/4482/8 2029/4483/8 2026/4484/8
f 2028/4485/11 2025/4486/11 2024/4487/11
f 2032/4488/14 2034/4489/14 2031/4490/14
f 2035/4491/8 2033/4492/8 2032/4493/8
f 2037/4494/15 2036/4495/15 2035/4496/15
f 2031/4497/2 2038/4498/2 2037/4499/2
f 2035/4500/11 2031/4501/11 2037/4502/11
f 2040/4503/14 2042/4504/14 2039/4505/14
f 2044/4506/2 2039/4507/2 2043/4508/2
f 2046/4509/15 2043/4510/15 2045/4511/15
f 2041/4512/8 2045/4513/8 2042/4514/8
f 2044/4515/11 2041/4516/11 2040/4517/11
f 2039/4518/7 2045/4519/7 2043/4520/7
f 2058/4463/34 2063/4521/34 2062/4522/34
f 1942/4523/7 1817/4524/7 1820/4525/7
f 2/1/1 3/4526/1 4/2/1
f 1/3/1 5/4527/1 6/4/1
f 8/5/1 9/4528/1 10/6/1
f 11/8/1 12/4529/1 7/7/1
f 11/8/1 10/6/1 1/3/1
f 6/9/2 5/4530/2 101/10/2
f 143/12/3 142/4531/3 13/13/4
f 104/15/5 23/4532/6 20/16/6
f 5/18/4 1/4533/4 135/19/3
f 7/21/6 138/4534/7 139/22/5
f 2/24/8 136/4535/8 137/25/8
f 109/27/3 15/4536/4 18/28/4
f 12/30/9 11/4537/9 141/31/10
f 14/33/1 15/37/1 16/34/1
f 17/36/1 18/4538/1 15/37/1
f 20/38/1 21/42/1 22/39/1
f 23/41/1 24/4539/1 21/42/1
f 16/34/1 15/37/1 22/39/1
f 136/43/10 2/4540/12 6/44/12
f 139/46/2 97/4541/2 9/47/2
f 4/49/4 3/4542/4 137/50/3
f 106/52/10 103/4543/11 19/53/9
f 144/55/10 105/4544/11 21/56/9
f 9/58/9 97/4545/11 140/59/11
f 26/61/14 27/4546/14 28/62/14
f 30/64/2 26/4547/2 25/65/2
f 32/67/15 30/4548/15 29/68/15
f 27/70/8 32/4549/8 31/71/8
f 30/73/11 32/4550/11 27/74/11
f 34/76/14 35/4551/14 36/77/14
f 37/79/8 38/4552/8 35/80/8
f 39/82/15 40/4553/15 38/83/15
f 33/85/2 36/4554/2 40/86/2
f 37/88/11 34/4555/11 33/89/11
f 42/91/14 43/4556/14 44/92/14
f 46/94/2 42/4557/2 41/95/2
f 48/97/15 46/4558/15 45/98/15
f 43/100/8 48/4559/8 47/101/8
f 46/103/11 48/4560/11 43/104/11
f 41/106/7 44/4561/7 47/107/7
f 110/109/11 108/4562/11 17/110/12
f 102/112/8 20/4563/8 19/113/8
f 12/115/8 98/4564/8 138/116/8
f 50/118/14 51/4565/14 52/119/14
f 54/121/2 50/4566/2 49/122/2
f 56/124/15 54/4567/15 53/125/15
f 51/127/8 56/4568/8 55/128/8
f 54/130/11 56/4569/11 51/131/11
f 58/133/14 59/4570/14 60/134/14
f 61/136/8 62/4571/8 59/137/8
f 63/139/15 64/4572/15 62/140/15
f 57/142/2 60/4573/2 64/143/2
f 61/145/11 58/4574/11 57/146/11
f 66/148/14 67/4575/14 68/149/14
f 70/151/2 66/4576/2 65/152/2
f 72/154/15 70/4577/15 69/155/15
f 67/157/8 72/4578/8 71/158/8
f 70/160/11 72/4579/11 67/161/11
f 65/163/7 68/4580/7 71/164/7
f 4/166/8 99/4581/8 141/167/8
f 1/169/2 10/4582/2 140/170/2
f 16/172/2 21/4583/2 105/173/2
f 15/175/8 109/4584/8 106/176/8
f 74/178/14 75/4585/14 76/179/14
f 78/181/2 74/4586/2 73/182/2
f 80/184/15 78/4587/15 77/185/15
f 75/187/8 80/4588/8 79/188/8
f 78/190/11 80/4589/11 75/191/11
f 82/193/14 83/4590/14 84/194/14
f 85/196/8 86/4591/8 83/197/8
f 87/199/15 88/4592/15 86/200/15
f 81/202/2 84/4593/2 88/203/2
f 85/205/11 82/4594/11 81/206/11
f 90/208/14 91/4595/14 92/209/14
f 94/211/2 90/4596/2 89/212/2
f 96/214/15 94/4597/15 93/215/15
f 91/217/8 96/4598/8 95/218/8
f 94/220/11 96/4599/11 91/221/11
f 89/223/7 92/4600/7 95/224/7
f 17/226/8 108/4601/8 107/227/8
f 104/229/2 144/4602/2 24/230/2
f 14/232/2 13/4603/2 142/233/2
f 112/235/14 113/4604/14 114/236/14
f 116/238/2 112/4605/2 111/239/2
f 118/241/15 116/4606/15 115/242/15
f 113/244/8 118/4607/8 117/245/8
f 116/247/11 118/4608/11 113/248/11
f 120/250/14 121/4609/14 122/251/14
f 123/253/8 124/4610/8 121/254/8
f 125/256/15 126/4611/15 124/257/15
f 119/259/2 122/4612/2 126/260/2
f 123/262/11 120/4613/11 119/263/11
f 128/265/14 129/4614/14 130/266/14
f 132/268/2 128/4615/2 127/269/2
f 134/271/15 132/4616/15 131/272/15
f 129/274/8 134/4617/8 133/275/8
f 132/277/11 134/4618/11 129/278/11
f 127/280/7 130/4619/7 133/281/7
f 103/283/8 260/4620/8 261/284/8
f 100/286/11 256/4621/11 253/287/11
f 254/289/8 218/4622/8 141/290/8
f 98/292/8 220/4623/8 219/293/8
f 253/295/8 221/4624/8 137/296/8
f 141/298/11 218/4625/11 220/299/11
f 101/301/2 255/4626/2 256/302/2
f 140/304/11 97/4627/11 257/305/11
f 217/307/2 257/4628/2 97/308/2
f 99/310/7 137/4629/7 221/311/7
f 143/313/2 105/4630/2 262/314/2
f 261/316/7 263/4631/7 104/317/7
f 146/319/14 147/4632/14 148/320/14
f 150/322/2 146/4633/2 145/323/2
f 152/325/15 150/4634/15 149/326/15
f 147/328/8 152/4635/8 151/329/8
f 150/331/11 152/4636/11 147/332/11
f 154/334/14 155/4637/14 156/335/14
f 157/337/8 158/4638/8 155/338/8
f 159/340/15 160/4639/15 158/341/15
f 153/343/2 156/4640/2 160/344/2
f 157/346/11 154/4641/11 153/347/11
f 162/349/14 163/4642/14 164/350/14
f 166/352/2 162/4643/2 161/353/2
f 168/355/15 166/4644/15 165/356/15
f 163/358/8 168/4645/8 167/359/8
f 166/361/11 168/4646/11 163/362/11
f 161/364/7 164/4647/7 167/365/7
f 259/367/11 224/4648/11 108/368/11
f 101/370/7 135/4649/7 252/371/7
f 170/373/14 171/4650/14 172/374/14
f 174/376/2 170/4651/2 169/377/2
f 176/379/15 174/4652/15 173/380/15
f 171/382/8 176/4653/8 175/383/8
f 174/385/11 176/4654/11 171/386/11
f 178/388/14 179/4655/14 180/389/14
f 181/391/8 182/4656/8 179/392/8
f 183/394/15 184/4657/15 182/395/15
f 177/397/2 180/4658/2 184/398/2
f 181/400/11 178/4659/11 177/401/11
f 186/403/14 187/4660/14 188/404/14
f 190/406/2 186/4661/2 185/407/2
f 192/409/15 190/4662/15 189/410/15
f 187/412/8 192/4663/8 191/413/8
f 190/415/11 192/4664/11 187/416/11
f 185/418/7 188/4665/7 191/419/7
f 222/421/8 106/4666/8 109/422/8
f 225/424/7 227/4667/7 142/425/7
f 194/427/14 195/4668/14 196/428/14
f 198/430/2 194/4669/2 193/431/2
f 200/433/15 198/4670/15 197/434/15
f 195/436/8 200/4671/8 199/437/8
f 198/439/11 200/4672/11 195/440/11
f 202/442/14 203/4673/14 204/443/14
f 205/445/8 206/4674/8 203/446/8
f 207/448/15 208/4675/15 206/449/15
f 201/451/2 204/4676/2 208/452/2
f 205/454/11 202/4677/11 201/455/11
f 210/457/14 211/4678/14 212/458/14
f 214/460/2 210/4679/2 209/461/2
f 216/463/15 214/4680/15 213/464/15
f 211/466/8 216/4681/8 215/467/8
f 214/469/11 216/4682/11 211/470/11
f 209/472/7 212/4683/7 215/473/7
f 139/475/7 138/4684/7 219/476/7
f 263/478/2 264/4685/2 144/479/2
f 222/481/11 260/4686/11 103/482/11
f 140/484/2 258/4687/2 252/485/2
f 224/487/8 223/4688/8 107/488/8
f 262/490/11 105/4689/11 144/491/11
f 223/493/7 226/4690/7 109/494/7
f 142/496/2 227/4691/2 259/497/2
f 229/499/14 230/4692/14 231/500/14
f 233/502/2 229/4693/2 228/503/2
f 235/505/15 233/4694/15 232/506/15
f 230/508/8 235/4695/8 234/509/8
f 233/511/11 235/4696/11 230/512/11
f 237/514/14 238/4697/14 239/515/14
f 240/517/8 241/4698/8 238/518/8
f 242/520/15 243/4699/15 241/521/15
f 236/523/2 239/4700/2 243/524/2
f 240/526/11 237/4701/11 236/527/11
f 245/529/14 246/4702/14 247/530/14
f 249/532/2 245/4703/2 244/533/2
f 251/535/15 249/4704/15 248/536/15
f 246/538/8 251/4705/8 250/539/8
f 249/541/11 251/4706/11 246/542/11
f 244/544/7 247/4707/7 250/545/7
f 261/547/8 260/4708/8 381/548/8
f 253/550/11 256/4709/11 374/551/11
f 346/553/8 223/4710/8 224/554/8
f 382/556/8 222/4711/8 226/557/8
f 337/559/2 338/4712/2 257/560/2
f 254/562/7 221/4713/7 373/563/7
f 219/565/7 375/4714/7 337/566/7
f 341/568/8 376/4715/8 218/569/8
f 255/571/2 343/4716/2 374/572/2
f 220/574/8 377/4717/8 375/575/8
f 266/577/14 267/4718/14 268/578/14
f 270/580/2 266/4719/2 265/581/2
f 272/583/15 270/4720/15 269/584/15
f 267/586/8 272/4721/8 271/587/8
f 270/589/11 272/4722/11 267/590/11
f 274/592/14 275/4723/14 276/593/14
f 277/595/8 278/4724/8 275/596/8
f 279/598/15 280/4725/15 278/599/15
f 273/601/2 276/4726/2 280/602/2
f 277/604/11 274/4727/11 273/605/11
f 282/607/14 283/4728/14 284/608/14
f 286/610/2 282/4729/2 281/611/2
f 288/613/15 286/4730/15 285/614/15
f 283/616/8 288/4731/8 287/617/8
f 286/619/11 288/4732/11 283/620/11
f 281/622/7 284/4733/7 287/623/7
f 252/625/7 340/4734/7 343/626/7
f 373/628/8 221/4735/8 253/629/8
f 290/631/14 291/4736/14 292/632/14
f 294/634/2 290/4737/2 289/635/2
f 296/637/15 294/4738/15 293/638/15
f 291/640/8 296/4739/8 295/641/8
f 294/643/11 296/4740/11 291/644/11
f 298/646/14 299/4741/14 300/647/14
f 301/649/8 302/4742/8 299/650/8
f 303/652/15 304/4743/15 302/653/15
f 297/655/2 300/4744/2 304/656/2
f 301/658/11 298/4745/11 297/659/11
f 306/661/14 307/4746/14 308/662/14
f 310/664/2 306/4747/2 305/665/2
f 312/667/15 310/4748/15 309/668/15
f 307/670/8 312/4749/8 311/671/8
f 310/673/11 312/4750/11 307/674/11
f 305/676/7 308/4751/7 311/677/7
f 346/679/7 379/4752/7 226/680/7
f 252/682/2 258/4753/2 339/683/2
f 348/685/2 259/4754/2 227/686/2
f 347/688/2 225/4755/2 262/689/2
f 314/691/14 315/4756/14 316/692/14
f 318/694/2 314/4757/2 313/695/2
f 320/697/15 318/4758/15 317/698/15
f 315/700/8 320/4759/8 319/701/8
f 318/703/11 320/4760/11 315/704/11
f 322/706/14 323/4761/14 324/707/14
f 325/709/8 326/4762/8 323/710/8
f 327/712/15 328/4763/15 326/713/15
f 321/715/2 324/4764/2 328/716/2
f 325/718/11 322/4765/11 321/719/11
f 330/721/14 331/4766/14 332/722/14
f 334/724/2 330/4767/2 329/725/2
f 336/727/15 334/4768/15 333/728/15
f 331/730/8 336/4769/8 335/731/8
f 334/733/11 336/4770/11 331/734/11
f 329/736/7 332/4771/7 335/737/7
f 384/739/11 345/4772/11 262/740/11
f 218/742/11 376/4773/11 377/743/11
f 383/745/2 384/4774/2 264/746/2
f 383/748/7 263/4775/7 261/749/7
f 258/751/11 257/4776/11 338/752/11
f 348/754/11 380/4777/11 224/755/11
f 381/757/11 260/4778/11 222/758/11
f 378/760/7 227/4779/7 225/761/7
f 350/763/14 351/4780/14 352/764/14
f 354/766/2 350/4781/2 349/767/2
f 356/769/15 354/4782/15 353/770/15
f 351/772/8 356/4783/8 355/773/8
f 354/775/11 356/4784/11 351/776/11
f 358/778/14 359/4785/14 360/779/14
f 361/781/8 362/4786/8 359/782/8
f 363/784/15 364/4787/15 362/785/15
f 357/787/2 360/4788/2 364/788/2
f 361/790/11 358/4789/11 357/791/11
f 366/793/14 367/4790/14 368/794/14
f 370/796/2 366/4791/2 365/797/2
f 372/799/15 370/4792/15 369/800/15
f 367/802/8 372/4793/8 371/803/8
f 370/805/11 372/4794/11 367/806/11
f 365/808/7 368/4795/7 371/809/7
f 503/811/2 504/4796/2 384/812/2
f 340/814/7 463/4797/7 468/815/7
f 339/817/2 460/4798/2 463/818/2
f 499/820/8 470/4799/8 346/821/8
f 497/823/8 502/4800/8 382/824/8
f 343/826/2 468/4801/2 467/827/2
f 386/829/14 387/4802/14 388/830/14
f 390/832/2 386/4803/2 385/833/2
f 392/835/15 390/4804/15 389/836/15
f 387/838/8 392/4805/8 391/839/8
f 390/841/11 392/4806/11 387/842/11
f 394/844/14 395/4807/14 396/845/14
f 397/847/8 398/4808/8 395/848/8
f 399/850/15 400/4809/15 398/851/15
f 393/853/2 396/4810/2 400/854/2
f 397/856/11 394/4811/11 393/857/11
f 402/859/14 403/4812/14 404/860/14
f 406/862/2 402/4813/2 401/863/2
f 408/865/15 406/4814/15 405/866/15
f 403/868/8 408/4815/8 407/869/8
f 406/871/11 408/4816/11 403/872/11
f 401/874/7 404/4817/7 407/875/7
f 498/877/7 472/4818/7 378/878/7
f 466/880/11 342/4819/11 374/881/11
f 410/883/14 411/4820/14 412/884/14
f 414/886/2 410/4821/2 409/887/2
f 416/889/15 414/4822/15 413/890/15
f 411/892/8 416/4823/8 415/893/8
f 414/895/11 416/4824/11 411/896/11
f 418/898/14 419/4825/14 420/899/14
f 421/901/8 422/4826/8 419/902/8
f 423/904/15 424/4827/15 422/905/15
f 417/907/2 420/4828/2 424/908/2
f 421/910/11 418/4829/11 417/911/11
f 426/913/14 427/4830/14 428/914/14
f 430/916/2 426/4831/2 425/917/2
f 432/919/15 430/4832/15 429/920/15
f 427/922/8 432/4833/8 431/923/8
f 430/925/11 432/4834/11 427/926/11
f 425/928/7 428/4835/7 431/929/7
f 345/931/2 469/4836/2 498/932/2
f 339/934/11 338/4837/11 458/935/11
f 377/937/11 376/4838/11 459/938/11
f 341/940/7 373/4839/7 465/941/7
f 470/943/7 497/4840/7 379/944/7
f 501/946/7 503/4841/7 383/947/7
f 337/949/7 375/4842/7 461/950/7
f 458/952/2 338/4843/2 337/953/2
f 434/955/14 435/4844/14 436/956/14
f 438/958/2 434/4845/2 433/959/2
f 440/961/15 438/4846/15 437/962/15
f 435/964/8 440/4847/8 439/965/8
f 438/967/11 440/4848/11 435/968/11
f 442/970/14 443/4849/14 444/971/14
f 445/973/8 446/4850/8 443/974/8
f 447/976/15 448/4851/15 446/977/15
f 441/979/2 444/4852/2 448/980/2
f 445/982/11 442/4853/11 441/983/11
f 450/985/14 451/4854/14 452/986/14
f 454/988/2 450/4855/2 449/989/2
f 456/991/15 454/4856/15 453/992/15
f 451/994/8 456/4857/8 455/995/8
f 454/997/11 456/4858/11 451/998/11
f 449/1000/7 452/4859/7 455/1001/7
f 502/1003/11 500/4860/11 381/1004/11
f 504/1006/11 469/4861/11 345/1007/11
f 499/1009/11 380/4862/11 348/1010/11
f 471/1012/2 348/4863/2 378/1013/2
f 459/1015/8 376/4864/8 341/1016/8
f 381/1018/8 500/4865/8 501/1019/8
f 461/1021/8 375/4866/8 377/1022/8
f 465/1024/8 373/4867/8 342/1025/8
f 474/1027/14 475/4868/14 476/1028/14
f 478/1030/2 474/4869/2 473/1031/2
f 480/1033/15 478/4870/15 477/1034/15
f 475/1036/8 480/4871/8 479/1037/8
f 478/1039/11 480/4872/11 475/1040/11
f 482/1042/14 483/4873/14 484/1043/14
f 485/1045/8 486/4874/8 483/1046/8
f 487/1048/15 488/4875/15 486/1049/15
f 481/1051/2 484/4876/2 488/1052/2
f 485/1054/11 482/4877/11 481/1055/11
f 490/1057/14 491/4878/14 492/1058/14
f 494/1060/2 490/4879/2 489/1061/2
f 496/1063/15 494/4880/15 493/1064/15
f 491/1066/8 496/4881/8 495/1067/8
f 494/1069/11 496/4882/11 491/1070/11
f 489/1072/7 492/4883/7 495/1073/7
f 621/1075/7 588/4884/7 472/1076/7
f 577/1078/2 618/4885/2 458/1079/2
f 467/1081/2 468/4886/2 580/1082/2
f 586/1084/8 584/4887/8 502/1085/8
f 623/1087/7 503/4888/7 501/1088/7
f 472/1090/2 588/4889/2 587/1091/2
f 469/1093/2 583/4890/2 621/1094/2
f 457/1096/7 461/4891/7 617/1097/7
f 623/1099/2 624/4892/2 504/1100/2
f 506/1102/14 507/4893/14 508/1103/14
f 510/1105/2 506/4894/2 505/1106/2
f 512/1108/15 510/4895/15 509/1109/15
f 507/1111/8 512/4896/8 511/1112/8
f 510/1114/11 512/4897/11 507/1115/11
f 514/1117/14 515/4898/14 516/1118/14
f 517/1120/8 518/4899/8 515/1121/8
f 519/1123/15 520/4900/15 518/1124/15
f 513/1126/2 516/4901/2 520/1127/2
f 517/1129/11 514/4902/11 513/1130/11
f 522/1132/14 523/4903/14 524/1133/14
f 526/1135/2 522/4904/2 521/1136/2
f 528/1138/15 526/4905/15 525/1139/15
f 523/1141/8 528/4906/8 527/1142/8
f 526/1144/11 528/4907/11 523/1145/11
f 521/1147/7 524/4908/7 527/1148/7
f 614/1150/11 466/4909/11 467/1151/11
f 468/1153/7 463/4910/7 613/1154/7
f 465/1156/7 615/4911/7 616/1157/7
f 587/1159/11 585/4912/11 499/1160/11
f 530/1162/14 531/4913/14 532/1163/14
f 534/1165/2 530/4914/2 529/1166/2
f 536/1168/15 534/4915/15 533/1169/15
f 531/1171/8 536/4916/8 535/1172/8
f 534/1174/11 536/4917/11 531/1175/11
f 538/1177/14 539/4918/14 540/1178/14
f 541/1180/8 542/4919/8 539/1181/8
f 543/1183/15 544/4920/15 542/1184/15
f 537/1186/2 540/4921/2 544/1187/2
f 541/1189/11 538/4922/11 537/1190/11
f 546/1192/14 547/4923/14 548/1193/14
f 550/1195/2 546/4924/2 545/1196/2
f 552/1198/15 550/4925/15 549/1199/15
f 547/1201/8 552/4926/8 551/1202/8
f 550/1204/11 552/4927/11 547/1205/11
f 545/1207/7 548/4928/7 551/1208/7
f 616/1210/8 620/4929/8 459/1211/8
f 622/1213/8 470/4930/8 499/1214/8
f 463/1216/2 460/4931/2 619/1217/2
f 554/1219/14 555/4932/14 556/1220/14
f 558/1222/2 554/4933/2 553/1223/2
f 560/1225/15 558/4934/15 557/1226/15
f 555/1228/8 560/4935/8 559/1229/8
f 558/1231/11 560/4936/11 555/1232/11
f 562/1234/14 563/4937/14 564/1235/14
f 565/1237/8 566/4938/8 563/1238/8
f 567/1240/15 568/4939/15 566/1241/15
f 561/1243/2 564/4940/2 568/1244/2
f 565/1246/11 562/4941/11 561/1247/11
f 570/1249/14 571/4942/14 572/1250/14
f 574/1252/2 570/4943/2 569/1253/2
f 576/1255/15 574/4944/15 573/1256/15
f 571/1258/8 576/4945/8 575/1259/8
f 574/1261/11 576/4946/11 571/1262/11
f 569/1264/7 572/4947/7 575/1265/7
f 586/1267/7 497/4948/7 470/1268/7
f 582/1270/11 500/4949/11 502/1271/11
f 615/1273/8 465/4950/8 466/1274/8
f 462/1276/8 578/4951/8 617/1277/8
f 624/1279/11 583/4952/11 469/1280/11
f 501/1282/8 500/4953/8 582/1283/8
f 462/1285/11 459/4954/11 620/1286/11
f 460/1288/11 458/4955/11 618/1289/11
f 590/1291/14 591/4956/14 592/1292/14
f 594/1294/2 590/4957/2 589/1295/2
f 596/1297/15 594/4958/15 593/1298/15
f 591/1300/8 596/4959/8 595/1301/8
f 594/1303/11 596/4960/11 591/1304/11
f 598/1306/14 599/4961/14 600/1307/14
f 601/1309/8 602/4962/8 599/1310/8
f 603/1312/15 604/4963/15 602/1313/15
f 597/1315/2 600/4964/2 604/1316/2
f 601/1318/11 598/4965/11 597/1319/11
f 606/1321/14 607/4966/14 608/1322/14
f 610/1324/2 606/4967/2 605/1325/2
f 612/1327/15 610/4968/15 609/1328/15
f 607/1330/8 612/4969/8 611/1331/8
f 610/1333/11 612/4970/11 607/1334/11
f 605/1336/7 608/4971/7 611/1337/7
f 614/1339/11 579/4972/11 703/1340/11
f 617/1342/7 698/4973/7 734/1343/7
f 705/1345/2 744/4974/2 624/1346/2
f 619/1348/2 735/4975/2 699/1349/2
f 707/1351/7 740/4976/7 586/1352/7
f 734/1354/2 697/4977/2 618/1355/2
f 626/1357/14 627/4978/14 628/1358/14
f 630/1360/2 626/4979/2 625/1361/2
f 632/1363/15 630/4980/15 629/1364/15
f 627/1366/8 632/4981/8 631/1367/8
f 630/1369/11 632/4982/11 627/1370/11
f 634/1372/14 635/4983/14 636/1373/14
f 637/1375/8 638/4984/8 635/1376/8
f 639/1378/15 640/4985/15 638/1379/15
f 633/1381/2 636/4986/2 640/1382/2
f 637/1384/11 634/4987/11 633/1385/11
f 642/1387/14 643/4988/14 644/1388/14
f 646/1390/2 642/4989/2 641/1391/2
f 648/1393/15 646/4990/15 645/1394/15
f 643/1396/8 648/4991/8 647/1397/8
f 646/1399/11 648/4992/11 643/1400/11
f 641/1402/7 644/4993/7 647/1403/7
f 583/1405/2 706/4994/2 741/1406/2
f 588/1408/16 738/4995/18 739/1409/2
f 578/1411/11 620/4996/11 736/1412/11
f 708/1414/8 707/4997/8 622/1415/8
f 650/1417/14 651/4998/14 652/1418/14
f 654/1420/2 650/4999/2 649/1421/2
f 656/1423/15 654/5000/15 653/1424/15
f 651/1426/8 656/5001/8 655/1427/8
f 654/1429/11 656/5002/11 651/1430/11
f 658/1432/14 659/5003/14 660/1433/14
f 661/1435/8 662/5004/8 659/1436/8
f 663/1438/15 664/5005/15 662/1439/15
f 657/1441/2 660/5006/2 664/1442/2
f 661/1444/11 658/5007/11 657/1445/11
f 666/1447/14 667/5008/14 668/1448/14
f 670/1450/2 666/5009/2 665/1451/2
f 672/1453/15 670/5010/15 669/1454/15
f 667/1456/8 672/5011/8 671/1457/8
f 670/1459/11 672/5012/11 667/1460/11
f 665/1462/7 668/5013/7 671/1463/7
f 701/1465/8 615/5014/8 614/1466/8
f 580/1468/7 613/5015/7 699/1469/7
f 700/1471/8 736/5016/8 620/1472/8
f 674/1474/14 675/5017/14 676/1475/14
f 678/1477/2 674/5018/2 673/1478/2
f 680/1480/15 678/5019/15 677/1481/15
f 675/1483/8 680/5020/8 679/1484/8
f 678/1486/11 680/5021/11 675/1487/11
f 682/1489/14 683/5022/14 684/1490/14
f 685/1492/8 686/5023/8 683/1493/8
f 687/1495/15 688/5024/15 686/1496/15
f 681/1498/2 684/5025/2 688/1499/2
f 685/1501/11 682/5026/11 681/1502/11
f 690/1504/14 691/5027/14 692/1505/14
f 694/1507/2 690/5028/2 689/1508/2
f 696/1510/15 694/5029/15 693/1511/15
f 691/1513/8 696/5030/8 695/1514/8
f 694/1516/11 696/5031/11 691/1517/11
f 689/1519/7 692/5032/7 695/1520/7
f 617/1522/8 578/5033/8 737/1523/8
f 582/1525/8 704/5034/8 742/1526/8
f 743/1528/8 584/5035/8 586/1529/8
f 579/1531/2 580/5036/2 733/1532/2
f 743/1534/11 704/5037/11 582/1535/11
f 744/1537/11 706/5038/11 583/1538/11
f 618/1540/11 697/5039/11 735/1541/11
f 739/1543/11 708/5040/11 585/1544/11
f 615/1546/7 701/5041/7 700/1547/7
f 741/1549/7 738/5042/7 588/1550/7
f 742/1552/7 705/5043/7 623/1553/7
f 710/1555/14 711/5044/14 712/1556/14
f 714/1558/2 710/5045/2 709/1559/2
f 716/1561/15 714/5046/15 713/1562/15
f 711/1564/8 716/5047/8 715/1565/8
f 714/1567/11 716/5048/11 711/1568/11
f 718/1570/14 719/5049/14 720/1571/14
f 721/1573/8 722/5050/8 719/1574/8
f 723/1576/15 724/5051/15 722/1577/15
f 717/1579/2 720/5052/2 724/1580/2
f 721/1582/11 718/5053/11 717/1583/11
f 726/1585/14 727/5054/14 728/1586/14
f 730/1588/2 726/5055/2 725/1589/2
f 732/1591/15 730/5056/15 729/1592/15
f 727/1594/8 732/5057/8 731/1595/8
f 730/1597/11 732/5058/11 727/1598/11
f 725/1600/7 728/5059/7 731/1601/7
f 735/1603/11 697/5060/11 855/1604/11
f 706/1606/2 820/5061/2 821/1607/2
f 824/1609/7 738/5062/7 741/1610/7
f 700/1612/7 701/5063/7 851/1613/7
f 698/1615/7 854/5064/7 817/1616/7
f 819/1618/8 856/5065/8 736/1619/8
f 858/1621/8 859/5066/8 707/1622/8
f 862/1624/11 860/5067/11 704/1625/11
f 733/1627/2 852/5068/2 853/1628/2
f 746/1630/14 747/5069/14 748/1631/14
f 750/1633/2 746/5070/2 745/1634/2
f 752/1636/15 750/5071/15 749/1637/15
f 747/1639/8 752/5072/8 751/1640/8
f 750/1642/11 752/5073/11 747/1643/11
f 754/1645/14 755/5074/14 756/1646/14
f 757/1648/8 758/5075/8 755/1649/8
f 759/1651/15 760/5076/15 758/1652/15
f 753/1654/2 756/5077/2 760/1655/2
f 757/1657/11 754/5078/11 753/1658/11
f 762/1660/14 763/5079/14 764/1661/14
f 766/1663/2 762/5080/2 761/1664/2
f 768/1666/15 766/5081/15 765/1667/15
f 763/1669/8 768/5082/8 767/1670/8
f 766/1672/11 768/5083/11 763/1673/11
f 761/1675/7 764/5084/7 767/1676/7
f 859/1678/7 822/5085/7 740/1679/7
f 850/1681/11 702/5086/11 703/1682/11
f 699/1684/7 849/5087/7 852/1685/7
f 738/1687/2 824/5088/2 823/1688/2
f 817/1690/2 855/5089/2 697/1691/16
f 770/1693/14 771/5090/14 772/1694/14
f 774/1696/2 770/5091/2 769/1697/2
f 776/1699/15 774/5092/15 773/1700/15
f 771/1702/8 776/5093/8 775/1703/8
f 774/1705/11 776/5094/11 771/1706/11
f 778/1708/14 779/5095/14 780/1709/14
f 781/1711/8 782/5096/8 779/1712/8
f 783/1714/15 784/5097/15 782/1715/15
f 777/1717/2 780/5098/2 784/1718/2
f 781/1720/11 778/5099/11 777/1721/11
f 786/1723/14 787/5100/14 788/1724/14
f 790/1726/2 786/5101/2 785/1727/2
f 792/1729/15 790/5102/15 789/1730/15
f 787/1732/8 792/5103/8 791/1733/8
f 790/1735/11 792/5104/11 787/1736/11
f 785/1738/7 788/5105/7 791/1739/7
f 863/1741/7 705/5106/7 742/1742/7
f 737/1744/11 736/5107/11 856/1745/11
f 820/1747/11 706/5108/11 744/1748/11
f 794/1750/14 795/5109/14 796/1751/14
f 798/1753/2 794/5110/2 793/1754/2
f 800/1756/15 798/5111/15 797/1757/15
f 795/1759/8 800/5112/8 799/1760/8
f 798/1762/11 800/5113/11 795/1763/11
f 802/1765/14 803/5114/14 804/1766/14
f 805/1768/8 806/5115/8 803/1769/8
f 807/1771/15 808/5116/15 806/1772/15
f 801/1774/2 804/5117/2 808/1775/2
f 805/1777/11 802/5118/11 801/1778/11
f 810/1780/14 811/5119/14 812/1781/14
f 814/1783/2 810/5120/2 809/1784/2
f 816/1786/15 814/5121/15 813/1787/15
f 811/1789/8 816/5122/8 815/1790/8
f 814/1792/11 816/5123/11 811/1793/11
f 809/1795/7 812/5124/7 815/1796/7
f 864/1798/2 744/5125/2 705/1799/2
f 851/1801/8 701/5126/8 702/1802/8
f 742/1804/8 704/5127/8 860/1805/8
f 854/1807/8 698/5128/8 737/1808/8
f 823/1810/11 858/5129/11 708/1811/11
f 699/1813/2 735/5130/2 818/1814/2
f 822/1816/8 862/5131/8 743/1817/8
f 826/1819/14 827/5132/14 828/1820/14
f 830/1822/2 826/5133/2 825/1823/2
f 832/1825/15 830/5134/15 829/1826/15
f 827/1828/8 832/5135/8 831/1829/8
f 830/1831/11 832/5136/11 827/1832/11
f 834/1834/14 835/5137/14 836/1835/14
f 837/1837/8 838/5138/8 835/1838/8
f 839/1840/15 840/5139/15 838/1841/15
f 833/1843/2 836/5140/2 840/1844/2
f 837/1846/11 834/5141/11 833/1847/11
f 842/1849/14 843/5142/14 844/1850/14
f 846/1852/2 842/5143/2 841/1853/2
f 848/1855/15 846/5144/15 845/1856/15
f 843/1858/8 848/5145/8 847/1859/8
f 846/1861/11 848/5146/11 843/1862/11
f 841/1864/7 844/5147/7 847/1865/7
f 857/1867/8 979/5148/8 940/1868/8
f 949/1870/7 951/5149/7 824/1871/7
f 978/1873/2 937/5150/2 855/1874/2
f 857/1876/11 856/5151/11 938/1877/11
f 818/1879/11 855/5152/11 937/1880/11
f 818/1882/2 939/5153/2 976/1883/2
f 821/1885/2 820/5154/2 947/1886/2
f 942/1888/8 977/5155/8 851/1889/8
f 853/1891/11 943/5156/11 942/1892/11
f 948/1894/11 946/5157/11 860/1895/11
f 984/1897/2 864/5158/2 863/1898/2
f 866/1900/14 867/5159/14 868/1901/14
f 870/1903/2 866/5160/2 865/1904/2
f 872/1906/15 870/5161/15 869/1907/15
f 867/1909/8 872/5162/8 871/1910/8
f 870/1912/11 872/5163/11 867/1913/11
f 874/1915/14 875/5164/14 876/1916/14
f 877/1918/8 878/5165/8 875/1919/8
f 879/1921/15 880/5166/15 878/1922/15
f 873/1924/2 876/5167/2 880/1925/2
f 877/1927/11 874/5168/11 873/1928/11
f 882/1930/14 883/5169/14 884/1931/14
f 886/1933/2 882/5170/2 881/1934/2
f 888/1936/15 886/5171/15 885/1937/15
f 883/1939/8 888/5172/8 887/1940/8
f 886/1942/11 888/5173/11 883/1943/11
f 881/1945/7 884/5174/7 887/1946/7
f 852/1948/7 849/5175/7 976/1949/7
f 890/1951/14 891/5176/14 892/1952/14
f 894/1954/2 890/5177/2 889/1955/2
f 896/1957/15 894/5178/15 893/1958/15
f 891/1960/8 896/5179/8 895/1961/8
f 894/1963/11 896/5180/11 891/1964/11
f 898/1966/14 899/5181/14 900/1967/14
f 901/1969/8 902/5182/8 899/1970/8
f 903/1972/15 904/5183/15 902/1973/15
f 897/1975/2 900/5184/2 904/1976/2
f 901/1978/11 898/5185/11 897/1979/11
f 906/1981/14 907/5186/14 908/1982/14
f 910/1984/2 906/5187/2 905/1985/2
f 912/1987/15 910/5188/15 909/1988/15
f 907/1990/8 912/5189/8 911/1991/8
f 910/1993/11 912/5190/11 907/1994/11
f 905/1996/7 908/5191/7 911/1997/7
f 817/1999/7 854/5192/7 940/2000/7
f 984/2002/11 947/5193/11 820/2003/11
f 941/2005/8 938/5194/8 856/2006/8
f 914/2008/14 915/5195/14 916/2009/14
f 918/2011/2 914/5196/2 913/2012/2
f 920/2014/15 918/5197/15 917/2015/15
f 915/2017/8 920/5198/8 919/2018/8
f 918/2020/11 920/5199/11 915/2021/11
f 922/2023/14 923/5200/14 924/2024/14
f 925/2026/8 926/5201/8 923/2027/8
f 927/2029/15 928/5202/15 926/2030/15
f 921/2032/2 924/5203/2 928/2033/2
f 925/2035/11 922/5204/11 921/2036/11
f 930/2038/14 931/5205/14 932/2039/14
f 934/2041/2 930/5206/2 929/2042/2
f 936/2044/15 934/5207/15 933/2045/15
f 931/2047/8 936/5208/8 935/2048/8
f 934/2050/11 936/5209/11 931/2051/11
f 929/2053/7 932/5210/7 935/2054/7
f 860/2056/8 946/5211/8 945/2057/8
f 950/2059/8 948/5212/8 862/2060/8
f 824/2062/2 951/5213/2 980/2063/2
f 853/2065/2 852/5214/2 944/2066/2
f 980/2068/11 981/5215/11 858/2069/11
f 982/2071/7 950/5216/7 822/2072/7
f 819/2074/7 851/5217/7 977/2075/7
f 945/2077/7 983/5218/7 863/2078/7
f 981/2080/8 982/5219/8 859/2081/8
f 953/2083/14 954/5220/14 955/2084/14
f 957/2086/2 953/5221/2 952/2087/2
f 959/2089/15 957/5222/15 956/2090/15
f 954/2092/8 959/5223/8 958/2093/8
f 957/2095/11 959/5224/11 954/2096/11
f 961/2098/14 962/5225/14 963/2099/14
f 964/2101/8 965/5226/8 962/2102/8
f 966/2104/15 967/5227/15 965/2105/15
f 960/2107/2 963/5228/2 967/2108/2
f 964/2110/11 961/5229/11 960/2111/11
f 969/2113/14 970/5230/14 971/2114/14
f 973/2116/2 969/5231/2 968/2117/2
f 975/2119/15 973/5232/15 972/2120/15
f 970/2122/8 975/5233/8 974/2123/8
f 973/2125/11 975/5234/11 970/2126/11
f 968/2128/7 971/5235/7 974/2129/7
f 1096/2131/8 1100/5236/8 938/2132/8
f 941/2134/7 977/5237/7 1062/2135/7
f 1065/2137/7 983/5238/7 945/2138/7
f 1219/2140/8 1220/5239/8 1069/2141/17
f 945/2143/8 946/5240/8 1064/2144/8
f 1065/2146/2 1067/5241/2 984/2147/2
f 951/2149/18 1101/5242/2 1071/2150/2
f 944/2152/7 976/5243/7 1061/2153/7
f 1062/2155/8 977/5244/8 942/2156/8
f 1099/2158/2 1057/5245/2 937/2159/2
f 1068/2161/11 1064/5246/11 946/2162/11
f 986/2164/14 987/5247/14 988/2165/14
f 990/2167/2 986/5248/2 985/2168/2
f 992/2170/15 990/5249/15 989/2171/15
f 987/2173/8 992/5250/8 991/2174/8
f 990/2176/11 992/5251/11 987/2177/11
f 994/2179/14 995/5252/14 996/2180/14
f 997/2182/8 998/5253/8 995/2183/8
f 999/2185/15 1000/5254/15 998/2186/15
f 993/2188/2 996/5255/2 1000/2189/2
f 997/2191/11 994/5256/11 993/2192/11
f 1002/2194/14 1003/5257/14 1004/2195/14
f 1006/2197/2 1002/5258/2 1001/2198/2
f 1008/2200/15 1006/5259/15 1005/2201/15
f 1003/2203/8 1008/5260/8 1007/2204/8
f 1006/2206/11 1008/5261/11 1003/2207/11
f 1001/2209/7 1004/5262/7 1007/2210/7
f 940/2212/7 1059/5263/7 1099/2213/7
f 1070/2215/7 1101/5264/7 951/2216/7
f 976/2218/2 939/5265/2 1058/2219/2
f 1071/2221/11 1103/5266/11 981/2222/11
f 1010/2224/14 1011/5267/14 1012/2225/14
f 1014/2227/2 1010/5268/2 1009/2228/2
f 1016/2230/15 1014/5269/15 1013/2231/15
f 1011/2233/8 1016/5270/8 1015/2234/8
f 1014/2236/11 1016/5271/11 1011/2237/11
f 1018/2239/14 1019/5272/14 1020/2240/14
f 1021/2242/8 1022/5273/8 1019/2243/8
f 1023/2245/15 1024/5274/15 1022/2246/15
f 1017/2248/2 1020/5275/2 1024/2249/2
f 1021/2251/11 1018/5276/11 1017/2252/11
f 1026/2254/14 1027/5277/14 1028/2255/14
f 1030/2257/2 1026/5278/2 1025/2258/2
f 1032/2260/15 1030/5279/15 1029/2261/15
f 1027/2263/8 1032/5280/8 1031/2264/8
f 1030/2266/11 1032/5281/11 1027/2267/11
f 1025/2269/7 1028/5282/7 1031/2270/7
f 1069/2272/7 1102/5283/7 950/2273/7
f 944/2275/2 1097/5284/2 1098/2276/2
f 1059/2278/8 940/5285/8 979/2279/8
f 938/2281/11 1100/5286/11 1060/2282/11
f 947/2284/2 1066/5287/2 1070/2285/2
f 1102/2287/8 1068/5288/8 948/2288/8
f 1034/2290/14 1035/5289/14 1036/2291/14
f 1038/2293/2 1034/5290/2 1033/2294/2
f 1040/2296/15 1038/5291/15 1037/2297/15
f 1035/2299/8 1040/5292/8 1039/2300/8
f 1038/2302/11 1040/5293/11 1035/2303/11
f 1042/2305/14 1043/5294/14 1044/2306/14
f 1045/2308/8 1046/5295/8 1043/2309/8
f 1047/2311/15 1048/5296/15 1046/2312/15
f 1041/2314/2 1044/5297/2 1048/2315/2
f 1045/2317/11 1042/5298/11 1041/2318/11
f 1050/2320/14 1051/5299/14 1052/2321/14
f 1054/2323/2 1050/5300/2 1049/2324/2
f 1056/2326/15 1054/5301/15 1053/2327/15
f 1051/2329/8 1056/5302/8 1055/2330/8
f 1054/2332/11 1056/5303/11 1051/2333/11
f 1049/2335/7 1052/5304/7 1055/2336/7
f 1103/2338/8 1069/5305/8 982/2339/8
f 1063/2341/11 942/5306/11 943/2342/11
f 939/2344/11 937/5307/11 1057/2345/11
f 1067/2347/11 1066/5308/11 947/2348/11
f 1073/2350/14 1074/5309/14 1075/2351/14
f 1077/2353/2 1073/5310/2 1072/2354/2
f 1079/2356/15 1077/5311/15 1076/2357/15
f 1074/2359/8 1079/5312/8 1078/2360/8
f 1077/2362/11 1079/5313/11 1074/2363/11
f 1081/2365/14 1082/5314/14 1083/2366/14
f 1084/2368/8 1085/5315/8 1082/2369/8
f 1086/2371/15 1087/5316/15 1085/2372/15
f 1080/2374/2 1083/5317/2 1087/2375/2
f 1084/2377/11 1081/5318/11 1080/2378/11
f 1089/2380/14 1090/5319/14 1091/2381/14
f 1093/2383/2 1089/5320/2 1088/2384/2
f 1095/2386/15 1093/5321/15 1092/2387/15
f 1090/2389/8 1095/5322/8 1094/2390/8
f 1093/2392/11 1095/5323/11 1090/2393/11
f 1088/2395/7 1091/5324/7 1094/2396/7
f 1181/2398/8 1177/5325/8 1100/2399/8
f 1182/2401/8 1213/5326/8 1062/2402/17
f 1060/2404/8 1179/5327/8 1214/2405/8
f 1071/2407/2 1101/5328/2 1217/2408/2
f 1097/2410/7 1061/5329/7 1180/2411/7
f 1066/2413/2 1186/5330/2 1218/2414/2
f 1058/2416/11 1057/5331/11 1216/2417/11
f 1222/2419/7 1185/5332/7 1065/2420/7
f 1216/2422/2 1057/5333/2 1099/2423/2
f 1106/2425/14 1107/5334/14 1108/2426/14
f 1110/2428/2 1106/5335/2 1105/2429/2
f 1112/2431/15 1110/5336/15 1109/2432/15
f 1107/2434/8 1112/5337/8 1111/2435/8
f 1110/2437/11 1112/5338/11 1107/2438/11
f 1114/2440/14 1115/5339/14 1116/2441/14
f 1117/2443/8 1118/5340/8 1115/2444/8
f 1119/2446/15 1120/5341/15 1118/2447/15
f 1113/2449/2 1116/5342/2 1120/2450/2
f 1117/2452/11 1114/5343/11 1113/2453/11
f 1122/2455/14 1123/5344/14 1124/2456/14
f 1126/2458/2 1122/5345/2 1121/2459/2
f 1128/2461/15 1126/5346/15 1125/2462/15
f 1123/2464/8 1128/5347/8 1127/2465/8
f 1126/2467/11 1128/5348/11 1123/2468/11
f 1121/2470/7 1124/5349/7 1127/2471/7
f 1061/2473/2 1058/5350/2 1178/2474/2
f 1130/2476/14 1131/5351/14 1132/2477/14
f 1134/2479/2 1130/5352/2 1129/2480/2
f 1136/2482/15 1134/5353/15 1133/2483/15
f 1131/2485/8 1136/5354/8 1135/2486/8
f 1134/2488/11 1136/5355/11 1131/2489/11
f 1138/2491/14 1139/5356/14 1140/2492/14
f 1141/2494/8 1142/5357/8 1139/2495/8
f 1143/2497/15 1144/5358/15 1142/2498/15
f 1137/2500/2 1140/5359/2 1144/2501/2
f 1141/2503/11 1138/5360/11 1137/2504/11
f 1146/2506/14 1147/5361/14 1148/2507/14
f 1150/2509/2 1146/5362/2 1145/2510/2
f 1152/2512/15 1150/5363/15 1149/2513/15
f 1147/2515/8 1152/5364/8 1151/2516/8
f 1150/2518/11 1152/5365/11 1147/2519/11
f 1145/2521/7 1148/5366/7 1151/2522/7
f 1182/2524/11 1063/5367/11 1098/2525/11
f 1221/2527/11 1064/5368/11 1068/2528/11
f 1219/2530/11 1103/5369/11 1071/2531/11
f 1187/2533/8 1223/5370/8 1068/2534/8
f 1220/2536/7 1187/5371/7 1102/2537/7
f 1154/2539/14 1155/5372/14 1156/2540/14
f 1158/2542/2 1154/5373/2 1153/2543/2
f 1160/2545/15 1158/5374/15 1157/2546/15
f 1155/2548/8 1160/5375/8 1159/2549/8
f 1158/2551/11 1160/5376/11 1155/2552/11
f 1162/2554/14 1163/5377/14 1164/2555/14
f 1165/2557/8 1166/5378/8 1163/2558/8
f 1167/2560/15 1168/5379/15 1166/2561/15
f 1161/2563/2 1164/5380/2 1168/2564/2
f 1165/2566/11 1162/5381/11 1161/2567/11
f 1170/2569/14 1171/5382/14 1172/2570/14
f 1174/2572/2 1170/5383/2 1169/2573/2
f 1176/2575/15 1174/5384/15 1173/2576/15
f 1171/2578/8 1176/5385/8 1175/2579/8
f 1174/2581/11 1176/5386/11 1171/2582/11
f 1169/2584/7 1172/5387/7 1175/2585/7
f 1185/2587/2 1224/5388/2 1067/2588/2
f 1062/2590/7 1213/5389/7 1181/2591/7
f 1099/2593/7 1059/5390/7 1214/2594/7
f 1097/2596/2 1184/5391/16 1183/2597/16
f 1100/2599/11 1177/5392/11 1179/2600/11
f 1064/2602/8 1221/5393/8 1222/2603/8
f 1218/2605/7 1217/5394/7 1101/2606/7
f 1224/2608/11 1186/5395/11 1066/2609/11
f 1190/2611/14 1191/5396/14 1192/2612/14
f 1194/2614/2 1190/5397/2 1189/2615/2
f 1196/2617/15 1194/5398/15 1193/2618/15
f 1191/2620/8 1196/5399/8 1195/2621/8
f 1194/2623/11 1196/5400/11 1191/2624/11
f 1198/2626/14 1199/5401/14 1200/2627/14
f 1201/2629/8 1202/5402/8 1199/2630/8
f 1203/2632/15 1204/5403/15 1202/2633/15
f 1197/2635/2 1200/5404/2 1204/2636/2
f 1201/2638/11 1198/5405/11 1197/2639/11
f 1206/2641/14 1207/5406/14 1208/2642/14
f 1210/2644/2 1206/5407/2 1205/2645/2
f 1212/2647/15 1210/5408/15 1209/2648/15
f 1207/2650/8 1212/5409/8 1211/2651/8
f 1210/2653/11 1212/5410/11 1207/2654/11
f 1205/2656/7 1208/5411/7 1211/2657/7
f 1215/2659/7 1214/5412/7 1337/2660/7
f 1213/2662/7 1333/5413/7 1334/2663/7
f 1333/2665/20 1213/5414/8 1182/2666/8
f 1214/2668/8 1179/5415/8 1299/2669/8
f 1341/2671/20 1342/5416/20 1220/2672/17
f 1217/2674/18 1308/5417/2 1340/2675/2
f 1307/2677/8 1344/5418/8 1223/2678/8
f 1306/2680/7 1308/5419/7 1217/2681/7
f 1342/2683/7 1307/5420/7 1187/2684/7
f 1297/2686/2 1338/5421/2 1216/2687/2
f 1226/2689/14 1227/5422/14 1228/2690/14
f 1230/2692/2 1226/5423/2 1225/2693/2
f 1232/2695/15 1230/5424/15 1229/2696/15
f 1227/2698/8 1232/5425/8 1231/2699/8
f 1230/2701/11 1232/5426/11 1227/2702/11
f 1234/2704/14 1235/5427/14 1236/2705/14
f 1237/2707/8 1238/5428/8 1235/2708/8
f 1239/2710/15 1240/5429/15 1238/2711/15
f 1233/2713/2 1236/5430/2 1240/2714/2
f 1237/2716/11 1234/5431/11 1233/2717/11
f 1242/2719/14 1243/5432/14 1244/2720/14
f 1246/2722/2 1242/5433/2 1241/2723/2
f 1248/2725/15 1246/5434/15 1245/2726/15
f 1243/2728/8 1248/5435/8 1247/2729/8
f 1246/2731/11 1248/5436/11 1243/2732/11
f 1241/2734/7 1244/5437/7 1247/2735/7
f 1303/2737/7 1185/5438/7 1222/2738/7
f 1306/2740/2 1218/5439/2 1186/2741/2
f 1250/2743/14 1251/5440/14 1252/2744/14
f 1254/2746/2 1250/5441/2 1249/2747/2
f 1256/2749/15 1254/5442/15 1253/2750/15
f 1251/2752/8 1256/5443/8 1255/2753/8
f 1254/2755/11 1256/5444/11 1251/2756/11
f 1258/2758/14 1259/5445/14 1260/2759/14
f 1261/2761/8 1262/5446/8 1259/2762/8
f 1263/2764/15 1264/5447/19 1262/2765/15
f 1257/2767/2 1260/5448/2 1264/2768/2
f 1261/2770/11 1258/5449/11 1257/2771/11
f 1266/2773/14 1267/5450/14 1268/2774/14
f 1270/2776/2 1266/5451/2 1265/2777/2
f 1272/2779/15 1270/5452/15 1269/2780/15
f 1267/2782/8 1272/5453/8 1271/2783/8
f 1270/2785/11 1272/5454/11 1267/2786/11
f 1265/2788/7 1268/5455/7 1271/2789/7
f 1177/2791/11 1298/5456/11 1299/2792/11
f 1334/2794/8 1298/5457/8 1177/2795/8
f 1178/2797/2 1339/5458/2 1300/2798/2
f 1340/2800/11 1341/5459/11 1219/2801/11
f 1180/2803/7 1300/5460/7 1335/2804/7
f 1184/2806/2 1335/5461/18 1336/2807/2
f 1274/2809/14 1275/5462/14 1276/2810/14
f 1278/2812/2 1274/5463/2 1273/2813/2
f 1280/2815/15 1278/5464/15 1277/2816/15
f 1275/2818/8 1280/5465/8 1279/2819/8
f 1278/2821/11 1280/5466/11 1275/2822/11
f 1282/2824/14 1283/5467/14 1284/2825/14
f 1285/2827/8 1286/5468/8 1283/2828/8
f 1287/2830/15 1288/5469/15 1286/2831/15
f 1281/2833/2 1284/5470/2 1288/2834/2
f 1285/2836/11 1282/5471/11 1281/2837/11
f 1290/2839/14 1291/5472/14 1292/2840/14
f 1294/2842/2 1290/5473/2 1289/2843/2
f 1296/2845/15 1294/5474/15 1293/2846/15
f 1291/2848/8 1296/5475/8 1295/2849/8
f 1294/2851/11 1296/5476/11 1291/2852/11
f 1289/2854/7 1292/5477/7 1295/2855/7
f 1305/2857/2 1224/5478/2 1185/2858/2
f 1182/2860/11 1183/5479/11 1336/2861/11
f 1344/2863/11 1343/5480/11 1221/2864/11
f 1305/2866/11 1304/5481/11 1186/2867/11
f 1216/2869/11 1338/5482/11 1339/2870/11
f 1222/2872/8 1221/5483/8 1343/2873/8
f 1310/2875/14 1311/5484/14 1312/2876/14
f 1314/2878/2 1310/5485/2 1309/2879/2
f 1316/2881/15 1314/5486/15 1313/2882/15
f 1311/2884/8 1316/5487/8 1315/2885/8
f 1314/2887/11 1316/5488/11 1311/2888/11
f 1318/2890/14 1319/5489/14 1320/2891/14
f 1321/2893/8 1322/5490/8 1319/2894/8
f 1323/2896/15 1324/5491/15 1322/2897/15
f 1317/2899/2 1320/5492/2 1324/2900/2
f 1321/2902/11 1318/5493/11 1317/2903/11
f 1326/2905/14 1327/5494/14 1328/2906/14
f 1330/2908/2 1326/5495/2 1325/2909/2
f 1332/2911/15 1330/5496/15 1329/2912/15
f 1327/2914/8 1332/5497/8 1331/2915/8
f 1330/2917/11 1332/5498/11 1327/2918/11
f 1325/2920/7 1328/5499/7 1331/2921/7
f 1339/2923/11 1338/5500/11 1418/2924/11
f 1417/2926/16 1418/5501/16 1338/2927/2
f 1461/2929/7 1429/5502/7 1308/2930/7
f 1297/2932/7 1337/5503/7 1458/2933/7
f 1334/2935/7 1333/5504/7 1455/2936/7
f 1335/2938/7 1300/5505/7 1422/2939/7
f 1299/2941/11 1298/5506/11 1419/2942/11
f 1304/2944/2 1424/5507/2 1461/2945/2
f 1454/2947/17 1455/5508/17 1333/2948/20
f 1426/2950/11 1462/5509/11 1343/2951/11
f 1346/2953/14 1347/5510/14 1348/2954/14
f 1350/2956/2 1346/5511/2 1345/2957/2
f 1352/2959/15 1350/5512/15 1349/2960/15
f 1347/2962/8 1352/5513/8 1351/2963/8
f 1350/2965/11 1352/5514/11 1347/2966/11
f 1354/2968/14 1355/5515/14 1356/2969/14
f 1357/2971/8 1358/5516/8 1355/2972/8
f 1359/2974/15 1360/5517/15 1358/2975/15
f 1353/2977/2 1356/5518/2 1360/2978/2
f 1357/2980/11 1354/5519/11 1353/2981/11
f 1362/2983/14 1363/5520/14 1364/2984/14
f 1366/2986/2 1362/5521/2 1361/2987/2
f 1368/2989/15 1366/5522/15 1365/2990/15
f 1363/2992/8 1368/5523/8 1367/2993/8
f 1366/2995/11 1368/5524/11 1363/2996/11
f 1361/2998/7 1364/5525/7 1367/2999/7
f 1456/3001/8 1419/5526/8 1298/3002/8
f 1335/3004/2 1423/5527/16 1457/3005/16
f 1300/3007/2 1339/5528/2 1420/3008/2
f 1426/3010/20 1344/5529/8 1307/3011/8
f 1370/3013/14 1371/5530/14 1372/3014/14
f 1374/3016/2 1370/5531/2 1369/3017/2
f 1376/3019/15 1374/5532/15 1373/3020/15
f 1371/3022/8 1376/5533/8 1375/3023/8
f 1374/3025/11 1376/5534/11 1371/3026/11
f 1378/3028/14 1379/5535/14 1380/3029/14
f 1381/3031/8 1382/5536/8 1379/3032/8
f 1383/3034/15 1384/5537/15 1382/3035/15
f 1377/3037/2 1380/5538/2 1384/3038/2
f 1381/3040/11 1378/5539/11 1377/3041/11
f 1386/3043/14 1387/5540/14 1388/3044/14
f 1390/3046/2 1386/5541/2 1385/3047/2
f 1392/3049/15 1390/5542/15 1389/3050/15
f 1387/3052/8 1392/5543/8 1391/3053/8
f 1390/3055/11 1392/5544/11 1387/3056/11
f 1385/3058/7 1388/5545/7 1391/3059/7
f 1458/3061/8 1337/5546/8 1299/3062/8
f 1463/3064/7 1464/5547/7 1303/3065/7
f 1394/3067/14 1395/5548/14 1396/3068/14
f 1398/3070/2 1394/5549/2 1393/3071/2
f 1400/3073/15 1398/5550/15 1397/3074/15
f 1395/3076/8 1400/5551/8 1399/3077/8
f 1398/3079/11 1400/5552/11 1395/3080/11
f 1402/3082/14 1403/5553/14 1404/3083/14
f 1405/3085/8 1406/5554/8 1403/3086/8
f 1407/3088/15 1408/5555/15 1406/3089/15
f 1401/3091/2 1404/5556/2 1408/3092/2
f 1405/3094/11 1402/5557/11 1401/3095/11
f 1410/3097/14 1411/5558/14 1412/3098/14
f 1414/3100/2 1410/5559/2 1409/3101/2
f 1416/3103/15 1414/5560/15 1413/3104/15
f 1411/3106/8 1416/5561/8 1415/3107/8
f 1414/3109/11 1416/5562/11 1411/3110/11
f 1409/3112/7 1412/5563/7 1415/3113/7
f 1336/3115/11 1457/5564/11 1454/3116/11
f 1427/3118/7 1460/5565/7 1307/3119/7
f 1343/3121/17 1462/5566/8 1463/3122/8
f 1464/3124/2 1425/5567/2 1305/3125/2
f 1459/3127/11 1428/5568/11 1341/3128/11
f 1428/3130/20 1427/5569/20 1342/3131/8
f 1308/3133/18 1429/5570/16 1459/3134/16
f 1425/3136/11 1424/5571/11 1304/3137/11
f 1431/3139/14 1432/5572/14 1433/3140/14
f 1435/3142/2 1431/5573/2 1430/3143/2
f 1437/3145/15 1435/5574/15 1434/3146/15
f 1432/3148/8 1437/5575/8 1436/3149/8
f 1435/3151/11 1437/5576/11 1432/3152/11
f 1439/3154/14 1440/5577/14 1441/3155/14
f 1442/3157/8 1443/5578/8 1440/3158/8
f 1444/3160/15 1445/5579/15 1443/3161/15
f 1438/3163/2 1441/5580/2 1445/3164/2
f 1442/3166/11 1439/5581/11 1438/3167/11
f 1447/3169/14 1448/5582/14 1449/3170/14
f 1451/3172/2 1447/5583/2 1446/3173/2
f 1453/3175/15 1451/5584/15 1450/3176/15
f 1448/3178/8 1453/5585/8 1452/3179/8
f 1451/3181/11 1453/5586/11 1448/3182/11
f 1446/3184/7 1449/5587/7 1452/3185/7
f 1543/3187/11 1462/5588/11 1426/3188/11
f 1419/3190/11 1580/5589/11 1581/3191/11
f 1455/3193/7 1540/5590/7 1577/3194/7
f 1550/3196/7 1460/5591/7 1427/3197/7
f 1421/3199/8 1581/5592/8 1539/3200/8
f 1544/3202/2 1546/5593/2 1425/3203/2
f 1541/3205/17 1540/5594/17 1455/3206/17
f 1459/3208/16 1429/5595/16 1551/3209/2
f 1463/3211/8 1462/5596/8 1543/3212/8
f 1466/3214/14 1467/5597/14 1468/3215/14
f 1470/3217/2 1466/5598/2 1465/3218/2
f 1472/3220/15 1470/5599/15 1469/3221/15
f 1467/3223/8 1472/5600/8 1471/3224/8
f 1470/3226/11 1472/5601/11 1467/3227/11
f 1474/3229/14 1475/5602/14 1476/3230/14
f 1477/3232/8 1478/5603/8 1475/3233/8
f 1479/3235/15 1480/5604/15 1478/3236/15
f 1473/3238/2 1476/5605/2 1480/3239/2
f 1477/3241/11 1474/5606/11 1473/3242/11
f 1482/3244/14 1483/5607/14 1484/3245/14
f 1486/3247/2 1482/5608/2 1481/3248/2
f 1488/3250/15 1486/5609/15 1485/3251/15
f 1483/3253/8 1488/5610/8 1487/3254/8
f 1486/3256/11 1488/5611/11 1483/3257/11
f 1481/3259/7 1484/5612/7 1487/3260/7
f 1549/3262/7 1551/5613/7 1429/3263/7
f 1549/3265/18 1461/5614/2 1424/3266/2
f 1550/3268/8 1547/5615/8 1426/3269/8
f 1584/3271/7 1544/5616/7 1464/3272/7
f 1490/3274/14 1491/5617/14 1492/3275/14
f 1494/3277/2 1490/5618/2 1489/3278/2
f 1496/3280/15 1494/5619/15 1493/3281/15
f 1491/3283/8 1496/5620/8 1495/3284/8
f 1494/3286/11 1496/5621/11 1491/3287/11
f 1498/3289/14 1499/5622/14 1500/3290/14
f 1501/3292/8 1502/5623/8 1499/3293/8
f 1503/3295/15 1504/5624/15 1502/3296/15
f 1497/3298/2 1500/5625/2 1504/3299/2
f 1501/3301/11 1498/5626/11 1497/3302/11
f 1506/3304/14 1507/5627/14 1508/3305/14
f 1510/3307/2 1506/5628/2 1505/3308/2
f 1512/3310/15 1510/5629/15 1509/3311/15
f 1507/3313/8 1512/5630/8 1511/3314/8
f 1510/3316/11 1512/5631/11 1507/3317/11
f 1505/3319/7 1508/5632/7 1511/3320/7
f 1546/3322/11 1545/5633/11 1424/3323/11
f 1577/3325/8 1580/5634/8 1419/3326/8
f 1420/3328/16 1538/5635/2 1576/3329/2
f 1420/3331/11 1418/5636/11 1537/3332/11
f 1514/3334/14 1515/5637/14 1516/3335/14
f 1518/3337/2 1514/5638/2 1513/3338/2
f 1520/3340/15 1518/5639/15 1517/3341/15
f 1515/3343/8 1520/5640/8 1519/3344/8
f 1518/3346/11 1520/5641/11 1515/3347/11
f 1522/3349/14 1523/5642/14 1524/3350/14
f 1525/3352/8 1526/5643/8 1523/3353/8
f 1527/3355/15 1528/5644/15 1526/3356/15
f 1521/3358/2 1524/5645/2 1528/3359/2
f 1525/3361/11 1522/5646/11 1521/3362/11
f 1530/3364/14 1531/5647/14 1532/3365/14
f 1534/3367/2 1530/5648/2 1529/3368/2
f 1536/3370/22 1534/5649/15 1533/3371/15
f 1531/3373/8 1536/5650/8 1535/3374/8
f 1534/3376/11 1536/5651/11 1531/3377/11
f 1529/3379/7 1532/5652/7 1535/3380/7
f 1457/3382/11 1542/5653/11 1541/3383/11
f 1457/3385/16 1423/5654/16 1578/3386/2
f 1579/3388/2 1537/5655/2 1418/3389/2
f 1583/3391/8 1548/5656/8 1427/3392/17
f 1583/3394/11 1428/5657/11 1459/3395/11
f 1423/3397/7 1422/5658/7 1576/3398/7
f 1417/3400/7 1458/5659/7 1539/3401/7
f 1553/3403/14 1554/5660/14 1555/3404/14
f 1557/3406/2 1553/5661/2 1552/3407/2
f 1559/3409/15 1557/5662/15 1556/3410/15
f 1554/3412/8 1559/5663/8 1558/3413/8
f 1557/3415/11 1559/5664/11 1554/3416/11
f 1561/3418/14 1562/5665/14 1563/3419/14
f 1564/3421/8 1565/5666/8 1562/3422/8
f 1566/3424/15 1567/5667/15 1565/3425/15
f 1560/3427/2 1563/5668/2 1567/3428/2
f 1564/3430/11 1561/5669/11 1560/3431/11
f 1569/3433/14 1570/5670/14 1571/3434/14
f 1573/3436/2 1569/5671/2 1568/3437/2
f 1575/3439/15 1573/5672/15 1572/3440/15
f 1570/3442/8 1575/5673/8 1574/3443/8
f 1573/3445/11 1575/5674/11 1570/3446/11
f 1568/3448/7 1571/5675/7 1574/3449/7
f 1939/3451/10 1897/5676/10 2017/3452/10
f 1937/3454/18 1902/5677/18 2049/3455/2
f 1810/3457/7 1779/5678/7 1935/3458/7
f 1579/3460/7 1539/5679/7 1660/3461/7
f 1658/3463/18 1537/5680/2 1579/3464/2
f 2062/3466/10 1905/5681/10 1944/3467/10
f 1666/3469/11 1543/5682/11 1547/3470/11
f 1943/3472/11 1821/5683/11 1782/3473/11
f 1586/3475/14 1587/5684/14 1588/3476/14
f 1590/3478/2 1586/5685/2 1585/3479/2
f 1592/3481/15 1590/5686/15 1589/3482/15
f 1587/3484/8 1592/5687/8 1591/3485/8
f 1590/3487/11 1592/5688/11 1587/3488/11
f 1594/3490/14 1595/5689/14 1596/3491/14
f 1597/3493/8 1598/5690/8 1595/3494/8
f 1599/3496/15 1600/5691/15 1598/3497/15
f 1593/3499/2 1596/5692/2 1600/3500/2
f 1597/3502/11 1594/5693/11 1593/3503/11
f 1602/3505/14 1603/5694/14 1604/3506/14
f 1606/3508/2 1602/5695/2 1601/3509/2
f 1608/3511/15 1606/5696/15 1605/3512/15
f 1603/3514/8 1608/5697/8 1607/3515/8
f 1606/3517/11 1608/5698/11 1603/3518/11
f 1601/3520/7 1604/5699/7 1607/3521/7
f 1698/3523/8 1700/5700/8 1580/3524/8
f 1901/3526/17 1900/5701/17 1809/3527/17
f 1816/3529/16 1672/5702/16 1701/3530/16
f 1670/3532/2 1549/5703/2 1545/3533/2
f 1671/3535/8 1667/5704/8 1547/3536/8
f 1610/3538/14 1611/5705/14 1612/3539/14
f 1614/3541/2 1610/5706/2 1609/3542/2
f 1616/3544/15 1614/5707/15 1613/3545/15
f 1611/3547/8 1616/5708/8 1615/3548/8
f 1614/3550/11 1616/5709/11 1611/3551/11
f 1618/3553/14 1619/5710/14 1620/3554/14
f 1621/3556/8 1622/5711/8 1619/3557/8
f 1623/3559/15 1624/5712/15 1622/3560/15
f 1617/3562/2 1620/5713/2 1624/3563/2
f 1621/3565/11 1618/5714/11 1617/3566/11
f 1626/3568/14 1627/5715/14 1628/3569/14
f 1630/3571/2 1626/5716/2 1625/3572/2
f 1632/3574/15 1630/5717/15 1629/3575/15
f 1627/3577/8 1632/5718/8 1631/3578/8
f 1630/3580/11 1632/5719/11 1627/3581/11
f 1625/3583/7 1628/5720/7 1631/3584/7
f 1538/3586/2 1659/5721/2 1662/3587/2
f 1664/3589/7 1662/5722/7 1779/3590/7
f 1671/3592/7 1550/5723/7 1548/3593/7
f 1669/3595/11 1583/5724/11 1582/3596/11
f 1634/3598/14 1635/5725/14 1636/3599/14
f 1638/3601/2 1634/5726/2 1633/3602/2
f 1640/3604/15 1638/5727/15 1637/3605/15
f 1635/3607/8 1640/5728/8 1639/3608/8
f 1638/3610/11 1640/5729/11 1635/3611/11
f 1642/3613/14 1643/5730/14 1644/3614/14
f 1645/3616/8 1646/5731/8 1643/3617/8
f 1647/3619/15 1648/5732/15 1646/3620/15
f 1641/3622/2 1644/5733/2 1648/3623/2
f 1645/3625/11 1642/5734/11 1641/3626/11
f 1650/3628/24 1651/5735/14 1652/3629/14
f 1654/3631/2 1650/5736/2 1649/3632/2
f 1656/3634/15 1654/5737/15 1653/3635/15
f 1651/3637/8 1656/5738/8 1655/3638/8
f 1654/3640/11 1656/5739/11 1651/3641/11
f 1649/3643/7 1652/5740/7 1655/3644/7
f 1670/3646/7 1701/5741/7 1551/3647/7
f 1782/3649/11 1821/5742/11 1666/3650/11
f 1674/3652/14 1675/5743/14 1676/3653/14
f 1678/3655/2 1674/5744/2 1673/3656/2
f 1680/3658/15 1678/5745/15 1677/3659/15
f 1675/3661/8 1680/5746/8 1679/3662/8
f 1678/3664/11 1680/5747/11 1675/3665/11
f 1682/3667/14 1683/5748/14 1684/3668/14
f 1685/3670/8 1686/5749/8 1683/3671/8
f 1687/3673/15 1688/5750/15 1686/3674/15
f 1681/3676/2 1684/5751/2 1688/3677/2
f 1685/3679/11 1682/5752/11 1681/3680/11
f 1690/3682/14 1691/5753/14 1692/3683/14
f 1694/3685/2 1690/5754/2 1689/3686/2
f 1696/3688/15 1694/5755/22 1693/3689/15
f 1691/3691/8 1696/5756/8 1695/3692/8
f 1694/3694/11 1696/5757/11 1691/3695/11
f 1689/3697/7 1692/5758/7 1695/3698/7
f 1815/3700/11 1898/5759/11 1940/3701/11
f 2052/3703/2 2017/5760/2 1897/3704/16
f 1669/3706/17 1668/5761/17 1548/3707/8
f 1702/3709/11 1545/5762/11 1546/3710/11
f 1941/3712/8 1942/5763/8 1820/3713/17
f 1706/3715/14 1707/5764/14 1708/3716/14
f 1710/3718/2 1706/5765/2 1705/3719/2
f 1712/3721/15 1710/5766/15 1709/3722/15
f 1707/3724/8 1712/5767/8 1711/3725/8
f 1710/3727/11 1712/5768/11 1707/3728/11
f 1714/3730/14 1715/5769/14 1716/3731/14
f 1717/3733/8 1718/5770/8 1715/3734/8
f 1719/3736/15 1720/5771/15 1718/3737/15
f 1713/3739/2 1716/5772/2 1720/3740/2
f 1717/3742/11 1714/5773/11 1713/3743/11
f 1722/3745/14 1723/5774/14 1724/3746/14
f 1726/3748/2 1722/5775/2 1721/3749/2
f 1728/3751/15 1726/5776/15 1725/3752/15
f 1723/3754/8 1728/5777/8 1727/3755/8
f 1726/3757/11 1728/5778/11 1723/3758/11
f 1721/3760/7 1724/5779/7 1727/3761/7
f 1813/3763/7 1812/5780/7 1899/3764/7
f 1662/3766/16 1659/5781/16 1814/3767/18
f 1817/3769/8 1782/5782/8 1667/3770/8
f 2061/3772/7 2064/5783/7 1904/3773/7
f 1730/3775/14 1731/5784/14 1732/3776/14
f 1734/3778/2 1730/5785/2 1729/3779/2
f 1736/3781/15 1734/5786/15 1733/3782/15
f 1731/3784/8 1736/5787/8 1735/3785/8
f 1734/3787/11 1736/5788/11 1731/3788/11
f 1738/3790/14 1739/5789/14 1740/3791/14
f 1741/3793/8 1742/5790/8 1739/3794/8
f 1743/3796/15 1744/5791/15 1742/3797/15
f 1737/3799/2 1740/5792/2 1744/3800/2
f 1741/3802/11 1738/5793/11 1737/3803/11
f 1746/3805/14 1747/5794/14 1748/3806/14
f 1750/3808/2 1746/5795/2 1745/3809/2
f 1752/3811/15 1750/5796/15 1749/3812/15
f 1747/3814/8 1752/5797/8 1751/3815/8
f 1750/3817/11 1752/5798/11 1747/3818/11
f 1745/3820/7 1748/5799/7 1751/3821/7
f 1780/3823/17 1815/5800/17 1700/3824/8
f 1665/3826/17 1666/5801/17 1821/3827/8
f 1822/3829/7 1781/5802/7 1703/3830/7
f 1816/3832/11 1819/5803/11 1669/3833/11
f 1702/3835/2 1823/5804/2 1818/3836/2
f 1754/3838/14 1755/5805/14 1756/3839/14
f 1758/3841/2 1754/5806/2 1753/3842/2
f 1760/3844/15 1758/5807/15 1757/3845/15
f 1755/3847/8 1760/5808/8 1759/3848/8
f 1758/3850/11 1760/5809/11 1755/3851/11
f 1762/3853/14 1763/5810/14 1764/3854/14
f 1765/3856/8 1766/5811/8 1763/3857/8
f 1767/3859/15 1768/5812/15 1766/3860/15
f 1761/3862/2 1764/5813/2 1768/3863/2
f 1765/3865/11 1762/5814/11 1761/3866/11
f 1770/3868/14 1771/5815/14 1772/3869/14
f 1774/3871/2 1770/5816/2 1769/3872/2
f 1776/3874/15 1774/5817/15 1773/3875/15
f 1771/3877/8 1776/5818/8 1775/3878/8
f 1774/3880/11 1776/5819/11 1771/3881/11
f 1769/3883/7 1772/5820/7 1775/3884/7
f 1811/3886/16 1810/5821/16 1902/3887/16
f 1658/3889/11 1777/5822/11 1814/3890/11
f 1538/3892/11 1537/5823/11 1658/3893/11
f 2060/3895/5 2057/4462/5 1908/3896/5
f 1824/3898/11 1823/5824/11 1702/3899/11
f 1785/3901/14 1786/5825/14 1787/3902/14
f 1789/3904/2 1785/5826/2 1784/3905/2
f 1791/3907/15 1789/5827/15 1788/3908/15
f 1786/3910/8 1791/5828/8 1790/3911/8
f 1789/3913/11 1791/5829/11 1786/3914/11
f 1793/3916/14 1794/5830/14 1795/3917/14
f 1796/3919/8 1797/5831/8 1794/3920/8
f 1798/3922/15 1799/5832/15 1797/3923/15
f 1792/3925/2 1795/5833/2 1799/3926/2
f 1796/3928/11 1793/5834/11 1792/3929/11
f 1801/3931/14 1802/5835/14 1803/3932/14
f 1805/3934/2 1801/5836/2 1800/3935/2
f 1807/3937/15 1805/5837/15 1804/3938/15
f 1802/3940/8 1807/5838/8 1806/3941/8
f 1805/3943/11 1807/5839/11 1802/3944/11
f 1800/3946/7 1803/5840/7 1806/3947/7
f 1780/3949/7 1809/5841/7 1900/3950/7
f 1664/3952/18 1810/5842/2 1811/3953/2
f 1699/3955/11 1811/5843/11 1808/3956/11
f 1936/3958/8 1898/5844/8 1815/3959/17
f 1812/3961/8 1660/5845/8 1661/3962/8
f 1813/3964/2 1777/5846/2 1658/3965/2
f 2051/3967/8 1899/5847/8 1940/3968/8
f 1580/3970/11 1700/5848/11 1661/3971/11
f 1700/3973/11 1815/5849/11 1778/3974/11
f 1818/3976/18 1823/5850/18 1905/3977/2
f 2063/3979/10 2021/5851/10 1943/3980/10
f 1944/3982/11 1905/5852/11 1823/3983/11
f 1826/3985/14 1827/5853/14 1828/3986/14
f 1830/3988/2 1826/5854/2 1825/3989/2
f 1832/3991/15 1830/5855/15 1829/3992/15
f 1827/3994/8 1832/5856/8 1831/3995/8
f 1830/3997/11 1832/5857/11 1827/3998/11
f 1834/4000/14 1835/5858/14 1836/4001/14
f 1837/4003/8 1838/5859/8 1835/4004/8
f 1839/4006/15 1840/5860/15 1838/4007/15
f 1833/4009/2 1836/5861/2 1840/4010/2
f 1837/4012/11 1834/5862/11 1833/4013/11
f 1842/4015/14 1843/5863/14 1844/4016/14
f 1846/4018/2 1842/5864/2 1841/4019/2
f 1848/4021/15 1846/5865/15 1845/4022/15
f 1843/4024/8 1848/5866/8 1847/4025/8
f 1846/4027/11 1848/5867/11 1843/4028/11
f 1841/4030/7 1844/5868/7 1847/4031/7
f 1657/4033/7 1660/5869/7 1812/4034/7
f 1909/4036/2 1816/5870/2 1783/4037/2
f 1850/4039/14 1851/5871/14 1852/4040/14
f 1854/4042/2 1850/5872/2 1849/4043/2
f 1856/4045/15 1854/5873/15 1853/4046/15
f 1851/4048/8 1856/5874/8 1855/4049/8
f 1854/4051/11 1856/5875/11 1851/4052/11
f 1858/4054/14 1859/5876/14 1860/4055/14
f 1861/4057/8 1862/5877/8 1859/4058/8
f 1863/4060/15 1864/5878/15 1862/4061/15
f 1857/4063/2 1860/5879/2 1864/4064/2
f 1861/4066/11 1858/5880/11 1857/4067/11
f 1866/4069/14 1867/5881/14 1868/4070/14
f 1870/4072/2 1866/5882/2 1865/4073/2
f 1872/4075/22 1870/5883/15 1869/4076/15
f 1867/4078/8 1872/5884/8 1871/4079/8
f 1870/4081/11 1872/5885/11 1867/4082/11
f 1865/4084/7 1868/5886/7 1871/4085/7
f 1808/4087/8 1809/5887/8 1697/4088/8
f 1811/4090/11 1937/5888/11 1901/4091/11
f 1814/4093/16 1939/5889/2 1935/4094/2
f 1551/4096/16 1701/5890/16 1672/4097/16
f 1908/4099/8 1906/5891/8 1782/4100/8
f 1703/4102/7 1544/5892/7 1584/4103/7
f 1818/4105/7 1783/5893/7 1701/4106/7
f 1874/4108/14 1875/5894/14 1876/4109/14
f 1878/4111/2 1874/5895/2 1873/4112/2
f 1880/4114/15 1878/5896/15 1877/4115/15
f 1875/4117/8 1880/5897/8 1879/4118/8
f 1878/4120/11 1880/5898/11 1875/4121/11
f 1882/4123/14 1883/5899/14 1884/4124/14
f 1885/4126/8 1886/5900/8 1883/4127/8
f 1887/4129/15 1888/5901/15 1886/4130/15
f 1881/4132/2 1884/5902/2 1888/4133/2
f 1885/4135/11 1882/5903/11 1881/4136/11
f 1890/4138/14 1891/5904/14 1892/4139/14
f 1894/4141/2 1890/5905/2 1889/4142/2
f 1896/4144/15 1894/5906/15 1893/4145/15
f 1891/4147/8 1896/5907/8 1895/4148/8
f 1894/4150/11 1896/5908/11 1891/4151/11
f 1889/4153/7 1892/5909/7 1895/4154/7
f 1814/4156/11 1777/5910/11 1897/4157/11
f 1660/4159/8 1539/5911/8 1581/4160/8
f 1938/4162/7 1899/5912/7 2051/4163/7
f 1904/4165/2 1944/5913/2 1824/4166/2
f 2061/4168/8 1903/5914/8 1943/4169/8
f 1909/4171/11 1941/5915/11 1819/4172/11
f 1819/4174/20 1820/5916/20 1668/4175/8
f 1820/4177/7 1817/5917/7 1671/4178/7
f 1903/4180/7 1904/5918/7 1781/4181/7
f 1912/4183/14 1913/5919/14 1914/4184/14
f 1916/4186/2 1912/5920/2 1911/4187/2
f 1918/4189/15 1916/5921/15 1915/4190/15
f 1913/4192/8 1918/5922/8 1917/4193/8
f 1916/4195/11 1918/5923/11 1913/4196/11
f 1920/4198/14 1921/5924/14 1922/4199/14
f 1923/4201/8 1924/5925/8 1921/4202/8
f 1925/4204/15 1926/5926/15 1924/4205/15
f 1919/4207/2 1922/5927/2 1926/4208/2
f 1923/4210/11 1920/5928/11 1919/4211/11
f 1928/4213/14 1929/5929/14 1930/4214/14
f 1932/4216/2 1928/5930/2 1927/4217/2
f 1934/4219/15 1932/5931/15 1931/4220/15
f 1929/4222/8 1934/5932/8 1933/4223/8
f 1932/4225/11 1934/5933/11 1929/4226/11
f 1927/4228/7 1930/5934/7 1933/4229/7
f 1938/4231/2 1897/5935/2 1777/4232/2
f 1578/4234/7 1576/5936/7 1662/4235/7
f 1663/4237/11 1541/5937/11 1542/4238/11
f 1697/4240/7 1809/5938/7 1780/4241/7
f 2064/4243/2 2022/5939/2 1944/4244/18
f 2055/4246/2 2056/5940/2 1909/4247/16
f 1907/4249/7 1910/5941/7 1783/4250/7
f 1946/4252/14 1947/5942/14 1948/4253/14
f 1950/4255/2 1946/5943/2 1945/4256/2
f 1952/4258/15 1950/5944/15 1949/4259/15
f 1947/4261/8 1952/5945/8 1951/4262/8
f 1950/4264/11 1952/5946/11 1947/4265/11
f 1954/4267/14 1955/5947/14 1956/4268/14
f 1957/4270/8 1958/5948/8 1955/4271/8
f 1959/4273/15 1960/5949/15 1958/4274/15
f 1953/4276/2 1956/5950/2 1960/4277/2
f 1957/4279/11 1954/5951/11 1953/4280/11
f 1962/4282/14 1963/5952/14 1964/4283/14
f 1966/4285/2 1962/5953/2 1961/4286/2
f 1968/4288/15 1966/5954/15 1965/4289/15
f 1963/4291/8 1968/5955/8 1967/4292/8
f 1966/4294/11 1968/5956/11 1963/4295/11
f 1961/4297/7 1964/5957/7 1967/4298/7
f 1542/4300/16 1578/5958/16 1664/4301/2
f 2018/4303/20 1898/5959/8 1936/4304/8
f 1935/4306/2 1939/5960/2 2053/4307/2
f 2062/4309/16 2058/5961/16 1907/4310/2
f 1908/4312/8 2057/5962/20 2063/4313/20
f 1970/4315/14 1971/5963/14 1972/4316/14
f 1974/4318/2 1970/5964/2 1969/4319/2
f 1976/4321/15 1974/5965/15 1973/4322/15
f 1971/4324/8 1976/5966/8 1975/4325/8
f 1974/4327/11 1976/5967/11 1971/4328/11
f 1978/4330/14 1979/5968/14 1980/4331/14
f 1981/4333/8 1982/5969/8 1979/4334/8
f 1983/4336/15 1984/5970/15 1982/4337/15
f 1977/4339/2 1980/5971/2 1984/4340/2
f 1981/4342/11 1978/5972/11 1977/4343/11
f 1986/4345/14 1987/5973/14 1988/4346/14
f 1990/4348/2 1986/5974/2 1985/4349/2
f 1992/4351/15 1990/5975/15 1989/4352/15
f 1987/4354/8 1992/5976/8 1991/4355/8
f 1990/4357/11 1992/5977/11 1987/4358/11
f 1985/4360/7 1988/5978/7 1991/4361/7
f 1937/4363/10 2050/5979/10 2020/4364/10
f 1697/4366/8 1540/5980/17 1541/4367/17
f 1900/4369/5 2048/5981/5 2019/4370/5
f 1577/4372/7 1540/5982/7 1697/4373/7
f 1901/4375/8 2020/5983/8 2048/4376/8
f 2056/4378/10 2059/5984/10 1941/4379/10
f 1824/4381/16 1704/5985/2 1703/4382/2
f 1941/4384/20 2059/4461/8 2060/4385/8
f 1994/4387/14 1995/5986/14 1996/4388/14
f 1998/4390/2 1994/5987/2 1993/4391/2
f 2000/4393/15 1998/5988/15 1997/4394/15
f 1995/4396/8 2000/5989/8 1999/4397/8
f 1998/4399/11 2000/5990/11 1995/4400/11
f 2002/4402/14 2003/5991/14 2004/4403/14
f 2005/4405/8 2006/5992/8 2003/4406/8
f 2007/4408/15 2008/5993/15 2006/4409/15
f 2001/4411/2 2004/5994/2 2008/4412/2
f 2005/4414/11 2002/5995/11 2001/4415/11
f 2010/4417/14 2011/5996/14 2012/4418/14
f 2014/4420/2 2010/5997/2 2009/4421/2
f 2016/4423/15 2014/5998/15 2013/4424/15
f 2011/4426/8 2016/5999/8 2015/4427/8
f 2014/4429/11 2016/6000/11 2011/4430/11
f 2009/4432/7 2012/6001/7 2015/4433/7
f 2053/4435/25 2017/6002/35 2052/4436/22
f 2051/4438/15 2054/6003/36 2018/4437/26
f 2019/4439/27 2048/6004/28 2020/4440/28
f 2050/4442/30 2049/6005/37 2047/4441/29
f 2018/4437/26 2019/4439/27 2047/4441/29
f 1940/4443/10 1898/6006/10 2018/4444/10
f 1902/4446/5 1935/6007/5 2047/4447/5
f 1778/4449/8 1940/6008/8 1899/4450/8
f 1584/4452/20 1543/6009/20 1666/4453/8
f 2064/4455/15 2061/4459/15 2062/4456/22
f 2063/4458/15 2062/4456/22 2061/4459/15
f 2059/4461/28 2056/4378/33 2057/4462/31
f 2058/4463/32 2057/6010/31 2056/4378/33
f 1821/4464/8 1943/6011/8 1903/4465/8
f 1703/4467/2 1704/6012/2 1546/4468/2
f 2055/4470/5 1910/6013/5 1907/4471/5
f 2024/4473/14 2025/6014/14 2026/4474/14
f 2028/4476/2 2024/6015/2 2023/4477/2
f 2030/4479/15 2028/6016/15 2027/4480/15
f 2025/4482/8 2030/6017/8 2029/4483/8
f 2028/4485/11 2030/6018/11 2025/4486/11
f 2032/4488/14 2033/6019/14 2034/4489/14
f 2035/4491/8 2036/6020/8 2033/4492/8
f 2037/4494/15 2038/6021/15 2036/4495/15
f 2031/4497/2 2034/6022/2 2038/4498/2
f 2035/4500/11 2032/6023/11 2031/4501/11
f 2040/4503/14 2041/6024/14 2042/4504/14
f 2044/4506/2 2040/6025/2 2039/4507/2
f 2046/4509/15 2044/6026/15 2043/4510/15
f 2041/4512/8 2046/6027/8 2045/4513/8
f 2044/4515/11 2046/6028/11 2041/4516/11
f 2039/4518/7 2042/6029/7 2045/4519/7
f 2058/4463/34 2057/6010/34 2063/4521/34
f 1942/4523/7 1908/6030/7 1817/4524/7
