# Blender v3.1.2 OBJ File: '1x18 diag slope.blend'
# www.blender.org
mtllib 1x18_track.mtl
o slope_track_track_normal.002
v -0.218205 0.071584 0.218204
v -0.218205 0.085803 0.218204
v -0.242349 0.071584 0.242348
v -0.225018 0.071584 0.225017
v -0.249161 0.085803 0.249160
v -0.249161 0.071584 0.249160
v -0.254896 0.041289 0.254895
v -0.254896 0.025803 0.254895
v -0.225017 0.041289 0.225016
v -0.242348 0.041289 0.242347
v -0.212470 0.025803 0.212469
v -0.212470 0.041289 0.212469
v -0.281998 -0.021693 0.125108
v -0.279776 0.058245 0.127330
v -0.300989 0.058245 0.148543
v -0.303211 -0.021693 0.146321
v -0.303194 -0.020515 0.103911
v -0.300972 0.059423 0.106133
v -0.324408 -0.020515 0.125124
v -0.322186 0.059423 0.127346
v 0.148543 0.058245 -0.300989
v 0.127330 0.058245 -0.279776
v 0.125108 -0.021693 -0.281997
v 0.146321 -0.021693 -0.303211
v 0.106133 0.059423 -0.300972
v 0.103911 -0.020515 -0.303194
v 0.127346 0.059423 -0.322186
v 0.125124 -0.020515 -0.324408
v 0.292625 -0.028571 -0.372055
v 0.294292 0.031383 -0.370389
v -0.370389 0.031383 0.294292
v -0.372055 -0.028571 0.292625
v 0.193707 -0.023072 -0.470974
v 0.195373 0.036881 -0.469307
v -0.470974 -0.023072 0.193707
v -0.469307 0.036881 0.195373
v -0.458638 -0.011874 -0.051532
v -0.456416 0.068064 -0.049311
v -0.477629 0.068064 -0.028097
v -0.479851 -0.011874 -0.030319
v -0.479835 -0.010696 -0.072729
v -0.477613 0.069242 -0.070507
v -0.501048 -0.010696 -0.051516
v -0.498826 0.069242 -0.049294
v -0.028097 0.068064 -0.477629
v -0.049310 0.068064 -0.456416
v -0.051532 -0.011874 -0.458638
v -0.030319 -0.011874 -0.479851
v -0.070507 0.069242 -0.477613
v -0.072729 -0.010696 -0.479835
v -0.049294 0.069242 -0.498826
v -0.051516 -0.010696 -0.501048
v 0.115985 -0.018752 -0.548696
v 0.117651 0.041202 -0.547029
v -0.547029 0.041202 0.117651
v -0.548696 -0.018752 0.115985
v 0.017066 -0.013253 -0.647614
v 0.018733 0.046701 -0.645948
v -0.647614 -0.013253 0.017066
v -0.645948 0.046701 0.018733
v -0.635278 -0.002055 -0.228173
v -0.633056 0.077883 -0.225951
v -0.654269 0.077883 -0.204738
v -0.656491 -0.002055 -0.206959
v -0.656475 -0.000876 -0.249369
v -0.654253 0.079062 -0.247148
v -0.677688 -0.000876 -0.228156
v -0.675466 0.079062 -0.225934
v -0.204738 0.077883 -0.654269
v -0.225951 0.077883 -0.633056
v -0.228173 -0.002055 -0.635278
v -0.206959 -0.002055 -0.656491
v -0.247148 0.079062 -0.654253
v -0.249369 -0.000876 -0.656475
v -0.225934 0.079062 -0.675466
v -0.228156 -0.000876 -0.677688
v -0.060655 -0.008932 -0.725336
v -0.058989 0.051021 -0.723669
v -0.723669 0.051021 -0.058989
v -0.725336 -0.008932 -0.060655
v -0.159574 -0.003434 -0.824254
v -0.157908 0.056520 -0.822588
v -0.824254 -0.003434 -0.159574
v -0.822588 0.056520 -0.157908
v -0.960761 0.064306 -0.450970
v -0.960331 0.079780 -0.450540
v -0.918335 0.064306 -0.493396
v -0.917905 0.079780 -0.492966
v -0.947783 0.079780 -0.463087
v -0.953754 0.110052 -0.455434
v -0.953359 0.124260 -0.455039
v -0.922404 0.124260 -0.485994
v -0.811918 0.007765 -0.404813
v -0.809696 0.087703 -0.402591
v -0.830910 0.087703 -0.381378
v -0.833131 0.007765 -0.383600
v -0.833115 0.008943 -0.426010
v -0.830893 0.088881 -0.423788
v -0.854328 0.008943 -0.404797
v -0.852107 0.088881 -0.402575
v -0.381378 0.087703 -0.830910
v -0.402591 0.087703 -0.809696
v -0.404813 0.007765 -0.811918
v -0.383600 0.007765 -0.833132
v -0.423788 0.088881 -0.830893
v -0.426010 0.008943 -0.833115
v -0.402575 0.088881 -0.852107
v -0.404796 0.008943 -0.854328
v -0.237296 0.000887 -0.901976
v -0.235629 0.060841 -0.900310
v -0.900310 0.060841 -0.235629
v -0.901976 0.000887 -0.237296
v -0.336214 0.006386 -1.000895
v -0.334548 0.066339 -0.999228
v -1.000895 0.006386 -0.336214
v -0.999228 0.066339 -0.334548
v -0.922799 0.110052 -0.486389
v -0.946942 0.110052 -0.462246
v -0.929611 0.110052 -0.479577
v -0.930452 0.079780 -0.480418
v -0.988559 0.017584 -0.581453
v -0.986337 0.097522 -0.579231
v -1.007550 0.097522 -0.558018
v -1.009772 0.017584 -0.560240
v -1.009755 0.018762 -0.602650
v -1.007534 0.098700 -0.600428
v -1.030969 0.018762 -0.581437
v -1.028747 0.098700 -0.579215
v -0.558018 0.097522 -1.007550
v -0.579231 0.097522 -0.986337
v -0.581453 0.017584 -0.988559
v -0.560240 0.017584 -1.009772
v -0.600428 0.098700 -1.007534
v -0.602650 0.018762 -1.009755
v -0.579215 0.098700 -1.028747
v -0.581437 0.018762 -1.030969
v -0.413936 0.010706 -1.078616
v -0.412269 0.070660 -1.076950
v -1.076950 0.070660 -0.412270
v -1.078616 0.010706 -0.413936
v -0.512854 0.016205 -1.177535
v -0.511188 0.076159 -1.175869
v -1.177535 0.016205 -0.512854
v -1.175868 0.076159 -0.511188
v -1.165199 0.027403 -0.758094
v -1.162977 0.107341 -0.755872
v -1.184190 0.107341 -0.734658
v -1.186412 0.027403 -0.736880
v -1.186396 0.028581 -0.779290
v -1.184174 0.108520 -0.777068
v -1.207609 0.028581 -0.758077
v -1.205387 0.108520 -0.755855
v -0.734658 0.107341 -1.184190
v -0.755872 0.107341 -1.162977
v -0.758093 0.027403 -1.165199
v -0.736880 0.027403 -1.186412
v -0.777068 0.108520 -1.184174
v -0.779290 0.028581 -1.186396
v -0.755855 0.108520 -1.205387
v -0.758077 0.028581 -1.207609
v -0.590576 0.020526 -1.255257
v -0.588910 0.080479 -1.253590
v -1.253590 0.080479 -0.588910
v -1.255257 0.020526 -0.590576
v -0.689495 0.026024 -1.354175
v -0.687828 0.085978 -1.352509
v -1.354175 0.026024 -0.689495
v -1.352509 0.085978 -0.687828
v -1.341839 0.037222 -0.934734
v -1.339617 0.117161 -0.932512
v -1.360830 0.117161 -0.911299
v -1.363052 0.037222 -0.913521
v -1.363036 0.038401 -0.955931
v -1.360814 0.118339 -0.953709
v -1.384249 0.038401 -0.934717
v -1.382027 0.118339 -0.932496
v -0.911299 0.117161 -1.360831
v -0.932512 0.117161 -1.339617
v -0.934734 0.037222 -1.341839
v -0.913520 0.037222 -1.363052
v -0.953709 0.118339 -1.360814
v -0.955931 0.038401 -1.363036
v -0.932495 0.118339 -1.382027
v -0.934717 0.038401 -1.384249
v -0.767216 0.030345 -1.431897
v -0.765550 0.090299 -1.430230
v -1.430230 0.090299 -0.765550
v -1.431897 0.030345 -0.767217
v -0.866135 0.035844 -1.530815
v -0.864469 0.095797 -1.529149
v -1.530815 0.035844 -0.866135
v -1.529149 0.095797 -0.864469
v -1.667322 0.103583 -1.157531
v -1.666892 0.119057 -1.157101
v -1.637013 0.119057 -1.186980
v -1.624466 0.119057 -1.199527
v -1.654345 0.119057 -1.169648
v -1.660315 0.149329 -1.161995
v -1.636172 0.149329 -1.186138
v -1.629360 0.149329 -1.192950
v -1.518479 0.047042 -1.111374
v -1.516258 0.126980 -1.109152
v -1.537471 0.126980 -1.087939
v -1.539693 0.047042 -1.090161
v -1.539676 0.048220 -1.132571
v -1.537454 0.128158 -1.130349
v -1.560889 0.048220 -1.111358
v -1.558668 0.128158 -1.109136
v -1.087939 0.126980 -1.537471
v -1.109152 0.126980 -1.516258
v -1.111374 0.047042 -1.518479
v -1.090161 0.047042 -1.539693
v -1.130349 0.128158 -1.537454
v -1.132571 0.048220 -1.539676
v -1.109136 0.128158 -1.558668
v -1.111358 0.048220 -1.560889
v -0.943857 0.040164 -1.608537
v -0.942190 0.100118 -1.606871
v -1.606871 0.100118 -0.942190
v -1.608537 0.040164 -0.943857
v -1.042775 0.045663 -1.707456
v -1.041109 0.105617 -1.705789
v -1.707456 0.045663 -1.042775
v -1.705789 0.105617 -1.041109
v -1.628965 0.163537 -1.192556
v -1.653503 0.149329 -1.168807
v -1.659921 0.163537 -1.161600
v -1.624896 0.103583 -1.199957
v -1.695120 0.056861 -1.288014
v -1.692898 0.136799 -1.285792
v -1.714111 0.136799 -1.264579
v -1.716333 0.056861 -1.266801
v -1.716317 0.058039 -1.309211
v -1.714095 0.137978 -1.306989
v -1.737530 0.058039 -1.287998
v -1.735308 0.137978 -1.285776
v -1.264579 0.136799 -1.714111
v -1.285792 0.136799 -1.692898
v -1.288014 0.056861 -1.695120
v -1.266801 0.056861 -1.716333
v -1.306989 0.137978 -1.714095
v -1.309211 0.058039 -1.716317
v -1.285776 0.137978 -1.735308
v -1.287998 0.058039 -1.737530
v -1.120497 0.049983 -1.785178
v -1.118831 0.109937 -1.783511
v -1.783511 0.109937 -1.118831
v -1.785177 0.049983 -1.120497
v -1.219415 0.055482 -1.884096
v -1.217749 0.115436 -1.882430
v -1.884096 0.055482 -1.219416
v -1.882429 0.115436 -1.217749
v -1.871760 0.066680 -1.464655
v -1.869538 0.146619 -1.462433
v -1.890751 0.146619 -1.441220
v -1.892973 0.066680 -1.443441
v -1.892957 0.067859 -1.485852
v -1.890735 0.147797 -1.483630
v -1.914170 0.067859 -1.464638
v -1.911948 0.147797 -1.462417
v -1.441219 0.146619 -1.890751
v -1.462433 0.146619 -1.869538
v -1.464654 0.066680 -1.871760
v -1.443441 0.066680 -1.892973
v -1.483630 0.147797 -1.890735
v -1.485851 0.067859 -1.892957
v -1.462416 0.147797 -1.911948
v -1.464638 0.067859 -1.914170
v -1.297137 0.059803 -1.961818
v -1.295471 0.119757 -1.960151
v -1.960151 0.119757 -1.295471
v -1.961818 0.059803 -1.297137
v -1.396056 0.065302 -2.060736
v -1.394389 0.125255 -2.059070
v -2.060736 0.065302 -1.396056
v -2.059070 0.125255 -1.394390
v -2.048400 0.076500 -1.641295
v -2.046178 0.156438 -1.639073
v -2.067391 0.156438 -1.617860
v -2.069613 0.076500 -1.620082
v -2.069597 0.077678 -1.662492
v -2.067375 0.157616 -1.660270
v -2.090810 0.077678 -1.641279
v -2.088588 0.157616 -1.639057
v -1.617860 0.156438 -2.067392
v -1.639073 0.156438 -2.046178
v -1.641295 0.076500 -2.048400
v -1.620081 0.076500 -2.069613
v -1.660270 0.157616 -2.067375
v -1.662492 0.077678 -2.069597
v -1.639057 0.157616 -2.088589
v -1.641279 0.077678 -2.090811
v -1.473778 0.069622 -2.138458
v -1.472111 0.129576 -2.136792
v -2.136792 0.129576 -1.472111
v -2.138458 0.069622 -1.473778
v -1.572696 0.075121 -2.237376
v -1.571030 0.135075 -2.235710
v -2.237376 0.075121 -1.572696
v -2.235710 0.135075 -1.571030
v -2.373883 0.142860 -1.864092
v -2.331457 0.142860 -1.906518
v -2.360906 0.158334 -1.876210
v -2.366482 0.202814 -1.868161
v -2.360064 0.188606 -1.875368
v -2.225040 0.086319 -1.817935
v -2.222819 0.166257 -1.815713
v -2.244032 0.166257 -1.794500
v -2.246253 0.086319 -1.796722
v -2.246238 0.087497 -1.839132
v -2.244016 0.167436 -1.836910
v -2.267451 0.087497 -1.817919
v -2.265229 0.167436 -1.815697
v -1.794500 0.166257 -2.244032
v -1.815713 0.166257 -2.222819
v -1.817935 0.086319 -2.225041
v -1.796722 0.086319 -2.246254
v -1.836910 0.167436 -2.244016
v -1.839132 0.087497 -2.246238
v -1.815697 0.167436 -2.265229
v -1.817919 0.087497 -2.267451
v -1.650418 0.079441 -2.315098
v -1.648751 0.139395 -2.313432
v -2.313432 0.139395 -1.648752
v -2.315098 0.079441 -1.650418
v -1.749336 0.084940 -2.414017
v -1.747670 0.144894 -2.412350
v -2.414017 0.084940 -1.749336
v -2.412350 0.144894 -1.747670
v -2.335921 0.188606 -1.899512
v -2.335526 0.202814 -1.899117
v -2.342733 0.188606 -1.892699
v -2.366877 0.188606 -1.868556
v -2.373453 0.158334 -1.863662
v -2.343575 0.158334 -1.893541
v -2.331027 0.158334 -1.906088
v -2.401681 0.096138 -1.994576
v -2.399459 0.176077 -1.992354
v -2.420672 0.176077 -1.971140
v -2.422894 0.096138 -1.973362
v -2.422878 0.097317 -2.015773
v -2.420656 0.177255 -2.013551
v -2.444091 0.097317 -1.994559
v -2.441869 0.177255 -1.992337
v -1.971140 0.176077 -2.420672
v -1.992353 0.176077 -2.399459
v -1.994575 0.096138 -2.401681
v -1.973362 0.096138 -2.422894
v -2.013551 0.177255 -2.420656
v -2.015772 0.097317 -2.422878
v -1.992337 0.177255 -2.441869
v -1.994559 0.097317 -2.444091
v -1.827058 0.089261 -2.491739
v -1.825392 0.149214 -2.490072
v -2.490072 0.149214 -1.825392
v -2.491738 0.089261 -1.827058
v -1.925977 0.094760 -2.590657
v -1.924310 0.154713 -2.588991
v -2.590657 0.094760 -1.925977
v -2.588991 0.154713 -1.924310
v -2.578321 0.105958 -2.171216
v -2.576099 0.185896 -2.168994
v -2.597312 0.185896 -2.147781
v -2.599534 0.105958 -2.150002
v -2.599518 0.107136 -2.192413
v -2.597296 0.187074 -2.190191
v -2.620731 0.107136 -2.171200
v -2.618509 0.187074 -2.168978
v -2.147780 0.185896 -2.597312
v -2.168994 0.185896 -2.576099
v -2.171216 0.105958 -2.578321
v -2.150002 0.105958 -2.599534
v -2.190191 0.187074 -2.597296
v -2.192413 0.107136 -2.599518
v -2.168977 0.187074 -2.618510
v -2.171199 0.107136 -2.620731
v -2.003698 0.099080 -2.668379
v -2.002032 0.159034 -2.666713
v -2.666712 0.159034 -2.002032
v -2.668379 0.099080 -2.003699
v -2.102617 0.104579 -2.767297
v -2.100950 0.164533 -2.765631
v -2.767297 0.104579 -2.102617
v -2.765631 0.164533 -2.100951
v -2.754961 0.115777 -2.347856
v -2.752739 0.195715 -2.345634
v -2.773952 0.195715 -2.324421
v -2.776174 0.115777 -2.326643
v -2.776158 0.116955 -2.369053
v -2.773937 0.196894 -2.366831
v -2.797371 0.116955 -2.347840
v -2.795150 0.196894 -2.345618
v -2.324421 0.195715 -2.773953
v -2.345634 0.195715 -2.752739
v -2.347856 0.115777 -2.754961
v -2.326643 0.115777 -2.776175
v -2.366831 0.196894 -2.773937
v -2.369053 0.116955 -2.776159
v -2.345618 0.196894 -2.795150
v -2.347840 0.116955 -2.797372
v -2.180339 0.108899 -2.845019
v -2.178672 0.168853 -2.843353
v -2.843353 0.168853 -2.178672
v -2.845019 0.108899 -2.180339
v -2.279257 0.114398 -2.943938
v -2.277591 0.174352 -2.942271
v -2.943938 0.114398 -2.279257
v -2.942271 0.174352 -2.277591
v -3.080444 0.182138 -2.570653
v -3.073438 0.227883 -2.575117
v -3.073043 0.242091 -2.574722
v -3.049294 0.227883 -2.599261
v -3.066625 0.227883 -2.581929
v -3.042087 0.242091 -2.605678
v -2.931602 0.125596 -2.524496
v -2.929380 0.205535 -2.522274
v -2.950593 0.205535 -2.501061
v -2.952815 0.125596 -2.503283
v -2.952799 0.126775 -2.545693
v -2.950577 0.206713 -2.543472
v -2.974012 0.126775 -2.524480
v -2.971790 0.206713 -2.522258
v -2.501061 0.205535 -2.950593
v -2.522274 0.205535 -2.929380
v -2.524496 0.125596 -2.931602
v -2.503283 0.125596 -2.952815
v -2.543471 0.206713 -2.950577
v -2.545693 0.126775 -2.952799
v -2.522258 0.206713 -2.971790
v -2.524480 0.126775 -2.974012
v -2.356979 0.118719 -3.021659
v -2.355312 0.178672 -3.019993
v -3.019993 0.178672 -2.355313
v -3.021659 0.118719 -2.356979
v -2.455898 0.124218 -3.120578
v -2.454231 0.184171 -3.118912
v -3.120578 0.124218 -2.455898
v -3.118912 0.184171 -2.454231
v -3.042482 0.227883 -2.606073
v -3.080014 0.197612 -2.570223
v -3.050136 0.197612 -2.600102
v -3.067467 0.197612 -2.582771
v -3.038018 0.182138 -2.613080
v -3.037588 0.197612 -2.612649
v -3.108242 0.135416 -2.701137
v -3.106020 0.215354 -2.698915
v -3.127233 0.215354 -2.677702
v -3.129455 0.135416 -2.679924
v -3.129439 0.136594 -2.722333
v -3.127217 0.216532 -2.720112
v -3.150652 0.136594 -2.701120
v -3.148430 0.216532 -2.698898
v -2.677701 0.215354 -3.127234
v -2.698915 0.215354 -3.106020
v -2.701137 0.135416 -3.108242
v -2.679923 0.135416 -3.129455
v -2.720111 0.216532 -3.127217
v -2.722333 0.136594 -3.129439
v -2.698898 0.216532 -3.148430
v -2.701120 0.136594 -3.150652
v -2.533619 0.128538 -3.198300
v -2.531953 0.188492 -3.196633
v -3.196633 0.188492 -2.531953
v -3.198299 0.128538 -2.533619
v -2.632538 0.134037 -3.297218
v -2.630871 0.193991 -3.295552
v -3.297218 0.134037 -2.632538
v -3.295552 0.193991 -2.630872
v -3.284882 0.145235 -2.877777
v -3.282660 0.225173 -2.875555
v -3.303874 0.225173 -2.854342
v -3.306095 0.145235 -2.856564
v -3.306079 0.146413 -2.898974
v -3.303857 0.226352 -2.896752
v -3.327292 0.146413 -2.877760
v -3.325070 0.226352 -2.875539
v -2.854342 0.225173 -3.303874
v -2.875555 0.225173 -3.282660
v -2.877777 0.145235 -3.284883
v -2.856564 0.145235 -3.306096
v -2.896752 0.226352 -3.303857
v -2.898973 0.146413 -3.306079
v -2.875538 0.226352 -3.325070
v -2.877760 0.146413 -3.327292
v -2.710259 0.138357 -3.374940
v -2.708593 0.198311 -3.373274
v -3.373273 0.198311 -2.708593
v -3.374940 0.138357 -2.710260
v -2.809178 0.143856 -3.473859
v -2.807512 0.203810 -3.472192
v -3.473858 0.143856 -2.809178
v -3.472192 0.203810 -2.807512
v -3.461523 0.155054 -3.054417
v -3.459301 0.234993 -3.052196
v -3.480514 0.234993 -3.030982
v -3.482736 0.155054 -3.033204
v -3.482719 0.156233 -3.075614
v -3.480497 0.236171 -3.073392
v -3.503932 0.156233 -3.054401
v -3.501710 0.236171 -3.052179
v -3.030982 0.234993 -3.480514
v -3.052195 0.234993 -3.459301
v -3.054417 0.155054 -3.461523
v -3.033204 0.155054 -3.482736
v -3.073392 0.236171 -3.480497
v -3.075614 0.156233 -3.482719
v -3.052179 0.236171 -3.501711
v -3.054400 0.156233 -3.503932
v -2.886900 0.148177 -3.551580
v -2.885233 0.208130 -3.549914
v -3.549914 0.208130 -2.885233
v -3.551580 0.148177 -2.886900
v -2.985818 0.153675 -3.650499
v -2.984152 0.213629 -3.648833
v -3.650499 0.153675 -2.985819
v -3.648832 0.213629 -2.984152
v -3.787005 0.221415 -3.277214
v -3.744149 0.236889 -3.319211
v -3.779999 0.267161 -3.281678
v -3.779604 0.281369 -3.281283
v -3.638163 0.164874 -3.231058
v -3.635941 0.244812 -3.228836
v -3.657154 0.244812 -3.207623
v -3.659376 0.164874 -3.209844
v -3.659359 0.166052 -3.252254
v -3.657138 0.245990 -3.250032
v -3.680573 0.166052 -3.231041
v -3.678351 0.245990 -3.228819
v -3.207622 0.244812 -3.657154
v -3.228836 0.244812 -3.635941
v -3.231057 0.164874 -3.638163
v -3.209844 0.164874 -3.659376
v -3.250032 0.245990 -3.657138
v -3.252254 0.166052 -3.659360
v -3.228819 0.245990 -3.678351
v -3.231041 0.166052 -3.680573
v -3.063540 0.157996 -3.728220
v -3.061873 0.217950 -3.726554
v -3.726554 0.217950 -3.061874
v -3.728220 0.157996 -3.063540
v -3.162459 0.163495 -3.827139
v -3.160792 0.223449 -3.825473
v -3.827139 0.163495 -3.162459
v -3.825473 0.223449 -3.160792
v -3.749043 0.267161 -3.312634
v -3.748648 0.281369 -3.312239
v -3.773186 0.267161 -3.288490
v -3.755855 0.267161 -3.305822
v -3.786575 0.236889 -3.276784
v -3.756697 0.236889 -3.306663
v -3.774028 0.236889 -3.289332
v -3.744579 0.221415 -3.319641
v -3.814803 0.174693 -3.407698
v -3.812581 0.254631 -3.405476
v -3.833794 0.254631 -3.384263
v -3.836016 0.174693 -3.386485
v -3.836000 0.175871 -3.428895
v -3.833778 0.255809 -3.426673
v -3.857213 0.175871 -3.407681
v -3.854991 0.255809 -3.405459
v -3.384263 0.254631 -3.833795
v -3.405476 0.254631 -3.812582
v -3.407698 0.174693 -3.814803
v -3.386484 0.174693 -3.836016
v -3.426672 0.255809 -3.833778
v -3.428894 0.175871 -3.836000
v -3.405459 0.255809 -3.854991
v -3.407681 0.175871 -3.857213
v -3.240180 0.167815 -3.904861
v -3.238514 0.227769 -3.903194
v -3.903194 0.227769 -3.238514
v -3.904860 0.167815 -3.240180
v -3.339099 0.173314 -4.003780
v -3.337432 0.233268 -4.002113
v -4.003779 0.173314 -3.339099
v -4.002113 0.233268 -3.337433
v -3.991443 0.184512 -3.584338
v -3.989222 0.264450 -3.582116
v -4.010435 0.264450 -3.560903
v -4.012657 0.184512 -3.563125
v -4.012640 0.185691 -3.605535
v -4.010418 0.265629 -3.603313
v -4.033853 0.185691 -3.584321
v -4.031631 0.265629 -3.582100
v -3.560903 0.264450 -4.010435
v -3.582116 0.264450 -3.989222
v -3.584338 0.184512 -3.991444
v -3.563125 0.184512 -4.012657
v -3.603313 0.265629 -4.010418
v -3.605535 0.185691 -4.012640
v -3.582099 0.265629 -4.031631
v -3.584321 0.185691 -4.033854
v -3.416821 0.177635 -4.081501
v -3.415154 0.237588 -4.079835
v -4.079834 0.237588 -3.415154
v -4.081501 0.177635 -3.416821
v -3.515739 0.183133 -4.180420
v -3.514073 0.243087 -4.178754
v -4.180419 0.183133 -3.515740
v -4.178753 0.243087 -3.514073
v -4.168084 0.194332 -3.760978
v -4.165862 0.274270 -3.758757
v -4.187075 0.274270 -3.737543
v -4.189297 0.194332 -3.739765
v -4.189280 0.195510 -3.782175
v -4.187058 0.275448 -3.779953
v -4.210494 0.195510 -3.760962
v -4.208272 0.275448 -3.758740
v -3.737543 0.274270 -4.187075
v -3.758756 0.274270 -4.165862
v -3.760978 0.194332 -4.168084
v -3.739765 0.194332 -4.189297
v -3.779953 0.275448 -4.187058
v -3.782175 0.195510 -4.189281
v -3.758740 0.275448 -4.208272
v -3.760962 0.195510 -4.210494
v -3.593461 0.187454 -4.258142
v -3.591794 0.247408 -4.256475
v -4.256475 0.247408 -3.591794
v -4.258141 0.187454 -3.593461
v -3.692380 0.192953 -4.357060
v -3.690713 0.252906 -4.355393
v -4.357060 0.192953 -3.692380
v -4.355394 0.252906 -3.690713
v -4.451140 0.260692 -4.026202
v -4.450710 0.276166 -4.025772
v -4.486560 0.306438 -3.988240
v -4.455604 0.306438 -4.019195
v -4.344724 0.204151 -3.937619
v -4.342502 0.284089 -3.935397
v -4.363715 0.284089 -3.914184
v -4.365937 0.204151 -3.916406
v -4.365921 0.205329 -3.958815
v -4.363699 0.285267 -3.956594
v -4.387134 0.205329 -3.937602
v -4.384912 0.285267 -3.935380
v -3.914183 0.284089 -4.363716
v -3.935397 0.284089 -4.342503
v -3.937618 0.204151 -4.344724
v -3.916405 0.204151 -4.365938
v -3.956594 0.285267 -4.363699
v -3.958815 0.205329 -4.365921
v -3.935380 0.285267 -4.384912
v -3.937602 0.205329 -4.387134
v -3.770101 0.197273 -4.434782
v -3.768434 0.257227 -4.433115
v -4.433115 0.257227 -3.768435
v -4.434781 0.197273 -3.770101
v -3.869020 0.202772 -4.533700
v -3.867353 0.262726 -4.532034
v -4.533700 0.202772 -3.869020
v -4.532034 0.262726 -3.867354
v -4.455209 0.320646 -4.018800
v -4.479748 0.306438 -3.995052
v -4.462416 0.306438 -4.012383
v -4.486165 0.320646 -3.987844
v -4.493136 0.276166 -3.983346
v -4.493567 0.260692 -3.983776
v -4.463258 0.276166 -4.013224
v -4.480589 0.276166 -3.995893
v -4.521364 0.213970 -4.114259
v -4.519142 0.293908 -4.112037
v -4.540355 0.293908 -4.090824
v -4.542577 0.213970 -4.093046
v -4.542561 0.215148 -4.135456
v -4.540339 0.295087 -4.133234
v -4.563774 0.215148 -4.114243
v -4.561552 0.295087 -4.112020
v -4.090823 0.293908 -4.540356
v -4.112037 0.293908 -4.519143
v -4.114258 0.213970 -4.521364
v -4.093045 0.213970 -4.542578
v -4.133234 0.295087 -4.540339
v -4.135455 0.215148 -4.542561
v -4.112020 0.295087 -4.561553
v -4.114242 0.215148 -4.563775
v -3.946741 0.207093 -4.611422
v -3.945075 0.267046 -4.609756
v -4.609756 0.267046 -3.945076
v -4.611422 0.207093 -3.946742
v -4.045660 0.212591 -4.710340
v -4.043994 0.272545 -4.708674
v -4.710340 0.212591 -4.045660
v -4.708674 0.272545 -4.043994
v -4.698004 0.223789 -4.290899
v -4.695783 0.303728 -4.288678
v -4.716996 0.303728 -4.267465
v -4.719218 0.223789 -4.269686
v -4.719201 0.224968 -4.312096
v -4.716980 0.304906 -4.309874
v -4.740415 0.224968 -4.290883
v -4.738193 0.304906 -4.288661
v -4.267464 0.303728 -4.716996
v -4.288677 0.303728 -4.695783
v -4.290899 0.223789 -4.698005
v -4.269686 0.223789 -4.719218
v -4.309874 0.304906 -4.716980
v -4.312096 0.224968 -4.719201
v -4.288661 0.304906 -4.738193
v -4.290883 0.224968 -4.740415
v -4.123381 0.216912 -4.788062
v -4.121715 0.276866 -4.786396
v -4.786396 0.276866 -4.121716
v -4.788062 0.216912 -4.123382
v -4.222300 0.222411 -4.886981
v -4.220634 0.282364 -4.885315
v -4.886981 0.222411 -4.222301
v -4.885314 0.282364 -4.220634
v -4.874644 0.233609 -4.467539
v -4.872423 0.313547 -4.465318
v -4.893636 0.313547 -4.444104
v -4.895858 0.233609 -4.446326
v -4.895841 0.234787 -4.488736
v -4.893620 0.314725 -4.486515
v -4.917055 0.234787 -4.467523
v -4.914833 0.314725 -4.465302
v -4.444104 0.313547 -4.893636
v -4.465317 0.313547 -4.872423
v -4.467539 0.233609 -4.874645
v -4.446326 0.233609 -4.895858
v -4.486514 0.314725 -4.893620
v -4.488736 0.234787 -4.895842
v -4.465301 0.314725 -4.914833
v -4.467523 0.234787 -4.917055
v -4.300022 0.226731 -4.964703
v -4.298356 0.286685 -4.963037
v -4.963036 0.286685 -4.298356
v -4.964702 0.226731 -4.300022
v -4.398941 0.232230 -5.063621
v -4.397274 0.292184 -5.061954
v -5.063621 0.232230 -4.398941
v -5.061955 0.292184 -4.397274
v -5.157271 0.315444 -4.732333
v -5.193121 0.345715 -4.694800
v -5.192726 0.359923 -4.694406
v -5.051285 0.243428 -4.644180
v -5.049063 0.323366 -4.641958
v -5.070276 0.323366 -4.620745
v -5.072498 0.243428 -4.622967
v -5.072482 0.244606 -4.665376
v -5.070260 0.324545 -4.663155
v -5.093695 0.244606 -4.644163
v -5.091473 0.324545 -4.641941
v -4.620744 0.323366 -5.070277
v -4.641958 0.323366 -5.049064
v -4.644179 0.243428 -5.051285
v -4.622966 0.243428 -5.072499
v -4.663155 0.324545 -5.070260
v -4.665376 0.244606 -5.072482
v -4.641941 0.324545 -5.091473
v -4.644163 0.244606 -5.093695
v -4.476662 0.236551 -5.141343
v -4.474996 0.296504 -5.139676
v -5.139676 0.296504 -4.474996
v -5.141342 0.236551 -4.476662
v -4.575581 0.242049 -5.240262
v -4.573915 0.302003 -5.238595
v -5.240261 0.242049 -4.575581
v -5.238595 0.302003 -4.573915
v -5.162165 0.345715 -4.725756
v -5.161770 0.359923 -4.725361
v -5.186309 0.345715 -4.701613
v -5.168977 0.345715 -4.718944
v -5.199697 0.315444 -4.689907
v -5.200128 0.299970 -4.690337
v -5.169819 0.315444 -4.719785
v -5.187150 0.315444 -4.702454
v -5.157701 0.299970 -4.732763
v -5.227925 0.253247 -4.820820
v -5.225703 0.333186 -4.818598
v -5.246916 0.333186 -4.797385
v -5.249138 0.253247 -4.799607
v -5.249122 0.254426 -4.842017
v -5.246900 0.334364 -4.839795
v -5.270335 0.254426 -4.820804
v -5.268113 0.334364 -4.818582
v -4.797384 0.333186 -5.246917
v -4.818598 0.333186 -5.225704
v -4.820819 0.253247 -5.227925
v -4.799606 0.253247 -5.249139
v -4.839795 0.334364 -5.246901
v -4.842016 0.254426 -5.249122
v -4.818581 0.334364 -5.268114
v -4.820803 0.254426 -5.270336
v -4.653302 0.246370 -5.317983
v -4.651636 0.306324 -5.316317
v -5.316317 0.306324 -4.651637
v -5.317983 0.246370 -4.653303
v -4.752221 0.251869 -5.416902
v -4.750555 0.311822 -5.415236
v -5.416902 0.251869 -4.752222
v -5.415236 0.311822 -4.750556
v -5.404565 0.263067 -4.997460
v -5.402344 0.343005 -4.995239
v -5.423557 0.343005 -4.974026
v -5.425779 0.263067 -4.976247
v -5.425762 0.264245 -5.018657
v -5.423541 0.344183 -5.016435
v -5.446976 0.264245 -4.997444
v -5.444754 0.344183 -4.995222
v -4.974025 0.343005 -5.423557
v -4.995238 0.343005 -5.402344
v -4.997460 0.263067 -5.404566
v -4.976247 0.263067 -5.425779
v -5.016435 0.344183 -5.423541
v -5.018657 0.264245 -5.425762
v -4.995222 0.344183 -5.444754
v -4.997444 0.264245 -5.446976
v -4.829942 0.256189 -5.494623
v -4.828276 0.316143 -5.492957
v -5.492957 0.316143 -4.828277
v -5.494623 0.256189 -4.829943
v -4.928861 0.261688 -5.593542
v -4.927195 0.321642 -5.591876
v -5.593542 0.261688 -4.928862
v -5.591876 0.321642 -4.927196
v -5.581205 0.272886 -5.174100
v -5.578984 0.352824 -5.171879
v -5.600197 0.352824 -5.150665
v -5.602419 0.272886 -5.152887
v -5.602402 0.274064 -5.195297
v -5.600181 0.354003 -5.193076
v -5.623616 0.274064 -5.174084
v -5.621394 0.354003 -5.171863
v -5.150665 0.352824 -5.600197
v -5.171878 0.352824 -5.578984
v -5.174100 0.272886 -5.581206
v -5.152887 0.272886 -5.602419
v -5.193075 0.354003 -5.600181
v -5.195297 0.274064 -5.602403
v -5.171862 0.354003 -5.621394
v -5.174084 0.274064 -5.623616
v -5.006583 0.266008 -5.671264
v -5.004917 0.325962 -5.669598
v -5.669597 0.325962 -5.004917
v -5.671263 0.266008 -5.006583
v -5.105502 0.271507 -5.770183
v -5.103836 0.331461 -5.768517
v -5.770182 0.271507 -5.105502
v -5.768516 0.331461 -5.103836
v -5.906689 0.339247 -5.396898
v -5.864263 0.339247 -5.439324
v -5.876380 0.354721 -5.426346
v -5.893711 0.354721 -5.409015
v -5.899287 0.399200 -5.400967
v -5.875538 0.384992 -5.425505
v -5.892870 0.384992 -5.408174
v -5.757846 0.282705 -5.350741
v -5.755624 0.362644 -5.348519
v -5.776837 0.362644 -5.327306
v -5.779059 0.282705 -5.329528
v -5.779043 0.283884 -5.371938
v -5.776821 0.363822 -5.369716
v -5.800256 0.283884 -5.350725
v -5.798034 0.363822 -5.348503
v -5.327305 0.362644 -5.776838
v -5.348519 0.362644 -5.755625
v -5.350740 0.282705 -5.757846
v -5.329527 0.282705 -5.779060
v -5.369716 0.363822 -5.776822
v -5.371937 0.283884 -5.779043
v -5.348502 0.363822 -5.798035
v -5.350724 0.283884 -5.800257
v -5.183223 0.275828 -5.847904
v -5.181557 0.335781 -5.846237
v -5.846237 0.335781 -5.181557
v -5.847903 0.275828 -5.183223
v -5.282142 0.281327 -5.946823
v -5.280476 0.341280 -5.945156
v -5.946822 0.281327 -5.282142
v -5.945156 0.341280 -5.280476
v -5.868726 0.384992 -5.432317
v -5.868331 0.399200 -5.431922
v -5.899682 0.384992 -5.401361
v -5.906259 0.354721 -5.396468
v -5.863832 0.354721 -5.438894
v -5.934486 0.292525 -5.527381
v -5.932264 0.372463 -5.525159
v -5.953477 0.372463 -5.503946
v -5.955699 0.292525 -5.506168
v -5.955683 0.293703 -5.548578
v -5.953462 0.373641 -5.546357
v -5.976897 0.293703 -5.527365
v -5.974675 0.373641 -5.525144
v -5.503945 0.372463 -5.953478
v -5.525159 0.372463 -5.932265
v -5.527380 0.292525 -5.934486
v -5.506167 0.292525 -5.955700
v -5.546356 0.373641 -5.953462
v -5.548578 0.293703 -5.955684
v -5.525143 0.373641 -5.974675
v -5.527365 0.293703 -5.976897
v -5.359864 0.285647 -6.024545
v -5.358198 0.345601 -6.022879
v -6.022878 0.345601 -5.358198
v -6.024544 0.285647 -5.359864
v -5.458782 0.291146 -6.123463
v -5.457116 0.351100 -6.121797
v -6.123462 0.291146 -5.458782
v -6.121796 0.351100 -5.457116
v -6.111126 0.302344 -5.704021
v -6.108904 0.382282 -5.701799
v -6.130117 0.382282 -5.680586
v -6.132339 0.302344 -5.682808
v -6.132323 0.303522 -5.725218
v -6.130102 0.383461 -5.722997
v -6.153537 0.303522 -5.704005
v -6.151315 0.383461 -5.701783
v -5.680585 0.382282 -6.130118
v -5.701799 0.382282 -6.108905
v -5.704021 0.302344 -6.111126
v -5.682807 0.302344 -6.132340
v -5.722996 0.383461 -6.130102
v -5.725218 0.303522 -6.132324
v -5.701783 0.383461 -6.151315
v -5.704005 0.303522 -6.153537
v -5.536504 0.295466 -6.201185
v -5.534838 0.355420 -6.199518
v -6.199518 0.355420 -5.534838
v -6.201184 0.295466 -5.536504
v -5.635422 0.300965 -6.300103
v -5.633756 0.360919 -6.298436
v -6.300102 0.300965 -5.635422
v -6.298436 0.360919 -5.633756
v -6.287766 0.312163 -5.880661
v -6.285545 0.392102 -5.878440
v -6.306758 0.392102 -5.857226
v -6.308980 0.312163 -5.859448
v -6.308964 0.313342 -5.901859
v -6.306742 0.393280 -5.899637
v -6.330177 0.313342 -5.880646
v -6.327955 0.393280 -5.878424
v -5.857226 0.392102 -6.306758
v -5.878439 0.392102 -6.285545
v -5.880661 0.312163 -6.287767
v -5.859448 0.312163 -6.308980
v -5.899637 0.393280 -6.306743
v -5.901858 0.313342 -6.308964
v -5.878423 0.393280 -6.327956
v -5.880645 0.313342 -6.330178
v -5.713144 0.305286 -6.377825
v -5.711478 0.365239 -6.376159
v -6.376159 0.365239 -5.711479
v -6.377825 0.305286 -5.713145
v -5.812062 0.310785 -6.476743
v -5.810396 0.370738 -6.475077
v -6.476743 0.310785 -5.812063
v -6.475077 0.370738 -5.810397
v -6.613250 0.378524 -6.103459
v -6.600272 0.393998 -6.115576
v -6.606243 0.424270 -6.107923
v -6.582099 0.424270 -6.132066
v -6.574893 0.438478 -6.138484
v -6.464406 0.321983 -6.057302
v -6.462185 0.401921 -6.055080
v -6.483398 0.401921 -6.033867
v -6.485620 0.321983 -6.036088
v -6.485604 0.323161 -6.078499
v -6.483382 0.403099 -6.076277
v -6.506817 0.323161 -6.057286
v -6.504595 0.403099 -6.055064
v -6.033866 0.401921 -6.483398
v -6.055079 0.401921 -6.462185
v -6.057301 0.321983 -6.464407
v -6.036088 0.321983 -6.485620
v -6.076277 0.403099 -6.483383
v -6.078498 0.323161 -6.485604
v -6.055063 0.403099 -6.504596
v -6.057285 0.323161 -6.506818
v -5.889784 0.315105 -6.554465
v -5.888118 0.375059 -6.552799
v -6.552799 0.375059 -5.888119
v -6.554465 0.315105 -5.889785
v -5.988702 0.320604 -6.653384
v -5.987036 0.380558 -6.651717
v -6.653383 0.320604 -5.988703
v -6.651717 0.380558 -5.987037
v -6.575287 0.424270 -6.138878
v -6.599431 0.424270 -6.114735
v -6.605848 0.438478 -6.107528
v -6.612820 0.393998 -6.103029
v -6.582941 0.393998 -6.132907
v -6.570824 0.378524 -6.145885
v -6.570394 0.393998 -6.145455
v -6.641047 0.331802 -6.233942
v -6.638825 0.411740 -6.231720
v -6.660038 0.411740 -6.210507
v -6.662261 0.331802 -6.212729
v -6.662244 0.332980 -6.255139
v -6.660023 0.412919 -6.252918
v -6.683458 0.332980 -6.233926
v -6.681236 0.412919 -6.231705
v -6.210506 0.411740 -6.660039
v -6.231720 0.411740 -6.638826
v -6.233942 0.331802 -6.641047
v -6.212729 0.331802 -6.662261
v -6.252917 0.412919 -6.660023
v -6.255139 0.332980 -6.662245
v -6.231704 0.412919 -6.681236
v -6.233926 0.332980 -6.683458
v -6.066425 0.324924 -6.731106
v -6.064759 0.384878 -6.729440
v -6.729439 0.384878 -6.064759
v -6.731105 0.324924 -6.066425
v -6.165343 0.330423 -6.830024
v -6.163677 0.390377 -6.828358
v -6.830023 0.330423 -6.165343
v -6.828357 0.390377 -6.163677
v -6.817687 0.341621 -6.410582
v -6.815465 0.421560 -6.408360
v -6.836679 0.421560 -6.387147
v -6.838901 0.341621 -6.389369
v -6.838884 0.342800 -6.431779
v -6.836663 0.422738 -6.429558
v -6.860098 0.342800 -6.410566
v -6.857876 0.422738 -6.408344
v -6.387146 0.421560 -6.836679
v -6.408360 0.421560 -6.815466
v -6.410582 0.341621 -6.817688
v -6.389369 0.341621 -6.838901
v -6.429557 0.422738 -6.836663
v -6.431779 0.342800 -6.838885
v -6.408344 0.422738 -6.857876
v -6.410566 0.342800 -6.860098
v -6.243065 0.334744 -6.907746
v -6.241399 0.394697 -6.906079
v -6.906079 0.394697 -6.241399
v -6.907745 0.334744 -6.243065
v -6.341983 0.340242 -7.006664
v -6.340317 0.400196 -7.004998
v -7.006663 0.340242 -6.341984
v -7.004997 0.400196 -6.340318
v -6.994328 0.351441 -6.587223
v -6.992106 0.431379 -6.585001
v -7.013319 0.431379 -6.563787
v -7.015541 0.351441 -6.566010
v -7.015525 0.352619 -6.608420
v -7.013303 0.432557 -6.606198
v -7.036738 0.352619 -6.587207
v -7.034516 0.432557 -6.584985
v -6.563787 0.431379 -7.013319
v -6.585001 0.431379 -6.992106
v -6.587222 0.351441 -6.994328
v -6.566009 0.351441 -7.015542
v -6.606198 0.432557 -7.013304
v -6.608419 0.352619 -7.015525
v -6.584984 0.432557 -7.034517
v -6.587206 0.352619 -7.036739
v -6.419705 0.344563 -7.084386
v -6.418039 0.404517 -7.082720
v -7.082720 0.404517 -6.418040
v -7.084386 0.344563 -6.419706
v -6.518623 0.350062 -7.183304
v -6.516957 0.410016 -7.181638
v -7.183304 0.350062 -6.518624
v -7.181638 0.410016 -6.516958
v -7.306833 0.433275 -6.822137
v -7.312409 0.477755 -6.814089
v -7.305992 0.463547 -6.821296
v -7.281848 0.463547 -6.845439
v -7.170968 0.361260 -6.763863
v -7.168746 0.441198 -6.761641
v -7.189959 0.441198 -6.740428
v -7.192181 0.361260 -6.742650
v -7.192165 0.362438 -6.785060
v -7.189943 0.442377 -6.782838
v -7.213378 0.362438 -6.763847
v -7.211156 0.442377 -6.761625
v -6.740427 0.441198 -7.189960
v -6.761641 0.441198 -7.168746
v -6.763862 0.361260 -7.170968
v -6.742649 0.361260 -7.192182
v -6.782838 0.442377 -7.189944
v -6.785059 0.362438 -7.192165
v -6.761624 0.442377 -7.211157
v -6.763846 0.362438 -7.213379
v -6.596345 0.354382 -7.261026
v -6.594679 0.414336 -7.259360
v -7.259360 0.414336 -6.594680
v -7.261026 0.354382 -6.596346
v -6.695263 0.359881 -7.359945
v -6.693597 0.419835 -7.358278
v -7.359944 0.359881 -6.695264
v -7.358278 0.419835 -6.693598
v -7.281454 0.477755 -6.845045
v -7.288661 0.463547 -6.838627
v -7.312804 0.463547 -6.814484
v -7.319381 0.433275 -6.809590
v -7.319811 0.417801 -6.810020
v -7.289502 0.433275 -6.839468
v -7.277385 0.417801 -6.852447
v -7.276955 0.433275 -6.852016
v -7.347608 0.371079 -6.940503
v -7.345387 0.451017 -6.938282
v -7.366600 0.451017 -6.917068
v -7.368822 0.371079 -6.919290
v -7.368805 0.372258 -6.961700
v -7.366584 0.452196 -6.959479
v -7.390019 0.372258 -6.940487
v -7.387797 0.452196 -6.938266
v -6.917068 0.451017 -7.366600
v -6.938281 0.451017 -7.345387
v -6.940503 0.371079 -7.347609
v -6.919290 0.371079 -7.368822
v -6.959478 0.452196 -7.366584
v -6.961700 0.372258 -7.368806
v -6.938265 0.452196 -7.387797
v -6.940487 0.372258 -7.390019
v -6.772986 0.364202 -7.437667
v -6.771320 0.424155 -7.436001
v -7.436000 0.424155 -6.771320
v -7.437666 0.364202 -6.772986
v -6.871904 0.369700 -7.536585
v -6.870238 0.429654 -7.534919
v -7.536584 0.369700 -6.871904
v -7.534918 0.429654 -6.870238
v -7.524248 0.380899 -7.117144
v -7.522027 0.460837 -7.114922
v -7.543240 0.460837 -7.093709
v -7.545462 0.380899 -7.095931
v -7.545445 0.382077 -7.138341
v -7.543224 0.462015 -7.136119
v -7.566659 0.382077 -7.117128
v -7.564437 0.462015 -7.114906
v -7.093708 0.460837 -7.543241
v -7.114921 0.460837 -7.522027
v -7.117143 0.380899 -7.524249
v -7.095930 0.380899 -7.545463
v -7.136118 0.462015 -7.543225
v -7.138340 0.382077 -7.545446
v -7.114905 0.462015 -7.564438
v -7.117127 0.382077 -7.566660
v -6.949626 0.374021 -7.614307
v -6.947960 0.433975 -7.612640
v -7.612640 0.433975 -6.947960
v -7.614306 0.374021 -6.949626
v -7.048544 0.379520 -7.713225
v -7.046878 0.439473 -7.711559
v -7.713224 0.379520 -7.048545
v -7.711558 0.439473 -7.046879
v -7.700889 0.390718 -7.293784
v -7.698667 0.470656 -7.291562
v -7.719880 0.470656 -7.270349
v -7.722102 0.390718 -7.272571
v -7.722086 0.391896 -7.314981
v -7.719864 0.471834 -7.312759
v -7.743299 0.391896 -7.293768
v -7.741077 0.471834 -7.291546
v -7.270348 0.470656 -7.719881
v -7.291562 0.470656 -7.698668
v -7.293783 0.390718 -7.700889
v -7.272570 0.390718 -7.722103
v -7.312759 0.471834 -7.719865
v -7.314981 0.391896 -7.722086
v -7.291545 0.471834 -7.741078
v -7.293767 0.391896 -7.743300
v -7.126266 0.383840 -7.790947
v -7.124600 0.443794 -7.789281
v -7.789281 0.443794 -7.124601
v -7.790947 0.383840 -7.126267
v -7.225184 0.389339 -7.889865
v -7.223518 0.449293 -7.888199
v -7.889865 0.389339 -7.225185
v -7.888199 0.449293 -7.223519
v -8.025942 0.472553 -7.516151
v -7.983946 0.457079 -7.559008
v -7.983516 0.472553 -7.558578
v -8.013394 0.472553 -7.528698
v -8.012553 0.502824 -7.527857
v -7.988015 0.517032 -7.551606
v -7.877529 0.400537 -7.470424
v -7.875307 0.480475 -7.468203
v -7.896520 0.480475 -7.446989
v -7.898742 0.400537 -7.449211
v -7.898726 0.401716 -7.491621
v -7.896504 0.481654 -7.489400
v -7.919940 0.401716 -7.470408
v -7.917717 0.481654 -7.468186
v -7.446988 0.480475 -7.896521
v -7.468202 0.480475 -7.875308
v -7.470423 0.400537 -7.877530
v -7.449210 0.400537 -7.898743
v -7.489399 0.481654 -7.896505
v -7.491621 0.401716 -7.898727
v -7.468185 0.481654 -7.917718
v -7.470407 0.401716 -7.919940
v -7.302907 0.393660 -7.967587
v -7.301240 0.453613 -7.965921
v -7.965921 0.453613 -7.301241
v -7.967587 0.393660 -7.302907
v -7.401824 0.399158 -8.066506
v -7.400158 0.459112 -8.064839
v -8.066505 0.399158 -7.401825
v -8.064838 0.459112 -7.400159
v -7.988410 0.502824 -7.552001
v -7.995222 0.502824 -7.545188
v -8.018970 0.517032 -7.520650
v -8.019365 0.502824 -7.521045
v -8.026372 0.457079 -7.516581
v -7.996063 0.472553 -7.546030
v -8.054170 0.410356 -7.647064
v -8.051948 0.490295 -7.644843
v -8.073161 0.490295 -7.623630
v -8.075382 0.410356 -7.625851
v -8.075367 0.411535 -7.668262
v -8.073145 0.491473 -7.666040
v -8.096580 0.411535 -7.647048
v -8.094358 0.491473 -7.644827
v -7.623629 0.490295 -8.073161
v -7.644842 0.490295 -8.051948
v -7.647064 0.410356 -8.054170
v -7.625851 0.410356 -8.075383
v -7.666039 0.491473 -8.073145
v -7.668261 0.411535 -8.075367
v -7.644826 0.491473 -8.094358
v -7.647048 0.411535 -8.096581
v -7.479547 0.403479 -8.144228
v -7.477881 0.463433 -8.142562
v -8.142561 0.463433 -7.477881
v -8.144228 0.403479 -7.479548
v -7.578465 0.408978 -8.243146
v -7.576799 0.468931 -8.241480
v -8.243146 0.408978 -7.578465
v -8.241479 0.468931 -7.576799
v -8.230810 0.420176 -7.823704
v -8.228588 0.500114 -7.821483
v -8.249802 0.500114 -7.800269
v -8.252023 0.420176 -7.802491
v -8.252007 0.421354 -7.844902
v -8.249785 0.501292 -7.842680
v -8.273220 0.421354 -7.823689
v -8.270999 0.501292 -7.821466
v -7.800269 0.500114 -8.249802
v -7.821483 0.500114 -8.228588
v -7.823704 0.420176 -8.230810
v -7.802491 0.420176 -8.252023
v -7.842680 0.501292 -8.249785
v -7.844902 0.421354 -8.252007
v -7.821466 0.501292 -8.270999
v -7.823689 0.421354 -8.273220
v -7.656187 0.413298 -8.320868
v -7.654521 0.473252 -8.319201
v -8.319201 0.473252 -7.654521
v -8.320868 0.413298 -7.656188
v -7.755105 0.418797 -8.419786
v -7.753439 0.478751 -8.418119
v -8.419786 0.418797 -7.755105
v -8.418119 0.478751 -7.753439
v -8.407450 0.429995 -8.000345
v -8.405228 0.509933 -7.998123
v -8.426441 0.509933 -7.976910
v -8.428662 0.429995 -7.979132
v -8.428647 0.431173 -8.021543
v -8.426425 0.511112 -8.019320
v -8.449860 0.431173 -8.000329
v -8.447639 0.511112 -7.998107
v -7.976909 0.509933 -8.426442
v -7.998122 0.509933 -8.405229
v -8.000344 0.429995 -8.407451
v -7.979131 0.429995 -8.428663
v -8.019320 0.511112 -8.426426
v -8.021542 0.431173 -8.428648
v -7.998106 0.511112 -8.447639
v -8.000328 0.431173 -8.449861
v -7.832827 0.423118 -8.497509
v -7.831161 0.483071 -8.495842
v -8.495841 0.483071 -7.831162
v -8.497508 0.423118 -7.832828
v -7.931745 0.428616 -8.596427
v -7.930079 0.488570 -8.594760
v -8.596426 0.428616 -7.931746
v -8.594759 0.488570 -7.930080
v -8.690507 0.496356 -8.265569
v -8.690077 0.511830 -8.265139
v -8.719955 0.511830 -8.235260
v -8.725926 0.542102 -8.227607
v -8.701783 0.542102 -8.251750
v -8.719114 0.542102 -8.234419
v -8.694575 0.556310 -8.258167
v -8.584090 0.439814 -8.176986
v -8.581868 0.519753 -8.174764
v -8.603082 0.519753 -8.153550
v -8.605303 0.439814 -8.155772
v -8.605288 0.440993 -8.198183
v -8.603065 0.520931 -8.195961
v -8.626500 0.440993 -8.176970
v -8.624279 0.520931 -8.174747
v -8.153549 0.519753 -8.603083
v -8.174763 0.519753 -8.581869
v -8.176985 0.439814 -8.584091
v -8.155771 0.439814 -8.605304
v -8.195960 0.520931 -8.603066
v -8.198182 0.440993 -8.605289
v -8.174747 0.520931 -8.624280
v -8.176969 0.440993 -8.626501
v -8.009468 0.432937 -8.674150
v -8.007801 0.492891 -8.672482
v -8.672482 0.492891 -8.007802
v -8.674149 0.432937 -8.009469
v -8.108386 0.438436 -8.773067
v -8.106719 0.498389 -8.771400
v -8.773067 0.438436 -8.108387
v -8.771399 0.498389 -8.106720
v -8.694970 0.542102 -8.258562
v -8.725532 0.556310 -8.227212
v -8.732503 0.511830 -8.222713
v -8.732933 0.496356 -8.223143
v -8.702624 0.511830 -8.252591
v -8.760731 0.449634 -8.353626
v -8.758509 0.529572 -8.351404
v -8.779722 0.529572 -8.330191
v -8.781943 0.449634 -8.332413
v -8.781928 0.450812 -8.374824
v -8.779706 0.530750 -8.372602
v -8.803141 0.450812 -8.353610
v -8.800920 0.530750 -8.351388
v -8.330190 0.529572 -8.779723
v -8.351403 0.529572 -8.758510
v -8.353625 0.449634 -8.760732
v -8.332412 0.449634 -8.781944
v -8.372601 0.530750 -8.779707
v -8.374823 0.450812 -8.781929
v -8.351387 0.530750 -8.800920
v -8.353609 0.450812 -8.803142
v -8.186109 0.442756 -8.850790
v -8.184442 0.502710 -8.849123
v -8.849122 0.502710 -8.184443
v -8.850789 0.442756 -8.186110
v -8.285027 0.448255 -8.949708
v -8.283360 0.508209 -8.948041
v -8.949707 0.448255 -8.285028
v -8.948040 0.508209 -8.283360
v -8.937371 0.459453 -8.530266
v -8.935149 0.539391 -8.528044
v -8.956363 0.539391 -8.506830
v -8.958584 0.459453 -8.509052
v -8.958569 0.460631 -8.551463
v -8.956347 0.540570 -8.549241
v -8.979781 0.460631 -8.530250
v -8.977560 0.540570 -8.528028
v -8.506830 0.539391 -8.956363
v -8.528044 0.539391 -8.935149
v -8.530266 0.459453 -8.937371
v -8.509052 0.459453 -8.958584
v -8.549241 0.540570 -8.956347
v -8.551463 0.460631 -8.958569
v -8.528028 0.540570 -8.977560
v -8.530250 0.460631 -8.979781
v -8.362749 0.452575 -9.027430
v -8.361082 0.512529 -9.025763
v -9.025763 0.512529 -8.361082
v -9.027430 0.452575 -8.362749
v -8.461667 0.458074 -9.126348
v -8.460000 0.518028 -9.124681
v -9.126348 0.458074 -8.461667
v -9.124681 0.518028 -8.460000
v -9.114011 0.469272 -8.706906
v -9.111789 0.549211 -8.704684
v -9.133002 0.549211 -8.683471
v -9.135223 0.469272 -8.685693
v -9.135208 0.470451 -8.728104
v -9.132986 0.550389 -8.725882
v -9.156421 0.470451 -8.706890
v -9.154200 0.550389 -8.704668
v -8.683470 0.549211 -9.133003
v -8.704683 0.549211 -9.111790
v -8.706905 0.469272 -9.114012
v -8.685692 0.469272 -9.135224
v -8.725881 0.550389 -9.132987
v -8.728103 0.470451 -9.135209
v -8.704667 0.550389 -9.154201
v -8.706889 0.470451 -9.156422
v -8.539389 0.462395 -9.204070
v -8.537722 0.522349 -9.202403
v -9.202402 0.522349 -8.537723
v -9.204069 0.462395 -8.539390
v -8.638307 0.467894 -9.302988
v -8.636640 0.527847 -9.301321
v -9.302987 0.467894 -8.638308
v -9.301320 0.527847 -8.636641
v -9.439494 0.535633 -8.929704
v -9.408344 0.581379 -8.958311
v -9.401531 0.581379 -8.965123
v -9.290651 0.479092 -8.883547
v -9.288429 0.559030 -8.881325
v -9.309643 0.559030 -8.860111
v -9.311864 0.479092 -8.862333
v -9.311849 0.480270 -8.904744
v -9.309627 0.560208 -8.902522
v -9.333061 0.480270 -8.883531
v -9.330840 0.560208 -8.881309
v -8.860110 0.559030 -9.309644
v -8.881324 0.559030 -9.288430
v -8.883546 0.479092 -9.290652
v -8.862332 0.479092 -9.311865
v -8.902521 0.560208 -9.309628
v -8.904743 0.480270 -9.311850
v -8.881308 0.560208 -9.330841
v -8.883530 0.480270 -9.333062
v -8.716029 0.472214 -9.380711
v -8.714362 0.532168 -9.379044
v -9.379043 0.532168 -8.714363
v -9.380710 0.472214 -8.716030
v -8.814947 0.477713 -9.479629
v -8.813280 0.537667 -9.477962
v -9.479628 0.477713 -8.814948
v -9.477961 0.537667 -8.813281
v -9.401136 0.595587 -8.964728
v -9.425675 0.581379 -8.940980
v -9.432093 0.595587 -8.933773
v -9.432487 0.581379 -8.934168
v -9.439064 0.551107 -8.929274
v -9.409185 0.551107 -8.959152
v -9.426517 0.551107 -8.941821
v -9.397068 0.535633 -8.972130
v -9.396638 0.551107 -8.971700
v -9.467292 0.488911 -9.060187
v -9.465070 0.568849 -9.057965
v -9.486283 0.568849 -9.036752
v -9.488504 0.488911 -9.038974
v -9.488489 0.490089 -9.081385
v -9.486267 0.570028 -9.079163
v -9.509702 0.490089 -9.060171
v -9.507481 0.570028 -9.057949
v -9.036751 0.568849 -9.486284
v -9.057964 0.568849 -9.465071
v -9.060186 0.488911 -9.467293
v -9.038973 0.488911 -9.488505
v -9.079162 0.570028 -9.486268
v -9.081384 0.490089 -9.488490
v -9.057948 0.570028 -9.507482
v -9.060170 0.490089 -9.509703
v -8.892670 0.482033 -9.557351
v -8.891003 0.541987 -9.555684
v -9.555683 0.541987 -8.891004
v -9.557350 0.482033 -8.892671
v -8.991588 0.487532 -9.656269
v -8.989921 0.547486 -9.654602
v -9.656268 0.487532 -8.991589
v -9.654601 0.547486 -8.989922
v -9.643932 0.498730 -9.236827
v -9.641710 0.578669 -9.234605
v -9.662924 0.578669 -9.213391
v -9.665145 0.498730 -9.215613
v -9.665130 0.499909 -9.258024
v -9.662908 0.579847 -9.255802
v -9.686342 0.499909 -9.236811
v -9.684121 0.579847 -9.234589
v -9.213391 0.578669 -9.662924
v -9.234605 0.578669 -9.641710
v -9.236827 0.498730 -9.643932
v -9.215613 0.498730 -9.665145
v -9.255802 0.579847 -9.662908
v -9.258024 0.499909 -9.665130
v -9.234589 0.579847 -9.684121
v -9.236811 0.499909 -9.686342
v -9.069310 0.491853 -9.733991
v -9.067643 0.551806 -9.732324
v -9.732324 0.551806 -9.067643
v -9.733991 0.491853 -9.069310
v -9.168228 0.497352 -9.832910
v -9.166561 0.557305 -9.831243
v -9.832909 0.497352 -9.168229
v -9.831242 0.557305 -9.166562
v -9.820572 0.508550 -9.413467
v -9.818350 0.588488 -9.411245
v -9.839563 0.588488 -9.390032
v -9.841784 0.508550 -9.392254
v -9.841769 0.509728 -9.434665
v -9.839547 0.589666 -9.432443
v -9.862982 0.509728 -9.413451
v -9.860761 0.589666 -9.411229
v -9.390031 0.588488 -9.839564
v -9.411244 0.588488 -9.818351
v -9.413466 0.508550 -9.820573
v -9.392253 0.508550 -9.841785
v -9.432442 0.589666 -9.839548
v -9.434664 0.509728 -9.841770
v -9.411228 0.589666 -9.860762
v -9.413450 0.509728 -9.862983
v -9.245950 0.501672 -9.910631
v -9.244283 0.561626 -9.908964
v -9.908963 0.561626 -9.244284
v -9.910630 0.501672 -9.245951
v -9.344868 0.507171 -10.009549
v -9.343201 0.567125 -10.007882
v -10.009548 0.507171 -9.344869
v -10.007881 0.567125 -9.343202
v -10.146055 0.574910 -9.636265
v -10.139049 0.620656 -9.640729
v -10.138654 0.634864 -9.640334
v -10.114905 0.620656 -9.664872
v -10.132236 0.620656 -9.647541
v -10.108092 0.620656 -9.671684
v -9.997212 0.518369 -9.590108
v -9.994990 0.598307 -9.587886
v -10.016204 0.598307 -9.566672
v -10.018425 0.518369 -9.568894
v -10.018410 0.519547 -9.611305
v -10.016188 0.599486 -9.609083
v -10.039622 0.519547 -9.590092
v -10.037401 0.599486 -9.587870
v -9.566671 0.598307 -10.016205
v -9.587885 0.598307 -9.994991
v -9.590107 0.518369 -9.997213
v -9.568893 0.518369 -10.018426
v -9.609082 0.599486 -10.016189
v -9.611304 0.519547 -10.018411
v -9.587869 0.599486 -10.037402
v -9.590091 0.519547 -10.039623
v -9.422590 0.511491 -10.087272
v -9.420923 0.571445 -10.085605
v -10.085604 0.571445 -9.420924
v -10.087271 0.511491 -9.422591
v -9.521508 0.516990 -10.186190
v -9.519841 0.576944 -10.184523
v -10.186189 0.516990 -9.521509
v -10.184522 0.576944 -9.519842
v -10.107697 0.634864 -9.671289
v -10.145625 0.590384 -9.635835
v -10.115746 0.590384 -9.665713
v -10.133078 0.590384 -9.648382
v -10.103629 0.574910 -9.678691
v -10.103199 0.590384 -9.678261
v -10.173853 0.528188 -9.766748
v -10.171631 0.608127 -9.764526
v -10.192844 0.608127 -9.743313
v -10.195065 0.528188 -9.745535
v -10.195050 0.529367 -9.787946
v -10.192828 0.609305 -9.785724
v -10.216263 0.529367 -9.766732
v -10.214042 0.609305 -9.764510
v -9.743312 0.608127 -10.192845
v -9.764525 0.608127 -10.171632
v -9.766747 0.528188 -10.173854
v -9.745534 0.528188 -10.195066
v -9.785723 0.609305 -10.192829
v -9.787945 0.529367 -10.195051
v -9.764509 0.609305 -10.214043
v -9.766731 0.529367 -10.216264
v -9.599231 0.521311 -10.263912
v -9.597564 0.581264 -10.262245
v -10.262244 0.581264 -9.597565
v -10.263911 0.521311 -9.599232
v -9.698149 0.526810 -10.362830
v -9.696482 0.586763 -10.361163
v -10.362829 0.526810 -9.698150
v -10.361162 0.586763 -9.696483
v -10.350493 0.538008 -9.943389
v -10.348271 0.617946 -9.941167
v -10.369485 0.617946 -9.919953
v -10.371706 0.538008 -9.922175
v -10.371691 0.539186 -9.964586
v -10.369469 0.619124 -9.962364
v -10.392903 0.539186 -9.943373
v -10.390682 0.619124 -9.941151
v -9.919952 0.617946 -10.369486
v -9.941166 0.617946 -10.348272
v -9.943388 0.538008 -10.350494
v -9.922174 0.538008 -10.371707
v -9.962363 0.619124 -10.369470
v -9.964585 0.539186 -10.371692
v -9.941150 0.619124 -10.390683
v -9.943372 0.539186 -10.392904
v -9.775871 0.531130 -10.440552
v -9.774204 0.591084 -10.438885
v -10.438885 0.591084 -9.774204
v -10.440552 0.531130 -9.775871
v -9.874789 0.536629 -10.539471
v -9.873122 0.596583 -10.537804
v -10.539470 0.536629 -9.874790
v -10.537803 0.596583 -9.873123
v -10.527133 0.547827 -10.120028
v -10.524911 0.627765 -10.117806
v -10.546124 0.627765 -10.096593
v -10.548346 0.547827 -10.098815
v -10.548330 0.549005 -10.141226
v -10.546108 0.628944 -10.139004
v -10.569543 0.549005 -10.120012
v -10.567322 0.628944 -10.117790
v -10.096592 0.627765 -10.546125
v -10.117805 0.627765 -10.524912
v -10.120028 0.547827 -10.527134
v -10.098814 0.547827 -10.548347
v -10.139003 0.628944 -10.546109
v -10.141225 0.549005 -10.548331
v -10.117789 0.628944 -10.567323
v -10.120011 0.549005 -10.569544
v -9.952511 0.540949 -10.617192
v -9.950844 0.600903 -10.615525
v -10.615524 0.600903 -9.950845
v -10.617191 0.540949 -9.952512
v -10.051429 0.546448 -10.716110
v -10.049762 0.606402 -10.714443
v -10.716109 0.546448 -10.051430
v -10.714442 0.606402 -10.049763
v -10.852616 0.614188 -10.342826
v -10.814653 0.659933 -10.378245
v -10.703773 0.557646 -10.296669
v -10.701551 0.637585 -10.294447
v -10.722765 0.637585 -10.273233
v -10.724986 0.557646 -10.275455
v -10.724971 0.558825 -10.317866
v -10.722749 0.638763 -10.315644
v -10.746183 0.558825 -10.296653
v -10.743962 0.638763 -10.294431
v -10.273232 0.637585 -10.722766
v -10.294446 0.637585 -10.701552
v -10.296668 0.557646 -10.703774
v -10.275455 0.557646 -10.724987
v -10.315643 0.638763 -10.722750
v -10.317865 0.558825 -10.724972
v -10.294430 0.638763 -10.743963
v -10.296652 0.558825 -10.746184
v -10.129151 0.550769 -10.793833
v -10.127484 0.610722 -10.792166
v -10.792165 0.610722 -10.127485
v -10.793832 0.550769 -10.129152
v -10.228069 0.556267 -10.892751
v -10.226402 0.616221 -10.891084
v -10.892750 0.556267 -10.228070
v -10.891083 0.616221 -10.226403
v -10.814259 0.674141 -10.377851
v -10.838798 0.659933 -10.354102
v -10.821466 0.659933 -10.371433
v -10.845215 0.674141 -10.346895
v -10.845610 0.659933 -10.347290
v -10.852186 0.629662 -10.342396
v -10.822308 0.629662 -10.372274
v -10.839639 0.629662 -10.354943
v -10.810190 0.614188 -10.385252
v -10.809760 0.629662 -10.384822
v -10.880414 0.567466 -10.473310
v -10.878192 0.647404 -10.471087
v -10.899405 0.647404 -10.449874
v -10.901627 0.567466 -10.452096
v -10.901611 0.568644 -10.494507
v -10.899389 0.648582 -10.492285
v -10.922824 0.568644 -10.473293
v -10.920603 0.648582 -10.471071
v -10.449873 0.647404 -10.899406
v -10.471087 0.647404 -10.878193
v -10.473309 0.567466 -10.880415
v -10.452095 0.567466 -10.901628
v -10.492284 0.648582 -10.899390
v -10.494506 0.568644 -10.901612
v -10.471070 0.648582 -10.920604
v -10.473292 0.568644 -10.922825
v -10.305792 0.560588 -10.970473
v -10.304125 0.620542 -10.968806
v -10.968805 0.620542 -10.304126
v -10.970472 0.560588 -10.305793
v -10.404710 0.566087 -11.069391
v -10.403043 0.626040 -11.067724
v -11.069390 0.566087 -10.404711
v -11.067723 0.626040 -10.403044
v -11.057055 0.577285 -10.649950
v -11.054832 0.657223 -10.647728
v -11.076046 0.657223 -10.626514
v -11.078267 0.577285 -10.628736
v -11.078252 0.578463 -10.671147
v -11.076030 0.658401 -10.668925
v -11.099464 0.578463 -10.649934
v -11.097243 0.658401 -10.647712
v -10.626513 0.657223 -11.076047
v -10.647727 0.657223 -11.054833
v -10.649949 0.577285 -11.057055
v -10.628736 0.577285 -11.078268
v -10.668924 0.658401 -11.076031
v -10.671146 0.578463 -11.078253
v -10.647711 0.658401 -11.097244
v -10.649933 0.578463 -11.099465
v -10.482432 0.570407 -11.147113
v -10.480765 0.630361 -11.145446
v -11.145446 0.630361 -10.480765
v -11.147113 0.570407 -10.482432
v -10.581350 0.575906 -11.246032
v -10.579683 0.635860 -11.244365
v -11.246031 0.575906 -10.581351
v -11.244364 0.635860 -10.579684
v -11.233694 0.587104 -10.826590
v -11.231472 0.667042 -10.824368
v -11.252686 0.667042 -10.803154
v -11.254907 0.587104 -10.805376
v -11.254891 0.588283 -10.847787
v -11.252669 0.668221 -10.845565
v -11.276104 0.588283 -10.826573
v -11.273883 0.668221 -10.824351
v -10.803153 0.667042 -11.252687
v -10.824367 0.667042 -11.231473
v -10.826589 0.587104 -11.233695
v -10.805375 0.587104 -11.254908
v -10.845564 0.668221 -11.252670
v -10.847786 0.588283 -11.254892
v -10.824350 0.668221 -11.273884
v -10.826572 0.588283 -11.276105
v -10.659072 0.580227 -11.323753
v -10.657405 0.640180 -11.322086
v -11.322085 0.640180 -10.657406
v -11.323752 0.580227 -10.659073
v -10.757990 0.585725 -11.422671
v -10.756323 0.645679 -11.421004
v -11.422670 0.585725 -10.757991
v -11.421003 0.645679 -10.756324
v -11.558747 0.668939 -11.048957
v -11.552171 0.699211 -11.053851
v -11.521214 0.699211 -11.084806
v -11.410335 0.596924 -11.003230
v -11.408113 0.676862 -11.001008
v -11.429326 0.676862 -10.979795
v -11.431547 0.596924 -10.982017
v -11.431532 0.598102 -11.024427
v -11.429310 0.678040 -11.022205
v -11.452744 0.598102 -11.003214
v -11.450523 0.678040 -11.000992
v -10.979794 0.676862 -11.429327
v -11.001007 0.676862 -11.408113
v -11.003229 0.596924 -11.410336
v -10.982016 0.596924 -11.431548
v -11.022204 0.678040 -11.429311
v -11.024426 0.598102 -11.431533
v -11.000991 0.678040 -11.450524
v -11.003213 0.598102 -11.452745
v -10.835712 0.590046 -11.500394
v -10.834045 0.650000 -11.498727
v -11.498726 0.650000 -10.834046
v -11.500393 0.590046 -10.835713
v -10.934630 0.595545 -11.599312
v -10.932963 0.655498 -11.597645
v -11.599311 0.595545 -10.934631
v -11.597644 0.655498 -10.932964
v -11.520820 0.713419 -11.084412
v -11.545359 0.699211 -11.060663
v -11.528028 0.699211 -11.077994
v -11.551776 0.713419 -11.053456
v -11.559177 0.653465 -11.049387
v -11.528869 0.668939 -11.078835
v -11.546200 0.668939 -11.061504
v -11.516751 0.653465 -11.091813
v -11.516321 0.668939 -11.091383
v -11.586976 0.606743 -11.179872
v -11.584754 0.686681 -11.177649
v -11.605968 0.686681 -11.156436
v -11.608189 0.606743 -11.158658
v -11.608171 0.607921 -11.201067
v -11.605949 0.687859 -11.198845
v -11.629384 0.607921 -11.179853
v -11.627163 0.687859 -11.177631
v -11.156435 0.686681 -11.605968
v -11.177649 0.686681 -11.584755
v -11.179871 0.606743 -11.586977
v -11.158657 0.606743 -11.608190
v -11.198844 0.687859 -11.605950
v -11.201066 0.607921 -11.608172
v -11.177630 0.687859 -11.627164
v -11.179852 0.607921 -11.629385
v -11.012353 0.599865 -11.677034
v -11.010686 0.659819 -11.675367
v -11.675366 0.659819 -11.010687
v -11.677033 0.599865 -11.012354
v -11.111271 0.605364 -11.775952
v -11.109604 0.665318 -11.774285
v -11.775951 0.605364 -11.111272
v -11.774284 0.665318 -11.109605
v -11.763616 0.616562 -11.356511
v -11.761394 0.696500 -11.354289
v -11.782607 0.696500 -11.333076
v -11.784828 0.616562 -11.335298
v -11.784812 0.617740 -11.377707
v -11.782590 0.697679 -11.375485
v -11.806025 0.617740 -11.356494
v -11.803803 0.697679 -11.354272
v -11.333075 0.696500 -11.782608
v -11.354288 0.696500 -11.761395
v -11.356510 0.616562 -11.763617
v -11.335297 0.616562 -11.784829
v -11.375484 0.697679 -11.782591
v -11.377707 0.617740 -11.784813
v -11.354271 0.697679 -11.803804
v -11.356493 0.617740 -11.806026
v -11.188993 0.609685 -11.853675
v -11.187326 0.669638 -11.852008
v -11.852007 0.669638 -11.187327
v -11.853674 0.609685 -11.188994
v -11.287911 0.615183 -11.952593
v -11.286244 0.675137 -11.950926
v -11.952592 0.615183 -11.287912
v -11.950925 0.675137 -11.286245
v -11.940256 0.626382 -11.533152
v -11.938034 0.706320 -11.530930
v -11.959248 0.706320 -11.509716
v -11.961469 0.626382 -11.511938
v -11.961452 0.627560 -11.554348
v -11.959230 0.707498 -11.552126
v -11.982665 0.627560 -11.533134
v -11.980444 0.707498 -11.530912
v -11.509715 0.706320 -11.959249
v -11.530929 0.706320 -11.938035
v -11.533151 0.626382 -11.940257
v -11.511937 0.626382 -11.961470
v -11.552125 0.707498 -11.959231
v -11.554347 0.627560 -11.961453
v -11.530911 0.707498 -11.980445
v -11.533134 0.627560 -11.982666
v -11.365633 0.619504 -12.030314
v -11.363966 0.679458 -12.028647
v -12.028646 0.679458 -11.363967
v -12.030313 0.619504 -11.365634
v -11.464551 0.625003 -12.129233
v -11.462884 0.684956 -12.127566
v -12.129231 0.625003 -11.464553
v -12.127564 0.684956 -11.462886
v -12.265738 0.692742 -11.755948
v -12.265308 0.708216 -11.755518
v -12.223312 0.692742 -11.798374
v -12.252761 0.708216 -11.768065
v -12.234589 0.738488 -11.784555
v -12.251920 0.738488 -11.767224
v -12.116897 0.636201 -11.709792
v -12.114675 0.716139 -11.707570
v -12.135888 0.716139 -11.686357
v -12.138109 0.636201 -11.688579
v -12.138092 0.637379 -11.730988
v -12.135870 0.717317 -11.728765
v -12.159305 0.637379 -11.709774
v -12.157084 0.717317 -11.707552
v -11.686356 0.716139 -12.135889
v -11.707569 0.716139 -12.114676
v -11.709791 0.636201 -12.116898
v -11.688578 0.636201 -12.138110
v -11.728765 0.717317 -12.135871
v -11.730987 0.637379 -12.138093
v -11.707551 0.717317 -12.157084
v -11.709773 0.637379 -12.159306
v -11.542274 0.629323 -12.206955
v -11.540606 0.689277 -12.205288
v -12.205287 0.689277 -11.540607
v -12.206954 0.629323 -11.542274
v -11.641191 0.634822 -12.305873
v -11.639524 0.694776 -12.304206
v -12.305872 0.634822 -11.641192
v -12.304205 0.694776 -11.639525
v -12.227776 0.738488 -11.791368
v -12.227381 0.752696 -11.790973
v -12.258337 0.752696 -11.760017
v -12.258732 0.738488 -11.760412
v -12.235430 0.708216 -11.785397
v -12.222882 0.708216 -11.797944
v -12.293537 0.646020 -11.886433
v -12.291315 0.725958 -11.884211
v -12.312529 0.725958 -11.862997
v -12.314750 0.646020 -11.865219
v -12.314733 0.647198 -11.907628
v -12.312510 0.727137 -11.905406
v -12.335945 0.647198 -11.886415
v -12.333724 0.727137 -11.884192
v -11.862996 0.725958 -12.312530
v -11.884210 0.725958 -12.291316
v -11.886432 0.646020 -12.293538
v -11.865218 0.646020 -12.314751
v -11.905405 0.727137 -12.312511
v -11.907627 0.647198 -12.314734
v -11.884192 0.727137 -12.333725
v -11.886414 0.647198 -12.335946
v -11.718914 0.639143 -12.383595
v -11.717247 0.699096 -12.381928
v -12.381927 0.699096 -11.717248
v -12.383595 0.639143 -11.718915
v -11.817832 0.644641 -12.482513
v -11.816165 0.704595 -12.480846
v -12.482512 0.644641 -11.817833
v -12.480845 0.704595 -11.816166
v -12.470177 0.655839 -12.063072
v -12.467955 0.735778 -12.060850
v -12.489168 0.735778 -12.039637
v -12.491389 0.655839 -12.041859
v -12.491373 0.657018 -12.084269
v -12.489151 0.736956 -12.082047
v -12.512586 0.657018 -12.063055
v -12.510365 0.736956 -12.060833
v -12.039636 0.735778 -12.489169
v -12.060849 0.735778 -12.467956
v -12.063071 0.655839 -12.470178
v -12.041858 0.655839 -12.491390
v -12.082046 0.736956 -12.489152
v -12.084268 0.657018 -12.491374
v -12.060832 0.736956 -12.510365
v -12.063054 0.657018 -12.512587
v -11.895555 0.648962 -12.560236
v -11.893888 0.708916 -12.558569
v -12.558568 0.708916 -11.893888
v -12.560235 0.648962 -11.895555
v -11.994473 0.654461 -12.659154
v -11.992805 0.714414 -12.657487
v -12.659153 0.654461 -11.994473
v -12.657486 0.714414 -11.992806
v -12.646817 0.665659 -12.239713
v -12.644595 0.745597 -12.237491
v -12.665809 0.745597 -12.216277
v -12.668030 0.665659 -12.218499
v -12.668014 0.666837 -12.260909
v -12.665792 0.746775 -12.258687
v -12.689226 0.666837 -12.239696
v -12.687005 0.746775 -12.237473
v -12.216276 0.745597 -12.665810
v -12.237490 0.745597 -12.644596
v -12.239712 0.665659 -12.646818
v -12.218498 0.665659 -12.668031
v -12.258686 0.746775 -12.665792
v -12.260908 0.666837 -12.668015
v -12.237473 0.746775 -12.687006
v -12.239695 0.666837 -12.689227
v -12.072194 0.658781 -12.736876
v -12.070527 0.718735 -12.735209
v -12.735208 0.718735 -12.070528
v -12.736875 0.658781 -12.072195
v -12.171112 0.664280 -12.835794
v -12.169445 0.724234 -12.834127
v -12.835793 0.664280 -12.171114
v -12.834126 0.724234 -12.169447
v -12.972300 0.732019 -12.462509
v -12.929873 0.732019 -12.504935
v -12.941991 0.747494 -12.491958
v -12.959322 0.747494 -12.474627
v -12.941150 0.777765 -12.491117
v -12.933942 0.791973 -12.497534
v -12.934337 0.777765 -12.497929
v -12.823458 0.675478 -12.416353
v -12.821236 0.755416 -12.414131
v -12.842449 0.755416 -12.392918
v -12.844670 0.675478 -12.395140
v -12.844653 0.676656 -12.437550
v -12.842431 0.756595 -12.435328
v -12.865866 0.676656 -12.416336
v -12.863645 0.756595 -12.414114
v -12.392917 0.755416 -12.842450
v -12.414130 0.755416 -12.821237
v -12.416352 0.675478 -12.823459
v -12.395139 0.675478 -12.844671
v -12.435326 0.756595 -12.842433
v -12.437548 0.676656 -12.844655
v -12.414112 0.756595 -12.863647
v -12.416334 0.676656 -12.865868
v -12.248835 0.668600 -12.913516
v -12.247168 0.728554 -12.911849
v -12.911848 0.728554 -12.247169
v -12.913515 0.668600 -12.248836
v -12.347753 0.674099 -13.012434
v -12.346086 0.734053 -13.010767
v -13.012433 0.674099 -12.347754
v -13.010766 0.734053 -12.346087
v -12.958481 0.777765 -12.473785
v -12.964898 0.791973 -12.466578
v -12.965293 0.777765 -12.466973
v -12.971869 0.747494 -12.462079
v -12.929443 0.747494 -12.504505
v -13.000098 0.685297 -12.592994
v -12.997876 0.765236 -12.590772
v -13.019090 0.765236 -12.569558
v -13.021311 0.685297 -12.571780
v -13.021294 0.686476 -12.614189
v -13.019072 0.766414 -12.611967
v -13.042506 0.686476 -12.592976
v -13.040285 0.766414 -12.590754
v -12.569557 0.765236 -13.019091
v -12.590771 0.765236 -12.997877
v -12.592993 0.685297 -13.000099
v -12.571779 0.685297 -13.021312
v -12.611966 0.766414 -13.019073
v -12.614188 0.686476 -13.021295
v -12.590753 0.766414 -13.040286
v -12.592975 0.686476 -13.042507
v -12.425475 0.678420 -13.090157
v -12.423808 0.738374 -13.088490
v -13.088489 0.738374 -12.423809
v -13.090156 0.678420 -12.425476
v -12.524393 0.683919 -13.189075
v -12.522726 0.743872 -13.187407
v -13.189074 0.683919 -12.524394
v -13.187407 0.743872 -12.522727
v -13.176738 0.695117 -12.769633
v -13.174516 0.775055 -12.767411
v -13.195729 0.775055 -12.746198
v -13.197950 0.695117 -12.748420
v -13.197934 0.696295 -12.790830
v -13.195712 0.776233 -12.788608
v -13.219147 0.696295 -12.769616
v -13.216926 0.776233 -12.767394
v -12.746197 0.775055 -13.195730
v -12.767410 0.775055 -13.174517
v -12.769632 0.695117 -13.176739
v -12.748419 0.695117 -13.197951
v -12.788607 0.776233 -13.195713
v -12.790829 0.696295 -13.197935
v -12.767393 0.776233 -13.216927
v -12.769615 0.696295 -13.219148
v -12.602116 0.688239 -13.266797
v -12.600449 0.748193 -13.265130
v -13.265129 0.748193 -12.600450
v -13.266796 0.688239 -12.602117
v -12.701034 0.693738 -13.365715
v -12.699367 0.753692 -13.364048
v -13.365714 0.693738 -12.701035
v -13.364047 0.753692 -12.699368
v -13.353378 0.704936 -12.946274
v -13.351156 0.784874 -12.944052
v -13.372370 0.784874 -12.922838
v -13.374591 0.704936 -12.925060
v -13.374575 0.706114 -12.967470
v -13.372353 0.786053 -12.965248
v -13.395787 0.706114 -12.946257
v -13.393566 0.786053 -12.944035
v -12.922837 0.784874 -13.372371
v -12.944051 0.784874 -13.351157
v -12.946273 0.704936 -13.353379
v -12.925059 0.704936 -13.374592
v -12.965247 0.786053 -13.372354
v -12.967469 0.706114 -13.374576
v -12.944034 0.786053 -13.393567
v -12.946256 0.706114 -13.395788
v -12.778755 0.698058 -13.443437
v -12.777088 0.758012 -13.441770
v -13.441769 0.758012 -12.777089
v -13.443436 0.698058 -12.778756
v -12.877673 0.703557 -13.542356
v -12.876006 0.763511 -13.540689
v -13.542354 0.703557 -12.877675
v -13.540687 0.763511 -12.876008
v -13.678861 0.771297 -13.169070
v -13.678431 0.786771 -13.168640
v -13.648552 0.786771 -13.198519
v -13.665883 0.786771 -13.181188
v -13.671854 0.817042 -13.173534
v -13.640503 0.831250 -13.204095
v -13.640898 0.817042 -13.204490
v -13.530019 0.714755 -13.122914
v -13.527797 0.794694 -13.120692
v -13.549010 0.794694 -13.099479
v -13.551231 0.714755 -13.101701
v -13.551214 0.715934 -13.144111
v -13.548992 0.795872 -13.141889
v -13.572427 0.715934 -13.122897
v -13.570206 0.795872 -13.120675
v -13.099478 0.794694 -13.549011
v -13.120691 0.794694 -13.527798
v -13.122913 0.714755 -13.530020
v -13.101700 0.714755 -13.551232
v -13.141887 0.795872 -13.548994
v -13.144109 0.715934 -13.551216
v -13.120673 0.795872 -13.570208
v -13.122895 0.715934 -13.572429
v -12.955396 0.707878 -13.620077
v -12.953729 0.767831 -13.618410
v -13.618409 0.767831 -12.953730
v -13.620076 0.707878 -12.955397
v -13.054314 0.713377 -13.718995
v -13.052647 0.773330 -13.717328
v -13.718994 0.713377 -13.054315
v -13.717327 0.773330 -13.052648
v -13.665042 0.817042 -13.180346
v -13.647711 0.817042 -13.197678
v -13.671459 0.831250 -13.173140
v -13.636435 0.771297 -13.211496
v -13.636004 0.786771 -13.211066
v -13.706659 0.724575 -13.299555
v -13.704437 0.804513 -13.297333
v -13.725651 0.804513 -13.276119
v -13.727872 0.724575 -13.278341
v -13.727855 0.725753 -13.320750
v -13.725633 0.805691 -13.318528
v -13.749067 0.725753 -13.299537
v -13.746846 0.805691 -13.297315
v -13.276118 0.804513 -13.725652
v -13.297332 0.804513 -13.704438
v -13.299554 0.724575 -13.706660
v -13.278340 0.724575 -13.727873
v -13.318527 0.805691 -13.725634
v -13.320749 0.725753 -13.727856
v -13.297314 0.805691 -13.746847
v -13.299536 0.725753 -13.749068
v -13.132036 0.717697 -13.796718
v -13.130369 0.777651 -13.795051
v -13.795050 0.777651 -13.130370
v -13.796717 0.717697 -13.132037
v -13.230954 0.723196 -13.895636
v -13.229287 0.783150 -13.893969
v -13.895635 0.723196 -13.230955
v -13.893968 0.783150 -13.229288
v -13.883299 0.734394 -13.476195
v -13.881077 0.814332 -13.473973
v -13.902290 0.814332 -13.452760
v -13.904511 0.734394 -13.454982
v -13.904495 0.735572 -13.497391
v -13.902273 0.815511 -13.495169
v -13.925708 0.735572 -13.476177
v -13.923487 0.815511 -13.473955
v -13.452758 0.814332 -13.902292
v -13.473971 0.814332 -13.881079
v -13.476193 0.734394 -13.883301
v -13.454980 0.734394 -13.904513
v -13.495168 0.815511 -13.902274
v -13.497390 0.735572 -13.904496
v -13.473954 0.815511 -13.923488
v -13.476176 0.735572 -13.925709
v -13.308677 0.727516 -13.973358
v -13.307010 0.787470 -13.971691
v -13.971690 0.787470 -13.307011
v -13.973357 0.727516 -13.308678
v -13.407595 0.733015 -14.072276
v -13.405928 0.792969 -14.070609
v -14.072275 0.733015 -13.407596
v -14.070608 0.792969 -13.405929
v -14.059939 0.744213 -13.652835
v -14.057717 0.824152 -13.650613
v -14.078931 0.824152 -13.629399
v -14.081152 0.744213 -13.631621
v -14.081136 0.745392 -13.674031
v -14.078914 0.825330 -13.671809
v -14.102348 0.745392 -13.652818
v -14.100127 0.825330 -13.650596
v -13.629398 0.824152 -14.078932
v -13.650612 0.824152 -14.057718
v -13.652834 0.744213 -14.059940
v -13.631620 0.744213 -14.081153
v -13.671808 0.825330 -14.078915
v -13.674030 0.745392 -14.081137
v -13.650595 0.825330 -14.100128
v -13.652817 0.745392 -14.102349
v -13.485316 0.737336 -14.149999
v -13.483649 0.797289 -14.148332
v -14.148330 0.797289 -13.483651
v -14.149997 0.737336 -13.485318
v -13.584234 0.742835 -14.248917
v -13.582567 0.802788 -14.247250
v -14.248915 0.742835 -13.584236
v -14.247248 0.802788 -13.582569
v -14.342996 0.810574 -13.918057
v -14.378415 0.856320 -13.880095
v -14.378020 0.870528 -13.879701
v -14.354272 0.856320 -13.904239
v -14.371603 0.856320 -13.886908
v -14.347459 0.856320 -13.911051
v -14.236580 0.754033 -13.829475
v -14.234358 0.833971 -13.827253
v -14.255571 0.833971 -13.806040
v -14.257792 0.754033 -13.808262
v -14.257775 0.755211 -13.850672
v -14.255553 0.835149 -13.848450
v -14.278988 0.755211 -13.829458
v -14.276767 0.835149 -13.827236
v -13.806039 0.833971 -14.255572
v -13.827252 0.833971 -14.234359
v -13.829474 0.754033 -14.236581
v -13.808261 0.754033 -14.257793
v -13.848448 0.835149 -14.255555
v -13.850670 0.755211 -14.257777
v -13.827234 0.835149 -14.276769
v -13.829456 0.755211 -14.278990
v -13.661957 0.747155 -14.326638
v -13.660290 0.807109 -14.324971
v -14.324970 0.807109 -13.660291
v -14.326637 0.747155 -13.661958
v -13.760875 0.752654 -14.425556
v -13.759208 0.812608 -14.423889
v -14.425555 0.752654 -13.760876
v -14.423888 0.812608 -13.759209
v -14.347064 0.870528 -13.910656
v -14.384992 0.826048 -13.875201
v -14.385422 0.810574 -13.875631
v -14.355113 0.826048 -13.905080
v -14.372444 0.826048 -13.887749
v -14.342566 0.826048 -13.917627
v -14.413220 0.763852 -14.006116
v -14.410998 0.843790 -14.003894
v -14.432212 0.843790 -13.982680
v -14.434433 0.763852 -13.984902
v -14.434416 0.765030 -14.027311
v -14.432194 0.844968 -14.025089
v -14.455628 0.765030 -14.006098
v -14.453407 0.844968 -14.003876
v -13.982679 0.843790 -14.432213
v -14.003893 0.843790 -14.410999
v -14.006115 0.763852 -14.413221
v -13.984901 0.763852 -14.434434
v -14.025088 0.844968 -14.432195
v -14.027310 0.765030 -14.434417
v -14.003875 0.844968 -14.453408
v -14.006097 0.765030 -14.455629
v -13.838597 0.756974 -14.503279
v -13.836930 0.816928 -14.501612
v -14.501611 0.816928 -13.836931
v -14.503278 0.756974 -13.838598
v -13.937515 0.762473 -14.602197
v -13.935848 0.822427 -14.600530
v -14.602196 0.762473 -13.937516
v -14.600529 0.822427 -13.935849
v -14.589860 0.773671 -14.182756
v -14.587638 0.853610 -14.180534
v -14.608851 0.853610 -14.159321
v -14.611073 0.773671 -14.161543
v -14.611056 0.774850 -14.203952
v -14.608834 0.854788 -14.201730
v -14.632269 0.774850 -14.182738
v -14.630048 0.854788 -14.180516
v -14.159319 0.853610 -14.608853
v -14.180532 0.853610 -14.587640
v -14.182755 0.773671 -14.589862
v -14.161541 0.773671 -14.611074
v -14.201729 0.854788 -14.608835
v -14.203951 0.774850 -14.611057
v -14.180515 0.854788 -14.630049
v -14.182737 0.774850 -14.632270
v -14.015238 0.766794 -14.679919
v -14.013571 0.826747 -14.678252
v -14.678251 0.826747 -14.013572
v -14.679918 0.766794 -14.015239
v -14.114156 0.772292 -14.778837
v -14.112489 0.832246 -14.777170
v -14.778836 0.772292 -14.114157
v -14.777169 0.832246 -14.112490
v -14.766500 0.783491 -14.359396
v -14.764278 0.863429 -14.357174
v -14.785492 0.863429 -14.335960
v -14.787713 0.783491 -14.338182
v -14.787697 0.784669 -14.380592
v -14.785475 0.864607 -14.378370
v -14.808909 0.784669 -14.359379
v -14.806688 0.864607 -14.357157
v -14.335959 0.863429 -14.785493
v -14.357173 0.863429 -14.764279
v -14.359395 0.783491 -14.766501
v -14.338181 0.783491 -14.787714
v -14.378369 0.864607 -14.785476
v -14.380591 0.784669 -14.787698
v -14.357156 0.864607 -14.806689
v -14.359378 0.784669 -14.808910
v -14.191877 0.776613 -14.856560
v -14.190210 0.836567 -14.854893
v -14.854891 0.836567 -14.190212
v -14.856558 0.776613 -14.191879
v -14.290795 0.782112 -14.955478
v -14.289128 0.842065 -14.953811
v -14.955476 0.782112 -14.290797
v -14.953809 0.842065 -14.289130
v -15.091553 0.865325 -14.581762
v -15.049557 0.849851 -14.624619
v -15.079005 0.865325 -14.594310
v -15.084581 0.909805 -14.586262
v -15.060833 0.895597 -14.610800
v -15.078164 0.895597 -14.593469
v -14.943141 0.793310 -14.536036
v -14.940919 0.873248 -14.533814
v -14.962132 0.873248 -14.512601
v -14.964354 0.793310 -14.514823
v -14.964336 0.794488 -14.557233
v -14.962114 0.874426 -14.555011
v -14.985549 0.794488 -14.536019
v -14.983328 0.874426 -14.533797
v -14.512600 0.873248 -14.962133
v -14.533813 0.873248 -14.940920
v -14.536036 0.793310 -14.943142
v -14.514822 0.793310 -14.964355
v -14.555009 0.874426 -14.962116
v -14.557231 0.794488 -14.964338
v -14.533795 0.874426 -14.983330
v -14.536017 0.794488 -14.985551
v -14.368518 0.786432 -15.033199
v -14.366851 0.846386 -15.031532
v -15.031531 0.846386 -14.366852
v -15.033198 0.786432 -14.368519
v -14.467436 0.791931 -15.132118
v -14.465769 0.851885 -15.130451
v -15.132116 0.791931 -14.467438
v -15.130449 0.851885 -14.465771
v -15.054020 0.895597 -14.617612
v -15.053625 0.909805 -14.617217
v -15.084976 0.895597 -14.586657
v -15.091983 0.849851 -14.582192
v -15.061674 0.865325 -14.611641
v -15.049127 0.865325 -14.624188
v -15.119781 0.803129 -14.712677
v -15.117559 0.883067 -14.710455
v -15.138773 0.883067 -14.689241
v -15.140994 0.803129 -14.691463
v -15.140977 0.804307 -14.733872
v -15.138755 0.884246 -14.731650
v -15.162189 0.804307 -14.712659
v -15.159968 0.884246 -14.710437
v -14.689240 0.883067 -15.138774
v -14.710454 0.883067 -15.117560
v -14.712676 0.803129 -15.119782
v -14.691463 0.803129 -15.140995
v -14.731649 0.884246 -15.138756
v -14.733871 0.804307 -15.140978
v -14.710436 0.884246 -15.159969
v -14.712658 0.804307 -15.162190
v -14.545158 0.796252 -15.209840
v -14.543491 0.856205 -15.208173
v -15.208172 0.856205 -14.543492
v -15.209839 0.796252 -14.545159
v -14.644076 0.801750 -15.308758
v -14.642409 0.861704 -15.307091
v -15.308757 0.801750 -14.644077
v -15.307090 0.861704 -14.642410
v -15.296421 0.812949 -14.889318
v -15.294199 0.892887 -14.887095
v -15.315413 0.892887 -14.865882
v -15.317634 0.812949 -14.868104
v -15.317617 0.814127 -14.910513
v -15.315395 0.894065 -14.908291
v -15.338830 0.814127 -14.889299
v -15.336609 0.894065 -14.887077
v -14.865880 0.892887 -15.315414
v -14.887094 0.892887 -15.294201
v -14.889316 0.812949 -15.296423
v -14.868102 0.812949 -15.317636
v -14.908290 0.894065 -15.315396
v -14.910512 0.814127 -15.317618
v -14.887076 0.894065 -15.336610
v -14.889298 0.814127 -15.338831
v -14.721799 0.806071 -15.386480
v -14.720132 0.866025 -15.384813
v -15.384812 0.866025 -14.720133
v -15.386479 0.806071 -14.721800
v -14.820717 0.811570 -15.485398
v -14.819050 0.871523 -15.483731
v -15.485397 0.811570 -14.820718
v -15.483730 0.871523 -14.819051
v -15.473062 0.822768 -15.065957
v -15.470840 0.902706 -15.063735
v -15.492053 0.902706 -15.042521
v -15.494274 0.822768 -15.044744
v -15.494258 0.823946 -15.087153
v -15.492036 0.903884 -15.084931
v -15.515471 0.823946 -15.065940
v -15.513249 0.903884 -15.063718
v -15.042521 0.902706 -15.492054
v -15.063734 0.902706 -15.470840
v -15.065956 0.822768 -15.473063
v -15.044743 0.822768 -15.494275
v -15.084930 0.903884 -15.492037
v -15.087152 0.823946 -15.494259
v -15.063717 0.903884 -15.513250
v -15.065939 0.823946 -15.515471
v -14.898438 0.815890 -15.563121
v -14.896771 0.875844 -15.561454
v -15.561452 0.875844 -14.896773
v -15.563119 0.815890 -14.898440
v -14.997356 0.821389 -15.662039
v -14.995689 0.881343 -15.660372
v -15.662037 0.821389 -14.997358
v -15.660370 0.881343 -14.995691
v -15.798544 0.889129 -15.288754
v -15.756118 0.889129 -15.331180
v -15.768235 0.904603 -15.318202
v -15.755688 0.904603 -15.330750
v -15.767394 0.934874 -15.317361
v -15.784725 0.934874 -15.300030
v -15.760581 0.934874 -15.324173
v -15.649702 0.832587 -15.242598
v -15.647480 0.912525 -15.240376
v -15.668694 0.912525 -15.219162
v -15.670915 0.832587 -15.221384
v -15.670897 0.833765 -15.263794
v -15.668675 0.913704 -15.261572
v -15.692110 0.833765 -15.242580
v -15.689889 0.913704 -15.240358
v -15.219161 0.912525 -15.668694
v -15.240375 0.912525 -15.647481
v -15.242597 0.832587 -15.649703
v -15.221383 0.832587 -15.670916
v -15.261570 0.913704 -15.668677
v -15.263792 0.833765 -15.670899
v -15.240356 0.913704 -15.689891
v -15.242579 0.833765 -15.692112
v -15.075079 0.825710 -15.739760
v -15.073412 0.885663 -15.738093
v -15.738092 0.885663 -15.073413
v -15.739759 0.825710 -15.075080
v -15.173997 0.831208 -15.838679
v -15.172330 0.891162 -15.837012
v -15.838677 0.831208 -15.173999
v -15.837010 0.891162 -15.172332
v -15.760186 0.949082 -15.323778
v -15.791142 0.949082 -15.292823
v -15.791537 0.934874 -15.293218
v -15.798114 0.904603 -15.288323
v -15.785566 0.904603 -15.300871
v -15.826343 0.842406 -15.419238
v -15.824121 0.922345 -15.417016
v -15.845334 0.922345 -15.395802
v -15.847555 0.842406 -15.398025
v -15.847538 0.843585 -15.440434
v -15.845316 0.923523 -15.438212
v -15.868751 0.843585 -15.419221
v -15.866529 0.923523 -15.416999
v -15.395802 0.922345 -15.845335
v -15.417015 0.922345 -15.824121
v -15.419237 0.842406 -15.826344
v -15.398024 0.842406 -15.847556
v -15.438210 0.923523 -15.845318
v -15.440433 0.843585 -15.847540
v -15.416997 0.923523 -15.866531
v -15.419219 0.843585 -15.868752
v -15.251719 0.835529 -15.916401
v -15.250052 0.895483 -15.914734
v -15.914733 0.895483 -15.250053
v -15.916400 0.835529 -15.251720
v -15.350637 0.841028 -16.015318
v -15.348970 0.900981 -16.013653
v -16.015318 0.841028 -15.350638
v -16.013651 0.900981 -15.348971
v -16.002981 0.852226 -15.595879
v -16.000759 0.932164 -15.593657
v -16.021973 0.932164 -15.572443
v -16.024195 0.852226 -15.574665
v -16.024178 0.853404 -15.617074
v -16.021955 0.933342 -15.614852
v -16.045391 0.853404 -15.595860
v -16.043169 0.933342 -15.593638
v -15.572441 0.932164 -16.021975
v -15.593655 0.932164 -16.000761
v -15.595877 0.852226 -16.002983
v -15.574663 0.852226 -16.024197
v -15.614851 0.933342 -16.021957
v -15.617073 0.853404 -16.024179
v -15.593637 0.933342 -16.043171
v -15.595860 0.853404 -16.045393
v -15.428360 0.845348 -16.093040
v -15.426693 0.905302 -16.091375
v -16.091373 0.905302 -15.426694
v -16.093040 0.845348 -15.428361
v -15.527278 0.850847 -16.191959
v -15.525611 0.910801 -16.190292
v -16.191957 0.850847 -15.527279
v -16.190292 0.910801 -15.525612
v -16.179623 0.862045 -15.772518
v -16.177401 0.941983 -15.770296
v -16.198614 0.941983 -15.749083
v -16.200836 0.862045 -15.751305
v -16.200819 0.863223 -15.793715
v -16.198597 0.943162 -15.791492
v -16.222033 0.863223 -15.772501
v -16.219810 0.943162 -15.770279
v -15.749082 0.941983 -16.198614
v -15.770295 0.941983 -16.177401
v -15.772517 0.862045 -16.179623
v -15.751304 0.862045 -16.200836
v -15.791492 0.943162 -16.198597
v -15.793714 0.863223 -16.200819
v -15.770278 0.943162 -16.219810
v -15.772500 0.863223 -16.222033
v -15.605000 0.855168 -16.269682
v -15.603333 0.915121 -16.268015
v -16.268013 0.915121 -15.603334
v -16.269680 0.855168 -15.605001
v -15.703918 0.860666 -16.368599
v -15.702251 0.920620 -16.366932
v -16.368599 0.860666 -15.703918
v -16.366932 0.920620 -15.702251
v -16.474794 0.943880 -16.024763
v -16.492126 0.943880 -16.007433
v -16.473953 0.974151 -16.023922
v -16.356262 0.871864 -15.949160
v -16.354040 0.951803 -15.946938
v -16.375254 0.951803 -15.925724
v -16.377476 0.871864 -15.927946
v -16.377459 0.873043 -15.970354
v -16.375237 0.952981 -15.968132
v -16.398672 0.873043 -15.949141
v -16.396450 0.952981 -15.946918
v -15.925722 0.951803 -16.375256
v -15.946936 0.951803 -16.354042
v -15.949158 0.871864 -16.356264
v -15.927944 0.871864 -16.377478
v -15.968132 0.952981 -16.375237
v -15.970354 0.873043 -16.377459
v -15.946918 0.952981 -16.396450
v -15.949141 0.873043 -16.398672
v -15.781641 0.864987 -16.446321
v -15.779974 0.924941 -16.444654
v -16.444654 0.924941 -15.779974
v -16.446321 0.864987 -15.781641
v -15.880558 0.870486 -16.545240
v -15.878891 0.930439 -16.543573
v -16.545238 0.870486 -15.880560
v -16.543571 0.930439 -15.878893
v -16.467142 0.974151 -16.030735
v -16.466747 0.988359 -16.030340
v -16.491285 0.974151 -16.006590
v -16.497702 0.988359 -15.999384
v -16.498096 0.974151 -15.999779
v -16.504675 0.943880 -15.994884
v -16.505104 0.928406 -15.995315
v -16.462677 0.928406 -16.037741
v -16.462248 0.943880 -16.037312
v -16.532902 0.881684 -16.125799
v -16.530680 0.961622 -16.123577
v -16.551893 0.961622 -16.102364
v -16.554115 0.881684 -16.104586
v -16.554098 0.882862 -16.146996
v -16.551876 0.962800 -16.144773
v -16.575312 0.882862 -16.125782
v -16.573090 0.962800 -16.123560
v -16.102362 0.961622 -16.551895
v -16.123575 0.961622 -16.530682
v -16.125797 0.881684 -16.532904
v -16.104584 0.881684 -16.554117
v -16.144772 0.962800 -16.551878
v -16.146994 0.882862 -16.554100
v -16.123558 0.962800 -16.573092
v -16.125780 0.882862 -16.575314
v -15.958281 0.874806 -16.622963
v -15.956614 0.934760 -16.621296
v -16.621294 0.934760 -15.956615
v -16.622961 0.874806 -15.958282
v -16.057198 0.880305 -16.721880
v -16.055531 0.940259 -16.720213
v -16.721878 0.880305 -16.057199
v -16.720211 0.940259 -16.055532
v -16.709543 0.891503 -16.302439
v -16.707321 0.971441 -16.300217
v -16.728535 0.971441 -16.279003
v -16.730757 0.891503 -16.281225
v -16.730738 0.892681 -16.323635
v -16.728516 0.972620 -16.321413
v -16.751951 0.892681 -16.302422
v -16.749729 0.972620 -16.300200
v -16.279003 0.971441 -16.728535
v -16.300217 0.971441 -16.707321
v -16.302439 0.891503 -16.709543
v -16.281225 0.891503 -16.730757
v -16.321411 0.972620 -16.728518
v -16.323633 0.892681 -16.730740
v -16.300198 0.972620 -16.749731
v -16.302420 0.892681 -16.751953
v -16.134920 0.884625 -16.799603
v -16.133253 0.944579 -16.797935
v -16.797934 0.944579 -16.133255
v -16.799601 0.884625 -16.134922
v -16.233839 0.890124 -16.898521
v -16.232172 0.950078 -16.896854
v -16.898520 0.890124 -16.233841
v -16.896852 0.950078 -16.232174
v -16.886183 0.901322 -16.479080
v -16.883961 0.981261 -16.476858
v -16.905174 0.981261 -16.455645
v -16.907396 0.901322 -16.457867
v -16.907379 0.902501 -16.500277
v -16.905157 0.982439 -16.498055
v -16.928593 0.902501 -16.479063
v -16.926371 0.982439 -16.476841
v -16.455643 0.981261 -16.905176
v -16.476856 0.981261 -16.883963
v -16.479078 0.901322 -16.886185
v -16.457865 0.901322 -16.907398
v -16.498053 0.982439 -16.905159
v -16.500275 0.902501 -16.907381
v -16.476839 0.982439 -16.926373
v -16.479061 0.902501 -16.928595
v -16.311562 0.894445 -16.976242
v -16.309895 0.954398 -16.974575
v -16.974575 0.954398 -16.309895
v -16.976242 0.894445 -16.311562
v -16.410479 0.899944 -17.075161
v -16.408812 0.959897 -17.073494
v -17.075159 0.899944 -16.410480
v -17.073492 0.959897 -16.408813
v -17.211666 0.967683 -16.701878
v -17.211237 0.983157 -16.701447
v -17.169239 0.967683 -16.744303
v -17.168810 0.983157 -16.743874
v -17.198689 0.983157 -16.713995
v -17.204659 1.013429 -16.706341
v -17.180515 1.013429 -16.730484
v -17.197847 1.013429 -16.713152
v -17.173309 1.027637 -16.736902
v -17.062822 0.911142 -16.655720
v -17.060600 0.991080 -16.653498
v -17.081814 0.991080 -16.632284
v -17.084036 0.911142 -16.634506
v -17.084019 0.912320 -16.676916
v -17.081797 0.992258 -16.674694
v -17.105232 0.912320 -16.655703
v -17.103010 0.992258 -16.653481
v -16.632282 0.991080 -17.081816
v -16.653496 0.991080 -17.060602
v -16.655718 0.911142 -17.062824
v -16.634504 0.911142 -17.084038
v -16.674692 0.992258 -17.081799
v -16.676914 0.912320 -17.084021
v -16.653479 0.992258 -17.103012
v -16.655701 0.912320 -17.105234
v -16.488201 0.904264 -17.152884
v -16.486534 0.964218 -17.151217
v -17.151215 0.964218 -16.486536
v -17.152882 0.904264 -16.488203
v -16.587120 0.909763 -17.251801
v -16.585453 0.969717 -17.250134
v -17.251801 0.909763 -16.587120
v -17.250134 0.969717 -16.585453
v -17.173704 1.013429 -16.737297
v -17.204264 1.027637 -16.705946
v -17.181356 0.983157 -16.731325
v -17.239464 0.920961 -16.832361
v -17.237242 1.000899 -16.830139
v -17.258455 1.000899 -16.808926
v -17.260677 0.920961 -16.811148
v -17.260660 0.922139 -16.853556
v -17.258438 1.002078 -16.851334
v -17.281874 0.922139 -16.832342
v -17.279652 1.002078 -16.830120
v -16.808924 1.000899 -17.258457
v -16.830137 1.000899 -17.237244
v -16.832359 0.920961 -17.239466
v -16.811146 0.920961 -17.260679
v -16.851334 1.002078 -17.258438
v -16.853556 0.922139 -17.260660
v -16.830120 1.002078 -17.279652
v -16.832342 0.922139 -17.281874
v -16.664841 0.914083 -17.329523
v -16.663174 0.974037 -17.327856
v -17.327854 0.974037 -16.663176
v -17.329521 0.914083 -16.664843
v -16.763760 0.919582 -17.428442
v -16.762093 0.979536 -17.426775
v -17.428440 0.919582 -16.763762
v -17.426773 0.979536 -16.762094
v -17.416103 0.930780 -17.009001
v -17.413881 1.010719 -17.006779
v -17.435095 1.010719 -16.985565
v -17.437317 0.930780 -16.987787
v -17.437300 0.931959 -17.030197
v -17.435078 1.011897 -17.027975
v -17.458513 0.931959 -17.008984
v -17.456291 1.011897 -17.006762
v -16.985563 1.010719 -17.435097
v -17.006777 1.010719 -17.413883
v -17.008999 0.930780 -17.416105
v -16.987785 0.930780 -17.437319
v -17.027973 1.011897 -17.435080
v -17.030195 0.931959 -17.437302
v -17.006760 1.011897 -17.456293
v -17.008982 0.931959 -17.458515
v -16.841482 0.923903 -17.506165
v -16.839815 0.983856 -17.504498
v -17.504496 0.983856 -16.839817
v -17.506163 0.923903 -16.841484
v -16.940399 0.929402 -17.605082
v -16.938732 0.989355 -17.603415
v -17.605080 0.929402 -16.940401
v -17.603413 0.989355 -16.938734
v -17.592745 0.940600 -17.185640
v -17.590523 1.020538 -17.183418
v -17.611736 1.020538 -17.162205
v -17.613958 0.940600 -17.164427
v -17.613939 0.941778 -17.206837
v -17.611717 1.021716 -17.204615
v -17.635153 0.941778 -17.185623
v -17.632931 1.021716 -17.183401
v -17.162205 1.020538 -17.611736
v -17.183418 1.020538 -17.590523
v -17.185640 0.940600 -17.592745
v -17.164427 0.940600 -17.613958
v -17.204613 1.021716 -17.611719
v -17.206835 0.941778 -17.613941
v -17.183399 1.021716 -17.632933
v -17.185621 0.941778 -17.635155
v -17.018122 0.933722 -17.682804
v -17.016455 0.993676 -17.681137
v -17.681135 0.993676 -17.016457
v -17.682802 0.933722 -17.018124
v -17.117041 0.939221 -17.781723
v -17.115374 0.999175 -17.780056
v -17.781721 0.939221 -17.117043
v -17.780054 0.999175 -17.115376
v -17.917799 1.022434 -17.408007
v -17.875801 1.006960 -17.450863
v -17.887918 1.022434 -17.437885
v -17.875372 1.022434 -17.450434
v -17.910826 1.066914 -17.412506
v -17.887077 1.052706 -17.437044
v -17.904409 1.052706 -17.419712
v -17.769384 0.950419 -17.362282
v -17.767162 1.030357 -17.360060
v -17.788376 1.030357 -17.338846
v -17.790598 0.950419 -17.341068
v -17.790581 0.951597 -17.383476
v -17.788359 1.031536 -17.381254
v -17.811794 0.951597 -17.362263
v -17.809572 1.031536 -17.360041
v -17.338844 1.030357 -17.788378
v -17.360058 1.030357 -17.767164
v -17.362280 0.950419 -17.769386
v -17.341066 0.950419 -17.790600
v -17.381254 1.031536 -17.788359
v -17.383476 0.951597 -17.790581
v -17.360041 1.031536 -17.809572
v -17.362263 0.951597 -17.811794
v -17.194763 0.943541 -17.859444
v -17.193096 1.003495 -17.857777
v -17.857777 1.003495 -17.193096
v -17.859444 0.943541 -17.194763
v -17.293680 0.949040 -17.958363
v -17.292013 1.008994 -17.956696
v -17.958361 0.949040 -17.293682
v -17.956694 1.008994 -17.292015
v -17.880266 1.052706 -17.443857
v -17.879871 1.066914 -17.443462
v -17.911221 1.052706 -17.412901
v -17.918228 1.006960 -17.408436
v -17.905251 1.022434 -17.420555
v -17.946024 0.960238 -17.538921
v -17.943802 1.040177 -17.536699
v -17.965015 1.040177 -17.515486
v -17.967237 0.960238 -17.517708
v -17.967220 0.961417 -17.560118
v -17.964998 1.041355 -17.557896
v -17.988434 0.961417 -17.538904
v -17.986212 1.041355 -17.536682
v -17.515484 1.040177 -17.965017
v -17.536697 1.040177 -17.943804
v -17.538919 0.960238 -17.946026
v -17.517706 0.960238 -17.967239
v -17.557894 1.041355 -17.965000
v -17.560116 0.961417 -17.967222
v -17.536680 1.041355 -17.986214
v -17.538902 0.961417 -17.988436
v -17.371403 0.953361 -18.036085
v -17.369736 1.013314 -18.034418
v -18.034416 1.013314 -17.369738
v -18.036083 0.953361 -17.371405
v -17.470320 0.958859 -18.135002
v -17.468653 1.018813 -18.133335
v -18.135000 0.958859 -17.470322
v -18.133333 1.018813 -17.468655
v -18.254894 1.025803 -17.745102
v -18.254892 1.041289 -17.745104
v -18.212467 1.025803 -17.787529
v -18.225014 1.041289 -17.774982
v -18.212467 1.041289 -17.787529
v -18.242346 1.041289 -17.757650
v -18.249161 1.071584 -17.750839
v -18.249161 1.085803 -17.750839
v -18.225018 1.071584 -17.774982
v -18.242348 1.071584 -17.757652
v -18.218204 1.085803 -17.781796
v -18.218204 1.071584 -17.781796
v -18.122665 0.970058 -17.715561
v -18.120443 1.049996 -17.713339
v -18.141657 1.049996 -17.692125
v -18.143879 0.970058 -17.694347
v -18.143860 0.971236 -17.736757
v -18.141638 1.051174 -17.734535
v -18.165073 0.971236 -17.715544
v -18.162851 1.051174 -17.713322
v -17.692125 1.049996 -18.141657
v -17.713339 1.049996 -18.120443
v -17.715561 0.970058 -18.122665
v -17.694347 0.970058 -18.143879
v -17.734533 1.051174 -18.141640
v -17.736755 0.971236 -18.143862
v -17.713320 1.051174 -18.162853
v -17.715542 0.971236 -18.165075
v -17.548042 0.963180 -18.212725
v -17.546375 1.023134 -18.211058
v -18.211056 1.023134 -17.546377
v -18.212723 0.963180 -17.548044
v -17.646961 0.968679 -18.311644
v -17.645294 1.028632 -18.309977
v -18.311642 0.968679 -17.646963
v -18.309975 1.028632 -17.645296
v 0.242348 0.071584 -0.242348
v 0.218204 0.085803 -0.218205
v 0.218204 0.071584 -0.218205
v 0.225016 0.071584 -0.225017
v 0.249160 0.071584 -0.249161
v 0.249160 0.085803 -0.249161
v 0.212469 0.025803 -0.212470
v 0.254896 0.025803 -0.254896
v 0.254896 0.041289 -0.254896
v 0.242348 0.041289 -0.242349
v 0.225017 0.041289 -0.225018
v 0.212469 0.041289 -0.212470
v -0.450970 0.064306 -0.960761
v -0.480418 0.079780 -0.930452
v -0.479577 0.110052 -0.929611
v -0.486389 0.110052 -0.922799
v -0.485994 0.124260 -0.922404
v -0.455039 0.124260 -0.953359
v -0.462246 0.110052 -0.946942
v -0.455434 0.110052 -0.953754
v -0.493396 0.064306 -0.918335
v -0.450540 0.079780 -0.960331
v -0.463087 0.079780 -0.947784
v -0.492966 0.079780 -0.917905
v -1.186980 0.119057 -1.637013
v -1.169648 0.119057 -1.654345
v -1.199957 0.103583 -1.624896
v -1.199527 0.119057 -1.624466
v -1.192950 0.149329 -1.629360
v -1.161600 0.163537 -1.659921
v -1.168807 0.149329 -1.653503
v -1.192555 0.163537 -1.628965
v -1.186138 0.149329 -1.636172
v -1.161995 0.149329 -1.660316
v -1.157531 0.103583 -1.667322
v -1.157101 0.119057 -1.666892
v -1.864092 0.142860 -2.373883
v -1.863662 0.158334 -2.373453
v -1.906518 0.142860 -2.331457
v -1.906088 0.158334 -2.331027
v -1.875368 0.188606 -2.360065
v -1.892699 0.188606 -2.342733
v -1.899511 0.188606 -2.335921
v -1.868161 0.202814 -2.366482
v -1.868556 0.188606 -2.366877
v -1.899117 0.202814 -2.335526
v -1.876209 0.158334 -2.360906
v -1.893541 0.158334 -2.343575
v -2.570653 0.182138 -3.080445
v -2.581929 0.227883 -3.066626
v -2.574722 0.242091 -3.073043
v -2.575117 0.227883 -3.073438
v -2.605678 0.242091 -3.042087
v -2.606072 0.227883 -3.042482
v -2.599260 0.227883 -3.049294
v -2.613079 0.182138 -3.038018
v -2.570223 0.197612 -3.080014
v -2.582770 0.197612 -3.067467
v -2.600102 0.197612 -3.050136
v -2.612649 0.197612 -3.037588
v -3.319640 0.221415 -3.744579
v -3.288490 0.267161 -3.773187
v -3.305821 0.267161 -3.755856
v -3.312634 0.267161 -3.749043
v -3.281283 0.281369 -3.779604
v -3.281678 0.267161 -3.779999
v -3.312239 0.281369 -3.748648
v -3.277214 0.221415 -3.787006
v -3.276784 0.236889 -3.786576
v -3.289331 0.236889 -3.774028
v -3.306663 0.236889 -3.756697
v -3.319210 0.236889 -3.744149
v -3.983345 0.276166 -4.493137
v -4.026202 0.260692 -4.451141
v -3.995051 0.306438 -4.479748
v -4.012383 0.306438 -4.462417
v -4.019195 0.306438 -4.455605
v -3.988239 0.306438 -4.486560
v -4.018800 0.320646 -4.455210
v -3.987844 0.320646 -4.486166
v -3.983775 0.260692 -4.493567
v -3.995893 0.276166 -4.480589
v -4.013224 0.276166 -4.463258
v -4.025772 0.276166 -4.450711
v -4.732763 0.299970 -5.157702
v -4.732333 0.315444 -5.157272
v -4.701612 0.345715 -5.186309
v -4.725361 0.359923 -5.161771
v -4.694405 0.359923 -5.192727
v -4.725756 0.345715 -5.162166
v -4.718944 0.345715 -5.168978
v -4.694800 0.345715 -5.193121
v -4.690336 0.299970 -5.200128
v -4.689906 0.315444 -5.199698
v -4.702454 0.315444 -5.187150
v -4.719785 0.315444 -5.169819
v -5.396467 0.354721 -5.906259
v -5.408174 0.384992 -5.892870
v -5.431922 0.399200 -5.868332
v -5.432317 0.384992 -5.868727
v -5.425505 0.384992 -5.875539
v -5.401361 0.384992 -5.899683
v -5.400966 0.399200 -5.899288
v -5.439324 0.339247 -5.864263
v -5.396897 0.339247 -5.906689
v -5.409015 0.354721 -5.893712
v -5.426346 0.354721 -5.876380
v -5.438894 0.354721 -5.863833
v -6.103458 0.378524 -6.613250
v -6.145885 0.378524 -6.570824
v -6.132066 0.424270 -6.582100
v -6.138878 0.424270 -6.575288
v -6.107527 0.438478 -6.605849
v -6.114735 0.424270 -6.599431
v -6.138483 0.438478 -6.574893
v -6.107922 0.424270 -6.606244
v -6.103028 0.393998 -6.612820
v -6.115576 0.393998 -6.600273
v -6.132907 0.393998 -6.582942
v -6.145455 0.393998 -6.570394
v -6.810019 0.417801 -7.319811
v -6.839468 0.433275 -7.289503
v -6.822137 0.433275 -7.306834
v -6.852016 0.433275 -7.276955
v -6.821296 0.463547 -7.305992
v -6.838627 0.463547 -7.288661
v -6.845044 0.477755 -7.281454
v -6.814088 0.477755 -7.312410
v -6.814483 0.463547 -7.312805
v -6.845439 0.463547 -7.281849
v -6.852446 0.417801 -7.277385
v -6.809589 0.433275 -7.319381
v -7.516581 0.457079 -8.026373
v -7.516150 0.472553 -8.025943
v -7.559007 0.457079 -7.983946
v -7.527857 0.502824 -8.012553
v -7.551605 0.517032 -7.988015
v -7.520649 0.517032 -8.018970
v -7.552000 0.502824 -7.988410
v -7.545188 0.502824 -7.995222
v -7.521044 0.502824 -8.019365
v -7.528698 0.472553 -8.013394
v -7.546029 0.472553 -7.996064
v -7.558577 0.472553 -7.983516
v -8.223142 0.496356 -8.732934
v -8.235259 0.511830 -8.719956
v -8.265568 0.496356 -8.690508
v -8.265138 0.511830 -8.690078
v -8.251749 0.542102 -8.701784
v -8.258166 0.556310 -8.694576
v -8.227211 0.556310 -8.725533
v -8.227606 0.542102 -8.725927
v -8.234418 0.542102 -8.719115
v -8.258561 0.542102 -8.694971
v -8.222712 0.511830 -8.732504
v -8.252590 0.511830 -8.702625
v -8.959151 0.551107 -9.409186
v -8.941820 0.551107 -9.426517
v -8.972129 0.535633 -9.397069
v -8.971699 0.551107 -9.396639
v -8.940979 0.581379 -9.425676
v -8.965122 0.581379 -9.401532
v -8.964727 0.595587 -9.401137
v -8.958310 0.581379 -9.408345
v -8.934167 0.581379 -9.432488
v -8.933772 0.595587 -9.432094
v -8.929703 0.535633 -9.439495
v -8.929273 0.551107 -9.439065
v -9.635834 0.590384 -10.145626
v -9.648381 0.590384 -10.133079
v -9.664871 0.620656 -10.114906
v -9.671683 0.620656 -10.108093
v -9.671288 0.634864 -10.107698
v -9.647540 0.620656 -10.132237
v -9.640728 0.620656 -10.139050
v -9.640333 0.634864 -10.138655
v -9.678690 0.574910 -10.103630
v -9.636264 0.574910 -10.146056
v -9.665712 0.590384 -10.115747
v -9.678260 0.590384 -10.103200
v -10.342395 0.629662 -10.852187
v -10.372273 0.629662 -10.822309
v -10.354942 0.629662 -10.839640
v -10.384821 0.629662 -10.809761
v -10.354101 0.659933 -10.838799
v -10.371432 0.659933 -10.821467
v -10.377850 0.674141 -10.814260
v -10.346894 0.674141 -10.845216
v -10.347289 0.659933 -10.845611
v -10.378244 0.659933 -10.814654
v -10.385251 0.614188 -10.810191
v -10.342825 0.614188 -10.852617
v -11.048956 0.668939 -11.558748
v -11.078835 0.668939 -11.528870
v -11.061503 0.668939 -11.546201
v -11.091812 0.653465 -11.516752
v -11.091382 0.668939 -11.516322
v -11.060662 0.699211 -11.545360
v -11.084411 0.713419 -11.520821
v -11.053850 0.699211 -11.552172
v -11.084805 0.699211 -11.521215
v -11.077993 0.699211 -11.528028
v -11.053455 0.713419 -11.551777
v -11.049386 0.653465 -11.559178
v -11.755517 0.708216 -12.265309
v -11.785396 0.708216 -12.235431
v -11.768064 0.708216 -12.252762
v -11.797943 0.708216 -12.222883
v -11.784554 0.738488 -12.234590
v -11.760411 0.738488 -12.258733
v -11.767223 0.738488 -12.251921
v -11.790972 0.752696 -12.227382
v -11.791367 0.738488 -12.227777
v -11.760016 0.752696 -12.258338
v -11.798373 0.692742 -12.223313
v -11.755947 0.692742 -12.265739
v -12.462078 0.747494 -12.971870
v -12.491957 0.747494 -12.941992
v -12.474626 0.747494 -12.959323
v -12.504934 0.732019 -12.929874
v -12.473784 0.777765 -12.958482
v -12.497928 0.777765 -12.934338
v -12.466972 0.777765 -12.965294
v -12.497533 0.791973 -12.933943
v -12.491116 0.777765 -12.941151
v -12.466578 0.791973 -12.964899
v -12.462508 0.732019 -12.972301
v -12.504504 0.747494 -12.929444
v -13.169069 0.771297 -13.678862
v -13.211495 0.771297 -13.636436
v -13.211065 0.786771 -13.636005
v -13.173139 0.831250 -13.671460
v -13.180346 0.817042 -13.665043
v -13.204094 0.831250 -13.640504
v -13.204489 0.817042 -13.640899
v -13.197677 0.817042 -13.647712
v -13.173533 0.817042 -13.671855
v -13.168639 0.786771 -13.678432
v -13.181187 0.786771 -13.665884
v -13.198518 0.786771 -13.648553
v -13.875630 0.810574 -14.385423
v -13.911050 0.856320 -14.347460
v -13.910655 0.870528 -14.347065
v -13.879700 0.870528 -14.378021
v -13.886907 0.856320 -14.371604
v -13.904238 0.856320 -14.354273
v -13.880095 0.856320 -14.378416
v -13.918056 0.810574 -14.342997
v -13.875200 0.826048 -14.384993
v -13.887748 0.826048 -14.372445
v -13.905079 0.826048 -14.355114
v -13.917626 0.826048 -14.342566
v -14.582191 0.849851 -15.091984
v -14.594309 0.865325 -15.079006
v -14.593468 0.895597 -15.078165
v -14.610799 0.895597 -15.060834
v -14.617611 0.895597 -15.054021
v -14.617216 0.909805 -15.053626
v -14.586261 0.909805 -15.084582
v -14.586656 0.895597 -15.084977
v -14.624618 0.849851 -15.049558
v -14.581761 0.865325 -15.091554
v -14.611640 0.865325 -15.061675
v -14.624187 0.865325 -15.049128
v -15.288753 0.889129 -15.798545
v -15.318201 0.904603 -15.768236
v -15.300870 0.904603 -15.785567
v -15.300029 0.934874 -15.784726
v -15.323777 0.949082 -15.760187
v -15.324172 0.934874 -15.760582
v -15.317360 0.934874 -15.767395
v -15.293217 0.934874 -15.791538
v -15.292822 0.949082 -15.791143
v -15.331179 0.889129 -15.756119
v -15.288322 0.904603 -15.798115
v -15.330749 0.904603 -15.755689
v -15.995313 0.928406 -16.505106
v -16.037310 0.943880 -16.462250
v -16.006588 0.974151 -16.491287
v -16.023920 0.974151 -16.473955
v -16.030733 0.974151 -16.467144
v -15.999382 0.988359 -16.497704
v -15.999777 0.974151 -16.498098
v -16.030338 0.988359 -16.466749
v -16.037739 0.928406 -16.462679
v -15.994883 0.943880 -16.504677
v -16.007431 0.943880 -16.492128
v -16.024761 0.943880 -16.474796
v -16.701445 0.983157 -17.211239
v -16.713993 0.983157 -17.198690
v -16.744301 0.967683 -17.169241
v -16.743872 0.983157 -17.168812
v -16.730482 1.013429 -17.180517
v -16.737295 1.013429 -17.173706
v -16.736900 1.027637 -17.173311
v -16.705944 1.027637 -17.204266
v -16.713150 1.013429 -17.197849
v -16.706339 1.013429 -17.204660
v -16.701874 0.967683 -17.211668
v -16.731323 0.983157 -17.181358
v -17.420555 1.022434 -17.905251
v -17.419712 1.052706 -17.904409
v -17.437044 1.052706 -17.887077
v -17.443857 1.052706 -17.880266
v -17.443462 1.066914 -17.879871
v -17.412506 1.066914 -17.910826
v -17.412901 1.052706 -17.911221
v -17.450863 1.006960 -17.875801
v -17.408436 1.006960 -17.918228
v -17.408007 1.022434 -17.917799
v -17.437885 1.022434 -17.887918
v -17.450434 1.022434 -17.875372
v -17.745102 1.025803 -18.254894
v -17.745102 1.041289 -18.254894
v -17.774981 1.041289 -18.225016
v -17.757648 1.041289 -18.242348
v -17.787529 1.025803 -18.212467
v -17.787527 1.041289 -18.212469
v -17.757652 1.071584 -18.242348
v -17.774982 1.071584 -18.225018
v -17.781796 1.071584 -18.218204
v -17.781796 1.085803 -18.218204
v -17.750839 1.085803 -18.249161
v -17.750839 1.071584 -18.249161
vt 0.949641 0.115757
vt 0.958243 0.103062
vt 0.949641 0.103062
vt 0.988729 0.115757
vt 0.980127 0.103062
vt 0.995971 0.062186
vt 0.980127 0.076013
vt 0.995971 0.076013
vt 0.942399 0.062186
vt 0.958243 0.076013
vt 0.905753 0.210448
vt -0.000122 0.156096
vt -0.000122 0.210448
vt 0.906387 0.321630
vt 0.000512 0.330358
vt 0.906387 0.330358
vt 0.000200 0.296828
vt 0.906075 0.312903
vt 0.906075 0.296828
vt 0.000000 0.034093
vt 0.905875 0.048121
vt 0.905875 0.034093
vt 0.906387 0.321630
vt 0.000512 0.312903
vt 0.000512 0.321630
vt 0.000200 0.281378
vt 0.906075 0.297453
vt 0.906075 0.281378
vt 0.000000 0.048121
vt 0.905875 0.034093
vt 0.000000 0.034093
vt 0.905753 0.156096
vt -0.000122 0.210448
vt 0.905753 0.210448
vt 0.999050 0.342604
vt 0.939310 0.183297
vt 0.999050 0.183297
vt 0.999050 0.342604
vt 0.939310 0.183297
vt 0.999050 0.183297
vt 0.999050 0.342604
vt 0.939310 0.183297
vt 0.999050 0.183297
vt 0.999050 0.342604
vt 0.939310 0.183297
vt 0.999050 0.183297
vt 0.985655 0.179437
vt 0.939081 0.132863
vt 0.985655 0.132863
vt 0.999050 0.342604
vt 0.939310 0.183297
vt 0.939310 0.342604
vt 0.999050 0.342604
vt 0.939310 0.183297
vt 0.939310 0.342604
vt 0.999050 0.342604
vt 0.939310 0.183297
vt 0.939310 0.342604
vt 0.999050 0.342604
vt 0.939310 0.183297
vt 0.939310 0.342604
vt 0.985655 0.179437
vt 0.939081 0.132863
vt 0.939081 0.179437
vt 0.979692 0.844034
vt -0.000781 0.781451
vt 0.979692 0.781451
vt 0.145247 0.718868
vt -0.000781 0.656284
vt 0.145247 0.656284
vt 0.979692 0.781451
vt -0.000781 0.718868
vt 0.979692 0.718868
vt 0.302823 0.718868
vt 0.156795 0.656284
vt 0.302823 0.656284
vt 1.000000 1.000000
vt 0.000000 0.851064
vt 1.000000 0.851064
vt 0.998987 0.652658
vt 0.001647 0.504118
vt 0.998987 0.504118
vt 0.905875 0.012881
vt 0.000000 0.025761
vt 0.905875 0.025761
vt 0.906387 0.321630
vt 0.000512 0.312903
vt 0.000512 0.321630
vt 0.905875 0.012881
vt 0.000000 0.000000
vt 0.000000 0.012881
vt 0.999050 0.342604
vt 0.939310 0.183297
vt 0.999050 0.183297
vt 0.999050 0.342604
vt 0.939310 0.183297
vt 0.999050 0.183297
vt 0.999050 0.342604
vt 0.939310 0.183297
vt 0.999050 0.183297
vt 0.999050 0.342604
vt 0.939310 0.183297
vt 0.999050 0.183297
vt 0.985655 0.179437
vt 0.939081 0.132863
vt 0.985655 0.132863
vt 0.999050 0.342604
vt 0.939310 0.183297
vt 0.939310 0.342604
vt 0.999050 0.342604
vt 0.939310 0.183297
vt 0.939310 0.342604
vt 0.999050 0.342604
vt 0.939310 0.183297
vt 0.939310 0.342604
vt 0.999050 0.342604
vt 0.939310 0.183297
vt 0.939310 0.342604
vt 0.985655 0.179437
vt 0.939081 0.132863
vt 0.939081 0.179437
vt 0.979692 0.844034
vt -0.000781 0.781451
vt 0.979692 0.781451
vt 0.145247 0.718868
vt -0.000781 0.656284
vt 0.145247 0.656284
vt 0.979692 0.781451
vt -0.000781 0.718868
vt 0.979692 0.718868
vt 0.302823 0.718868
vt 0.156795 0.656284
vt 0.302823 0.656284
vt 1.000000 1.000000
vt 0.000000 0.851064
vt 1.000000 0.851064
vt 0.998987 0.652658
vt 0.001647 0.504118
vt 0.998987 0.504118
vt 0.905875 0.121202
vt 0.000000 0.093759
vt 0.000000 0.121202
vt 0.000000 0.089593
vt 0.905875 0.062150
vt 0.000000 0.062150
vt 0.999050 0.342604
vt 0.939310 0.183297
vt 0.999050 0.183297
vt 0.999050 0.342604
vt 0.939310 0.183297
vt 0.999050 0.183297
vt 0.999050 0.342604
vt 0.939310 0.183297
vt 0.999050 0.183297
vt 0.999050 0.342604
vt 0.939310 0.183297
vt 0.999050 0.183297
vt 0.985655 0.179437
vt 0.939081 0.132863
vt 0.985655 0.132863
vt 0.999050 0.342604
vt 0.939310 0.183297
vt 0.939310 0.342604
vt 0.999050 0.342604
vt 0.939310 0.183297
vt 0.939310 0.342604
vt 0.999050 0.342604
vt 0.939310 0.183297
vt 0.939310 0.342604
vt 0.999050 0.342604
vt 0.939310 0.183297
vt 0.939310 0.342604
vt 0.985655 0.179437
vt 0.939081 0.132863
vt 0.939081 0.179437
vt 0.979692 0.844034
vt -0.000781 0.781451
vt 0.979692 0.781451
vt 0.145247 0.718868
vt -0.000781 0.656284
vt 0.145247 0.656284
vt 0.979692 0.781451
vt -0.000781 0.718868
vt 0.979692 0.718868
vt 0.302823 0.718868
vt 0.156795 0.656284
vt 0.302823 0.656284
vt 1.000000 1.000000
vt 0.000000 0.851064
vt 1.000000 0.851064
vt 0.998987 0.652658
vt 0.001647 0.504118
vt 0.998987 0.504118
vt 0.906387 0.330358
vt 0.000512 0.321630
vt 0.000512 0.330358
vt 0.905875 0.093759
vt 0.000000 0.121202
vt 0.905875 0.121202
vt 0.000200 0.281378
vt 0.906075 0.297453
vt 0.906075 0.281378
vt 0.000200 0.296828
vt 0.906075 0.312903
vt 0.906075 0.296828
vt 0.000000 0.062150
vt 0.905875 0.048121
vt 0.000000 0.048121
vt 0.000200 0.281378
vt 0.906075 0.297453
vt 0.906075 0.281378
vt 0.905875 0.012881
vt 0.000000 0.025761
vt 0.905875 0.025761
vt 0.999050 0.342604
vt 0.939310 0.183297
vt 0.999050 0.183297
vt 0.999050 0.342604
vt 0.939310 0.183297
vt 0.999050 0.183297
vt 0.999050 0.342604
vt 0.939310 0.183297
vt 0.999050 0.183297
vt 0.999050 0.342604
vt 0.939310 0.183297
vt 0.999050 0.183297
vt 0.985655 0.179437
vt 0.939081 0.132863
vt 0.985655 0.132863
vt 0.999050 0.342604
vt 0.939310 0.183297
vt 0.939310 0.342604
vt 0.999050 0.342604
vt 0.939310 0.183297
vt 0.939310 0.342604
vt 0.999050 0.342604
vt 0.939310 0.183297
vt 0.939310 0.342604
vt 0.999050 0.342604
vt 0.939310 0.183297
vt 0.939310 0.342604
vt 0.985655 0.179437
vt 0.939081 0.132863
vt 0.939081 0.179437
vt 0.979692 0.844034
vt -0.000781 0.781451
vt 0.979692 0.781451
vt 0.145247 0.718868
vt -0.000781 0.656284
vt 0.145247 0.656284
vt 0.979692 0.781451
vt -0.000781 0.718868
vt 0.979692 0.718868
vt 0.302823 0.718868
vt 0.156795 0.656284
vt 0.302823 0.656284
vt 1.000000 1.000000
vt 0.000000 0.851064
vt 1.000000 0.851064
vt 0.998987 0.652658
vt 0.001647 0.504118
vt 0.998987 0.504118
vt 0.905753 0.210448
vt -0.000122 0.156096
vt -0.000122 0.210448
vt 0.905875 0.089593
vt 0.000000 0.062150
vt 0.000000 0.089593
vt 0.999050 0.342604
vt 0.939310 0.183297
vt 0.999050 0.183297
vt 0.999050 0.342604
vt 0.939310 0.183297
vt 0.999050 0.183297
vt 0.999050 0.342604
vt 0.939310 0.183297
vt 0.999050 0.183297
vt 0.999050 0.342604
vt 0.939310 0.183297
vt 0.999050 0.183297
vt 0.985655 0.179437
vt 0.939081 0.132863
vt 0.985655 0.132863
vt 0.999050 0.342604
vt 0.939310 0.183297
vt 0.939310 0.342604
vt 0.999050 0.342604
vt 0.939310 0.183297
vt 0.939310 0.342604
vt 0.999050 0.342604
vt 0.939310 0.183297
vt 0.939310 0.342604
vt 0.999050 0.342604
vt 0.939310 0.183297
vt 0.939310 0.342604
vt 0.985655 0.179437
vt 0.939081 0.132863
vt 0.939081 0.179437
vt 0.979692 0.844034
vt -0.000781 0.781451
vt 0.979692 0.781451
vt 0.145247 0.718868
vt -0.000781 0.656284
vt 0.145247 0.656284
vt 0.979692 0.781451
vt -0.000781 0.718868
vt 0.979692 0.718868
vt 0.302823 0.718868
vt 0.156795 0.656284
vt 0.302823 0.656284
vt 1.000000 1.000000
vt 0.000000 0.851064
vt 1.000000 0.851064
vt 0.998987 0.652658
vt 0.001647 0.504118
vt 0.998987 0.504118
vt 0.000200 0.296828
vt 0.906075 0.312903
vt 0.906075 0.296828
vt 0.905875 0.012881
vt 0.000000 0.000000
vt 0.000000 0.012881
vt 0.999050 0.342604
vt 0.939310 0.183297
vt 0.999050 0.183297
vt 0.999050 0.342604
vt 0.939310 0.183297
vt 0.999050 0.183297
vt 0.999050 0.342604
vt 0.939310 0.183297
vt 0.999050 0.183297
vt 0.999050 0.342604
vt 0.939310 0.183297
vt 0.999050 0.183297
vt 0.985655 0.179437
vt 0.939081 0.132863
vt 0.985655 0.132863
vt 0.999050 0.342604
vt 0.939310 0.183297
vt 0.939310 0.342604
vt 0.999050 0.342604
vt 0.939310 0.183297
vt 0.939310 0.342604
vt 0.999050 0.342604
vt 0.939310 0.183297
vt 0.939310 0.342604
vt 0.999050 0.342604
vt 0.939310 0.183297
vt 0.939310 0.342604
vt 0.985655 0.179437
vt 0.939081 0.132863
vt 0.939081 0.179437
vt 0.979692 0.844034
vt -0.000781 0.781451
vt 0.979692 0.781451
vt 0.145247 0.718868
vt -0.000781 0.656284
vt 0.145247 0.656284
vt 0.979692 0.781451
vt -0.000781 0.718868
vt 0.979692 0.718868
vt 0.302823 0.718868
vt 0.156795 0.656284
vt 0.302823 0.656284
vt 1.000000 1.000000
vt 0.000000 0.851064
vt 1.000000 0.851064
vt 0.998987 0.652658
vt 0.001647 0.504118
vt 0.998987 0.504118
vt 0.000200 0.219937
vt 0.906075 0.259595
vt 0.906075 0.219937
vt 0.999050 0.342604
vt 0.939310 0.183297
vt 0.999050 0.183297
vt 0.999050 0.342604
vt 0.939310 0.183297
vt 0.999050 0.183297
vt 0.999050 0.342604
vt 0.939310 0.183297
vt 0.999050 0.183297
vt 0.999050 0.342604
vt 0.939310 0.183297
vt 0.999050 0.183297
vt 0.985655 0.179437
vt 0.939081 0.132863
vt 0.985655 0.132863
vt 0.999050 0.342604
vt 0.939310 0.183297
vt 0.939310 0.342604
vt 0.999050 0.342604
vt 0.939310 0.183297
vt 0.939310 0.342604
vt 0.999050 0.342604
vt 0.939310 0.183297
vt 0.939310 0.342604
vt 0.999050 0.342604
vt 0.939310 0.183297
vt 0.939310 0.342604
vt 0.985655 0.179437
vt 0.939081 0.132863
vt 0.939081 0.179437
vt 0.979692 0.844034
vt -0.000781 0.781451
vt 0.979692 0.781451
vt 0.145247 0.718868
vt -0.000781 0.656284
vt 0.145247 0.656284
vt 0.979692 0.781451
vt -0.000781 0.718868
vt 0.979692 0.718868
vt 0.302823 0.718868
vt 0.156795 0.656284
vt 0.302823 0.656284
vt 1.000000 1.000000
vt 0.000000 0.851064
vt 1.000000 0.851064
vt 0.998987 0.652658
vt 0.001647 0.504118
vt 0.998987 0.504118
vt 0.000200 0.281378
vt 0.906075 0.297453
vt 0.906075 0.281378
vt 0.906387 0.321630
vt 0.000512 0.312903
vt 0.000512 0.321630
vt 0.906387 0.330358
vt 0.000512 0.321630
vt 0.000512 0.330358
vt 0.905875 0.012881
vt 0.000000 0.025761
vt 0.905875 0.025761
vt 0.000200 0.219937
vt 0.906075 0.259595
vt 0.906075 0.219937
vt 0.000000 0.048121
vt 0.905875 0.062150
vt 0.905875 0.048121
vt 0.999050 0.342604
vt 0.939310 0.183297
vt 0.999050 0.183297
vt 0.999050 0.342604
vt 0.939310 0.183297
vt 0.999050 0.183297
vt 0.999050 0.342604
vt 0.939310 0.183297
vt 0.999050 0.183297
vt 0.999050 0.342604
vt 0.939310 0.183297
vt 0.999050 0.183297
vt 0.985655 0.179437
vt 0.939081 0.132863
vt 0.985655 0.132863
vt 0.999050 0.342604
vt 0.939310 0.183297
vt 0.939310 0.342604
vt 0.999050 0.342604
vt 0.939310 0.183297
vt 0.939310 0.342604
vt 0.999050 0.342604
vt 0.939310 0.183297
vt 0.939310 0.342604
vt 0.999050 0.342604
vt 0.939310 0.183297
vt 0.939310 0.342604
vt 0.985655 0.179437
vt 0.939081 0.132863
vt 0.939081 0.179437
vt 0.979692 0.844034
vt -0.000781 0.781451
vt 0.979692 0.781451
vt 0.145247 0.718868
vt -0.000781 0.656284
vt 0.145247 0.656284
vt 0.979692 0.781451
vt -0.000781 0.718868
vt 0.979692 0.718868
vt 0.302823 0.718868
vt 0.156795 0.656284
vt 0.302823 0.656284
vt 1.000000 1.000000
vt 0.000000 0.851064
vt 1.000000 0.851064
vt 0.998987 0.652658
vt 0.001647 0.504118
vt 0.998987 0.504118
vt 0.000000 0.034093
vt 0.905875 0.048121
vt 0.905875 0.034093
vt 0.000200 0.281378
vt 0.906075 0.297453
vt 0.906075 0.281378
vt 0.906387 0.330358
vt 0.000512 0.321630
vt 0.000512 0.330358
vt 0.000200 0.296828
vt 0.906075 0.312903
vt 0.906075 0.296828
vt 0.000200 0.219937
vt 0.906075 0.259595
vt 0.906075 0.219937
vt 0.905875 0.012881
vt 0.000000 0.000000
vt 0.000000 0.012881
vt 0.905875 0.012881
vt 0.000000 0.025761
vt 0.905875 0.025761
vt 0.999050 0.342604
vt 0.939310 0.183297
vt 0.999050 0.183297
vt 0.999050 0.342604
vt 0.939310 0.183297
vt 0.999050 0.183297
vt 0.999050 0.342604
vt 0.939310 0.183297
vt 0.999050 0.183297
vt 0.999050 0.342604
vt 0.939310 0.183297
vt 0.999050 0.183297
vt 0.985655 0.179437
vt 0.939081 0.132863
vt 0.985655 0.132863
vt 0.999050 0.342604
vt 0.939310 0.183297
vt 0.939310 0.342604
vt 0.999050 0.342604
vt 0.939310 0.183297
vt 0.939310 0.342604
vt 0.999050 0.342604
vt 0.939310 0.183297
vt 0.939310 0.342604
vt 0.999050 0.342604
vt 0.939310 0.183297
vt 0.939310 0.342604
vt 0.985655 0.179437
vt 0.939081 0.132863
vt 0.939081 0.179437
vt 0.979692 0.844034
vt -0.000781 0.781451
vt 0.979692 0.781451
vt 0.145247 0.718868
vt -0.000781 0.656284
vt 0.145247 0.656284
vt 0.979692 0.781451
vt -0.000781 0.718868
vt 0.979692 0.718868
vt 0.302823 0.718868
vt 0.156795 0.656284
vt 0.302823 0.656284
vt 1.000000 1.000000
vt 0.000000 0.851064
vt 1.000000 0.851064
vt 0.998987 0.652658
vt 0.001647 0.504118
vt 0.998987 0.504118
vt 0.000200 0.219937
vt 0.906075 0.259595
vt 0.906075 0.219937
vt 0.999050 0.342604
vt 0.939310 0.183297
vt 0.999050 0.183297
vt 0.999050 0.342604
vt 0.939310 0.183297
vt 0.999050 0.183297
vt 0.999050 0.342604
vt 0.939310 0.183297
vt 0.999050 0.183297
vt 0.999050 0.342604
vt 0.939310 0.183297
vt 0.999050 0.183297
vt 0.985655 0.179437
vt 0.939081 0.132863
vt 0.985655 0.132863
vt 0.999050 0.342604
vt 0.939310 0.183297
vt 0.939310 0.342604
vt 0.999050 0.342604
vt 0.939310 0.183297
vt 0.939310 0.342604
vt 0.999050 0.342604
vt 0.939310 0.183297
vt 0.939310 0.342604
vt 0.999050 0.342604
vt 0.939310 0.183297
vt 0.939310 0.342604
vt 0.985655 0.179437
vt 0.939081 0.132863
vt 0.939081 0.179437
vt 0.979692 0.844034
vt -0.000781 0.781451
vt 0.979692 0.781451
vt 0.145247 0.718868
vt -0.000781 0.656284
vt 0.145247 0.656284
vt 0.979692 0.781451
vt -0.000781 0.718868
vt 0.979692 0.718868
vt 0.302823 0.718868
vt 0.156795 0.656284
vt 0.302823 0.656284
vt 1.000000 1.000000
vt 0.000000 0.851064
vt 1.000000 0.851064
vt 0.998987 0.652658
vt 0.001647 0.504118
vt 0.998987 0.504118
vt 0.906387 0.330358
vt 0.000512 0.321630
vt 0.000512 0.330358
vt 0.906387 0.321630
vt 0.000512 0.330358
vt 0.906387 0.330358
vt 0.999050 0.342604
vt 0.939310 0.183297
vt 0.999050 0.183297
vt 0.999050 0.342604
vt 0.939310 0.183297
vt 0.999050 0.183297
vt 0.999050 0.342604
vt 0.939310 0.183297
vt 0.999050 0.183297
vt 0.999050 0.342604
vt 0.939310 0.183297
vt 0.999050 0.183297
vt 0.985655 0.179437
vt 0.939081 0.132863
vt 0.985655 0.132863
vt 0.999050 0.342604
vt 0.939310 0.183297
vt 0.939310 0.342604
vt 0.999050 0.342604
vt 0.939310 0.183297
vt 0.939310 0.342604
vt 0.999050 0.342604
vt 0.939310 0.183297
vt 0.939310 0.342604
vt 0.999050 0.342604
vt 0.939310 0.183297
vt 0.939310 0.342604
vt 0.985655 0.179437
vt 0.939081 0.132863
vt 0.939081 0.179437
vt 0.979692 0.844034
vt -0.000781 0.781451
vt 0.979692 0.781451
vt 0.145247 0.718868
vt -0.000781 0.656284
vt 0.145247 0.656284
vt 0.979692 0.781451
vt -0.000781 0.718868
vt 0.979692 0.718868
vt 0.302823 0.718868
vt 0.156795 0.656284
vt 0.302823 0.656284
vt 1.000000 1.000000
vt 0.000000 0.851064
vt 1.000000 0.851064
vt 0.998987 0.652658
vt 0.001647 0.504118
vt 0.998987 0.504118
vt 0.905875 0.093759
vt 0.000000 0.121202
vt 0.905875 0.121202
vt 0.999050 0.342604
vt 0.939310 0.183297
vt 0.999050 0.183297
vt 0.999050 0.342604
vt 0.939310 0.183297
vt 0.999050 0.183297
vt 0.999050 0.342604
vt 0.939310 0.183297
vt 0.999050 0.183297
vt 0.999050 0.342604
vt 0.939310 0.183297
vt 0.999050 0.183297
vt 0.985655 0.179437
vt 0.939081 0.132863
vt 0.985655 0.132863
vt 0.999050 0.342604
vt 0.939310 0.183297
vt 0.939310 0.342604
vt 0.999050 0.342604
vt 0.939310 0.183297
vt 0.939310 0.342604
vt 0.999050 0.342604
vt 0.939310 0.183297
vt 0.939310 0.342604
vt 0.999050 0.342604
vt 0.939310 0.183297
vt 0.939310 0.342604
vt 0.985655 0.179437
vt 0.939081 0.132863
vt 0.939081 0.179437
vt 0.979692 0.844034
vt -0.000781 0.781451
vt 0.979692 0.781451
vt 0.145247 0.718868
vt -0.000781 0.656284
vt 0.145247 0.656284
vt 0.979692 0.781451
vt -0.000781 0.718868
vt 0.979692 0.718868
vt 0.302823 0.718868
vt 0.156795 0.656284
vt 0.302823 0.656284
vt 1.000000 1.000000
vt 0.000000 0.851064
vt 1.000000 0.851064
vt 0.998987 0.652658
vt 0.001647 0.504118
vt 0.998987 0.504118
vt 0.000000 0.062150
vt 0.905875 0.048121
vt 0.000000 0.048121
vt 0.905875 0.012881
vt 0.000000 0.000000
vt 0.000000 0.012881
vt 0.905875 0.089593
vt 0.000000 0.062150
vt 0.000000 0.089593
vt 0.000000 0.062150
vt 0.905875 0.048121
vt 0.000000 0.048121
vt 0.999050 0.342604
vt 0.939310 0.183297
vt 0.999050 0.183297
vt 0.999050 0.342604
vt 0.939310 0.183297
vt 0.999050 0.183297
vt 0.999050 0.342604
vt 0.939310 0.183297
vt 0.999050 0.183297
vt 0.999050 0.342604
vt 0.939310 0.183297
vt 0.999050 0.183297
vt 0.985655 0.179437
vt 0.939081 0.132863
vt 0.985655 0.132863
vt 0.999050 0.342604
vt 0.939310 0.183297
vt 0.939310 0.342604
vt 0.999050 0.342604
vt 0.939310 0.183297
vt 0.939310 0.342604
vt 0.999050 0.342604
vt 0.939310 0.183297
vt 0.939310 0.342604
vt 0.999050 0.342604
vt 0.939310 0.183297
vt 0.939310 0.342604
vt 0.985655 0.179437
vt 0.939081 0.132863
vt 0.939081 0.179437
vt 0.979692 0.844034
vt -0.000781 0.781451
vt 0.979692 0.781451
vt 0.145247 0.718868
vt -0.000781 0.656284
vt 0.145247 0.656284
vt 0.979692 0.781451
vt -0.000781 0.718868
vt 0.979692 0.718868
vt 0.302823 0.718868
vt 0.156795 0.656284
vt 0.302823 0.656284
vt 1.000000 1.000000
vt 0.000000 0.851064
vt 1.000000 0.851064
vt 0.998987 0.652658
vt 0.001647 0.504118
vt 0.998987 0.504118
vt 0.999050 0.342604
vt 0.939310 0.183297
vt 0.999050 0.183297
vt 0.999050 0.342604
vt 0.939310 0.183297
vt 0.999050 0.183297
vt 0.999050 0.342604
vt 0.939310 0.183297
vt 0.999050 0.183297
vt 0.999050 0.342604
vt 0.939310 0.183297
vt 0.999050 0.183297
vt 0.985655 0.179437
vt 0.939081 0.132863
vt 0.985655 0.132863
vt 0.999050 0.342604
vt 0.939310 0.183297
vt 0.939310 0.342604
vt 0.999050 0.342604
vt 0.939310 0.183297
vt 0.939310 0.342604
vt 0.999050 0.342604
vt 0.939310 0.183297
vt 0.939310 0.342604
vt 0.999050 0.342604
vt 0.939310 0.183297
vt 0.939310 0.342604
vt 0.985655 0.179437
vt 0.939081 0.132863
vt 0.939081 0.179437
vt 0.979692 0.844034
vt -0.000781 0.781451
vt 0.979692 0.781451
vt 0.145247 0.718868
vt -0.000781 0.656284
vt 0.145247 0.656284
vt 0.979692 0.781451
vt -0.000781 0.718868
vt 0.979692 0.718868
vt 0.302823 0.718868
vt 0.156795 0.656284
vt 0.302823 0.656284
vt 1.000000 1.000000
vt 0.000000 0.851064
vt 1.000000 0.851064
vt 0.998987 0.652658
vt 0.001647 0.504118
vt 0.998987 0.504118
vt 0.000000 0.034093
vt 0.905875 0.048121
vt 0.905875 0.034093
vt 0.999050 0.342604
vt 0.939310 0.183297
vt 0.999050 0.183297
vt 0.999050 0.342604
vt 0.939310 0.183297
vt 0.999050 0.183297
vt 0.999050 0.342604
vt 0.939310 0.183297
vt 0.999050 0.183297
vt 0.999050 0.342604
vt 0.939310 0.183297
vt 0.999050 0.183297
vt 0.985655 0.179437
vt 0.939081 0.132863
vt 0.985655 0.132863
vt 0.999050 0.342604
vt 0.939310 0.183297
vt 0.939310 0.342604
vt 0.999050 0.342604
vt 0.939310 0.183297
vt 0.939310 0.342604
vt 0.999050 0.342604
vt 0.939310 0.183297
vt 0.939310 0.342604
vt 0.999050 0.342604
vt 0.939310 0.183297
vt 0.939310 0.342604
vt 0.985655 0.179437
vt 0.939081 0.132863
vt 0.939081 0.179437
vt 0.979692 0.844034
vt -0.000781 0.781451
vt 0.979692 0.781451
vt 0.145247 0.718868
vt -0.000781 0.656284
vt 0.145247 0.656284
vt 0.979692 0.781451
vt -0.000781 0.718868
vt 0.979692 0.718868
vt 0.302823 0.718868
vt 0.156795 0.656284
vt 0.302823 0.656284
vt 1.000000 1.000000
vt 0.000000 0.851064
vt 1.000000 0.851064
vt 0.998987 0.652658
vt 0.001647 0.504118
vt 0.998987 0.504118
vt 0.000000 0.062150
vt 0.905875 0.048121
vt 0.000000 0.048121
vt 0.905875 0.012881
vt 0.000000 0.000000
vt 0.000000 0.012881
vt 0.905875 0.012881
vt 0.000000 0.000000
vt 0.000000 0.012881
vt 0.000200 0.219937
vt 0.906075 0.259595
vt 0.906075 0.219937
vt 0.906387 0.321630
vt 0.000512 0.312903
vt 0.000512 0.321630
vt 0.000000 0.025761
vt 0.905875 0.012881
vt 0.000000 0.012881
vt 0.999050 0.342604
vt 0.939310 0.183297
vt 0.999050 0.183297
vt 0.999050 0.342604
vt 0.939310 0.183297
vt 0.999050 0.183297
vt 0.999050 0.342604
vt 0.939310 0.183297
vt 0.999050 0.183297
vt 0.999050 0.342604
vt 0.939310 0.183297
vt 0.999050 0.183297
vt 0.985655 0.179437
vt 0.939081 0.132863
vt 0.985655 0.132863
vt 0.999050 0.342604
vt 0.939310 0.183297
vt 0.939310 0.342604
vt 0.999050 0.342604
vt 0.939310 0.183297
vt 0.939310 0.342604
vt 0.999050 0.342604
vt 0.939310 0.183297
vt 0.939310 0.342604
vt 0.999050 0.342604
vt 0.939310 0.183297
vt 0.939310 0.342604
vt 0.985655 0.179437
vt 0.939081 0.132863
vt 0.939081 0.179437
vt 0.979692 0.844034
vt -0.000781 0.781451
vt 0.979692 0.781451
vt 0.145247 0.718868
vt -0.000781 0.656284
vt 0.145247 0.656284
vt 0.979692 0.781451
vt -0.000781 0.718868
vt 0.979692 0.718868
vt 0.302823 0.718868
vt 0.156795 0.656284
vt 0.302823 0.656284
vt 1.000000 1.000000
vt 0.000000 0.851064
vt 1.000000 0.851064
vt 0.998987 0.652658
vt 0.001647 0.504118
vt 0.998987 0.504118
vt 0.906387 0.321630
vt 0.000512 0.312903
vt 0.000512 0.321630
vt 0.000200 0.219937
vt 0.906075 0.259595
vt 0.906075 0.219937
vt 0.906387 0.330358
vt 0.000512 0.321630
vt 0.000512 0.330358
vt 0.906387 0.330358
vt 0.000512 0.321630
vt 0.000512 0.330358
vt 0.999050 0.342604
vt 0.939310 0.183297
vt 0.999050 0.183297
vt 0.999050 0.342604
vt 0.939310 0.183297
vt 0.999050 0.183297
vt 0.999050 0.342604
vt 0.939310 0.183297
vt 0.999050 0.183297
vt 0.999050 0.342604
vt 0.939310 0.183297
vt 0.999050 0.183297
vt 0.985655 0.179437
vt 0.939081 0.132863
vt 0.985655 0.132863
vt 0.999050 0.342604
vt 0.939310 0.183297
vt 0.939310 0.342604
vt 0.999050 0.342604
vt 0.939310 0.183297
vt 0.939310 0.342604
vt 0.999050 0.342604
vt 0.939310 0.183297
vt 0.939310 0.342604
vt 0.999050 0.342604
vt 0.939310 0.183297
vt 0.939310 0.342604
vt 0.985655 0.179437
vt 0.939081 0.132863
vt 0.939081 0.179437
vt 0.979692 0.844034
vt -0.000781 0.781451
vt 0.979692 0.781451
vt 0.145247 0.718868
vt -0.000781 0.656284
vt 0.145247 0.656284
vt 0.979692 0.781451
vt -0.000781 0.718868
vt 0.979692 0.718868
vt 0.302823 0.718868
vt 0.156795 0.656284
vt 0.302823 0.656284
vt 1.000000 1.000000
vt 0.000000 0.851064
vt 1.000000 0.851064
vt 0.998987 0.652658
vt 0.001647 0.504118
vt 0.998987 0.504118
vt 0.000200 0.281378
vt 0.906075 0.297453
vt 0.906075 0.281378
vt 0.999050 0.342604
vt 0.939310 0.183297
vt 0.999050 0.183297
vt 0.999050 0.342604
vt 0.939310 0.183297
vt 0.999050 0.183297
vt 0.999050 0.342604
vt 0.939310 0.183297
vt 0.999050 0.183297
vt 0.999050 0.342604
vt 0.939310 0.183297
vt 0.999050 0.183297
vt 0.985655 0.179437
vt 0.939081 0.132863
vt 0.985655 0.132863
vt 0.999050 0.342604
vt 0.939310 0.183297
vt 0.939310 0.342604
vt 0.999050 0.342604
vt 0.939310 0.183297
vt 0.939310 0.342604
vt 0.999050 0.342604
vt 0.939310 0.183297
vt 0.939310 0.342604
vt 0.999050 0.342604
vt 0.939310 0.183297
vt 0.939310 0.342604
vt 0.985655 0.179437
vt 0.939081 0.132863
vt 0.939081 0.179437
vt 0.979692 0.844034
vt -0.000781 0.781451
vt 0.979692 0.781451
vt 0.145247 0.718868
vt -0.000781 0.656284
vt 0.145247 0.656284
vt 0.979692 0.781451
vt -0.000781 0.718868
vt 0.979692 0.718868
vt 0.302823 0.718868
vt 0.156795 0.656284
vt 0.302823 0.656284
vt 1.000000 1.000000
vt 0.000000 0.851064
vt 1.000000 0.851064
vt 0.998987 0.652658
vt 0.001647 0.504118
vt 0.998987 0.504118
vt 0.000200 0.219937
vt 0.906075 0.259595
vt 0.906075 0.219937
vt 0.905875 0.093759
vt 0.000000 0.121202
vt 0.905875 0.121202
vt 0.905753 0.210448
vt -0.000122 0.156096
vt -0.000122 0.210448
vt 0.905753 0.210448
vt -0.000122 0.156096
vt -0.000122 0.210448
vt 0.905753 0.210448
vt -0.000122 0.156096
vt -0.000122 0.210448
vt 0.906387 0.330358
vt 0.000512 0.321630
vt 0.000512 0.330358
vt 0.905875 0.012881
vt 0.000000 0.000000
vt 0.000000 0.012881
vt 0.999050 0.342604
vt 0.939310 0.183297
vt 0.999050 0.183297
vt 0.999050 0.342604
vt 0.939310 0.183297
vt 0.999050 0.183297
vt 0.999050 0.342604
vt 0.939310 0.183297
vt 0.999050 0.183297
vt 0.999050 0.342604
vt 0.939310 0.183297
vt 0.999050 0.183297
vt 0.985655 0.179437
vt 0.939081 0.132863
vt 0.985655 0.132863
vt 0.999050 0.342604
vt 0.939310 0.183297
vt 0.939310 0.342604
vt 0.999050 0.342604
vt 0.939310 0.183297
vt 0.939310 0.342604
vt 0.999050 0.342604
vt 0.939310 0.183297
vt 0.939310 0.342604
vt 0.999050 0.342604
vt 0.939310 0.183297
vt 0.939310 0.342604
vt 0.985655 0.179437
vt 0.939081 0.132863
vt 0.939081 0.179437
vt 0.979692 0.844034
vt -0.000781 0.781451
vt 0.979692 0.781451
vt 0.145247 0.718868
vt -0.000781 0.656284
vt 0.145247 0.656284
vt 0.979692 0.781451
vt -0.000781 0.718868
vt 0.979692 0.718868
vt 0.302823 0.718868
vt 0.156795 0.656284
vt 0.302823 0.656284
vt 1.000000 1.000000
vt 0.000000 0.851064
vt 1.000000 0.851064
vt 0.998987 0.652658
vt 0.001647 0.504118
vt 0.998987 0.504118
vt 0.000000 0.093759
vt 0.905875 0.121202
vt 0.905875 0.093759
vt 0.000200 0.281378
vt 0.906075 0.297453
vt 0.906075 0.281378
vt 0.905875 0.012881
vt 0.000000 0.000000
vt 0.000000 0.012881
vt 0.999050 0.342604
vt 0.939310 0.183297
vt 0.999050 0.183297
vt 0.999050 0.342604
vt 0.939310 0.183297
vt 0.999050 0.183297
vt 0.999050 0.342604
vt 0.939310 0.183297
vt 0.999050 0.183297
vt 0.999050 0.342604
vt 0.939310 0.183297
vt 0.999050 0.183297
vt 0.985655 0.179437
vt 0.939081 0.132863
vt 0.985655 0.132863
vt 0.999050 0.342604
vt 0.939310 0.183297
vt 0.939310 0.342604
vt 0.999050 0.342604
vt 0.939310 0.183297
vt 0.939310 0.342604
vt 0.999050 0.342604
vt 0.939310 0.183297
vt 0.939310 0.342604
vt 0.999050 0.342604
vt 0.939310 0.183297
vt 0.939310 0.342604
vt 0.985655 0.179437
vt 0.939081 0.132863
vt 0.939081 0.179437
vt 0.979692 0.844034
vt -0.000781 0.781451
vt 0.979692 0.781451
vt 0.145247 0.718868
vt -0.000781 0.656284
vt 0.145247 0.656284
vt 0.979692 0.781451
vt -0.000781 0.718868
vt 0.979692 0.718868
vt 0.302823 0.718868
vt 0.156795 0.656284
vt 0.302823 0.656284
vt 1.000000 1.000000
vt 0.000000 0.851064
vt 1.000000 0.851064
vt 0.998987 0.652658
vt 0.001647 0.504118
vt 0.998987 0.504118
vt 0.000200 0.219937
vt 0.906075 0.259595
vt 0.906075 0.219937
vt 0.906387 0.312903
vt 0.000512 0.321630
vt 0.906387 0.321630
vt 0.000000 0.034093
vt 0.905875 0.048121
vt 0.905875 0.034093
vt 0.905875 0.089593
vt 0.000000 0.062150
vt 0.000000 0.089593
vt 0.905875 0.012881
vt 0.000000 0.000000
vt 0.000000 0.012881
vt 0.000000 0.062150
vt 0.905875 0.048121
vt 0.000000 0.048121
vt 0.999050 0.342604
vt 0.939310 0.183297
vt 0.999050 0.183297
vt 0.999050 0.342604
vt 0.939310 0.183297
vt 0.999050 0.183297
vt 0.999050 0.342604
vt 0.939310 0.183297
vt 0.999050 0.183297
vt 0.999050 0.342604
vt 0.939310 0.183297
vt 0.999050 0.183297
vt 0.985655 0.179437
vt 0.939081 0.132863
vt 0.985655 0.132863
vt 0.999050 0.342604
vt 0.939310 0.183297
vt 0.939310 0.342604
vt 0.999050 0.342604
vt 0.939310 0.183297
vt 0.939310 0.342604
vt 0.999050 0.342604
vt 0.939310 0.183297
vt 0.939310 0.342604
vt 0.999050 0.342604
vt 0.939310 0.183297
vt 0.939310 0.342604
vt 0.985655 0.179437
vt 0.939081 0.132863
vt 0.939081 0.179437
vt 0.979692 0.844034
vt -0.000781 0.781451
vt 0.979692 0.781451
vt 0.145247 0.718868
vt -0.000781 0.656284
vt 0.145247 0.656284
vt 0.979692 0.781451
vt -0.000781 0.718868
vt 0.979692 0.718868
vt 0.302823 0.718868
vt 0.156795 0.656284
vt 0.302823 0.656284
vt 1.000000 1.000000
vt 0.000000 0.851064
vt 1.000000 0.851064
vt 0.998987 0.652658
vt 0.001647 0.504118
vt 0.998987 0.504118
vt 0.905875 0.012881
vt 0.000000 0.000000
vt 0.000000 0.012881
vt 0.999050 0.342604
vt 0.939310 0.183297
vt 0.999050 0.183297
vt 0.999050 0.342604
vt 0.939310 0.183297
vt 0.999050 0.183297
vt 0.999050 0.342604
vt 0.939310 0.183297
vt 0.999050 0.183297
vt 0.999050 0.342604
vt 0.939310 0.183297
vt 0.999050 0.183297
vt 0.985655 0.179437
vt 0.939081 0.132863
vt 0.985655 0.132863
vt 0.999050 0.342604
vt 0.939310 0.183297
vt 0.939310 0.342604
vt 0.999050 0.342604
vt 0.939310 0.183297
vt 0.939310 0.342604
vt 0.999050 0.342604
vt 0.939310 0.183297
vt 0.939310 0.342604
vt 0.999050 0.342604
vt 0.939310 0.183297
vt 0.939310 0.342604
vt 0.985655 0.179437
vt 0.939081 0.132863
vt 0.939081 0.179437
vt 0.979692 0.844034
vt -0.000781 0.781451
vt 0.979692 0.781451
vt 0.145247 0.718868
vt -0.000781 0.656284
vt 0.145247 0.656284
vt 0.979692 0.781451
vt -0.000781 0.718868
vt 0.979692 0.718868
vt 0.302823 0.718868
vt 0.156795 0.656284
vt 0.302823 0.656284
vt 1.000000 1.000000
vt 0.000000 0.851064
vt 1.000000 0.851064
vt 0.998987 0.652658
vt 0.001647 0.504118
vt 0.998987 0.504118
vt 0.000200 0.219937
vt 0.906075 0.259595
vt 0.906075 0.219937
vt 0.999050 0.342604
vt 0.939310 0.183297
vt 0.999050 0.183297
vt 0.999050 0.342604
vt 0.939310 0.183297
vt 0.999050 0.183297
vt 0.999050 0.342604
vt 0.939310 0.183297
vt 0.999050 0.183297
vt 0.999050 0.342604
vt 0.939310 0.183297
vt 0.999050 0.183297
vt 0.985655 0.179437
vt 0.939081 0.132863
vt 0.985655 0.132863
vt 0.999050 0.342604
vt 0.939310 0.183297
vt 0.939310 0.342604
vt 0.999050 0.342604
vt 0.939310 0.183297
vt 0.939310 0.342604
vt 0.999050 0.342604
vt 0.939310 0.183297
vt 0.939310 0.342604
vt 0.999050 0.342604
vt 0.939310 0.183297
vt 0.939310 0.342604
vt 0.985655 0.179437
vt 0.939081 0.132863
vt 0.939081 0.179437
vt 0.979692 0.844034
vt -0.000781 0.781451
vt 0.979692 0.781451
vt 0.145247 0.718868
vt -0.000781 0.656284
vt 0.145247 0.656284
vt 0.979692 0.781451
vt -0.000781 0.718868
vt 0.979692 0.718868
vt 0.302823 0.718868
vt 0.156795 0.656284
vt 0.302823 0.656284
vt 1.000000 1.000000
vt 0.000000 0.851064
vt 1.000000 0.851064
vt 0.998987 0.652658
vt 0.001647 0.504118
vt 0.998987 0.504118
vt 0.905875 0.093759
vt 0.000000 0.121202
vt 0.905875 0.121202
vt 0.906387 0.321630
vt 0.000512 0.312903
vt 0.000512 0.321630
vt 0.999050 0.342604
vt 0.939310 0.183297
vt 0.999050 0.183297
vt 0.999050 0.342604
vt 0.939310 0.183297
vt 0.999050 0.183297
vt 0.999050 0.342604
vt 0.939310 0.183297
vt 0.999050 0.183297
vt 0.999050 0.342604
vt 0.939310 0.183297
vt 0.999050 0.183297
vt 0.985655 0.179437
vt 0.939081 0.132863
vt 0.985655 0.132863
vt 0.999050 0.342604
vt 0.939310 0.183297
vt 0.939310 0.342604
vt 0.999050 0.342604
vt 0.939310 0.183297
vt 0.939310 0.342604
vt 0.999050 0.342604
vt 0.939310 0.183297
vt 0.939310 0.342604
vt 0.999050 0.342604
vt 0.939310 0.183297
vt 0.939310 0.342604
vt 0.985655 0.179437
vt 0.939081 0.132863
vt 0.939081 0.179437
vt 0.979692 0.844034
vt -0.000781 0.781451
vt 0.979692 0.781451
vt 0.145247 0.718868
vt -0.000781 0.656284
vt 0.145247 0.656284
vt 0.979692 0.781451
vt -0.000781 0.718868
vt 0.979692 0.718868
vt 0.302823 0.718868
vt 0.156795 0.656284
vt 0.302823 0.656284
vt 1.000000 1.000000
vt 0.000000 0.851064
vt 1.000000 0.851064
vt 0.998987 0.652658
vt 0.001647 0.504118
vt 0.998987 0.504118
vt 0.906387 0.330358
vt 0.000512 0.321630
vt 0.000512 0.330358
vt 0.999050 0.342604
vt 0.939310 0.183297
vt 0.999050 0.183297
vt 0.999050 0.342604
vt 0.939310 0.183297
vt 0.999050 0.183297
vt 0.999050 0.342604
vt 0.939310 0.183297
vt 0.999050 0.183297
vt 0.999050 0.342604
vt 0.939310 0.183297
vt 0.999050 0.183297
vt 0.985655 0.179437
vt 0.939081 0.132863
vt 0.985655 0.132863
vt 0.999050 0.342604
vt 0.939310 0.183297
vt 0.939310 0.342604
vt 0.999050 0.342604
vt 0.939310 0.183297
vt 0.939310 0.342604
vt 0.999050 0.342604
vt 0.939310 0.183297
vt 0.939310 0.342604
vt 0.999050 0.342604
vt 0.939310 0.183297
vt 0.939310 0.342604
vt 0.985655 0.179437
vt 0.939081 0.132863
vt 0.939081 0.179437
vt 0.979692 0.844034
vt -0.000781 0.781451
vt 0.979692 0.781451
vt 0.145247 0.718868
vt -0.000781 0.656284
vt 0.145247 0.656284
vt 0.979692 0.781451
vt -0.000781 0.718868
vt 0.979692 0.718868
vt 0.302823 0.718868
vt 0.156795 0.656284
vt 0.302823 0.656284
vt 1.000000 1.000000
vt 0.000000 0.851064
vt 1.000000 0.851064
vt 0.998987 0.652658
vt 0.001647 0.504118
vt 0.998987 0.504118
vt 0.905875 0.012881
vt 0.000000 0.000000
vt 0.000000 0.012881
vt 0.999050 0.342604
vt 0.939310 0.183297
vt 0.999050 0.183297
vt 0.999050 0.342604
vt 0.939310 0.183297
vt 0.999050 0.183297
vt 0.999050 0.342604
vt 0.939310 0.183297
vt 0.999050 0.183297
vt 0.999050 0.342604
vt 0.939310 0.183297
vt 0.999050 0.183297
vt 0.985655 0.179437
vt 0.939081 0.132863
vt 0.985655 0.132863
vt 0.999050 0.342604
vt 0.939310 0.183297
vt 0.939310 0.342604
vt 0.999050 0.342604
vt 0.939310 0.183297
vt 0.939310 0.342604
vt 0.999050 0.342604
vt 0.939310 0.183297
vt 0.939310 0.342604
vt 0.999050 0.342604
vt 0.939310 0.183297
vt 0.939310 0.342604
vt 0.985655 0.179437
vt 0.939081 0.132863
vt 0.939081 0.179437
vt 0.979692 0.844034
vt -0.000781 0.781451
vt 0.979692 0.781451
vt 0.145247 0.718868
vt -0.000781 0.656284
vt 0.145247 0.656284
vt 0.979692 0.781451
vt -0.000781 0.718868
vt 0.979692 0.718868
vt 0.302823 0.718868
vt 0.156795 0.656284
vt 0.302823 0.656284
vt 1.000000 1.000000
vt 0.000000 0.851064
vt 1.000000 0.851064
vt 0.998987 0.652658
vt 0.001647 0.504118
vt 0.998987 0.504118
vt 0.000000 0.121202
vt 0.905875 0.093759
vt 0.000000 0.093759
vt 0.000200 0.296828
vt 0.906075 0.312903
vt 0.906075 0.296828
vt 0.999050 0.342604
vt 0.939310 0.183297
vt 0.999050 0.183297
vt 0.999050 0.342604
vt 0.939310 0.183297
vt 0.999050 0.183297
vt 0.999050 0.342604
vt 0.939310 0.183297
vt 0.999050 0.183297
vt 0.999050 0.342604
vt 0.939310 0.183297
vt 0.999050 0.183297
vt 0.985655 0.179437
vt 0.939081 0.132863
vt 0.985655 0.132863
vt 0.999050 0.342604
vt 0.939310 0.183297
vt 0.939310 0.342604
vt 0.999050 0.342604
vt 0.939310 0.183297
vt 0.939310 0.342604
vt 0.999050 0.342604
vt 0.939310 0.183297
vt 0.939310 0.342604
vt 0.999050 0.342604
vt 0.939310 0.183297
vt 0.939310 0.342604
vt 0.985655 0.179437
vt 0.939081 0.132863
vt 0.939081 0.179437
vt 0.979692 0.844034
vt -0.000781 0.781451
vt 0.979692 0.781451
vt 0.145247 0.718868
vt -0.000781 0.656284
vt 0.145247 0.656284
vt 0.979692 0.781451
vt -0.000781 0.718868
vt 0.979692 0.718868
vt 0.302823 0.718868
vt 0.156795 0.656284
vt 0.302823 0.656284
vt 1.000000 1.000000
vt 0.000000 0.851064
vt 1.000000 0.851064
vt 0.998987 0.652658
vt 0.001647 0.504118
vt 0.998987 0.504118
vt 0.000200 0.296828
vt 0.906075 0.312903
vt 0.906075 0.296828
vt 0.000200 0.259595
vt 0.906075 0.219937
vt 0.000200 0.219937
vt 0.000000 0.062150
vt 0.905875 0.048121
vt 0.000000 0.048121
vt 0.000200 0.296828
vt 0.906075 0.312903
vt 0.906075 0.296828
vt 0.999050 0.342604
vt 0.939310 0.183297
vt 0.999050 0.183297
vt 0.999050 0.342604
vt 0.939310 0.183297
vt 0.999050 0.183297
vt 0.999050 0.342604
vt 0.939310 0.183297
vt 0.999050 0.183297
vt 0.999050 0.342604
vt 0.939310 0.183297
vt 0.999050 0.183297
vt 0.985655 0.179437
vt 0.939081 0.132863
vt 0.985655 0.132863
vt 0.999050 0.342604
vt 0.939310 0.183297
vt 0.939310 0.342604
vt 0.999050 0.342604
vt 0.939310 0.183297
vt 0.939310 0.342604
vt 0.999050 0.342604
vt 0.939310 0.183297
vt 0.939310 0.342604
vt 0.999050 0.342604
vt 0.939310 0.183297
vt 0.939310 0.342604
vt 0.985655 0.179437
vt 0.939081 0.132863
vt 0.939081 0.179437
vt 0.979692 0.844034
vt -0.000781 0.781451
vt 0.979692 0.781451
vt 0.145247 0.718868
vt -0.000781 0.656284
vt 0.145247 0.656284
vt 0.979692 0.781451
vt -0.000781 0.718868
vt 0.979692 0.718868
vt 0.302823 0.718868
vt 0.156795 0.656284
vt 0.302823 0.656284
vt 1.000000 1.000000
vt 0.000000 0.851064
vt 1.000000 0.851064
vt 0.998987 0.652658
vt 0.001647 0.504118
vt 0.998987 0.504118
vt 0.000000 0.048121
vt 0.905875 0.062150
vt 0.905875 0.048121
vt 0.906387 0.321630
vt 0.000512 0.312903
vt 0.000512 0.321630
vt 0.905753 0.210448
vt -0.000122 0.156096
vt -0.000122 0.210448
vt 0.905875 0.025761
vt 0.000000 0.012881
vt 0.000000 0.025761
vt 0.999050 0.342604
vt 0.939310 0.183297
vt 0.999050 0.183297
vt 0.999050 0.342604
vt 0.939310 0.183297
vt 0.999050 0.183297
vt 0.999050 0.342604
vt 0.939310 0.183297
vt 0.999050 0.183297
vt 0.999050 0.342604
vt 0.939310 0.183297
vt 0.999050 0.183297
vt 0.985655 0.179437
vt 0.939081 0.132863
vt 0.985655 0.132863
vt 0.999050 0.342604
vt 0.939310 0.183297
vt 0.939310 0.342604
vt 0.999050 0.342604
vt 0.939310 0.183297
vt 0.939310 0.342604
vt 0.999050 0.342604
vt 0.939310 0.183297
vt 0.939310 0.342604
vt 0.999050 0.342604
vt 0.939310 0.183297
vt 0.939310 0.342604
vt 0.985655 0.179437
vt 0.939081 0.132863
vt 0.939081 0.179437
vt 0.979692 0.844034
vt -0.000781 0.781451
vt 0.979692 0.781451
vt 0.145247 0.718868
vt -0.000781 0.656284
vt 0.145247 0.656284
vt 0.979692 0.781451
vt -0.000781 0.718868
vt 0.979692 0.718868
vt 0.302823 0.718868
vt 0.156795 0.656284
vt 0.302823 0.656284
vt 1.000000 1.000000
vt 0.000000 0.851064
vt 1.000000 0.851064
vt 0.998987 0.652658
vt 0.001647 0.504118
vt 0.998987 0.504118
vt 0.000200 0.281378
vt 0.906075 0.297453
vt 0.906075 0.281378
vt 0.999050 0.342604
vt 0.939310 0.183297
vt 0.999050 0.183297
vt 0.999050 0.342604
vt 0.939310 0.183297
vt 0.999050 0.183297
vt 0.999050 0.342604
vt 0.939310 0.183297
vt 0.999050 0.183297
vt 0.999050 0.342604
vt 0.939310 0.183297
vt 0.999050 0.183297
vt 0.985655 0.179437
vt 0.939081 0.132863
vt 0.985655 0.132863
vt 0.999050 0.342604
vt 0.939310 0.183297
vt 0.939310 0.342604
vt 0.999050 0.342604
vt 0.939310 0.183297
vt 0.939310 0.342604
vt 0.999050 0.342604
vt 0.939310 0.183297
vt 0.939310 0.342604
vt 0.999050 0.342604
vt 0.939310 0.183297
vt 0.939310 0.342604
vt 0.985655 0.179437
vt 0.939081 0.132863
vt 0.939081 0.179437
vt 0.979692 0.844034
vt -0.000781 0.781451
vt 0.979692 0.781451
vt 0.145247 0.718868
vt -0.000781 0.656284
vt 0.145247 0.656284
vt 0.979692 0.781451
vt -0.000781 0.718868
vt 0.979692 0.718868
vt 0.302823 0.718868
vt 0.156795 0.656284
vt 0.302823 0.656284
vt 1.000000 1.000000
vt 0.000000 0.851064
vt 1.000000 0.851064
vt 0.998987 0.652658
vt 0.001647 0.504118
vt 0.998987 0.504118
vt 0.906387 0.321630
vt 0.000512 0.312903
vt 0.000512 0.321630
vt 0.999050 0.342604
vt 0.939310 0.183297
vt 0.999050 0.183297
vt 0.999050 0.342604
vt 0.939310 0.183297
vt 0.999050 0.183297
vt 0.999050 0.342604
vt 0.939310 0.183297
vt 0.999050 0.183297
vt 0.999050 0.342604
vt 0.939310 0.183297
vt 0.999050 0.183297
vt 0.985655 0.179437
vt 0.939081 0.132863
vt 0.985655 0.132863
vt 0.999050 0.342604
vt 0.939310 0.183297
vt 0.939310 0.342604
vt 0.999050 0.342604
vt 0.939310 0.183297
vt 0.939310 0.342604
vt 0.999050 0.342604
vt 0.939310 0.183297
vt 0.939310 0.342604
vt 0.999050 0.342604
vt 0.939310 0.183297
vt 0.939310 0.342604
vt 0.985655 0.179437
vt 0.939081 0.132863
vt 0.939081 0.179437
vt 0.979692 0.844034
vt -0.000781 0.781451
vt 0.979692 0.781451
vt 0.145247 0.718868
vt -0.000781 0.656284
vt 0.145247 0.656284
vt 0.979692 0.781451
vt -0.000781 0.718868
vt 0.979692 0.718868
vt 0.302823 0.718868
vt 0.156795 0.656284
vt 0.302823 0.656284
vt 1.000000 1.000000
vt 0.000000 0.851064
vt 1.000000 0.851064
vt 0.998987 0.652658
vt 0.001647 0.504118
vt 0.998987 0.504118
vt 0.000200 0.296828
vt 0.906075 0.312903
vt 0.906075 0.296828
vt 0.905753 0.210448
vt -0.000122 0.156096
vt -0.000122 0.210448
vt 0.000000 0.048121
vt 0.905875 0.062150
vt 0.905875 0.048121
vt 0.999050 0.342604
vt 0.939310 0.183297
vt 0.999050 0.183297
vt 0.999050 0.342604
vt 0.939310 0.183297
vt 0.999050 0.183297
vt 0.999050 0.342604
vt 0.939310 0.183297
vt 0.999050 0.183297
vt 0.999050 0.342604
vt 0.939310 0.183297
vt 0.999050 0.183297
vt 0.985655 0.179437
vt 0.939081 0.132863
vt 0.985655 0.132863
vt 0.999050 0.342604
vt 0.939310 0.183297
vt 0.939310 0.342604
vt 0.999050 0.342604
vt 0.939310 0.183297
vt 0.939310 0.342604
vt 0.999050 0.342604
vt 0.939310 0.183297
vt 0.939310 0.342604
vt 0.999050 0.342604
vt 0.939310 0.183297
vt 0.939310 0.342604
vt 0.985655 0.179437
vt 0.939081 0.132863
vt 0.939081 0.179437
vt 0.979692 0.844034
vt -0.000781 0.781451
vt 0.979692 0.781451
vt 0.145247 0.718868
vt -0.000781 0.656284
vt 0.145247 0.656284
vt 0.979692 0.781451
vt -0.000781 0.718868
vt 0.979692 0.718868
vt 0.302823 0.718868
vt 0.156795 0.656284
vt 0.302823 0.656284
vt 1.000000 1.000000
vt 0.000000 0.851064
vt 1.000000 0.851064
vt 0.998987 0.652658
vt 0.001647 0.504118
vt 0.998987 0.504118
vt 0.000200 0.296828
vt 0.906075 0.312903
vt 0.906075 0.296828
vt 0.999050 0.342604
vt 0.939310 0.183297
vt 0.999050 0.183297
vt 0.999050 0.342604
vt 0.939310 0.183297
vt 0.999050 0.183297
vt 0.999050 0.342604
vt 0.939310 0.183297
vt 0.999050 0.183297
vt 0.999050 0.342604
vt 0.939310 0.183297
vt 0.999050 0.183297
vt 0.985655 0.179437
vt 0.939081 0.132863
vt 0.985655 0.132863
vt 0.999050 0.342604
vt 0.939310 0.183297
vt 0.939310 0.342604
vt 0.999050 0.342604
vt 0.939310 0.183297
vt 0.939310 0.342604
vt 0.999050 0.342604
vt 0.939310 0.183297
vt 0.939310 0.342604
vt 0.999050 0.342604
vt 0.939310 0.183297
vt 0.939310 0.342604
vt 0.985655 0.179437
vt 0.939081 0.132863
vt 0.939081 0.179437
vt 0.979692 0.844034
vt -0.000781 0.781451
vt 0.979692 0.781451
vt 0.145247 0.718868
vt -0.000781 0.656284
vt 0.145247 0.656284
vt 0.979692 0.781451
vt -0.000781 0.718868
vt 0.979692 0.718868
vt 0.302823 0.718868
vt 0.156795 0.656284
vt 0.302823 0.656284
vt 1.000000 1.000000
vt 0.000000 0.851064
vt 1.000000 0.851064
vt 0.998987 0.652658
vt 0.001647 0.504118
vt 0.998987 0.504118
vt 0.999050 0.342604
vt 0.939310 0.183297
vt 0.999050 0.183297
vt 0.999050 0.342604
vt 0.939310 0.183297
vt 0.999050 0.183297
vt 0.999050 0.342604
vt 0.939310 0.183297
vt 0.999050 0.183297
vt 0.999050 0.342604
vt 0.939310 0.183297
vt 0.999050 0.183297
vt 0.985655 0.179437
vt 0.939081 0.132863
vt 0.985655 0.132863
vt 0.999050 0.342604
vt 0.939310 0.183297
vt 0.939310 0.342604
vt 0.999050 0.342604
vt 0.939310 0.183297
vt 0.939310 0.342604
vt 0.999050 0.342604
vt 0.939310 0.183297
vt 0.939310 0.342604
vt 0.999050 0.342604
vt 0.939310 0.183297
vt 0.939310 0.342604
vt 0.985655 0.179437
vt 0.939081 0.132863
vt 0.939081 0.179437
vt 0.979692 0.844034
vt -0.000781 0.781451
vt 0.979692 0.781451
vt 0.145247 0.718868
vt -0.000781 0.656284
vt 0.145247 0.656284
vt 0.979692 0.781451
vt -0.000781 0.718868
vt 0.979692 0.718868
vt 0.302823 0.718868
vt 0.156795 0.656284
vt 0.302823 0.656284
vt 1.000000 1.000000
vt 0.000000 0.851064
vt 1.000000 0.851064
vt 0.998987 0.652658
vt 0.001647 0.504118
vt 0.998987 0.504118
vt 0.000200 0.219937
vt 0.906075 0.259595
vt 0.906075 0.219937
vt 0.905875 0.121202
vt 0.000000 0.093759
vt 0.000000 0.121202
vt 0.905875 0.089593
vt 0.000000 0.062150
vt 0.000000 0.089593
vt 0.999050 0.342604
vt 0.939310 0.183297
vt 0.999050 0.183297
vt 0.999050 0.342604
vt 0.939310 0.183297
vt 0.999050 0.183297
vt 0.999050 0.342604
vt 0.939310 0.183297
vt 0.999050 0.183297
vt 0.999050 0.342604
vt 0.939310 0.183297
vt 0.999050 0.183297
vt 0.985655 0.179437
vt 0.939081 0.132863
vt 0.985655 0.132863
vt 0.999050 0.342604
vt 0.939310 0.183297
vt 0.939310 0.342604
vt 0.999050 0.342604
vt 0.939310 0.183297
vt 0.939310 0.342604
vt 0.999050 0.342604
vt 0.939310 0.183297
vt 0.939310 0.342604
vt 0.999050 0.342604
vt 0.939310 0.183297
vt 0.939310 0.342604
vt 0.985655 0.179437
vt 0.939081 0.132863
vt 0.939081 0.179437
vt 0.979692 0.844034
vt -0.000781 0.781451
vt 0.979692 0.781451
vt 0.145247 0.718868
vt -0.000781 0.656284
vt 0.145247 0.656284
vt 0.979692 0.781451
vt -0.000781 0.718868
vt 0.979692 0.718868
vt 0.302823 0.718868
vt 0.156795 0.656284
vt 0.302823 0.656284
vt 1.000000 1.000000
vt 0.000000 0.851064
vt 1.000000 0.851064
vt 0.998987 0.652658
vt 0.001647 0.504118
vt 0.998987 0.504118
vt 0.000000 0.034093
vt 0.905875 0.048121
vt 0.905875 0.034093
vt 0.000200 0.219937
vt 0.906075 0.259595
vt 0.906075 0.219937
vt 0.906387 0.321630
vt 0.000512 0.312903
vt 0.000512 0.321630
vt 0.000200 0.281378
vt 0.906075 0.297453
vt 0.906075 0.281378
vt 0.905753 0.156096
vt -0.000122 0.210448
vt 0.905753 0.210448
vt 0.000000 0.034093
vt 0.905875 0.048121
vt 0.905875 0.034093
vt 0.999050 0.342604
vt 0.939310 0.183297
vt 0.999050 0.183297
vt 0.999050 0.342604
vt 0.939310 0.183297
vt 0.999050 0.183297
vt 0.999050 0.342604
vt 0.939310 0.183297
vt 0.999050 0.183297
vt 0.999050 0.342604
vt 0.939310 0.183297
vt 0.999050 0.183297
vt 0.985655 0.179437
vt 0.939081 0.132863
vt 0.985655 0.132863
vt 0.999050 0.342604
vt 0.939310 0.183297
vt 0.939310 0.342604
vt 0.999050 0.342604
vt 0.939310 0.183297
vt 0.939310 0.342604
vt 0.999050 0.342604
vt 0.939310 0.183297
vt 0.939310 0.342604
vt 0.999050 0.342604
vt 0.939310 0.183297
vt 0.939310 0.342604
vt 0.985655 0.179437
vt 0.939081 0.132863
vt 0.939081 0.179437
vt 0.979692 0.844034
vt -0.000781 0.781451
vt 0.979692 0.781451
vt 0.145247 0.718868
vt -0.000781 0.656284
vt 0.145247 0.656284
vt 0.979692 0.781451
vt -0.000781 0.718868
vt 0.979692 0.718868
vt 0.302823 0.718868
vt 0.156795 0.656284
vt 0.302823 0.656284
vt 1.000000 1.000000
vt 0.000000 0.851064
vt 1.000000 0.851064
vt 0.998987 0.652658
vt 0.001647 0.504118
vt 0.998987 0.504118
vt 0.906387 0.330358
vt 0.000512 0.321630
vt 0.000512 0.330358
vt 0.000000 0.121202
vt 0.905875 0.093759
vt 0.000000 0.093759
vt 0.905875 0.012881
vt 0.000000 0.025761
vt 0.905875 0.025761
vt 0.905753 0.210448
vt -0.000122 0.156096
vt -0.000122 0.210448
vt 0.905753 0.210448
vt -0.000122 0.156096
vt -0.000122 0.210448
vt 0.999050 0.342604
vt 0.939310 0.183297
vt 0.999050 0.183297
vt 0.999050 0.342604
vt 0.939310 0.183297
vt 0.999050 0.183297
vt 0.999050 0.342604
vt 0.939310 0.183297
vt 0.999050 0.183297
vt 0.999050 0.342604
vt 0.939310 0.183297
vt 0.999050 0.183297
vt 0.985655 0.179437
vt 0.939081 0.132863
vt 0.985655 0.132863
vt 0.999050 0.342604
vt 0.939310 0.183297
vt 0.939310 0.342604
vt 0.999050 0.342604
vt 0.939310 0.183297
vt 0.939310 0.342604
vt 0.999050 0.342604
vt 0.939310 0.183297
vt 0.939310 0.342604
vt 0.999050 0.342604
vt 0.939310 0.183297
vt 0.939310 0.342604
vt 0.985655 0.179437
vt 0.939081 0.132863
vt 0.939081 0.179437
vt 0.979692 0.844034
vt -0.000781 0.781451
vt 0.979692 0.781451
vt 0.145247 0.718868
vt -0.000781 0.656284
vt 0.145247 0.656284
vt 0.979692 0.781451
vt -0.000781 0.718868
vt 0.979692 0.718868
vt 0.302823 0.718868
vt 0.156795 0.656284
vt 0.302823 0.656284
vt 1.000000 1.000000
vt 0.000000 0.851064
vt 1.000000 0.851064
vt 0.998987 0.652658
vt 0.001647 0.504118
vt 0.998987 0.504118
vt 0.000200 0.296828
vt 0.906075 0.312903
vt 0.906075 0.296828
vt 0.905875 0.012881
vt 0.000000 0.000000
vt 0.000000 0.012881
vt 0.999050 0.342604
vt 0.939310 0.183297
vt 0.999050 0.183297
vt 0.999050 0.342604
vt 0.939310 0.183297
vt 0.999050 0.183297
vt 0.999050 0.342604
vt 0.939310 0.183297
vt 0.999050 0.183297
vt 0.999050 0.342604
vt 0.939310 0.183297
vt 0.999050 0.183297
vt 0.985655 0.179437
vt 0.939081 0.132863
vt 0.985655 0.132863
vt 0.999050 0.342604
vt 0.939310 0.183297
vt 0.939310 0.342604
vt 0.999050 0.342604
vt 0.939310 0.183297
vt 0.939310 0.342604
vt 0.999050 0.342604
vt 0.939310 0.183297
vt 0.939310 0.342604
vt 0.999050 0.342604
vt 0.939310 0.183297
vt 0.939310 0.342604
vt 0.985655 0.179437
vt 0.939081 0.132863
vt 0.939081 0.179437
vt 0.979692 0.844034
vt -0.000781 0.781451
vt 0.979692 0.781451
vt 0.145247 0.718868
vt -0.000781 0.656284
vt 0.145247 0.656284
vt 0.979692 0.781451
vt -0.000781 0.718868
vt 0.979692 0.718868
vt 0.302823 0.718868
vt 0.156795 0.656284
vt 0.302823 0.656284
vt 1.000000 1.000000
vt 0.000000 0.851064
vt 1.000000 0.851064
vt 0.998987 0.652658
vt 0.001647 0.504118
vt 0.998987 0.504118
vt 0.000200 0.219937
vt 0.906075 0.259595
vt 0.906075 0.219937
vt 0.905875 0.093759
vt 0.000000 0.121202
vt 0.905875 0.121202
vt 0.000200 0.296828
vt 0.906075 0.312903
vt 0.906075 0.296828
vt 0.905875 0.089593
vt 0.000000 0.062150
vt 0.000000 0.089593
vt 0.906387 0.312903
vt 0.000512 0.321630
vt 0.906387 0.321630
vt 0.999050 0.342604
vt 0.939310 0.183297
vt 0.999050 0.183297
vt 0.999050 0.342604
vt 0.939310 0.183297
vt 0.999050 0.183297
vt 0.999050 0.342604
vt 0.939310 0.183297
vt 0.999050 0.183297
vt 0.999050 0.342604
vt 0.939310 0.183297
vt 0.999050 0.183297
vt 0.985655 0.179437
vt 0.939081 0.132863
vt 0.985655 0.132863
vt 0.999050 0.342604
vt 0.939310 0.183297
vt 0.939310 0.342604
vt 0.999050 0.342604
vt 0.939310 0.183297
vt 0.939310 0.342604
vt 0.999050 0.342604
vt 0.939310 0.183297
vt 0.939310 0.342604
vt 0.999050 0.342604
vt 0.939310 0.183297
vt 0.939310 0.342604
vt 0.985655 0.179437
vt 0.939081 0.132863
vt 0.939081 0.179437
vt 0.979692 0.844034
vt -0.000781 0.781451
vt 0.979692 0.781451
vt 0.145247 0.718868
vt -0.000781 0.656284
vt 0.145247 0.656284
vt 0.979692 0.781451
vt -0.000781 0.718868
vt 0.979692 0.718868
vt 0.302823 0.718868
vt 0.156795 0.656284
vt 0.302823 0.656284
vt 1.000000 1.000000
vt 0.000000 0.851064
vt 1.000000 0.851064
vt 0.998987 0.652658
vt 0.001647 0.504118
vt 0.998987 0.504118
vt 0.000000 0.048121
vt 0.905875 0.034093
vt 0.000000 0.034093
vt 0.000000 0.062150
vt 0.905875 0.048121
vt 0.000000 0.048121
vt 0.905753 0.210448
vt -0.000122 0.156096
vt -0.000122 0.210448
vt 0.000000 0.034093
vt 0.905875 0.048121
vt 0.905875 0.034093
vt 0.999050 0.342604
vt 0.939310 0.183297
vt 0.999050 0.183297
vt 0.999050 0.342604
vt 0.939310 0.183297
vt 0.999050 0.183297
vt 0.999050 0.342604
vt 0.939310 0.183297
vt 0.999050 0.183297
vt 0.999050 0.342604
vt 0.939310 0.183297
vt 0.999050 0.183297
vt 0.985655 0.179437
vt 0.939081 0.132863
vt 0.985655 0.132863
vt 0.999050 0.342604
vt 0.939310 0.183297
vt 0.939310 0.342604
vt 0.999050 0.342604
vt 0.939310 0.183297
vt 0.939310 0.342604
vt 0.999050 0.342604
vt 0.939310 0.183297
vt 0.939310 0.342604
vt 0.999050 0.342604
vt 0.939310 0.183297
vt 0.939310 0.342604
vt 0.985655 0.179437
vt 0.939081 0.132863
vt 0.939081 0.179437
vt 0.979692 0.844034
vt -0.000781 0.781451
vt 0.979692 0.781451
vt 0.145247 0.718868
vt -0.000781 0.656284
vt 0.145247 0.656284
vt 0.979692 0.781451
vt -0.000781 0.718868
vt 0.979692 0.718868
vt 0.302823 0.718868
vt 0.156795 0.656284
vt 0.302823 0.656284
vt 1.000000 1.000000
vt 0.000000 0.851064
vt 1.000000 0.851064
vt 0.998987 0.652658
vt 0.001647 0.504118
vt 0.998987 0.504118
vt 0.000200 0.312903
vt 0.906075 0.296828
vt 0.000200 0.296828
vt 0.000000 0.025761
vt 0.905875 0.012881
vt 0.000000 0.012881
vt 0.906387 0.330358
vt 0.000512 0.321630
vt 0.000512 0.330358
vt 0.000200 0.219937
vt 0.906075 0.259595
vt 0.906075 0.219937
vt 0.905875 0.012881
vt 0.000000 0.000000
vt 0.000000 0.012881
vt 0.905875 0.012881
vt 0.000000 0.000000
vt 0.000000 0.012881
vt 0.999050 0.342604
vt 0.939310 0.183297
vt 0.999050 0.183297
vt 0.999050 0.342604
vt 0.939310 0.183297
vt 0.999050 0.183297
vt 0.999050 0.342604
vt 0.939310 0.183297
vt 0.999050 0.183297
vt 0.999050 0.342604
vt 0.939310 0.183297
vt 0.999050 0.183297
vt 0.985655 0.179437
vt 0.939081 0.132863
vt 0.985655 0.132863
vt 0.999050 0.342604
vt 0.939310 0.183297
vt 0.939310 0.342604
vt 0.999050 0.342604
vt 0.939310 0.183297
vt 0.939310 0.342604
vt 0.999050 0.342604
vt 0.939310 0.183297
vt 0.939310 0.342604
vt 0.999050 0.342604
vt 0.939310 0.183297
vt 0.939310 0.342604
vt 0.985655 0.179437
vt 0.939081 0.132863
vt 0.939081 0.179437
vt 0.979692 0.844034
vt -0.000781 0.781451
vt 0.979692 0.781451
vt 0.145247 0.718868
vt -0.000781 0.656284
vt 0.145247 0.656284
vt 0.979692 0.781451
vt -0.000781 0.718868
vt 0.979692 0.718868
vt 0.302823 0.718868
vt 0.156795 0.656284
vt 0.302823 0.656284
vt 1.000000 1.000000
vt 0.000000 0.851064
vt 1.000000 0.851064
vt 0.998987 0.652658
vt 0.001647 0.504118
vt 0.998987 0.504118
vt 0.906387 0.321630
vt 0.000512 0.330358
vt 0.906387 0.330358
vt 0.000000 0.121202
vt 0.905875 0.093759
vt 0.000000 0.093759
vt 0.999050 0.342604
vt 0.939310 0.183297
vt 0.999050 0.183297
vt 0.999050 0.342604
vt 0.939310 0.183297
vt 0.999050 0.183297
vt 0.999050 0.342604
vt 0.939310 0.183297
vt 0.999050 0.183297
vt 0.999050 0.342604
vt 0.939310 0.183297
vt 0.999050 0.183297
vt 0.985655 0.179437
vt 0.939081 0.132863
vt 0.985655 0.132863
vt 0.999050 0.342604
vt 0.939310 0.183297
vt 0.939310 0.342604
vt 0.999050 0.342604
vt 0.939310 0.183297
vt 0.939310 0.342604
vt 0.999050 0.342604
vt 0.939310 0.183297
vt 0.939310 0.342604
vt 0.999050 0.342604
vt 0.939310 0.183297
vt 0.939310 0.342604
vt 0.985655 0.179437
vt 0.939081 0.132863
vt 0.939081 0.179437
vt 0.979692 0.844034
vt -0.000781 0.781451
vt 0.979692 0.781451
vt 0.145247 0.718868
vt -0.000781 0.656284
vt 0.145247 0.656284
vt 0.979692 0.781451
vt -0.000781 0.718868
vt 0.979692 0.718868
vt 0.302823 0.718868
vt 0.156795 0.656284
vt 0.302823 0.656284
vt 1.000000 1.000000
vt 0.000000 0.851064
vt 1.000000 0.851064
vt 0.998987 0.652658
vt 0.001647 0.504118
vt 0.998987 0.504118
vt 0.000000 0.062150
vt 0.905875 0.048121
vt 0.000000 0.048121
vt 0.000200 0.259595
vt 0.906075 0.219937
vt 0.000200 0.219937
vt 0.905753 0.210448
vt -0.000122 0.156096
vt -0.000122 0.210448
vt 0.906387 0.330358
vt 0.000512 0.321630
vt 0.000512 0.330358
vt 0.999050 0.342604
vt 0.939310 0.183297
vt 0.999050 0.183297
vt 0.999050 0.342604
vt 0.939310 0.183297
vt 0.999050 0.183297
vt 0.999050 0.342604
vt 0.939310 0.183297
vt 0.999050 0.183297
vt 0.999050 0.342604
vt 0.939310 0.183297
vt 0.999050 0.183297
vt 0.985655 0.179437
vt 0.939081 0.132863
vt 0.985655 0.132863
vt 0.999050 0.342604
vt 0.939310 0.183297
vt 0.939310 0.342604
vt 0.999050 0.342604
vt 0.939310 0.183297
vt 0.939310 0.342604
vt 0.999050 0.342604
vt 0.939310 0.183297
vt 0.939310 0.342604
vt 0.999050 0.342604
vt 0.939310 0.183297
vt 0.939310 0.342604
vt 0.985655 0.179437
vt 0.939081 0.132863
vt 0.939081 0.179437
vt 0.979692 0.844034
vt -0.000781 0.781451
vt 0.979692 0.781451
vt 0.145247 0.718868
vt -0.000781 0.656284
vt 0.145247 0.656284
vt 0.979692 0.781451
vt -0.000781 0.718868
vt 0.979692 0.718868
vt 0.302823 0.718868
vt 0.156795 0.656284
vt 0.302823 0.656284
vt 1.000000 1.000000
vt 0.000000 0.851064
vt 1.000000 0.851064
vt 0.998987 0.652658
vt 0.001647 0.504118
vt 0.998987 0.504118
vt 0.000200 0.296828
vt 0.906075 0.312903
vt 0.906075 0.296828
vt 0.000000 0.034093
vt 0.905875 0.048121
vt 0.905875 0.034093
vt 0.000200 0.312903
vt 0.906075 0.296828
vt 0.000200 0.296828
vt 0.000200 0.297453
vt 0.906075 0.281378
vt 0.000200 0.281378
vt 0.000200 0.281378
vt 0.906075 0.297453
vt 0.906075 0.281378
vt 0.905875 0.089593
vt 0.000000 0.062150
vt 0.000000 0.089593
vt 0.905753 0.210448
vt -0.000122 0.156096
vt -0.000122 0.210448
vt 0.999050 0.342604
vt 0.939310 0.183297
vt 0.999050 0.183297
vt 0.999050 0.342604
vt 0.939310 0.183297
vt 0.999050 0.183297
vt 0.999050 0.342604
vt 0.939310 0.183297
vt 0.999050 0.183297
vt 0.999050 0.342604
vt 0.939310 0.183297
vt 0.999050 0.183297
vt 0.985655 0.179437
vt 0.939081 0.132863
vt 0.985655 0.132863
vt 0.999050 0.342604
vt 0.939310 0.183297
vt 0.939310 0.342604
vt 0.999050 0.342604
vt 0.939310 0.183297
vt 0.939310 0.342604
vt 0.999050 0.342604
vt 0.939310 0.183297
vt 0.939310 0.342604
vt 0.999050 0.342604
vt 0.939310 0.183297
vt 0.939310 0.342604
vt 0.985655 0.179437
vt 0.939081 0.132863
vt 0.939081 0.179437
vt 0.979692 0.844034
vt -0.000781 0.781451
vt 0.979692 0.781451
vt 0.145247 0.718868
vt -0.000781 0.656284
vt 0.145247 0.656284
vt 0.979692 0.781451
vt -0.000781 0.718868
vt 0.979692 0.718868
vt 0.302823 0.718868
vt 0.156795 0.656284
vt 0.302823 0.656284
vt 1.000000 1.000000
vt 0.000000 0.851064
vt 1.000000 0.851064
vt 0.998987 0.652658
vt 0.001647 0.504118
vt 0.998987 0.504118
vt 0.000200 0.281378
vt 0.906075 0.297453
vt 0.906075 0.281378
vt 0.906387 0.330358
vt 0.000512 0.321630
vt 0.000512 0.330358
vt 0.905875 0.000000
vt 0.000000 0.012881
vt 0.905875 0.012881
vt 0.905875 0.012881
vt 0.000000 0.000000
vt 0.000000 0.012881
vt 0.000200 0.297453
vt 0.906075 0.281378
vt 0.000200 0.281378
vt 0.999050 0.342604
vt 0.939310 0.183297
vt 0.999050 0.183297
vt 0.999050 0.342604
vt 0.939310 0.183297
vt 0.999050 0.183297
vt 0.999050 0.342604
vt 0.939310 0.183297
vt 0.999050 0.183297
vt 0.999050 0.342604
vt 0.939310 0.183297
vt 0.999050 0.183297
vt 0.985655 0.179437
vt 0.939081 0.132863
vt 0.985655 0.132863
vt 0.999050 0.342604
vt 0.939310 0.183297
vt 0.939310 0.342604
vt 0.999050 0.342604
vt 0.939310 0.183297
vt 0.939310 0.342604
vt 0.999050 0.342604
vt 0.939310 0.183297
vt 0.939310 0.342604
vt 0.999050 0.342604
vt 0.939310 0.183297
vt 0.939310 0.342604
vt 0.985655 0.179437
vt 0.939081 0.132863
vt 0.939081 0.179437
vt 0.979692 0.844034
vt -0.000781 0.781451
vt 0.979692 0.781451
vt 0.145247 0.718868
vt -0.000781 0.656284
vt 0.145247 0.656284
vt 0.979692 0.781451
vt -0.000781 0.718868
vt 0.979692 0.718868
vt 0.302823 0.718868
vt 0.156795 0.656284
vt 0.302823 0.656284
vt 1.000000 1.000000
vt 0.000000 0.851064
vt 1.000000 0.851064
vt 0.998987 0.652658
vt 0.001647 0.504118
vt 0.998987 0.504118
vt 0.905753 0.156096
vt -0.000122 0.210448
vt 0.905753 0.210448
vt 0.000000 0.121202
vt 0.905875 0.093759
vt 0.000000 0.093759
vt 0.905875 0.089593
vt 0.000000 0.062150
vt 0.000000 0.089593
vt 0.906387 0.321630
vt 0.000512 0.312903
vt 0.000512 0.321630
vt 0.999050 0.342604
vt 0.939310 0.183297
vt 0.999050 0.183297
vt 0.999050 0.342604
vt 0.939310 0.183297
vt 0.999050 0.183297
vt 0.999050 0.342604
vt 0.939310 0.183297
vt 0.999050 0.183297
vt 0.999050 0.342604
vt 0.939310 0.183297
vt 0.999050 0.183297
vt 0.985655 0.179437
vt 0.939081 0.132863
vt 0.985655 0.132863
vt 0.999050 0.342604
vt 0.939310 0.183297
vt 0.939310 0.342604
vt 0.999050 0.342604
vt 0.939310 0.183297
vt 0.939310 0.342604
vt 0.999050 0.342604
vt 0.939310 0.183297
vt 0.939310 0.342604
vt 0.999050 0.342604
vt 0.939310 0.183297
vt 0.939310 0.342604
vt 0.985655 0.179437
vt 0.939081 0.132863
vt 0.939081 0.179437
vt 0.979692 0.844034
vt -0.000781 0.781451
vt 0.979692 0.781451
vt 0.145247 0.718868
vt -0.000781 0.656284
vt 0.145247 0.656284
vt 0.979692 0.781451
vt -0.000781 0.718868
vt 0.979692 0.718868
vt 0.302823 0.718868
vt 0.156795 0.656284
vt 0.302823 0.656284
vt 1.000000 1.000000
vt 0.000000 0.851064
vt 1.000000 0.851064
vt 0.998987 0.652658
vt 0.001647 0.504118
vt 0.998987 0.504118
vt 0.999050 0.342604
vt 0.939310 0.183297
vt 0.999050 0.183297
vt 0.999050 0.342604
vt 0.939310 0.183297
vt 0.999050 0.183297
vt 0.999050 0.342604
vt 0.939310 0.183297
vt 0.999050 0.183297
vt 0.999050 0.342604
vt 0.939310 0.183297
vt 0.999050 0.183297
vt 0.985655 0.179437
vt 0.939081 0.132863
vt 0.985655 0.132863
vt 0.999050 0.342604
vt 0.939310 0.183297
vt 0.939310 0.342604
vt 0.999050 0.342604
vt 0.939310 0.183297
vt 0.939310 0.342604
vt 0.999050 0.342604
vt 0.939310 0.183297
vt 0.939310 0.342604
vt 0.999050 0.342604
vt 0.939310 0.183297
vt 0.939310 0.342604
vt 0.985655 0.179437
vt 0.939081 0.132863
vt 0.939081 0.179437
vt 0.979692 0.844034
vt -0.000781 0.781451
vt 0.979692 0.781451
vt 0.145247 0.718868
vt -0.000781 0.656284
vt 0.145247 0.656284
vt 0.979692 0.781451
vt -0.000781 0.718868
vt 0.979692 0.718868
vt 0.302823 0.718868
vt 0.156795 0.656284
vt 0.302823 0.656284
vt 1.000000 1.000000
vt 0.000000 0.851064
vt 1.000000 0.851064
vt 0.998987 0.652658
vt 0.001647 0.504118
vt 0.998987 0.504118
vt 0.000200 0.219937
vt 0.906075 0.259595
vt 0.906075 0.219937
vt 0.999050 0.342604
vt 0.939310 0.183297
vt 0.999050 0.183297
vt 0.999050 0.342604
vt 0.939310 0.183297
vt 0.999050 0.183297
vt 0.999050 0.342604
vt 0.939310 0.183297
vt 0.999050 0.183297
vt 0.999050 0.342604
vt 0.939310 0.183297
vt 0.999050 0.183297
vt 0.985655 0.179437
vt 0.939081 0.132863
vt 0.985655 0.132863
vt 0.999050 0.342604
vt 0.939310 0.183297
vt 0.939310 0.342604
vt 0.999050 0.342604
vt 0.939310 0.183297
vt 0.939310 0.342604
vt 0.999050 0.342604
vt 0.939310 0.183297
vt 0.939310 0.342604
vt 0.999050 0.342604
vt 0.939310 0.183297
vt 0.939310 0.342604
vt 0.985655 0.179437
vt 0.939081 0.132863
vt 0.939081 0.179437
vt 0.979692 0.844034
vt -0.000781 0.781451
vt 0.979692 0.781451
vt 0.145247 0.718868
vt -0.000781 0.656284
vt 0.145247 0.656284
vt 0.979692 0.781451
vt -0.000781 0.718868
vt 0.979692 0.718868
vt 0.302823 0.718868
vt 0.156795 0.656284
vt 0.302823 0.656284
vt 1.000000 1.000000
vt 0.000000 0.851064
vt 1.000000 0.851064
vt 0.998987 0.652658
vt 0.001647 0.504118
vt 0.998987 0.504118
vt 0.905753 0.210448
vt -0.000122 0.156096
vt -0.000122 0.210448
vt 0.999050 0.342604
vt 0.939310 0.183297
vt 0.999050 0.183297
vt 0.999050 0.342604
vt 0.939310 0.183297
vt 0.999050 0.183297
vt 0.999050 0.342604
vt 0.939310 0.183297
vt 0.999050 0.183297
vt 0.999050 0.342604
vt 0.939310 0.183297
vt 0.999050 0.183297
vt 0.985655 0.179437
vt 0.939081 0.132863
vt 0.985655 0.132863
vt 0.999050 0.342604
vt 0.939310 0.183297
vt 0.939310 0.342604
vt 0.999050 0.342604
vt 0.939310 0.183297
vt 0.939310 0.342604
vt 0.999050 0.342604
vt 0.939310 0.183297
vt 0.939310 0.342604
vt 0.999050 0.342604
vt 0.939310 0.183297
vt 0.939310 0.342604
vt 0.985655 0.179437
vt 0.939081 0.132863
vt 0.939081 0.179437
vt 0.979692 0.844034
vt -0.000781 0.781451
vt 0.979692 0.781451
vt 0.145247 0.718868
vt -0.000781 0.656284
vt 0.145247 0.656284
vt 0.979692 0.781451
vt -0.000781 0.718868
vt 0.979692 0.718868
vt 0.302823 0.718868
vt 0.156795 0.656284
vt 0.302823 0.656284
vt 1.000000 1.000000
vt 0.000000 0.851064
vt 1.000000 0.851064
vt 0.998987 0.652658
vt 0.001647 0.504118
vt 0.998987 0.504118
vt 0.000200 0.259595
vt 0.906075 0.219937
vt 0.000200 0.219937
vt 0.999050 0.342604
vt 0.939310 0.183297
vt 0.999050 0.183297
vt 0.999050 0.342604
vt 0.939310 0.183297
vt 0.999050 0.183297
vt 0.999050 0.342604
vt 0.939310 0.183297
vt 0.999050 0.183297
vt 0.999050 0.342604
vt 0.939310 0.183297
vt 0.999050 0.183297
vt 0.985655 0.179437
vt 0.939081 0.132863
vt 0.985655 0.132863
vt 0.999050 0.342604
vt 0.939310 0.183297
vt 0.939310 0.342604
vt 0.999050 0.342604
vt 0.939310 0.183297
vt 0.939310 0.342604
vt 0.999050 0.342604
vt 0.939310 0.183297
vt 0.939310 0.342604
vt 0.999050 0.342604
vt 0.939310 0.183297
vt 0.939310 0.342604
vt 0.985655 0.179437
vt 0.939081 0.132863
vt 0.939081 0.179437
vt 0.979692 0.844034
vt -0.000781 0.781451
vt 0.979692 0.781451
vt 0.145247 0.718868
vt -0.000781 0.656284
vt 0.145247 0.656284
vt 0.979692 0.781451
vt -0.000781 0.718868
vt 0.979692 0.718868
vt 0.302823 0.718868
vt 0.156795 0.656284
vt 0.302823 0.656284
vt 1.000000 1.000000
vt 0.000000 0.851064
vt 1.000000 0.851064
vt 0.998987 0.652658
vt 0.001647 0.504118
vt 0.998987 0.504118
vt 0.905875 0.093759
vt 0.000000 0.121202
vt 0.905875 0.121202
vt 0.000000 0.089593
vt 0.905875 0.062150
vt 0.000000 0.062150
vt 0.999050 0.342604
vt 0.939310 0.183297
vt 0.999050 0.183297
vt 0.999050 0.342604
vt 0.939310 0.183297
vt 0.999050 0.183297
vt 0.999050 0.342604
vt 0.939310 0.183297
vt 0.999050 0.183297
vt 0.999050 0.342604
vt 0.939310 0.183297
vt 0.999050 0.183297
vt 0.985655 0.179437
vt 0.939081 0.132863
vt 0.985655 0.132863
vt 0.999050 0.342604
vt 0.939310 0.183297
vt 0.939310 0.342604
vt 0.999050 0.342604
vt 0.939310 0.183297
vt 0.939310 0.342604
vt 0.999050 0.342604
vt 0.939310 0.183297
vt 0.939310 0.342604
vt 0.999050 0.342604
vt 0.939310 0.183297
vt 0.939310 0.342604
vt 0.985655 0.179437
vt 0.939081 0.132863
vt 0.939081 0.179437
vt 0.979692 0.844034
vt -0.000781 0.781451
vt 0.979692 0.781451
vt 0.145247 0.718868
vt -0.000781 0.656284
vt 0.145247 0.656284
vt 0.979692 0.781451
vt -0.000781 0.718868
vt 0.979692 0.718868
vt 0.302823 0.718868
vt 0.156795 0.656284
vt 0.302823 0.656284
vt 1.000000 1.000000
vt 0.000000 0.851064
vt 1.000000 0.851064
vt 0.998987 0.652658
vt 0.001647 0.504118
vt 0.998987 0.504118
vt 0.000000 0.062150
vt 0.905875 0.048121
vt 0.000000 0.048121
vt 0.000000 0.062150
vt 0.905875 0.048121
vt 0.000000 0.048121
vt 0.999050 0.342604
vt 0.939310 0.183297
vt 0.999050 0.183297
vt 0.999050 0.342604
vt 0.939310 0.183297
vt 0.999050 0.183297
vt 0.999050 0.342604
vt 0.939310 0.183297
vt 0.999050 0.183297
vt 0.999050 0.342604
vt 0.939310 0.183297
vt 0.999050 0.183297
vt 0.985655 0.179437
vt 0.939081 0.132863
vt 0.985655 0.132863
vt 0.999050 0.342604
vt 0.939310 0.183297
vt 0.939310 0.342604
vt 0.999050 0.342604
vt 0.939310 0.183297
vt 0.939310 0.342604
vt 0.999050 0.342604
vt 0.939310 0.183297
vt 0.939310 0.342604
vt 0.999050 0.342604
vt 0.939310 0.183297
vt 0.939310 0.342604
vt 0.985655 0.179437
vt 0.939081 0.132863
vt 0.939081 0.179437
vt 0.979692 0.844034
vt -0.000781 0.781451
vt 0.979692 0.781451
vt 0.145247 0.718868
vt -0.000781 0.656284
vt 0.145247 0.656284
vt 0.979692 0.781451
vt -0.000781 0.718868
vt 0.979692 0.718868
vt 0.302823 0.718868
vt 0.156795 0.656284
vt 0.302823 0.656284
vt 1.000000 1.000000
vt 0.000000 0.851064
vt 1.000000 0.851064
vt 0.998987 0.652658
vt 0.001647 0.504118
vt 0.998987 0.504118
vt 0.000200 0.296828
vt 0.906075 0.312903
vt 0.906075 0.296828
vt 0.000000 0.034093
vt 0.905875 0.048121
vt 0.905875 0.034093
vt 0.999050 0.342604
vt 0.939310 0.183297
vt 0.999050 0.183297
vt 0.999050 0.342604
vt 0.939310 0.183297
vt 0.999050 0.183297
vt 0.999050 0.342604
vt 0.939310 0.183297
vt 0.999050 0.183297
vt 0.999050 0.342604
vt 0.939310 0.183297
vt 0.999050 0.183297
vt 0.985655 0.179437
vt 0.939081 0.132863
vt 0.985655 0.132863
vt 0.999050 0.342604
vt 0.939310 0.183297
vt 0.939310 0.342604
vt 0.999050 0.342604
vt 0.939310 0.183297
vt 0.939310 0.342604
vt 0.999050 0.342604
vt 0.939310 0.183297
vt 0.939310 0.342604
vt 0.999050 0.342604
vt 0.939310 0.183297
vt 0.939310 0.342604
vt 0.985655 0.179437
vt 0.939081 0.132863
vt 0.939081 0.179437
vt 0.979692 0.844034
vt -0.000781 0.781451
vt 0.979692 0.781451
vt 0.145247 0.718868
vt -0.000781 0.656284
vt 0.145247 0.656284
vt 0.979692 0.781451
vt -0.000781 0.718868
vt 0.979692 0.718868
vt 0.302823 0.718868
vt 0.156795 0.656284
vt 0.302823 0.656284
vt 1.000000 1.000000
vt 0.000000 0.851064
vt 1.000000 0.851064
vt 0.998987 0.652658
vt 0.001647 0.504118
vt 0.998987 0.504118
vt 0.000000 0.121202
vt 0.905875 0.093759
vt 0.000000 0.093759
vt 0.999050 0.342604
vt 0.939310 0.183297
vt 0.999050 0.183297
vt 0.999050 0.342604
vt 0.939310 0.183297
vt 0.999050 0.183297
vt 0.999050 0.342604
vt 0.939310 0.183297
vt 0.999050 0.183297
vt 0.999050 0.342604
vt 0.939310 0.183297
vt 0.999050 0.183297
vt 0.985655 0.179437
vt 0.939081 0.132863
vt 0.985655 0.132863
vt 0.999050 0.342604
vt 0.939310 0.183297
vt 0.939310 0.342604
vt 0.999050 0.342604
vt 0.939310 0.183297
vt 0.939310 0.342604
vt 0.999050 0.342604
vt 0.939310 0.183297
vt 0.939310 0.342604
vt 0.999050 0.342604
vt 0.939310 0.183297
vt 0.939310 0.342604
vt 0.985655 0.179437
vt 0.939081 0.132863
vt 0.939081 0.179437
vt 0.979692 0.844034
vt -0.000781 0.781451
vt 0.979692 0.781451
vt 0.145247 0.718868
vt -0.000781 0.656284
vt 0.145247 0.656284
vt 0.979692 0.781451
vt -0.000781 0.718868
vt 0.979692 0.718868
vt 0.302823 0.718868
vt 0.156795 0.656284
vt 0.302823 0.656284
vt 1.000000 1.000000
vt 0.000000 0.851064
vt 1.000000 0.851064
vt 0.998987 0.652658
vt 0.001647 0.504118
vt 0.998987 0.504118
vt 0.906387 0.321630
vt 0.000512 0.312903
vt 0.000512 0.321630
vt 0.905875 0.089593
vt 0.000000 0.062150
vt 0.000000 0.089593
vt 0.906387 0.330358
vt 0.000512 0.321630
vt 0.000512 0.330358
vt 0.999050 0.342604
vt 0.939310 0.183297
vt 0.999050 0.183297
vt 0.999050 0.342604
vt 0.939310 0.183297
vt 0.999050 0.183297
vt 0.999050 0.342604
vt 0.939310 0.183297
vt 0.999050 0.183297
vt 0.999050 0.342604
vt 0.939310 0.183297
vt 0.999050 0.183297
vt 0.985655 0.179437
vt 0.939081 0.132863
vt 0.985655 0.132863
vt 0.999050 0.342604
vt 0.939310 0.183297
vt 0.939310 0.342604
vt 0.999050 0.342604
vt 0.939310 0.183297
vt 0.939310 0.342604
vt 0.999050 0.342604
vt 0.939310 0.183297
vt 0.939310 0.342604
vt 0.999050 0.342604
vt 0.939310 0.183297
vt 0.939310 0.342604
vt 0.985655 0.179437
vt 0.939081 0.132863
vt 0.939081 0.179437
vt 0.979692 0.844034
vt -0.000781 0.781451
vt 0.979692 0.781451
vt 0.145247 0.718868
vt -0.000781 0.656284
vt 0.145247 0.656284
vt 0.979692 0.781451
vt -0.000781 0.718868
vt 0.979692 0.718868
vt 0.302823 0.718868
vt 0.156795 0.656284
vt 0.302823 0.656284
vt 1.000000 1.000000
vt 0.000000 0.851064
vt 1.000000 0.851064
vt 0.998987 0.652658
vt 0.001647 0.504118
vt 0.998987 0.504118
vt 0.905875 0.048121
vt 0.000000 0.062150
vt 0.905875 0.062150
vt 0.000000 0.048121
vt 0.905875 0.062150
vt 0.905875 0.048121
vt 0.000000 0.034093
vt 0.905875 0.048121
vt 0.905875 0.034093
vt 0.999050 0.342604
vt 0.939310 0.183297
vt 0.999050 0.183297
vt 0.999050 0.342604
vt 0.939310 0.183297
vt 0.999050 0.183297
vt 0.999050 0.342604
vt 0.939310 0.183297
vt 0.999050 0.183297
vt 0.999050 0.342604
vt 0.939310 0.183297
vt 0.999050 0.183297
vt 0.985655 0.179437
vt 0.939081 0.132863
vt 0.985655 0.132863
vt 0.999050 0.342604
vt 0.939310 0.183297
vt 0.939310 0.342604
vt 0.999050 0.342604
vt 0.939310 0.183297
vt 0.939310 0.342604
vt 0.999050 0.342604
vt 0.939310 0.183297
vt 0.939310 0.342604
vt 0.999050 0.342604
vt 0.939310 0.183297
vt 0.939310 0.342604
vt 0.985655 0.179437
vt 0.939081 0.132863
vt 0.939081 0.179437
vt 0.979692 0.844034
vt -0.000781 0.781451
vt 0.979692 0.781451
vt 0.145247 0.718868
vt -0.000781 0.656284
vt 0.145247 0.656284
vt 0.979692 0.781451
vt -0.000781 0.718868
vt 0.979692 0.718868
vt 0.302823 0.718868
vt 0.156795 0.656284
vt 0.302823 0.656284
vt 1.000000 1.000000
vt 0.000000 0.851064
vt 1.000000 0.851064
vt 0.998987 0.652658
vt 0.001647 0.504118
vt 0.998987 0.504118
vt 0.000000 0.034093
vt 0.905875 0.048121
vt 0.905875 0.034093
vt 0.000000 0.034093
vt 0.905875 0.048121
vt 0.905875 0.034093
vt 0.905875 0.089593
vt 0.000000 0.062150
vt 0.000000 0.089593
vt 0.905753 0.210448
vt -0.000122 0.156096
vt -0.000122 0.210448
vt 0.000200 0.281378
vt 0.906075 0.297453
vt 0.906075 0.281378
vt 0.905875 0.000000
vt 0.000000 0.012881
vt 0.905875 0.012881
vt 0.999050 0.342604
vt 0.939310 0.183297
vt 0.999050 0.183297
vt 0.999050 0.342604
vt 0.939310 0.183297
vt 0.999050 0.183297
vt 0.999050 0.342604
vt 0.939310 0.183297
vt 0.999050 0.183297
vt 0.999050 0.342604
vt 0.939310 0.183297
vt 0.999050 0.183297
vt 0.985655 0.179437
vt 0.939081 0.132863
vt 0.985655 0.132863
vt 0.999050 0.342604
vt 0.939310 0.183297
vt 0.939310 0.342604
vt 0.999050 0.342604
vt 0.939310 0.183297
vt 0.939310 0.342604
vt 0.999050 0.342604
vt 0.939310 0.183297
vt 0.939310 0.342604
vt 0.999050 0.342604
vt 0.939310 0.183297
vt 0.939310 0.342604
vt 0.985655 0.179437
vt 0.939081 0.132863
vt 0.939081 0.179437
vt 0.979692 0.844034
vt -0.000781 0.781451
vt 0.979692 0.781451
vt 0.145247 0.718868
vt -0.000781 0.656284
vt 0.145247 0.656284
vt 0.979692 0.781451
vt -0.000781 0.718868
vt 0.979692 0.718868
vt 0.302823 0.718868
vt 0.156795 0.656284
vt 0.302823 0.656284
vt 1.000000 1.000000
vt 0.000000 0.851064
vt 1.000000 0.851064
vt 0.998987 0.652658
vt 0.001647 0.504118
vt 0.998987 0.504118
vt 0.000200 0.312903
vt 0.906075 0.296828
vt 0.000200 0.296828
vt 0.999050 0.342604
vt 0.939310 0.183297
vt 0.999050 0.183297
vt 0.999050 0.342604
vt 0.939310 0.183297
vt 0.999050 0.183297
vt 0.999050 0.342604
vt 0.939310 0.183297
vt 0.999050 0.183297
vt 0.999050 0.342604
vt 0.939310 0.183297
vt 0.999050 0.183297
vt 0.985655 0.179437
vt 0.939081 0.132863
vt 0.985655 0.132863
vt 0.999050 0.342604
vt 0.939310 0.183297
vt 0.939310 0.342604
vt 0.999050 0.342604
vt 0.939310 0.183297
vt 0.939310 0.342604
vt 0.999050 0.342604
vt 0.939310 0.183297
vt 0.939310 0.342604
vt 0.999050 0.342604
vt 0.939310 0.183297
vt 0.939310 0.342604
vt 0.985655 0.179437
vt 0.939081 0.132863
vt 0.939081 0.179437
vt 0.979692 0.844034
vt -0.000781 0.781451
vt 0.979692 0.781451
vt 0.145247 0.718868
vt -0.000781 0.656284
vt 0.145247 0.656284
vt 0.979692 0.781451
vt -0.000781 0.718868
vt 0.979692 0.718868
vt 0.302823 0.718868
vt 0.156795 0.656284
vt 0.302823 0.656284
vt 1.000000 1.000000
vt 0.000000 0.851064
vt 1.000000 0.851064
vt 0.998987 0.652658
vt 0.001647 0.504118
vt 0.998987 0.504118
vt 0.000000 0.048121
vt 0.905875 0.034093
vt 0.000000 0.034093
vt 0.905875 0.093759
vt 0.000000 0.121202
vt 0.905875 0.121202
vt 0.906387 0.330358
vt 0.000512 0.321630
vt 0.000512 0.330358
vt 0.905875 0.062150
vt 0.000000 0.089593
vt 0.905875 0.089593
vt 0.999050 0.342604
vt 0.939310 0.183297
vt 0.999050 0.183297
vt 0.999050 0.342604
vt 0.939310 0.183297
vt 0.999050 0.183297
vt 0.999050 0.342604
vt 0.939310 0.183297
vt 0.999050 0.183297
vt 0.999050 0.342604
vt 0.939310 0.183297
vt 0.999050 0.183297
vt 0.985655 0.179437
vt 0.939081 0.132863
vt 0.985655 0.132863
vt 0.999050 0.342604
vt 0.939310 0.183297
vt 0.939310 0.342604
vt 0.999050 0.342604
vt 0.939310 0.183297
vt 0.939310 0.342604
vt 0.999050 0.342604
vt 0.939310 0.183297
vt 0.939310 0.342604
vt 0.999050 0.342604
vt 0.939310 0.183297
vt 0.939310 0.342604
vt 0.985655 0.179437
vt 0.939081 0.132863
vt 0.939081 0.179437
vt 0.979692 0.844034
vt -0.000781 0.781451
vt 0.979692 0.781451
vt 0.145247 0.718868
vt -0.000781 0.656284
vt 0.145247 0.656284
vt 0.979692 0.781451
vt -0.000781 0.718868
vt 0.979692 0.718868
vt 0.302823 0.718868
vt 0.156795 0.656284
vt 0.302823 0.656284
vt 1.000000 1.000000
vt 0.000000 0.851064
vt 1.000000 0.851064
vt 0.998987 0.652658
vt 0.001647 0.504118
vt 0.998987 0.504118
vt 0.000200 0.259595
vt 0.906075 0.219937
vt 0.000200 0.219937
vt 0.999050 0.342604
vt 0.939310 0.183297
vt 0.999050 0.183297
vt 0.999050 0.342604
vt 0.939310 0.183297
vt 0.999050 0.183297
vt 0.999050 0.342604
vt 0.939310 0.183297
vt 0.999050 0.183297
vt 0.999050 0.342604
vt 0.939310 0.183297
vt 0.999050 0.183297
vt 0.985655 0.179437
vt 0.939081 0.132863
vt 0.985655 0.132863
vt 0.999050 0.342604
vt 0.939310 0.183297
vt 0.939310 0.342604
vt 0.999050 0.342604
vt 0.939310 0.183297
vt 0.939310 0.342604
vt 0.999050 0.342604
vt 0.939310 0.183297
vt 0.939310 0.342604
vt 0.999050 0.342604
vt 0.939310 0.183297
vt 0.939310 0.342604
vt 0.985655 0.179437
vt 0.939081 0.132863
vt 0.939081 0.179437
vt 0.979692 0.844034
vt -0.000781 0.781451
vt 0.979692 0.781451
vt 0.145247 0.718868
vt -0.000781 0.656284
vt 0.145247 0.656284
vt 0.979692 0.781451
vt -0.000781 0.718868
vt 0.979692 0.718868
vt 0.302823 0.718868
vt 0.156795 0.656284
vt 0.302823 0.656284
vt 1.000000 1.000000
vt 0.000000 0.851064
vt 1.000000 0.851064
vt 0.998987 0.652658
vt 0.001647 0.504118
vt 0.998987 0.504118
vt 0.000000 0.062150
vt 0.905875 0.048121
vt 0.000000 0.048121
vt 0.000000 0.034093
vt 0.905875 0.048121
vt 0.905875 0.034093
vt 0.905875 0.093759
vt 0.000000 0.121202
vt 0.905875 0.121202
vt 0.906387 0.321630
vt 0.000512 0.312903
vt 0.000512 0.321630
vt 0.905875 0.089593
vt 0.000000 0.062150
vt 0.000000 0.089593
vt 0.000000 0.025761
vt 0.905875 0.012881
vt 0.000000 0.012881
vt 0.906387 0.321630
vt 0.000512 0.312903
vt 0.000512 0.321630
vt 0.999050 0.342604
vt 0.939310 0.183297
vt 0.999050 0.183297
vt 0.999050 0.342604
vt 0.939310 0.183297
vt 0.999050 0.183297
vt 0.999050 0.342604
vt 0.939310 0.183297
vt 0.999050 0.183297
vt 0.999050 0.342604
vt 0.939310 0.183297
vt 0.999050 0.183297
vt 0.985655 0.179437
vt 0.939081 0.132863
vt 0.985655 0.132863
vt 0.999050 0.342604
vt 0.939310 0.183297
vt 0.939310 0.342604
vt 0.999050 0.342604
vt 0.939310 0.183297
vt 0.939310 0.342604
vt 0.999050 0.342604
vt 0.939310 0.183297
vt 0.939310 0.342604
vt 0.999050 0.342604
vt 0.939310 0.183297
vt 0.939310 0.342604
vt 0.985655 0.179437
vt 0.939081 0.132863
vt 0.939081 0.179437
vt 0.979692 0.844034
vt -0.000781 0.781451
vt 0.979692 0.781451
vt 0.145247 0.718868
vt -0.000781 0.656284
vt 0.145247 0.656284
vt 0.979692 0.781451
vt -0.000781 0.718868
vt 0.979692 0.718868
vt 0.302823 0.718868
vt 0.156795 0.656284
vt 0.302823 0.656284
vt 1.000000 1.000000
vt 0.000000 0.851064
vt 1.000000 0.851064
vt 0.998987 0.652658
vt 0.001647 0.504118
vt 0.998987 0.504118
vt 0.999050 0.342604
vt 0.939310 0.183297
vt 0.999050 0.183297
vt 0.999050 0.342604
vt 0.939310 0.183297
vt 0.999050 0.183297
vt 0.999050 0.342604
vt 0.939310 0.183297
vt 0.999050 0.183297
vt 0.999050 0.342604
vt 0.939310 0.183297
vt 0.999050 0.183297
vt 0.985655 0.179437
vt 0.939081 0.132863
vt 0.985655 0.132863
vt 0.999050 0.342604
vt 0.939310 0.183297
vt 0.939310 0.342604
vt 0.999050 0.342604
vt 0.939310 0.183297
vt 0.939310 0.342604
vt 0.999050 0.342604
vt 0.939310 0.183297
vt 0.939310 0.342604
vt 0.999050 0.342604
vt 0.939310 0.183297
vt 0.939310 0.342604
vt 0.985655 0.179437
vt 0.939081 0.132863
vt 0.939081 0.179437
vt 0.979692 0.844034
vt -0.000781 0.781451
vt 0.979692 0.781451
vt 0.145247 0.718868
vt -0.000781 0.656284
vt 0.145247 0.656284
vt 0.979692 0.781451
vt -0.000781 0.718868
vt 0.979692 0.718868
vt 0.302823 0.718868
vt 0.156795 0.656284
vt 0.302823 0.656284
vt 1.000000 1.000000
vt 0.000000 0.851064
vt 1.000000 0.851064
vt 0.998987 0.652658
vt 0.001647 0.504118
vt 0.998987 0.504118
vt 0.000000 0.025761
vt 0.905875 0.012881
vt 0.000000 0.012881
vt 0.999050 0.342604
vt 0.939310 0.183297
vt 0.999050 0.183297
vt 0.999050 0.342604
vt 0.939310 0.183297
vt 0.999050 0.183297
vt 0.999050 0.342604
vt 0.939310 0.183297
vt 0.999050 0.183297
vt 0.999050 0.342604
vt 0.939310 0.183297
vt 0.999050 0.183297
vt 0.985655 0.179437
vt 0.939081 0.132863
vt 0.985655 0.132863
vt 0.999050 0.342604
vt 0.939310 0.183297
vt 0.939310 0.342604
vt 0.999050 0.342604
vt 0.939310 0.183297
vt 0.939310 0.342604
vt 0.999050 0.342604
vt 0.939310 0.183297
vt 0.939310 0.342604
vt 0.999050 0.342604
vt 0.939310 0.183297
vt 0.939310 0.342604
vt 0.985655 0.179437
vt 0.939081 0.132863
vt 0.939081 0.179437
vt 0.979692 0.844034
vt -0.000781 0.781451
vt 0.979692 0.781451
vt 0.145247 0.718868
vt -0.000781 0.656284
vt 0.145247 0.656284
vt 0.979692 0.781451
vt -0.000781 0.718868
vt 0.979692 0.718868
vt 0.302823 0.718868
vt 0.156795 0.656284
vt 0.302823 0.656284
vt 1.000000 1.000000
vt 0.000000 0.851064
vt 1.000000 0.851064
vt 0.998987 0.652658
vt 0.001647 0.504118
vt 0.998987 0.504118
vt 0.905875 0.012881
vt 0.000000 0.000000
vt 0.000000 0.012881
vt 0.000200 0.296828
vt 0.906075 0.312903
vt 0.906075 0.296828
vt 0.999050 0.342604
vt 0.939310 0.183297
vt 0.999050 0.183297
vt 0.999050 0.342604
vt 0.939310 0.183297
vt 0.999050 0.183297
vt 0.999050 0.342604
vt 0.939310 0.183297
vt 0.999050 0.183297
vt 0.999050 0.342604
vt 0.939310 0.183297
vt 0.999050 0.183297
vt 0.985655 0.179437
vt 0.939081 0.132863
vt 0.985655 0.132863
vt 0.999050 0.342604
vt 0.939310 0.183297
vt 0.939310 0.342604
vt 0.999050 0.342604
vt 0.939310 0.183297
vt 0.939310 0.342604
vt 0.999050 0.342604
vt 0.939310 0.183297
vt 0.939310 0.342604
vt 0.999050 0.342604
vt 0.939310 0.183297
vt 0.939310 0.342604
vt 0.985655 0.179437
vt 0.939081 0.132863
vt 0.939081 0.179437
vt 0.979692 0.844034
vt -0.000781 0.781451
vt 0.979692 0.781451
vt 0.145247 0.718868
vt -0.000781 0.656284
vt 0.145247 0.656284
vt 0.979692 0.781451
vt -0.000781 0.718868
vt 0.979692 0.718868
vt 0.302823 0.718868
vt 0.156795 0.656284
vt 0.302823 0.656284
vt 1.000000 1.000000
vt 0.000000 0.851064
vt 1.000000 0.851064
vt 0.998987 0.652658
vt 0.001647 0.504118
vt 0.998987 0.504118
vt 0.000000 0.062150
vt 0.905875 0.048121
vt 0.000000 0.048121
vt 0.906387 0.330358
vt 0.000512 0.321630
vt 0.000512 0.330358
vt 0.000200 0.219937
vt 0.906075 0.259595
vt 0.906075 0.219937
vt 0.999050 0.342604
vt 0.939310 0.183297
vt 0.999050 0.183297
vt 0.999050 0.342604
vt 0.939310 0.183297
vt 0.999050 0.183297
vt 0.999050 0.342604
vt 0.939310 0.183297
vt 0.999050 0.183297
vt 0.999050 0.342604
vt 0.939310 0.183297
vt 0.999050 0.183297
vt 0.985655 0.179437
vt 0.939081 0.132863
vt 0.985655 0.132863
vt 0.999050 0.342604
vt 0.939310 0.183297
vt 0.939310 0.342604
vt 0.999050 0.342604
vt 0.939310 0.183297
vt 0.939310 0.342604
vt 0.999050 0.342604
vt 0.939310 0.183297
vt 0.939310 0.342604
vt 0.999050 0.342604
vt 0.939310 0.183297
vt 0.939310 0.342604
vt 0.985655 0.179437
vt 0.939081 0.132863
vt 0.939081 0.179437
vt 0.979692 0.844034
vt -0.000781 0.781451
vt 0.979692 0.781451
vt 0.145247 0.718868
vt -0.000781 0.656284
vt 0.145247 0.656284
vt 0.979692 0.781451
vt -0.000781 0.718868
vt 0.979692 0.718868
vt 0.302823 0.718868
vt 0.156795 0.656284
vt 0.302823 0.656284
vt 1.000000 1.000000
vt 0.000000 0.851064
vt 1.000000 0.851064
vt 0.998987 0.652658
vt 0.001647 0.504118
vt 0.998987 0.504118
vt 0.905875 0.025761
vt 0.000000 0.012881
vt 0.000000 0.025761
vt 0.000200 0.219937
vt 0.906075 0.259595
vt 0.906075 0.219937
vt 0.000000 0.121202
vt 0.905875 0.093759
vt 0.000000 0.093759
vt 0.999050 0.342604
vt 0.939310 0.183297
vt 0.999050 0.183297
vt 0.999050 0.342604
vt 0.939310 0.183297
vt 0.999050 0.183297
vt 0.999050 0.342604
vt 0.939310 0.183297
vt 0.999050 0.183297
vt 0.999050 0.342604
vt 0.939310 0.183297
vt 0.999050 0.183297
vt 0.985655 0.179437
vt 0.939081 0.132863
vt 0.985655 0.132863
vt 0.999050 0.342604
vt 0.939310 0.183297
vt 0.939310 0.342604
vt 0.999050 0.342604
vt 0.939310 0.183297
vt 0.939310 0.342604
vt 0.999050 0.342604
vt 0.939310 0.183297
vt 0.939310 0.342604
vt 0.999050 0.342604
vt 0.939310 0.183297
vt 0.939310 0.342604
vt 0.985655 0.179437
vt 0.939081 0.132863
vt 0.939081 0.179437
vt 0.979692 0.844034
vt -0.000781 0.781451
vt 0.979692 0.781451
vt 0.145247 0.718868
vt -0.000781 0.656284
vt 0.145247 0.656284
vt 0.979692 0.781451
vt -0.000781 0.718868
vt 0.979692 0.718868
vt 0.302823 0.718868
vt 0.156795 0.656284
vt 0.302823 0.656284
vt 1.000000 1.000000
vt 0.000000 0.851064
vt 1.000000 0.851064
vt 0.998987 0.652658
vt 0.001647 0.504118
vt 0.998987 0.504118
vt 0.905875 0.000000
vt 0.000000 0.012881
vt 0.905875 0.012881
vt 0.905875 0.089593
vt 0.000000 0.062150
vt 0.000000 0.089593
vt 0.906387 0.330358
vt 0.000512 0.321630
vt 0.000512 0.330358
vt 0.999050 0.342604
vt 0.939310 0.183297
vt 0.999050 0.183297
vt 0.999050 0.342604
vt 0.939310 0.183297
vt 0.999050 0.183297
vt 0.999050 0.342604
vt 0.939310 0.183297
vt 0.999050 0.183297
vt 0.999050 0.342604
vt 0.939310 0.183297
vt 0.999050 0.183297
vt 0.985655 0.179437
vt 0.939081 0.132863
vt 0.985655 0.132863
vt 0.999050 0.342604
vt 0.939310 0.183297
vt 0.939310 0.342604
vt 0.999050 0.342604
vt 0.939310 0.183297
vt 0.939310 0.342604
vt 0.999050 0.342604
vt 0.939310 0.183297
vt 0.939310 0.342604
vt 0.999050 0.342604
vt 0.939310 0.183297
vt 0.939310 0.342604
vt 0.985655 0.179437
vt 0.939081 0.132863
vt 0.939081 0.179437
vt 0.979692 0.844034
vt -0.000781 0.781451
vt 0.979692 0.781451
vt 0.145247 0.718868
vt -0.000781 0.656284
vt 0.145247 0.656284
vt 0.979692 0.781451
vt -0.000781 0.718868
vt 0.979692 0.718868
vt 0.302823 0.718868
vt 0.156795 0.656284
vt 0.302823 0.656284
vt 1.000000 1.000000
vt 0.000000 0.851064
vt 1.000000 0.851064
vt 0.998987 0.652658
vt 0.001647 0.504118
vt 0.998987 0.504118
vt 0.000200 0.281378
vt 0.906075 0.297453
vt 0.906075 0.281378
vt 0.000200 0.281378
vt 0.906075 0.297453
vt 0.906075 0.281378
vt 0.000200 0.296828
vt 0.906075 0.312903
vt 0.906075 0.296828
vt 0.999050 0.342604
vt 0.939310 0.183297
vt 0.999050 0.183297
vt 0.999050 0.342604
vt 0.939310 0.183297
vt 0.999050 0.183297
vt 0.999050 0.342604
vt 0.939310 0.183297
vt 0.999050 0.183297
vt 0.999050 0.342604
vt 0.939310 0.183297
vt 0.999050 0.183297
vt 0.985655 0.179437
vt 0.939081 0.132863
vt 0.985655 0.132863
vt 0.999050 0.342604
vt 0.939310 0.183297
vt 0.939310 0.342604
vt 0.999050 0.342604
vt 0.939310 0.183297
vt 0.939310 0.342604
vt 0.999050 0.342604
vt 0.939310 0.183297
vt 0.939310 0.342604
vt 0.999050 0.342604
vt 0.939310 0.183297
vt 0.939310 0.342604
vt 0.985655 0.179437
vt 0.939081 0.132863
vt 0.939081 0.179437
vt 0.979692 0.844034
vt -0.000781 0.781451
vt 0.979692 0.781451
vt 0.145247 0.718868
vt -0.000781 0.656284
vt 0.145247 0.656284
vt 0.979692 0.781451
vt -0.000781 0.718868
vt 0.979692 0.718868
vt 0.302823 0.718868
vt 0.156795 0.656284
vt 0.302823 0.656284
vt 1.000000 1.000000
vt 0.000000 0.851064
vt 1.000000 0.851064
vt 0.998987 0.652658
vt 0.001647 0.504118
vt 0.998987 0.504118
vt 0.000000 0.012881
vt 0.905875 0.000000
vt 0.000000 0.000000
vt 0.905875 0.012881
vt 0.000000 0.025761
vt 0.905875 0.025761
vt 0.905875 0.012881
vt 0.000000 0.025761
vt 0.905875 0.025761
vt 0.999050 0.342604
vt 0.939310 0.183297
vt 0.999050 0.183297
vt 0.999050 0.342604
vt 0.939310 0.183297
vt 0.999050 0.183297
vt 0.999050 0.342604
vt 0.939310 0.183297
vt 0.999050 0.183297
vt 0.999050 0.342604
vt 0.939310 0.183297
vt 0.999050 0.183297
vt 0.985655 0.179437
vt 0.939081 0.132863
vt 0.985655 0.132863
vt 0.999050 0.342604
vt 0.939310 0.183297
vt 0.939310 0.342604
vt 0.999050 0.342604
vt 0.939310 0.183297
vt 0.939310 0.342604
vt 0.999050 0.342604
vt 0.939310 0.183297
vt 0.939310 0.342604
vt 0.999050 0.342604
vt 0.939310 0.183297
vt 0.939310 0.342604
vt 0.985655 0.179437
vt 0.939081 0.132863
vt 0.939081 0.179437
vt 0.979692 0.844034
vt -0.000781 0.781451
vt 0.979692 0.781451
vt 0.145247 0.718868
vt -0.000781 0.656284
vt 0.145247 0.656284
vt 0.979692 0.781451
vt -0.000781 0.718868
vt 0.979692 0.718868
vt 0.302823 0.718868
vt 0.156795 0.656284
vt 0.302823 0.656284
vt 1.000000 1.000000
vt 0.000000 0.851064
vt 1.000000 0.851064
vt 0.998987 0.652658
vt 0.001647 0.504118
vt 0.998987 0.504118
vt 0.905875 0.089593
vt 0.000000 0.062150
vt 0.000000 0.089593
vt 0.905875 0.089593
vt 0.000000 0.062150
vt 0.000000 0.089593
vt 0.999050 0.342604
vt 0.939310 0.183297
vt 0.999050 0.183297
vt 0.999050 0.342604
vt 0.939310 0.183297
vt 0.999050 0.183297
vt 0.999050 0.342604
vt 0.939310 0.183297
vt 0.999050 0.183297
vt 0.999050 0.342604
vt 0.939310 0.183297
vt 0.999050 0.183297
vt 0.985655 0.179437
vt 0.939081 0.132863
vt 0.985655 0.132863
vt 0.999050 0.342604
vt 0.939310 0.183297
vt 0.939310 0.342604
vt 0.999050 0.342604
vt 0.939310 0.183297
vt 0.939310 0.342604
vt 0.999050 0.342604
vt 0.939310 0.183297
vt 0.939310 0.342604
vt 0.999050 0.342604
vt 0.939310 0.183297
vt 0.939310 0.342604
vt 0.985655 0.179437
vt 0.939081 0.132863
vt 0.939081 0.179437
vt 0.979692 0.844034
vt -0.000781 0.781451
vt 0.979692 0.781451
vt 0.145247 0.718868
vt -0.000781 0.656284
vt 0.145247 0.656284
vt 0.979692 0.781451
vt -0.000781 0.718868
vt 0.979692 0.718868
vt 0.302823 0.718868
vt 0.156795 0.656284
vt 0.302823 0.656284
vt 1.000000 1.000000
vt 0.000000 0.851064
vt 1.000000 0.851064
vt 0.998987 0.652658
vt 0.001647 0.504118
vt 0.998987 0.504118
vt 0.905875 0.012881
vt 0.000000 0.000000
vt 0.000000 0.012881
vt 0.905875 0.012881
vt 0.000000 0.000000
vt 0.000000 0.012881
vt 0.905875 0.093759
vt 0.000000 0.121202
vt 0.905875 0.121202
vt 0.905875 0.025761
vt 0.000000 0.012881
vt 0.000000 0.025761
vt 0.999050 0.342604
vt 0.939310 0.183297
vt 0.999050 0.183297
vt 0.999050 0.342604
vt 0.939310 0.183297
vt 0.999050 0.183297
vt 0.999050 0.342604
vt 0.939310 0.183297
vt 0.999050 0.183297
vt 0.999050 0.342604
vt 0.939310 0.183297
vt 0.999050 0.183297
vt 0.985655 0.179437
vt 0.939081 0.132863
vt 0.985655 0.132863
vt 0.999050 0.342604
vt 0.939310 0.183297
vt 0.939310 0.342604
vt 0.999050 0.342604
vt 0.939310 0.183297
vt 0.939310 0.342604
vt 0.999050 0.342604
vt 0.939310 0.183297
vt 0.939310 0.342604
vt 0.999050 0.342604
vt 0.939310 0.183297
vt 0.939310 0.342604
vt 0.985655 0.179437
vt 0.939081 0.132863
vt 0.939081 0.179437
vt 0.979692 0.844034
vt -0.000781 0.781451
vt 0.979692 0.781451
vt 0.145247 0.718868
vt -0.000781 0.656284
vt 0.145247 0.656284
vt 0.979692 0.781451
vt -0.000781 0.718868
vt 0.979692 0.718868
vt 0.302823 0.718868
vt 0.156795 0.656284
vt 0.302823 0.656284
vt 1.000000 1.000000
vt 0.000000 0.851064
vt 1.000000 0.851064
vt 0.998987 0.652658
vt 0.001647 0.504118
vt 0.998987 0.504118
vt 0.000200 0.281378
vt 0.906075 0.297453
vt 0.906075 0.281378
vt 0.000200 0.259595
vt 0.906075 0.219937
vt 0.000200 0.219937
vt 0.000000 0.048121
vt 0.905875 0.062150
vt 0.905875 0.048121
vt 0.000000 0.062150
vt 0.905875 0.048121
vt 0.000000 0.048121
vt 0.999050 0.342604
vt 0.939310 0.183297
vt 0.999050 0.183297
vt 0.999050 0.342604
vt 0.939310 0.183297
vt 0.999050 0.183297
vt 0.999050 0.342604
vt 0.939310 0.183297
vt 0.999050 0.183297
vt 0.999050 0.342604
vt 0.939310 0.183297
vt 0.999050 0.183297
vt 0.985655 0.179437
vt 0.939081 0.132863
vt 0.985655 0.132863
vt 0.999050 0.342604
vt 0.939310 0.183297
vt 0.939310 0.342604
vt 0.999050 0.342604
vt 0.939310 0.183297
vt 0.939310 0.342604
vt 0.999050 0.342604
vt 0.939310 0.183297
vt 0.939310 0.342604
vt 0.999050 0.342604
vt 0.939310 0.183297
vt 0.939310 0.342604
vt 0.985655 0.179437
vt 0.939081 0.132863
vt 0.939081 0.179437
vt 0.979692 0.844034
vt -0.000781 0.781451
vt 0.979692 0.781451
vt 0.145247 0.718868
vt -0.000781 0.656284
vt 0.145247 0.656284
vt 0.979692 0.781451
vt -0.000781 0.718868
vt 0.979692 0.718868
vt 0.302823 0.718868
vt 0.156795 0.656284
vt 0.302823 0.656284
vt 1.000000 1.000000
vt 0.000000 0.851064
vt 1.000000 0.851064
vt 0.998987 0.652658
vt 0.001647 0.504118
vt 0.998987 0.504118
vt 0.000000 0.034093
vt 0.905875 0.048121
vt 0.905875 0.034093
vt 0.905875 0.093759
vt 0.000000 0.121202
vt 0.905875 0.121202
vt 0.000000 0.048121
vt 0.905875 0.062150
vt 0.905875 0.048121
vt 0.905875 0.089593
vt 0.000000 0.062150
vt 0.000000 0.089593
vt 0.999050 0.342604
vt 0.939310 0.183297
vt 0.999050 0.183297
vt 0.999050 0.342604
vt 0.939310 0.183297
vt 0.999050 0.183297
vt 0.999050 0.342604
vt 0.939310 0.183297
vt 0.999050 0.183297
vt 0.999050 0.342604
vt 0.939310 0.183297
vt 0.999050 0.183297
vt 0.985655 0.179437
vt 0.939081 0.132863
vt 0.985655 0.132863
vt 0.999050 0.342604
vt 0.939310 0.183297
vt 0.939310 0.342604
vt 0.999050 0.342604
vt 0.939310 0.183297
vt 0.939310 0.342604
vt 0.999050 0.342604
vt 0.939310 0.183297
vt 0.939310 0.342604
vt 0.999050 0.342604
vt 0.939310 0.183297
vt 0.939310 0.342604
vt 0.985655 0.179437
vt 0.939081 0.132863
vt 0.939081 0.179437
vt 0.979692 0.844034
vt -0.000781 0.781451
vt 0.979692 0.781451
vt 0.145247 0.718868
vt -0.000781 0.656284
vt 0.145247 0.656284
vt 0.979692 0.781451
vt -0.000781 0.718868
vt 0.979692 0.718868
vt 0.302823 0.718868
vt 0.156795 0.656284
vt 0.302823 0.656284
vt 1.000000 1.000000
vt 0.000000 0.851064
vt 1.000000 0.851064
vt 0.998987 0.652658
vt 0.001647 0.504118
vt 0.998987 0.504118
vt 0.000000 0.048121
vt 0.905875 0.062150
vt 0.905875 0.048121
vt 0.999050 0.342604
vt 0.939310 0.183297
vt 0.999050 0.183297
vt 0.999050 0.342604
vt 0.939310 0.183297
vt 0.999050 0.183297
vt 0.999050 0.342604
vt 0.939310 0.183297
vt 0.999050 0.183297
vt 0.999050 0.342604
vt 0.939310 0.183297
vt 0.999050 0.183297
vt 0.985655 0.179437
vt 0.939081 0.132863
vt 0.985655 0.132863
vt 0.999050 0.342604
vt 0.939310 0.183297
vt 0.939310 0.342604
vt 0.999050 0.342604
vt 0.939310 0.183297
vt 0.939310 0.342604
vt 0.999050 0.342604
vt 0.939310 0.183297
vt 0.939310 0.342604
vt 0.999050 0.342604
vt 0.939310 0.183297
vt 0.939310 0.342604
vt 0.985655 0.179437
vt 0.939081 0.132863
vt 0.939081 0.179437
vt 0.979692 0.844034
vt -0.000781 0.781451
vt 0.979692 0.781451
vt 0.145247 0.718868
vt -0.000781 0.656284
vt 0.145247 0.656284
vt 0.979692 0.781451
vt -0.000781 0.718868
vt 0.979692 0.718868
vt 0.302823 0.718868
vt 0.156795 0.656284
vt 0.302823 0.656284
vt 1.000000 1.000000
vt 0.000000 0.851064
vt 1.000000 0.851064
vt 0.998987 0.652658
vt 0.001647 0.504118
vt 0.998987 0.504118
vt -0.000122 0.210448
vt 0.905753 0.156096
vt -0.000122 0.156096
vt 0.000000 0.025761
vt 0.905875 0.012881
vt 0.000000 0.012881
vt 0.905875 0.012881
vt 0.000000 0.000000
vt 0.000000 0.012881
vt 0.999050 0.342604
vt 0.939310 0.183297
vt 0.999050 0.183297
vt 0.999050 0.342604
vt 0.939310 0.183297
vt 0.999050 0.183297
vt 0.999050 0.342604
vt 0.939310 0.183297
vt 0.999050 0.183297
vt 0.999050 0.342604
vt 0.939310 0.183297
vt 0.999050 0.183297
vt 0.985655 0.179437
vt 0.939081 0.132863
vt 0.985655 0.132863
vt 0.999050 0.342604
vt 0.939310 0.183297
vt 0.939310 0.342604
vt 0.999050 0.342604
vt 0.939310 0.183297
vt 0.939310 0.342604
vt 0.999050 0.342604
vt 0.939310 0.183297
vt 0.939310 0.342604
vt 0.999050 0.342604
vt 0.939310 0.183297
vt 0.939310 0.342604
vt 0.985655 0.179437
vt 0.939081 0.132863
vt 0.939081 0.179437
vt 0.979692 0.844034
vt -0.000781 0.781451
vt 0.979692 0.781451
vt 0.145247 0.718868
vt -0.000781 0.656284
vt 0.145247 0.656284
vt 0.979692 0.781451
vt -0.000781 0.718868
vt 0.979692 0.718868
vt 0.302823 0.718868
vt 0.156795 0.656284
vt 0.302823 0.656284
vt 1.000000 1.000000
vt 0.000000 0.851064
vt 1.000000 0.851064
vt 0.998987 0.652658
vt 0.001647 0.504118
vt 0.998987 0.504118
vt 0.905875 0.012881
vt 0.000000 0.000000
vt 0.000000 0.012881
vt 0.906387 0.312903
vt 0.000512 0.321630
vt 0.906387 0.321630
vt 0.905875 0.025761
vt 0.000000 0.012881
vt 0.000000 0.025761
vt 0.000200 0.281378
vt 0.906075 0.297453
vt 0.906075 0.281378
vt 0.999050 0.342604
vt 0.939310 0.183297
vt 0.999050 0.183297
vt 0.999050 0.342604
vt 0.939310 0.183297
vt 0.999050 0.183297
vt 0.999050 0.342604
vt 0.939310 0.183297
vt 0.999050 0.183297
vt 0.999050 0.342604
vt 0.939310 0.183297
vt 0.999050 0.183297
vt 0.985655 0.179437
vt 0.939081 0.132863
vt 0.985655 0.132863
vt 0.999050 0.342604
vt 0.939310 0.183297
vt 0.939310 0.342604
vt 0.999050 0.342604
vt 0.939310 0.183297
vt 0.939310 0.342604
vt 0.999050 0.342604
vt 0.939310 0.183297
vt 0.939310 0.342604
vt 0.999050 0.342604
vt 0.939310 0.183297
vt 0.939310 0.342604
vt 0.985655 0.179437
vt 0.939081 0.132863
vt 0.939081 0.179437
vt 0.979692 0.844034
vt -0.000781 0.781451
vt 0.979692 0.781451
vt 0.145247 0.718868
vt -0.000781 0.656284
vt 0.145247 0.656284
vt 0.979692 0.781451
vt -0.000781 0.718868
vt 0.979692 0.718868
vt 0.302823 0.718868
vt 0.156795 0.656284
vt 0.302823 0.656284
vt 1.000000 1.000000
vt 0.000000 0.851064
vt 1.000000 0.851064
vt 0.998987 0.652658
vt 0.001647 0.504118
vt 0.998987 0.504118
vt 0.906387 0.330358
vt 0.000512 0.321630
vt 0.000512 0.330358
vt 0.000200 0.219937
vt 0.906075 0.259595
vt 0.906075 0.219937
vt 0.000200 0.296828
vt 0.906075 0.312903
vt 0.906075 0.296828
vt 0.905753 0.210448
vt -0.000122 0.156096
vt -0.000122 0.210448
vt 0.905875 0.012881
vt 0.000000 0.025761
vt 0.905875 0.025761
vt 0.999050 0.342604
vt 0.939310 0.183297
vt 0.999050 0.183297
vt 0.999050 0.342604
vt 0.939310 0.183297
vt 0.999050 0.183297
vt 0.999050 0.342604
vt 0.939310 0.183297
vt 0.999050 0.183297
vt 0.999050 0.342604
vt 0.939310 0.183297
vt 0.999050 0.183297
vt 0.985655 0.179437
vt 0.939081 0.132863
vt 0.985655 0.132863
vt 0.999050 0.342604
vt 0.939310 0.183297
vt 0.939310 0.342604
vt 0.999050 0.342604
vt 0.939310 0.183297
vt 0.939310 0.342604
vt 0.999050 0.342604
vt 0.939310 0.183297
vt 0.939310 0.342604
vt 0.999050 0.342604
vt 0.939310 0.183297
vt 0.939310 0.342604
vt 0.985655 0.179437
vt 0.939081 0.132863
vt 0.939081 0.179437
vt 0.979692 0.844034
vt -0.000781 0.781451
vt 0.979692 0.781451
vt 0.145247 0.718868
vt -0.000781 0.656284
vt 0.145247 0.656284
vt 0.979692 0.781451
vt -0.000781 0.718868
vt 0.979692 0.718868
vt 0.302823 0.718868
vt 0.156795 0.656284
vt 0.302823 0.656284
vt 1.000000 1.000000
vt 0.000000 0.851064
vt 1.000000 0.851064
vt 0.998987 0.652658
vt 0.001647 0.504118
vt 0.998987 0.504118
vt 0.000000 0.121202
vt 0.905875 0.093759
vt 0.000000 0.093759
vt 0.906387 0.330358
vt 0.000512 0.321630
vt 0.000512 0.330358
vt 0.999050 0.342604
vt 0.939310 0.183297
vt 0.999050 0.183297
vt 0.999050 0.342604
vt 0.939310 0.183297
vt 0.999050 0.183297
vt 0.999050 0.342604
vt 0.939310 0.183297
vt 0.999050 0.183297
vt 0.999050 0.342604
vt 0.939310 0.183297
vt 0.999050 0.183297
vt 0.985655 0.179437
vt 0.939081 0.132863
vt 0.985655 0.132863
vt 0.999050 0.342604
vt 0.939310 0.183297
vt 0.939310 0.342604
vt 0.999050 0.342604
vt 0.939310 0.183297
vt 0.939310 0.342604
vt 0.999050 0.342604
vt 0.939310 0.183297
vt 0.939310 0.342604
vt 0.999050 0.342604
vt 0.939310 0.183297
vt 0.939310 0.342604
vt 0.985655 0.179437
vt 0.939081 0.132863
vt 0.939081 0.179437
vt 0.979692 0.844034
vt -0.000781 0.781451
vt 0.979692 0.781451
vt 0.145247 0.718868
vt -0.000781 0.656284
vt 0.145247 0.656284
vt 0.979692 0.781451
vt -0.000781 0.718868
vt 0.979692 0.718868
vt 0.302823 0.718868
vt 0.156795 0.656284
vt 0.302823 0.656284
vt 1.000000 1.000000
vt 0.000000 0.851064
vt 1.000000 0.851064
vt 0.998987 0.652658
vt 0.001647 0.504118
vt 0.998987 0.504118
vt 0.906387 0.321630
vt 0.000512 0.312903
vt 0.000512 0.321630
vt 0.905753 0.210448
vt -0.000122 0.156096
vt -0.000122 0.210448
vt 0.000200 0.296828
vt 0.906075 0.312903
vt 0.906075 0.296828
vt 0.905875 0.089593
vt 0.000000 0.062150
vt 0.000000 0.089593
vt 0.999050 0.342604
vt 0.939310 0.183297
vt 0.999050 0.183297
vt 0.999050 0.342604
vt 0.939310 0.183297
vt 0.999050 0.183297
vt 0.999050 0.342604
vt 0.939310 0.183297
vt 0.999050 0.183297
vt 0.999050 0.342604
vt 0.939310 0.183297
vt 0.999050 0.183297
vt 0.985655 0.179437
vt 0.939081 0.132863
vt 0.985655 0.132863
vt 0.999050 0.342604
vt 0.939310 0.183297
vt 0.939310 0.342604
vt 0.999050 0.342604
vt 0.939310 0.183297
vt 0.939310 0.342604
vt 0.999050 0.342604
vt 0.939310 0.183297
vt 0.939310 0.342604
vt 0.999050 0.342604
vt 0.939310 0.183297
vt 0.939310 0.342604
vt 0.985655 0.179437
vt 0.939081 0.132863
vt 0.939081 0.179437
vt 0.979692 0.844034
vt -0.000781 0.781451
vt 0.979692 0.781451
vt 0.145247 0.718868
vt -0.000781 0.656284
vt 0.145247 0.656284
vt 0.979692 0.781451
vt -0.000781 0.718868
vt 0.979692 0.718868
vt 0.302823 0.718868
vt 0.156795 0.656284
vt 0.302823 0.656284
vt 1.000000 1.000000
vt 0.000000 0.851064
vt 1.000000 0.851064
vt 0.998987 0.652658
vt 0.001647 0.504118
vt 0.998987 0.504118
vt 0.000200 0.296828
vt 0.906075 0.312903
vt 0.906075 0.296828
vt 0.905875 0.089593
vt 0.000000 0.062150
vt 0.000000 0.089593
vt 0.000200 0.281378
vt 0.906075 0.297453
vt 0.906075 0.281378
vt 0.000000 0.062150
vt 0.905875 0.048121
vt 0.000000 0.048121
vt 0.999050 0.342604
vt 0.939310 0.183297
vt 0.999050 0.183297
vt 0.999050 0.342604
vt 0.939310 0.183297
vt 0.999050 0.183297
vt 0.999050 0.342604
vt 0.939310 0.183297
vt 0.999050 0.183297
vt 0.999050 0.342604
vt 0.939310 0.183297
vt 0.999050 0.183297
vt 0.985655 0.179437
vt 0.939081 0.132863
vt 0.985655 0.132863
vt 0.999050 0.342604
vt 0.939310 0.183297
vt 0.939310 0.342604
vt 0.999050 0.342604
vt 0.939310 0.183297
vt 0.939310 0.342604
vt 0.999050 0.342604
vt 0.939310 0.183297
vt 0.939310 0.342604
vt 0.999050 0.342604
vt 0.939310 0.183297
vt 0.939310 0.342604
vt 0.985655 0.179437
vt 0.939081 0.132863
vt 0.939081 0.179437
vt 0.979692 0.844034
vt -0.000781 0.781451
vt 0.979692 0.781451
vt 0.145247 0.718868
vt -0.000781 0.656284
vt 0.145247 0.656284
vt 0.979692 0.781451
vt -0.000781 0.718868
vt 0.979692 0.718868
vt 0.302823 0.718868
vt 0.156795 0.656284
vt 0.302823 0.656284
vt 1.000000 1.000000
vt 0.000000 0.851064
vt 1.000000 0.851064
vt 0.998987 0.652658
vt 0.001647 0.504118
vt 0.998987 0.504118
vt 0.000000 0.034093
vt 0.905875 0.048121
vt 0.905875 0.034093
vt 0.905875 0.093759
vt 0.000000 0.121202
vt 0.905875 0.121202
vt 0.000200 0.297453
vt 0.906075 0.281378
vt 0.000200 0.281378
vt 0.000000 0.034093
vt 0.905875 0.048121
vt 0.905875 0.034093
vt 0.999050 0.342604
vt 0.939310 0.183297
vt 0.999050 0.183297
vt 0.999050 0.342604
vt 0.939310 0.183297
vt 0.999050 0.183297
vt 0.999050 0.342604
vt 0.939310 0.183297
vt 0.999050 0.183297
vt 0.999050 0.342604
vt 0.939310 0.183297
vt 0.999050 0.183297
vt 0.985655 0.179437
vt 0.939081 0.132863
vt 0.985655 0.132863
vt 0.999050 0.342604
vt 0.939310 0.183297
vt 0.939310 0.342604
vt 0.999050 0.342604
vt 0.939310 0.183297
vt 0.939310 0.342604
vt 0.999050 0.342604
vt 0.939310 0.183297
vt 0.939310 0.342604
vt 0.999050 0.342604
vt 0.939310 0.183297
vt 0.939310 0.342604
vt 0.985655 0.179437
vt 0.939081 0.132863
vt 0.939081 0.179437
vt 0.979692 0.844034
vt -0.000781 0.781451
vt 0.979692 0.781451
vt 0.145247 0.718868
vt -0.000781 0.656284
vt 0.145247 0.656284
vt 0.979692 0.781451
vt -0.000781 0.718868
vt 0.979692 0.718868
vt 0.302823 0.718868
vt 0.156795 0.656284
vt 0.302823 0.656284
vt 1.000000 1.000000
vt 0.000000 0.851064
vt 1.000000 0.851064
vt 0.998987 0.652658
vt 0.001647 0.504118
vt 0.998987 0.504118
vt 0.906387 0.321630
vt 0.000512 0.312903
vt 0.000512 0.321630
vt 0.905875 0.012881
vt 0.000000 0.000000
vt 0.000000 0.012881
vt 0.999050 0.342604
vt 0.939310 0.183297
vt 0.999050 0.183297
vt 0.999050 0.342604
vt 0.939310 0.183297
vt 0.999050 0.183297
vt 0.999050 0.342604
vt 0.939310 0.183297
vt 0.999050 0.183297
vt 0.999050 0.342604
vt 0.939310 0.183297
vt 0.999050 0.183297
vt 0.985655 0.179437
vt 0.939081 0.132863
vt 0.985655 0.132863
vt 0.999050 0.342604
vt 0.939310 0.183297
vt 0.939310 0.342604
vt 0.999050 0.342604
vt 0.939310 0.183297
vt 0.939310 0.342604
vt 0.999050 0.342604
vt 0.939310 0.183297
vt 0.939310 0.342604
vt 0.999050 0.342604
vt 0.939310 0.183297
vt 0.939310 0.342604
vt 0.985655 0.179437
vt 0.939081 0.132863
vt 0.939081 0.179437
vt 0.979692 0.844034
vt -0.000781 0.781451
vt 0.979692 0.781451
vt 0.145247 0.718868
vt -0.000781 0.656284
vt 0.145247 0.656284
vt 0.979692 0.781451
vt -0.000781 0.718868
vt 0.979692 0.718868
vt 0.302823 0.718868
vt 0.156795 0.656284
vt 0.302823 0.656284
vt 1.000000 1.000000
vt 0.000000 0.851064
vt 1.000000 0.851064
vt 0.998987 0.652658
vt 0.001647 0.504118
vt 0.998987 0.504118
vt 0.905753 0.210448
vt -0.000122 0.156096
vt -0.000122 0.210448
vt 0.905875 0.012881
vt 0.000000 0.025761
vt 0.905875 0.025761
vt 0.906387 0.330358
vt 0.000512 0.321630
vt 0.000512 0.330358
vt 0.905875 0.089593
vt 0.000000 0.062150
vt 0.000000 0.089593
vt 0.999050 0.342604
vt 0.939310 0.183297
vt 0.999050 0.183297
vt 0.999050 0.342604
vt 0.939310 0.183297
vt 0.999050 0.183297
vt 0.999050 0.342604
vt 0.939310 0.183297
vt 0.999050 0.183297
vt 0.999050 0.342604
vt 0.939310 0.183297
vt 0.999050 0.183297
vt 0.985655 0.179437
vt 0.939081 0.132863
vt 0.985655 0.132863
vt 0.999050 0.342604
vt 0.939310 0.183297
vt 0.939310 0.342604
vt 0.999050 0.342604
vt 0.939310 0.183297
vt 0.939310 0.342604
vt 0.999050 0.342604
vt 0.939310 0.183297
vt 0.939310 0.342604
vt 0.999050 0.342604
vt 0.939310 0.183297
vt 0.939310 0.342604
vt 0.985655 0.179437
vt 0.939081 0.132863
vt 0.939081 0.179437
vt 0.979692 0.844034
vt -0.000781 0.781451
vt 0.979692 0.781451
vt 0.145247 0.718868
vt -0.000781 0.656284
vt 0.145247 0.656284
vt 0.979692 0.781451
vt -0.000781 0.718868
vt 0.979692 0.718868
vt 0.302823 0.718868
vt 0.156795 0.656284
vt 0.302823 0.656284
vt 1.000000 1.000000
vt 0.000000 0.851064
vt 1.000000 0.851064
vt 0.998987 0.652658
vt 0.001647 0.504118
vt 0.998987 0.504118
vt 0.906387 0.321630
vt 0.000512 0.312903
vt 0.000512 0.321630
vt 0.906387 0.321630
vt 0.000512 0.312903
vt 0.000512 0.321630
vt 0.906387 0.312903
vt 0.000512 0.321630
vt 0.906387 0.321630
vt 0.905875 0.025761
vt 0.000000 0.012881
vt 0.000000 0.025761
vt 0.999050 0.342604
vt 0.939310 0.183297
vt 0.999050 0.183297
vt 0.999050 0.342604
vt 0.939310 0.183297
vt 0.999050 0.183297
vt 0.999050 0.342604
vt 0.939310 0.183297
vt 0.999050 0.183297
vt 0.999050 0.342604
vt 0.939310 0.183297
vt 0.999050 0.183297
vt 0.985655 0.179437
vt 0.939081 0.132863
vt 0.985655 0.132863
vt 0.999050 0.342604
vt 0.939310 0.183297
vt 0.939310 0.342604
vt 0.999050 0.342604
vt 0.939310 0.183297
vt 0.939310 0.342604
vt 0.999050 0.342604
vt 0.939310 0.183297
vt 0.939310 0.342604
vt 0.999050 0.342604
vt 0.939310 0.183297
vt 0.939310 0.342604
vt 0.985655 0.179437
vt 0.939081 0.132863
vt 0.939081 0.179437
vt 0.979692 0.844034
vt -0.000781 0.781451
vt 0.979692 0.781451
vt 0.145247 0.718868
vt -0.000781 0.656284
vt 0.145247 0.656284
vt 0.979692 0.781451
vt -0.000781 0.718868
vt 0.979692 0.718868
vt 0.302823 0.718868
vt 0.156795 0.656284
vt 0.302823 0.656284
vt 1.000000 1.000000
vt 0.000000 0.851064
vt 1.000000 0.851064
vt 0.998987 0.652658
vt 0.001647 0.504118
vt 0.998987 0.504118
vt 0.000000 0.034093
vt 0.905875 0.048121
vt 0.905875 0.034093
vt 0.000200 0.281378
vt 0.906075 0.297453
vt 0.906075 0.281378
vt 0.906387 0.321630
vt 0.000512 0.312903
vt 0.000512 0.321630
vt 0.000200 0.281378
vt 0.906075 0.297453
vt 0.906075 0.281378
vt 0.905875 0.062150
vt 0.000000 0.089593
vt 0.905875 0.089593
vt 0.000000 0.025761
vt 0.905875 0.012881
vt 0.000000 0.012881
vt 0.999050 0.342604
vt 0.939310 0.183297
vt 0.999050 0.183297
vt 0.999050 0.342604
vt 0.939310 0.183297
vt 0.999050 0.183297
vt 0.999050 0.342604
vt 0.939310 0.183297
vt 0.999050 0.183297
vt 0.999050 0.342604
vt 0.939310 0.183297
vt 0.999050 0.183297
vt 0.985655 0.179437
vt 0.939081 0.132863
vt 0.985655 0.132863
vt 0.999050 0.342604
vt 0.939310 0.183297
vt 0.939310 0.342604
vt 0.999050 0.342604
vt 0.939310 0.183297
vt 0.939310 0.342604
vt 0.999050 0.342604
vt 0.939310 0.183297
vt 0.939310 0.342604
vt 0.999050 0.342604
vt 0.939310 0.183297
vt 0.939310 0.342604
vt 0.985655 0.179437
vt 0.939081 0.132863
vt 0.939081 0.179437
vt 0.979692 0.844034
vt -0.000781 0.781451
vt 0.979692 0.781451
vt 0.145247 0.718868
vt -0.000781 0.656284
vt 0.145247 0.656284
vt 0.979692 0.781451
vt -0.000781 0.718868
vt 0.979692 0.718868
vt 0.302823 0.718868
vt 0.156795 0.656284
vt 0.302823 0.656284
vt 1.000000 1.000000
vt 0.000000 0.851064
vt 1.000000 0.851064
vt 0.998987 0.652658
vt 0.001647 0.504118
vt 0.998987 0.504118
vt 0.906387 0.321630
vt 0.000512 0.312903
vt 0.000512 0.321630
vt 0.999050 0.342604
vt 0.939310 0.183297
vt 0.999050 0.183297
vt 0.999050 0.342604
vt 0.939310 0.183297
vt 0.999050 0.183297
vt 0.999050 0.342604
vt 0.939310 0.183297
vt 0.999050 0.183297
vt 0.999050 0.342604
vt 0.939310 0.183297
vt 0.999050 0.183297
vt 0.985655 0.179437
vt 0.939081 0.132863
vt 0.985655 0.132863
vt 0.999050 0.342604
vt 0.939310 0.183297
vt 0.939310 0.342604
vt 0.999050 0.342604
vt 0.939310 0.183297
vt 0.939310 0.342604
vt 0.999050 0.342604
vt 0.939310 0.183297
vt 0.939310 0.342604
vt 0.999050 0.342604
vt 0.939310 0.183297
vt 0.939310 0.342604
vt 0.985655 0.179437
vt 0.939081 0.132863
vt 0.939081 0.179437
vt 0.979692 0.844034
vt -0.000781 0.781451
vt 0.979692 0.781451
vt 0.145247 0.718868
vt -0.000781 0.656284
vt 0.145247 0.656284
vt 0.979692 0.781451
vt -0.000781 0.718868
vt 0.979692 0.718868
vt 0.302823 0.718868
vt 0.156795 0.656284
vt 0.302823 0.656284
vt 1.000000 1.000000
vt 0.000000 0.851064
vt 1.000000 0.851064
vt 0.998987 0.652658
vt 0.001647 0.504118
vt 0.998987 0.504118
vt 0.905875 0.093759
vt 0.000000 0.121202
vt 0.905875 0.121202
vt 0.905875 0.012881
vt 0.000000 0.025761
vt 0.905875 0.025761
vt 0.999050 0.342604
vt 0.939310 0.183297
vt 0.999050 0.183297
vt 0.999050 0.342604
vt 0.939310 0.183297
vt 0.999050 0.183297
vt 0.999050 0.342604
vt 0.939310 0.183297
vt 0.999050 0.183297
vt 0.999050 0.342604
vt 0.939310 0.183297
vt 0.999050 0.183297
vt 0.985655 0.179437
vt 0.939081 0.132863
vt 0.985655 0.132863
vt 0.999050 0.342604
vt 0.939310 0.183297
vt 0.939310 0.342604
vt 0.999050 0.342604
vt 0.939310 0.183297
vt 0.939310 0.342604
vt 0.999050 0.342604
vt 0.939310 0.183297
vt 0.939310 0.342604
vt 0.999050 0.342604
vt 0.939310 0.183297
vt 0.939310 0.342604
vt 0.985655 0.179437
vt 0.939081 0.132863
vt 0.939081 0.179437
vt 0.979692 0.844034
vt -0.000781 0.781451
vt 0.979692 0.781451
vt 0.145247 0.718868
vt -0.000781 0.656284
vt 0.145247 0.656284
vt 0.979692 0.781451
vt -0.000781 0.718868
vt 0.979692 0.718868
vt 0.302823 0.718868
vt 0.156795 0.656284
vt 0.302823 0.656284
vt 1.000000 1.000000
vt 0.000000 0.851064
vt 1.000000 0.851064
vt 0.998987 0.652658
vt 0.001647 0.504118
vt 0.998987 0.504118
vt 0.000200 0.281378
vt 0.906075 0.297453
vt 0.906075 0.281378
vt 0.000000 0.034093
vt 0.905875 0.048121
vt 0.905875 0.034093
vt 0.000200 0.296828
vt 0.906075 0.312903
vt 0.906075 0.296828
vt 0.000000 0.034093
vt 0.905875 0.048121
vt 0.905875 0.034093
vt 0.906387 0.330358
vt 0.000512 0.321630
vt 0.000512 0.330358
vt 0.999050 0.342604
vt 0.939310 0.183297
vt 0.999050 0.183297
vt 0.999050 0.342604
vt 0.939310 0.183297
vt 0.999050 0.183297
vt 0.999050 0.342604
vt 0.939310 0.183297
vt 0.999050 0.183297
vt 0.999050 0.342604
vt 0.939310 0.183297
vt 0.999050 0.183297
vt 0.985655 0.179437
vt 0.939081 0.132863
vt 0.985655 0.132863
vt 0.999050 0.342604
vt 0.939310 0.183297
vt 0.939310 0.342604
vt 0.999050 0.342604
vt 0.939310 0.183297
vt 0.939310 0.342604
vt 0.999050 0.342604
vt 0.939310 0.183297
vt 0.939310 0.342604
vt 0.999050 0.342604
vt 0.939310 0.183297
vt 0.939310 0.342604
vt 0.985655 0.179437
vt 0.939081 0.132863
vt 0.939081 0.179437
vt 0.979692 0.844034
vt -0.000781 0.781451
vt 0.979692 0.781451
vt 0.145247 0.718868
vt -0.000781 0.656284
vt 0.145247 0.656284
vt 0.979692 0.781451
vt -0.000781 0.718868
vt 0.979692 0.718868
vt 0.302823 0.718868
vt 0.156795 0.656284
vt 0.302823 0.656284
vt 1.000000 1.000000
vt 0.000000 0.851064
vt 1.000000 0.851064
vt 0.998987 0.652658
vt 0.001647 0.504118
vt 0.998987 0.504118
vt 0.000200 0.219937
vt 0.906075 0.259595
vt 0.906075 0.219937
vt 0.906387 0.321630
vt 0.000512 0.330358
vt 0.906387 0.330358
vt 0.906387 0.330358
vt 0.000512 0.321630
vt 0.000512 0.330358
vt 0.999050 0.342604
vt 0.939310 0.183297
vt 0.999050 0.183297
vt 0.999050 0.342604
vt 0.939310 0.183297
vt 0.999050 0.183297
vt 0.999050 0.342604
vt 0.939310 0.183297
vt 0.999050 0.183297
vt 0.999050 0.342604
vt 0.939310 0.183297
vt 0.999050 0.183297
vt 0.985655 0.179437
vt 0.939081 0.132863
vt 0.985655 0.132863
vt 0.999050 0.342604
vt 0.939310 0.183297
vt 0.939310 0.342604
vt 0.999050 0.342604
vt 0.939310 0.183297
vt 0.939310 0.342604
vt 0.999050 0.342604
vt 0.939310 0.183297
vt 0.939310 0.342604
vt 0.999050 0.342604
vt 0.939310 0.183297
vt 0.939310 0.342604
vt 0.985655 0.179437
vt 0.939081 0.132863
vt 0.939081 0.179437
vt 0.979692 0.844034
vt -0.000781 0.781451
vt 0.979692 0.781451
vt 0.145247 0.718868
vt -0.000781 0.656284
vt 0.145247 0.656284
vt 0.979692 0.781451
vt -0.000781 0.718868
vt 0.979692 0.718868
vt 0.302823 0.718868
vt 0.156795 0.656284
vt 0.302823 0.656284
vt 1.000000 1.000000
vt 0.000000 0.851064
vt 1.000000 0.851064
vt 0.998987 0.652658
vt 0.001647 0.504118
vt 0.998987 0.504118
vt 0.906387 0.321630
vt 0.000512 0.312903
vt 0.000512 0.321630
vt 0.905875 0.121202
vt 0.000000 0.093759
vt 0.000000 0.121202
vt 0.999050 0.342604
vt 0.939310 0.183297
vt 0.999050 0.183297
vt 0.999050 0.342604
vt 0.939310 0.183297
vt 0.999050 0.183297
vt 0.999050 0.342604
vt 0.939310 0.183297
vt 0.999050 0.183297
vt 0.999050 0.342604
vt 0.939310 0.183297
vt 0.999050 0.183297
vt 0.985655 0.179437
vt 0.939081 0.132863
vt 0.985655 0.132863
vt 0.999050 0.342604
vt 0.939310 0.183297
vt 0.939310 0.342604
vt 0.999050 0.342604
vt 0.939310 0.183297
vt 0.939310 0.342604
vt 0.999050 0.342604
vt 0.939310 0.183297
vt 0.939310 0.342604
vt 0.999050 0.342604
vt 0.939310 0.183297
vt 0.939310 0.342604
vt 0.985655 0.179437
vt 0.939081 0.132863
vt 0.939081 0.179437
vt 0.979692 0.844034
vt -0.000781 0.781451
vt 0.979692 0.781451
vt 0.145247 0.718868
vt -0.000781 0.656284
vt 0.145247 0.656284
vt 0.979692 0.781451
vt -0.000781 0.718868
vt 0.979692 0.718868
vt 0.302823 0.718868
vt 0.156795 0.656284
vt 0.302823 0.656284
vt 1.000000 1.000000
vt 0.000000 0.851064
vt 1.000000 0.851064
vt 0.998987 0.652658
vt 0.001647 0.504118
vt 0.998987 0.504118
vt 0.000000 0.025761
vt 0.905875 0.012881
vt 0.000000 0.012881
vt 0.905875 0.089593
vt 0.000000 0.062150
vt 0.000000 0.089593
vt 0.999050 0.342604
vt 0.939310 0.183297
vt 0.999050 0.183297
vt 0.999050 0.342604
vt 0.939310 0.183297
vt 0.999050 0.183297
vt 0.999050 0.342604
vt 0.939310 0.183297
vt 0.999050 0.183297
vt 0.999050 0.342604
vt 0.939310 0.183297
vt 0.999050 0.183297
vt 0.985655 0.179437
vt 0.939081 0.132863
vt 0.985655 0.132863
vt 0.999050 0.342604
vt 0.939310 0.183297
vt 0.939310 0.342604
vt 0.999050 0.342604
vt 0.939310 0.183297
vt 0.939310 0.342604
vt 0.999050 0.342604
vt 0.939310 0.183297
vt 0.939310 0.342604
vt 0.999050 0.342604
vt 0.939310 0.183297
vt 0.939310 0.342604
vt 0.985655 0.179437
vt 0.939081 0.132863
vt 0.939081 0.179437
vt 0.979692 0.844034
vt -0.000781 0.781451
vt 0.979692 0.781451
vt 0.145247 0.718868
vt -0.000781 0.656284
vt 0.145247 0.656284
vt 0.979692 0.781451
vt -0.000781 0.718868
vt 0.979692 0.718868
vt 0.302823 0.718868
vt 0.156795 0.656284
vt 0.302823 0.656284
vt 1.000000 1.000000
vt 0.000000 0.851064
vt 1.000000 0.851064
vt 0.998987 0.652658
vt 0.001647 0.504118
vt 0.998987 0.504118
vt 0.000000 0.062150
vt 0.905875 0.048121
vt 0.000000 0.048121
vt 0.906387 0.321630
vt 0.000512 0.312903
vt 0.000512 0.321630
vt 0.000200 0.296828
vt 0.906075 0.312903
vt 0.906075 0.296828
vt 0.000200 0.296828
vt 0.906075 0.312903
vt 0.906075 0.296828
vt 0.999050 0.342604
vt 0.939310 0.183297
vt 0.999050 0.183297
vt 0.999050 0.342604
vt 0.939310 0.183297
vt 0.999050 0.183297
vt 0.999050 0.342604
vt 0.939310 0.183297
vt 0.999050 0.183297
vt 0.999050 0.342604
vt 0.939310 0.183297
vt 0.999050 0.183297
vt 0.985655 0.179437
vt 0.939081 0.132863
vt 0.985655 0.132863
vt 0.999050 0.342604
vt 0.939310 0.183297
vt 0.939310 0.342604
vt 0.999050 0.342604
vt 0.939310 0.183297
vt 0.939310 0.342604
vt 0.999050 0.342604
vt 0.939310 0.183297
vt 0.939310 0.342604
vt 0.999050 0.342604
vt 0.939310 0.183297
vt 0.939310 0.342604
vt 0.985655 0.179437
vt 0.939081 0.132863
vt 0.939081 0.179437
vt 0.979692 0.844034
vt -0.000781 0.781451
vt 0.979692 0.781451
vt 0.145247 0.718868
vt -0.000781 0.656284
vt 0.145247 0.656284
vt 0.979692 0.781451
vt -0.000781 0.718868
vt 0.979692 0.718868
vt 0.302823 0.718868
vt 0.156795 0.656284
vt 0.302823 0.656284
vt 1.000000 1.000000
vt 0.000000 0.851064
vt 1.000000 0.851064
vt 0.998987 0.652658
vt 0.001647 0.504118
vt 0.998987 0.504118
vt 0.000000 0.034093
vt 0.905875 0.048121
vt 0.905875 0.034093
vt 0.905753 0.210448
vt -0.000122 0.156096
vt -0.000122 0.210448
vt 0.000000 0.062150
vt 0.905875 0.048121
vt 0.000000 0.048121
vt 0.905753 0.210448
vt -0.000122 0.156096
vt -0.000122 0.210448
vt 0.999050 0.342604
vt 0.939310 0.183297
vt 0.999050 0.183297
vt 0.999050 0.342604
vt 0.939310 0.183297
vt 0.999050 0.183297
vt 0.999050 0.342604
vt 0.939310 0.183297
vt 0.999050 0.183297
vt 0.999050 0.342604
vt 0.939310 0.183297
vt 0.999050 0.183297
vt 0.985655 0.179437
vt 0.939081 0.132863
vt 0.985655 0.132863
vt 0.999050 0.342604
vt 0.939310 0.183297
vt 0.939310 0.342604
vt 0.999050 0.342604
vt 0.939310 0.183297
vt 0.939310 0.342604
vt 0.999050 0.342604
vt 0.939310 0.183297
vt 0.939310 0.342604
vt 0.999050 0.342604
vt 0.939310 0.183297
vt 0.939310 0.342604
vt 0.985655 0.179437
vt 0.939081 0.132863
vt 0.939081 0.179437
vt 0.979692 0.844034
vt -0.000781 0.781451
vt 0.979692 0.781451
vt 0.145247 0.718868
vt -0.000781 0.656284
vt 0.145247 0.656284
vt 0.979692 0.781451
vt -0.000781 0.718868
vt 0.979692 0.718868
vt 0.302823 0.718868
vt 0.156795 0.656284
vt 0.302823 0.656284
vt 1.000000 1.000000
vt 0.000000 0.851064
vt 1.000000 0.851064
vt 0.998987 0.652658
vt 0.001647 0.504118
vt 0.998987 0.504118
vt 0.000200 0.219937
vt 0.906075 0.259595
vt 0.906075 0.219937
vt 0.000200 0.296828
vt 0.906075 0.312903
vt 0.906075 0.296828
vt 0.905875 0.062150
vt 0.000000 0.089593
vt 0.905875 0.089593
vt 0.905753 0.210448
vt -0.000122 0.156096
vt -0.000122 0.210448
vt 0.999050 0.342604
vt 0.939310 0.183297
vt 0.999050 0.183297
vt 0.999050 0.342604
vt 0.939310 0.183297
vt 0.999050 0.183297
vt 0.999050 0.342604
vt 0.939310 0.183297
vt 0.999050 0.183297
vt 0.999050 0.342604
vt 0.939310 0.183297
vt 0.999050 0.183297
vt 0.985655 0.179437
vt 0.939081 0.132863
vt 0.985655 0.132863
vt 0.999050 0.342604
vt 0.939310 0.183297
vt 0.939310 0.342604
vt 0.999050 0.342604
vt 0.939310 0.183297
vt 0.939310 0.342604
vt 0.999050 0.342604
vt 0.939310 0.183297
vt 0.939310 0.342604
vt 0.999050 0.342604
vt 0.939310 0.183297
vt 0.939310 0.342604
vt 0.985655 0.179437
vt 0.939081 0.132863
vt 0.939081 0.179437
vt 0.979692 0.844034
vt -0.000781 0.781451
vt 0.979692 0.781451
vt 0.145247 0.718868
vt -0.000781 0.656284
vt 0.145247 0.656284
vt 0.979692 0.781451
vt -0.000781 0.718868
vt 0.979692 0.718868
vt 0.302823 0.718868
vt 0.156795 0.656284
vt 0.302823 0.656284
vt 1.000000 1.000000
vt 0.000000 0.851064
vt 1.000000 0.851064
vt 0.998987 0.652658
vt 0.001647 0.504118
vt 0.998987 0.504118
vt 0.905875 0.093759
vt 0.000000 0.121202
vt 0.905875 0.121202
vt 0.999050 0.342604
vt 0.939310 0.183297
vt 0.999050 0.183297
vt 0.999050 0.342604
vt 0.939310 0.183297
vt 0.999050 0.183297
vt 0.999050 0.342604
vt 0.939310 0.183297
vt 0.999050 0.183297
vt 0.999050 0.342604
vt 0.939310 0.183297
vt 0.999050 0.183297
vt 0.985655 0.179437
vt 0.939081 0.132863
vt 0.985655 0.132863
vt 0.999050 0.342604
vt 0.939310 0.183297
vt 0.939310 0.342604
vt 0.999050 0.342604
vt 0.939310 0.183297
vt 0.939310 0.342604
vt 0.999050 0.342604
vt 0.939310 0.183297
vt 0.939310 0.342604
vt 0.999050 0.342604
vt 0.939310 0.183297
vt 0.939310 0.342604
vt 0.985655 0.179437
vt 0.939081 0.132863
vt 0.939081 0.179437
vt 0.979692 0.844034
vt -0.000781 0.781451
vt 0.979692 0.781451
vt 0.145247 0.718868
vt -0.000781 0.656284
vt 0.145247 0.656284
vt 0.979692 0.781451
vt -0.000781 0.718868
vt 0.979692 0.718868
vt 0.302823 0.718868
vt 0.156795 0.656284
vt 0.302823 0.656284
vt 1.000000 1.000000
vt 0.000000 0.851064
vt 1.000000 0.851064
vt 0.998987 0.652658
vt 0.001647 0.504118
vt 0.998987 0.504118
vt 0.000000 0.062150
vt 0.905875 0.048121
vt 0.000000 0.048121
vt 0.905875 0.093759
vt 0.000000 0.121202
vt 0.905875 0.121202
vt 0.905875 0.000000
vt 0.000000 0.012881
vt 0.905875 0.012881
vt 0.000000 0.048121
vt 0.905875 0.062150
vt 0.905875 0.048121
vt 0.999050 0.342604
vt 0.939310 0.183297
vt 0.999050 0.183297
vt 0.999050 0.342604
vt 0.939310 0.183297
vt 0.999050 0.183297
vt 0.999050 0.342604
vt 0.939310 0.183297
vt 0.999050 0.183297
vt 0.999050 0.342604
vt 0.939310 0.183297
vt 0.999050 0.183297
vt 0.985655 0.179437
vt 0.939081 0.132863
vt 0.985655 0.132863
vt 0.999050 0.342604
vt 0.939310 0.183297
vt 0.939310 0.342604
vt 0.999050 0.342604
vt 0.939310 0.183297
vt 0.939310 0.342604
vt 0.999050 0.342604
vt 0.939310 0.183297
vt 0.939310 0.342604
vt 0.999050 0.342604
vt 0.939310 0.183297
vt 0.939310 0.342604
vt 0.985655 0.179437
vt 0.939081 0.132863
vt 0.939081 0.179437
vt 0.979692 0.844034
vt -0.000781 0.781451
vt 0.979692 0.781451
vt 0.145247 0.718868
vt -0.000781 0.656284
vt 0.145247 0.656284
vt 0.979692 0.781451
vt -0.000781 0.718868
vt 0.979692 0.718868
vt 0.302823 0.718868
vt 0.156795 0.656284
vt 0.302823 0.656284
vt 1.000000 1.000000
vt 0.000000 0.851064
vt 1.000000 0.851064
vt 0.998987 0.652658
vt 0.001647 0.504118
vt 0.998987 0.504118
vt 0.905875 0.025761
vt 0.000000 0.012881
vt 0.000000 0.025761
vt 0.905753 0.210448
vt -0.000122 0.156096
vt -0.000122 0.210448
vt 0.999050 0.342604
vt 0.939310 0.183297
vt 0.999050 0.183297
vt 0.999050 0.342604
vt 0.939310 0.183297
vt 0.999050 0.183297
vt 0.999050 0.342604
vt 0.939310 0.183297
vt 0.999050 0.183297
vt 0.999050 0.342604
vt 0.939310 0.183297
vt 0.999050 0.183297
vt 0.985655 0.179437
vt 0.939081 0.132863
vt 0.985655 0.132863
vt 0.999050 0.342604
vt 0.939310 0.183297
vt 0.939310 0.342604
vt 0.999050 0.342604
vt 0.939310 0.183297
vt 0.939310 0.342604
vt 0.999050 0.342604
vt 0.939310 0.183297
vt 0.939310 0.342604
vt 0.999050 0.342604
vt 0.939310 0.183297
vt 0.939310 0.342604
vt 0.985655 0.179437
vt 0.939081 0.132863
vt 0.939081 0.179437
vt 0.979692 0.844034
vt -0.000781 0.781451
vt 0.979692 0.781451
vt 0.145247 0.718868
vt -0.000781 0.656284
vt 0.145247 0.656284
vt 0.979692 0.781451
vt -0.000781 0.718868
vt 0.979692 0.718868
vt 0.302823 0.718868
vt 0.156795 0.656284
vt 0.302823 0.656284
vt 1.000000 1.000000
vt 0.000000 0.851064
vt 1.000000 0.851064
vt 0.998987 0.652658
vt 0.001647 0.504118
vt 0.998987 0.504118
vt 0.999050 0.342604
vt 0.939310 0.183297
vt 0.999050 0.183297
vt 0.999050 0.342604
vt 0.939310 0.183297
vt 0.999050 0.183297
vt 0.999050 0.342604
vt 0.939310 0.183297
vt 0.999050 0.183297
vt 0.999050 0.342604
vt 0.939310 0.183297
vt 0.999050 0.183297
vt 0.985655 0.179437
vt 0.939081 0.132863
vt 0.985655 0.132863
vt 0.999050 0.342604
vt 0.939310 0.183297
vt 0.939310 0.342604
vt 0.999050 0.342604
vt 0.939310 0.183297
vt 0.939310 0.342604
vt 0.999050 0.342604
vt 0.939310 0.183297
vt 0.939310 0.342604
vt 0.999050 0.342604
vt 0.939310 0.183297
vt 0.939310 0.342604
vt 0.985655 0.179437
vt 0.939081 0.132863
vt 0.939081 0.179437
vt 0.979692 0.844034
vt -0.000781 0.781451
vt 0.979692 0.781451
vt 0.145247 0.718868
vt -0.000781 0.656284
vt 0.145247 0.656284
vt 0.979692 0.781451
vt -0.000781 0.718868
vt 0.979692 0.718868
vt 0.302823 0.718868
vt 0.156795 0.656284
vt 0.302823 0.656284
vt 1.000000 1.000000
vt 0.000000 0.851064
vt 1.000000 0.851064
vt 0.998987 0.652658
vt 0.001647 0.504118
vt 0.998987 0.504118
vt 0.906387 0.321630
vt 0.000512 0.312903
vt 0.000512 0.321630
vt 0.905875 0.093759
vt 0.000000 0.121202
vt 0.905875 0.121202
vt 0.905875 0.012881
vt 0.000000 0.025761
vt 0.905875 0.025761
vt 0.905875 0.089593
vt 0.000000 0.062150
vt 0.000000 0.089593
vt 0.000200 0.281378
vt 0.906075 0.297453
vt 0.906075 0.281378
vt 0.999050 0.342604
vt 0.939310 0.183297
vt 0.999050 0.183297
vt 0.999050 0.342604
vt 0.939310 0.183297
vt 0.999050 0.183297
vt 0.999050 0.342604
vt 0.939310 0.183297
vt 0.999050 0.183297
vt 0.999050 0.342604
vt 0.939310 0.183297
vt 0.999050 0.183297
vt 0.985655 0.179437
vt 0.939081 0.132863
vt 0.985655 0.132863
vt 0.999050 0.342604
vt 0.939310 0.183297
vt 0.939310 0.342604
vt 0.999050 0.342604
vt 0.939310 0.183297
vt 0.939310 0.342604
vt 0.999050 0.342604
vt 0.939310 0.183297
vt 0.939310 0.342604
vt 0.999050 0.342604
vt 0.939310 0.183297
vt 0.939310 0.342604
vt 0.985655 0.179437
vt 0.939081 0.132863
vt 0.939081 0.179437
vt 0.979692 0.844034
vt -0.000781 0.781451
vt 0.979692 0.781451
vt 0.145247 0.718868
vt -0.000781 0.656284
vt 0.145247 0.656284
vt 0.979692 0.781451
vt -0.000781 0.718868
vt 0.979692 0.718868
vt 0.302823 0.718868
vt 0.156795 0.656284
vt 0.302823 0.656284
vt 1.000000 1.000000
vt 0.000000 0.851064
vt 1.000000 0.851064
vt 0.998987 0.652658
vt 0.001647 0.504118
vt 0.998987 0.504118
vt 0.000000 0.034093
vt 0.905875 0.048121
vt 0.905875 0.034093
vt 0.000000 0.089593
vt 0.905875 0.062150
vt 0.000000 0.062150
vt 0.000200 0.219937
vt 0.906075 0.259595
vt 0.906075 0.219937
vt 0.999050 0.342604
vt 0.939310 0.183297
vt 0.999050 0.183297
vt 0.999050 0.342604
vt 0.939310 0.183297
vt 0.999050 0.183297
vt 0.999050 0.342604
vt 0.939310 0.183297
vt 0.999050 0.183297
vt 0.999050 0.342604
vt 0.939310 0.183297
vt 0.999050 0.183297
vt 0.985655 0.179437
vt 0.939081 0.132863
vt 0.985655 0.132863
vt 0.999050 0.342604
vt 0.939310 0.183297
vt 0.939310 0.342604
vt 0.999050 0.342604
vt 0.939310 0.183297
vt 0.939310 0.342604
vt 0.999050 0.342604
vt 0.939310 0.183297
vt 0.939310 0.342604
vt 0.999050 0.342604
vt 0.939310 0.183297
vt 0.939310 0.342604
vt 0.985655 0.179437
vt 0.939081 0.132863
vt 0.939081 0.179437
vt 0.979692 0.844034
vt -0.000781 0.781451
vt 0.979692 0.781451
vt 0.145247 0.718868
vt -0.000781 0.656284
vt 0.145247 0.656284
vt 0.979692 0.781451
vt -0.000781 0.718868
vt 0.979692 0.718868
vt 0.302823 0.718868
vt 0.156795 0.656284
vt 0.302823 0.656284
vt 1.000000 1.000000
vt 0.000000 0.851064
vt 1.000000 0.851064
vt 0.998987 0.652658
vt 0.001647 0.504118
vt 0.998987 0.504118
vt 0.000000 0.034093
vt 0.905875 0.048121
vt 0.905875 0.034093
vt 0.000200 0.281378
vt 0.906075 0.297453
vt 0.906075 0.281378
vt 0.905875 0.089593
vt 0.000000 0.062150
vt 0.000000 0.089593
vt 0.000200 0.219937
vt 0.906075 0.259595
vt 0.906075 0.219937
vt 0.000000 0.034093
vt 0.905875 0.048121
vt 0.905875 0.034093
vt 0.000200 0.281378
vt 0.906075 0.297453
vt 0.906075 0.281378
vt -0.000122 0.210448
vt 0.905753 0.156096
vt -0.000122 0.156096
vt 0.905875 0.025761
vt 0.000000 0.012881
vt 0.000000 0.025761
vt 0.906387 0.321630
vt 0.000512 0.330358
vt 0.906387 0.330358
vt 0.000200 0.296828
vt 0.906075 0.312903
vt 0.906075 0.296828
vt 0.999050 0.342604
vt 0.939310 0.183297
vt 0.999050 0.183297
vt 0.999050 0.342604
vt 0.939310 0.183297
vt 0.999050 0.183297
vt 0.999050 0.342604
vt 0.939310 0.183297
vt 0.999050 0.183297
vt 0.999050 0.342604
vt 0.939310 0.183297
vt 0.999050 0.183297
vt 0.985655 0.179437
vt 0.939081 0.132863
vt 0.985655 0.132863
vt 0.999050 0.342604
vt 0.939310 0.183297
vt 0.939310 0.342604
vt 0.999050 0.342604
vt 0.939310 0.183297
vt 0.939310 0.342604
vt 0.999050 0.342604
vt 0.939310 0.183297
vt 0.939310 0.342604
vt 0.999050 0.342604
vt 0.939310 0.183297
vt 0.939310 0.342604
vt 0.985655 0.179437
vt 0.939081 0.132863
vt 0.939081 0.179437
vt 0.979692 0.844034
vt -0.000781 0.781451
vt 0.979692 0.781451
vt 0.145247 0.718868
vt -0.000781 0.656284
vt 0.145247 0.656284
vt 0.979692 0.781451
vt -0.000781 0.718868
vt 0.979692 0.718868
vt 0.302823 0.718868
vt 0.156795 0.656284
vt 0.302823 0.656284
vt 1.000000 1.000000
vt 0.000000 0.851064
vt 1.000000 0.851064
vt 0.998987 0.652658
vt 0.001647 0.504118
vt 0.998987 0.504118
vt 0.000000 0.012881
vt 0.905875 0.025761
vt 0.905875 0.012881
vt 0.996752 0.000413
vt 0.980908 0.014240
vt 0.996752 0.014240
vt 0.959024 0.014240
vt 0.943180 0.000413
vt 0.943180 0.014240
vt 0.950422 0.053985
vt 0.959024 0.041289
vt 0.950422 0.041289
vt 0.989510 0.053985
vt 0.980908 0.041289
vt 0.999050 0.342604
vt 0.939310 0.183297
vt 0.999050 0.183297
vt 0.999050 0.342604
vt 0.939310 0.183297
vt 0.999050 0.183297
vt 0.999050 0.342604
vt 0.939310 0.183297
vt 0.999050 0.183297
vt 0.999050 0.342604
vt 0.939310 0.183297
vt 0.999050 0.183297
vt 0.985655 0.179437
vt 0.939081 0.132863
vt 0.985655 0.132863
vt 0.999050 0.342604
vt 0.939310 0.183297
vt 0.939310 0.342604
vt 0.999050 0.342604
vt 0.939310 0.183297
vt 0.939310 0.342604
vt 0.999050 0.342604
vt 0.939310 0.183297
vt 0.939310 0.342604
vt 0.999050 0.342604
vt 0.939310 0.183297
vt 0.939310 0.342604
vt 0.985655 0.179437
vt 0.939081 0.132863
vt 0.939081 0.179437
vt 0.979692 0.844034
vt -0.000781 0.781451
vt 0.979692 0.781451
vt 0.145247 0.718868
vt -0.000781 0.656284
vt 0.145247 0.656284
vt 0.979692 0.781451
vt -0.000781 0.718868
vt 0.979692 0.718868
vt 0.302823 0.718868
vt 0.156795 0.656284
vt 0.302823 0.656284
vt 1.000000 1.000000
vt 0.000000 0.851064
vt 1.000000 0.851064
vt 0.998987 0.652658
vt 0.001647 0.504118
vt 0.998987 0.504118
vt 0.949641 0.115757
vt 0.958243 0.103062
vt 0.980127 0.103062
vt 0.988729 0.115757
vt 0.995971 0.062186
vt 0.980127 0.076013
vt 0.942399 0.062186
vt 0.958243 0.076013
vt 0.000512 0.330358
vt 0.906387 0.321630
vt 0.906387 0.330358
vt 0.906075 0.297453
vt 0.000200 0.281378
vt 0.906075 0.281378
vt 0.000512 0.312903
vt 0.906387 0.321630
vt 0.000512 0.321630
vt 0.905753 0.210448
vt -0.000122 0.156096
vt 0.905753 0.156096
vt 0.905875 0.048121
vt 0.000000 0.034093
vt 0.905875 0.034093
vt 0.906075 0.281378
vt 0.000200 0.297453
vt 0.000200 0.281378
vt 0.906075 0.296828
vt 0.000200 0.312903
vt 0.000200 0.296828
vt 0.000512 0.330358
vt 0.906387 0.321630
vt 0.906387 0.330358
vt 0.000512 0.321630
vt 0.906387 0.312903
vt 0.906387 0.321630
vt 0.000512 0.312903
vt 0.906387 0.321630
vt 0.000512 0.321630
vt 0.905875 0.121202
vt 0.000000 0.093759
vt 0.905875 0.093759
vt 0.000000 0.089593
vt 0.905875 0.062150
vt 0.905875 0.089593
vt -0.000122 0.210448
vt 0.905753 0.156096
vt 0.905753 0.210448
vt 0.905875 0.048121
vt 0.000000 0.062150
vt 0.000000 0.048121
vt 0.906075 0.281378
vt 0.000200 0.297453
vt 0.000200 0.281378
vt -0.000122 0.210448
vt 0.905753 0.156096
vt 0.905753 0.210448
vt 0.905875 0.048121
vt 0.000000 0.034093
vt 0.905875 0.034093
vt 0.906075 0.297453
vt 0.000200 0.281378
vt 0.906075 0.281378
vt 0.906075 0.259595
vt 0.000200 0.219937
vt 0.906075 0.219937
vt 0.000000 0.121202
vt 0.905875 0.093759
vt 0.905875 0.121202
vt 0.000000 0.034093
vt 0.905875 0.048121
vt 0.000000 0.048121
vt 0.000200 0.259595
vt 0.906075 0.219937
vt 0.906075 0.259595
vt 0.000000 0.000000
vt 0.905875 0.012881
vt 0.000000 0.012881
vt 0.000000 0.000000
vt 0.905875 0.012881
vt 0.000000 0.012881
vt 0.906075 0.296828
vt 0.000200 0.312903
vt 0.000200 0.296828
vt 0.906075 0.281378
vt 0.000200 0.297453
vt 0.000200 0.281378
vt 0.906075 0.312903
vt 0.000200 0.296828
vt 0.906075 0.296828
vt 0.905875 0.048121
vt 0.000000 0.062150
vt 0.000000 0.048121
vt 0.000000 0.121202
vt 0.905875 0.093759
vt 0.905875 0.121202
vt 0.000512 0.312903
vt 0.906387 0.321630
vt 0.000512 0.321630
vt 0.000512 0.321630
vt 0.906387 0.330358
vt 0.000512 0.330358
vt 0.905875 0.048121
vt 0.000000 0.034093
vt 0.905875 0.034093
vt 0.000200 0.219937
vt 0.906075 0.259595
vt 0.000200 0.259595
vt -0.000122 0.210448
vt 0.905753 0.156096
vt 0.905753 0.210448
vt 0.000000 0.012881
vt 0.905875 0.000000
vt 0.905875 0.012881
vt 0.000000 0.012881
vt 0.905875 0.000000
vt 0.905875 0.012881
vt -0.000122 0.210448
vt 0.905753 0.156096
vt 0.905753 0.210448
vt 0.905875 0.048121
vt 0.000000 0.034093
vt 0.905875 0.034093
vt -0.000122 0.210448
vt 0.905753 0.156096
vt 0.905753 0.210448
vt 0.000000 0.025761
vt 0.905875 0.012881
vt 0.905875 0.025761
vt 0.000000 0.034093
vt 0.905875 0.048121
vt 0.000000 0.048121
vt 0.000000 0.000000
vt 0.905875 0.012881
vt 0.000000 0.012881
vt 0.000000 0.012881
vt 0.905875 0.000000
vt 0.905875 0.012881
vt 0.000512 0.330358
vt 0.906387 0.321630
vt 0.906387 0.330358
vt 0.906075 0.312903
vt 0.000200 0.296828
vt 0.906075 0.296828
vt 0.000000 0.025761
vt 0.905875 0.012881
vt 0.905875 0.025761
vt 0.000000 0.025761
vt 0.905875 0.012881
vt 0.905875 0.025761
vt 0.905875 0.048121
vt 0.000000 0.062150
vt 0.000000 0.048121
vt 0.000200 0.219937
vt 0.906075 0.259595
vt 0.000200 0.259595
vt 0.000000 0.034093
vt 0.905875 0.048121
vt 0.000000 0.048121
vt 0.906075 0.259595
vt 0.000200 0.219937
vt 0.906075 0.219937
vt -0.000122 0.156096
vt 0.905753 0.210448
vt -0.000122 0.210448
vt 0.000000 0.000000
vt 0.905875 0.012881
vt 0.000000 0.012881
vt 0.000000 0.034093
vt 0.905875 0.048121
vt 0.000000 0.048121
vt 0.905875 0.048121
vt 0.000000 0.062150
vt 0.000000 0.048121
vt -0.000122 0.156096
vt 0.905753 0.210448
vt -0.000122 0.210448
vt 0.000000 0.012881
vt 0.905875 0.000000
vt 0.905875 0.012881
vt 0.000512 0.312903
vt 0.906387 0.321630
vt 0.000512 0.321630
vt 0.905875 0.048121
vt 0.000000 0.062150
vt 0.000000 0.048121
vt 0.000000 0.062150
vt 0.905875 0.089593
vt 0.000000 0.089593
vt -0.000122 0.156096
vt 0.905753 0.210448
vt -0.000122 0.210448
vt 0.906075 0.281378
vt 0.000200 0.297453
vt 0.000200 0.281378
vt 0.906075 0.297453
vt 0.000200 0.281378
vt 0.906075 0.281378
vt 0.906075 0.296828
vt 0.000200 0.312903
vt 0.000200 0.296828
vt -0.000122 0.210448
vt 0.905753 0.156096
vt 0.905753 0.210448
vt 0.000000 0.012881
vt 0.905875 0.000000
vt 0.905875 0.012881
vt 0.906075 0.297453
vt 0.000200 0.281378
vt 0.906075 0.281378
vt 0.000200 0.219937
vt 0.906075 0.259595
vt 0.000200 0.259595
vt 0.000512 0.321630
vt 0.906387 0.312903
vt 0.906387 0.321630
vt 0.000000 0.000000
vt 0.905875 0.012881
vt 0.000000 0.012881
vt 0.906387 0.321630
vt 0.000512 0.312903
vt 0.906387 0.312903
vt 0.905875 0.048121
vt 0.000000 0.062150
vt 0.000000 0.048121
vt 0.000512 0.312903
vt 0.906387 0.321630
vt 0.000512 0.321630
vt 0.000200 0.219937
vt 0.906075 0.259595
vt 0.000200 0.259595
vt 0.905875 0.048121
vt 0.000000 0.034093
vt 0.905875 0.034093
vt 0.000000 0.025761
vt 0.905875 0.012881
vt 0.905875 0.025761
vt 0.000000 0.034093
vt 0.905875 0.048121
vt 0.000000 0.048121
vt 0.000000 0.121202
vt 0.905875 0.093759
vt 0.905875 0.121202
vt 0.000512 0.312903
vt 0.906387 0.321630
vt 0.000512 0.321630
vt 0.906075 0.281378
vt 0.000200 0.297453
vt 0.000200 0.281378
vt 0.905875 0.048121
vt 0.000000 0.062150
vt 0.000000 0.048121
vt 0.000000 0.000000
vt 0.905875 0.012881
vt 0.000000 0.012881
vt 0.906075 0.296828
vt 0.000200 0.312903
vt 0.000200 0.296828
vt 0.000000 0.034093
vt 0.905875 0.048121
vt 0.000000 0.048121
vt 0.905875 0.048121
vt 0.000000 0.062150
vt 0.000000 0.048121
vt 0.906075 0.259595
vt 0.000200 0.219937
vt 0.906075 0.219937
vt -0.000122 0.156096
vt 0.905753 0.210448
vt -0.000122 0.210448
vt -0.000122 0.156096
vt 0.905753 0.210448
vt -0.000122 0.210448
vt 0.906075 0.296828
vt 0.000200 0.312903
vt 0.000200 0.296828
vt -0.000122 0.210448
vt 0.905753 0.156096
vt 0.905753 0.210448
vt 0.000000 0.034093
vt 0.905875 0.048121
vt 0.000000 0.048121
vt 0.000000 0.121202
vt 0.905875 0.093759
vt 0.905875 0.121202
vt 0.906075 0.312903
vt 0.000200 0.296828
vt 0.906075 0.296828
vt 0.906075 0.297453
vt 0.000200 0.281378
vt 0.906075 0.281378
vt 0.906075 0.312903
vt 0.000200 0.296828
vt 0.906075 0.296828
vt 0.000000 0.089593
vt 0.905875 0.062150
vt 0.905875 0.089593
vt -0.000122 0.156096
vt 0.905753 0.210448
vt -0.000122 0.210448
vt 0.906075 0.296828
vt 0.000200 0.312903
vt 0.000200 0.296828
vt 0.905875 0.034093
vt 0.000000 0.048121
vt 0.000000 0.034093
vt 0.000000 0.012881
vt 0.905875 0.000000
vt 0.905875 0.012881
vt 0.000000 0.062150
vt 0.905875 0.089593
vt 0.000000 0.089593
vt -0.000122 0.156096
vt 0.905753 0.210448
vt -0.000122 0.210448
vt 0.000000 0.012881
vt 0.905875 0.025761
vt 0.000000 0.025761
vt 0.000512 0.321630
vt 0.906387 0.330358
vt 0.000512 0.330358
vt 0.000000 0.025761
vt 0.905875 0.012881
vt 0.905875 0.025761
vt 0.000000 0.093759
vt 0.905875 0.121202
vt 0.000000 0.121202
vt 0.000512 0.321630
vt 0.906387 0.312903
vt 0.906387 0.321630
vt 0.000512 0.321630
vt 0.906387 0.312903
vt 0.906387 0.321630
vt 0.000512 0.330358
vt 0.906387 0.321630
vt 0.906387 0.330358
vt -0.000122 0.156096
vt 0.905753 0.210448
vt -0.000122 0.210448
vt 0.905875 0.048121
vt 0.000000 0.062150
vt 0.000000 0.048121
vt 0.000000 0.089593
vt 0.905875 0.062150
vt 0.905875 0.089593
vt 0.906075 0.296828
vt 0.000200 0.312903
vt 0.000200 0.296828
vt 0.000000 0.034093
vt 0.905875 0.048121
vt 0.000000 0.048121
vt 0.000512 0.312903
vt 0.906387 0.321630
vt 0.000512 0.321630
vt -0.000122 0.156096
vt 0.905753 0.210448
vt -0.000122 0.210448
vt 0.905875 0.048121
vt 0.000000 0.062150
vt 0.000000 0.048121
vt 0.000000 0.025761
vt 0.905875 0.012881
vt 0.905875 0.025761
vt 0.000512 0.321630
vt 0.906387 0.330358
vt 0.000512 0.330358
vt 0.906075 0.259595
vt 0.000200 0.219937
vt 0.906075 0.219937
vt 0.000000 0.121202
vt 0.905875 0.093759
vt 0.905875 0.121202
vt 0.000512 0.321630
vt 0.906387 0.312903
vt 0.906387 0.321630
vt 0.000000 0.062150
vt 0.905875 0.089593
vt 0.000000 0.089593
vt 0.000512 0.321630
vt 0.906387 0.312903
vt 0.906387 0.321630
vt 0.000000 0.025761
vt 0.905875 0.012881
vt 0.905875 0.025761
vt 0.906075 0.312903
vt 0.000200 0.296828
vt 0.906075 0.296828
vt 0.000000 0.012881
vt 0.905875 0.000000
vt 0.905875 0.012881
vt 0.000000 0.025761
vt 0.905875 0.012881
vt 0.905875 0.025761
vt 0.906075 0.296828
vt 0.000200 0.312903
vt 0.000200 0.296828
vt 0.000512 0.312903
vt 0.906387 0.321630
vt 0.000512 0.321630
vt 0.906075 0.296828
vt 0.000200 0.312903
vt 0.000200 0.296828
vt 0.906075 0.281378
vt 0.000200 0.297453
vt 0.000200 0.281378
vt 0.000000 0.093759
vt 0.905875 0.121202
vt 0.000000 0.121202
vt 0.000512 0.330358
vt 0.906387 0.321630
vt 0.906387 0.330358
vt 0.000000 0.121202
vt 0.905875 0.093759
vt 0.905875 0.121202
vt 0.000000 0.012881
vt 0.905875 0.025761
vt 0.000000 0.025761
vt 0.906075 0.297453
vt 0.000200 0.281378
vt 0.906075 0.281378
vt 0.000000 0.025761
vt 0.905875 0.012881
vt 0.905875 0.025761
vt 0.000000 0.000000
vt 0.905875 0.012881
vt 0.000000 0.012881
vt 0.906075 0.312903
vt 0.000200 0.296828
vt 0.906075 0.296828
vt 0.000000 0.089593
vt 0.905875 0.062150
vt 0.905875 0.089593
vt -0.000122 0.156096
vt 0.905753 0.210448
vt -0.000122 0.210448
vt 0.000512 0.321630
vt 0.906387 0.330358
vt 0.000512 0.330358
vt 0.000512 0.312903
vt 0.906387 0.321630
vt 0.000512 0.321630
vt 0.000000 0.121202
vt 0.905875 0.093759
vt 0.905875 0.121202
vt 0.000000 0.089593
vt 0.905875 0.062150
vt 0.905875 0.089593
vt 0.905875 0.062150
vt 0.000000 0.048121
vt 0.905875 0.048121
vt 0.906075 0.281378
vt 0.000200 0.297453
vt 0.000200 0.281378
vt 0.000000 0.000000
vt 0.905875 0.012881
vt 0.000000 0.012881
vt 0.000512 0.321630
vt 0.906387 0.330358
vt 0.000512 0.330358
vt 0.000000 0.089593
vt 0.905875 0.062150
vt 0.905875 0.089593
vt 0.906075 0.259595
vt 0.000200 0.219937
vt 0.906075 0.219937
vt 0.000000 0.121202
vt 0.905875 0.093759
vt 0.905875 0.121202
vt 0.905875 0.048121
vt 0.000000 0.034093
vt 0.905875 0.034093
vt 0.906075 0.297453
vt 0.000200 0.281378
vt 0.906075 0.281378
vt 0.905875 0.048121
vt 0.000000 0.062150
vt 0.000000 0.048121
vt 0.000000 0.012881
vt 0.905875 0.000000
vt 0.905875 0.012881
vt -0.000122 0.210448
vt 0.905753 0.156096
vt 0.905753 0.210448
vt 0.906075 0.312903
vt 0.000200 0.296828
vt 0.906075 0.296828
vt 0.000000 0.121202
vt 0.905875 0.093759
vt 0.905875 0.121202
vt 0.000512 0.321630
vt 0.906387 0.330358
vt 0.000512 0.330358
vt 0.905875 0.048121
vt 0.000000 0.062150
vt 0.000000 0.048121
vt 0.000512 0.321630
vt 0.906387 0.330358
vt 0.000512 0.330358
vt 0.906075 0.259595
vt 0.000200 0.219937
vt 0.906075 0.219937
vt 0.906075 0.296828
vt 0.000200 0.312903
vt 0.000200 0.296828
vt 0.000000 0.000000
vt 0.905875 0.012881
vt 0.000000 0.012881
vt 0.000000 0.062150
vt 0.905875 0.089593
vt 0.000000 0.089593
vt 0.906075 0.296828
vt 0.000200 0.312903
vt 0.000200 0.296828
vt 0.905875 0.048121
vt 0.000000 0.062150
vt 0.000000 0.048121
vt 0.000200 0.219937
vt 0.906075 0.259595
vt 0.000200 0.259595
vt 0.000512 0.321630
vt 0.906387 0.312903
vt 0.906387 0.321630
vt 0.000000 0.121202
vt 0.905875 0.093759
vt 0.905875 0.121202
vt 0.905875 0.048121
vt 0.000000 0.062150
vt 0.000000 0.048121
vt 0.000000 0.093759
vt 0.905875 0.121202
vt 0.000000 0.121202
vt 0.000000 0.012881
vt 0.905875 0.000000
vt 0.905875 0.012881
vt 0.000000 0.089593
vt 0.905875 0.062150
vt 0.905875 0.089593
vt 0.000200 0.219937
vt 0.906075 0.259595
vt 0.000200 0.259595
vt 0.906075 0.296828
vt 0.000200 0.312903
vt 0.000200 0.296828
vt 0.906075 0.281378
vt 0.000200 0.297453
vt 0.000200 0.281378
vt 0.000000 0.121202
vt 0.905875 0.093759
vt 0.905875 0.121202
vt 0.000000 0.121202
vt 0.905875 0.093759
vt 0.905875 0.121202
vt 0.905875 0.048121
vt 0.000000 0.062150
vt 0.000000 0.048121
vt 0.906075 0.296828
vt 0.000200 0.312903
vt 0.000200 0.296828
vt 0.906075 0.259595
vt 0.000200 0.219937
vt 0.906075 0.219937
vt 0.000000 0.025761
vt 0.905875 0.012881
vt 0.905875 0.025761
vt 0.000512 0.321630
vt 0.906387 0.330358
vt 0.000512 0.330358
vt 0.906075 0.281378
vt 0.000200 0.297453
vt 0.000200 0.281378
vt 0.000000 0.025761
vt 0.905875 0.012881
vt 0.905875 0.025761
vt 0.000000 0.089593
vt 0.905875 0.062150
vt 0.905875 0.089593
vt 0.000512 0.321630
vt 0.906387 0.330358
vt 0.000512 0.330358
vt 0.000000 0.089593
vt 0.905875 0.062150
vt 0.905875 0.089593
vt 0.000512 0.321630
vt 0.906387 0.312903
vt 0.906387 0.321630
vt 0.000512 0.321630
vt 0.906387 0.312903
vt 0.906387 0.321630
vt 0.000000 0.012881
vt 0.905875 0.000000
vt 0.905875 0.012881
vt 0.000000 0.093759
vt 0.905875 0.121202
vt 0.000000 0.121202
vt 0.000000 0.012881
vt 0.905875 0.000000
vt 0.905875 0.012881
vt 0.000000 0.025761
vt 0.905875 0.012881
vt 0.905875 0.025761
vt 0.000000 0.000000
vt 0.905875 0.012881
vt 0.000000 0.012881
vt 0.905875 0.048121
vt 0.000000 0.034093
vt 0.905875 0.034093
vt 0.906075 0.297453
vt 0.000200 0.281378
vt 0.906075 0.281378
vt 0.000000 0.062150
vt 0.905875 0.089593
vt 0.000000 0.089593
vt 0.000512 0.330358
vt 0.906387 0.321630
vt 0.906387 0.330358
vt 0.905875 0.062150
vt 0.000000 0.048121
vt 0.905875 0.048121
vt 0.000200 0.219937
vt 0.906075 0.259595
vt 0.000200 0.259595
vt 0.000512 0.330358
vt 0.906387 0.321630
vt 0.906387 0.330358
vt 0.000512 0.312903
vt 0.906387 0.321630
vt 0.000512 0.321630
vt 0.000000 0.025761
vt 0.905875 0.012881
vt 0.905875 0.025761
vt 0.000000 0.062150
vt 0.905875 0.089593
vt 0.000000 0.089593
vt 0.000000 0.121202
vt 0.905875 0.093759
vt 0.905875 0.121202
vt 0.000000 0.062150
vt 0.905875 0.089593
vt 0.000000 0.089593
vt 0.000512 0.312903
vt 0.906387 0.321630
vt 0.000512 0.321630
vt 0.905875 0.048121
vt 0.000000 0.034093
vt 0.905875 0.034093
vt 0.906075 0.281378
vt 0.000200 0.297453
vt 0.000200 0.281378
vt 0.906075 0.259595
vt 0.000200 0.219937
vt 0.906075 0.219937
vt 0.000000 0.025761
vt 0.905875 0.012881
vt 0.905875 0.025761
vt 0.000512 0.321630
vt 0.906387 0.330358
vt 0.000512 0.330358
vt 0.906075 0.297453
vt 0.000200 0.281378
vt 0.906075 0.281378
vt 0.000512 0.312903
vt 0.906387 0.321630
vt 0.000512 0.321630
vt 0.000512 0.321630
vt 0.906387 0.330358
vt 0.000512 0.330358
vt 0.000000 0.089593
vt 0.905875 0.062150
vt 0.905875 0.089593
vt 0.905875 0.048121
vt 0.000000 0.062150
vt 0.000000 0.048121
vt 0.000000 0.089593
vt 0.905875 0.062150
vt 0.905875 0.089593
vt 0.000000 0.034093
vt 0.905875 0.048121
vt 0.000000 0.048121
vt 0.000000 0.025761
vt 0.905875 0.012881
vt 0.905875 0.025761
vt 0.906075 0.219937
vt 0.000200 0.259595
vt 0.000200 0.219937
vt 0.000512 0.321630
vt 0.906387 0.330358
vt 0.000512 0.330358
vt 0.000000 0.121202
vt 0.905875 0.093759
vt 0.905875 0.121202
vt 0.000000 0.000000
vt 0.905875 0.012881
vt 0.000000 0.012881
vt 0.905875 0.048121
vt 0.000000 0.062150
vt 0.000000 0.048121
vt 0.000000 0.025761
vt 0.905875 0.012881
vt 0.905875 0.025761
vt 0.000000 0.000000
vt 0.905875 0.012881
vt 0.000000 0.012881
vt 0.906075 0.297453
vt 0.000200 0.281378
vt 0.906075 0.281378
vt 0.906075 0.312903
vt 0.000200 0.296828
vt 0.906075 0.296828
vt 0.000512 0.330358
vt 0.906387 0.321630
vt 0.906387 0.330358
vt -0.000122 0.156096
vt 0.905753 0.210448
vt -0.000122 0.210448
vt 0.000512 0.321630
vt 0.906387 0.330358
vt 0.000512 0.330358
vt 0.905875 0.048121
vt 0.000000 0.034093
vt 0.905875 0.034093
vt 0.906075 0.259595
vt 0.000200 0.219937
vt 0.906075 0.219937
vt 0.000512 0.321630
vt 0.906387 0.330358
vt 0.000512 0.330358
vt 0.906075 0.297453
vt 0.000200 0.281378
vt 0.906075 0.281378
vt 0.000200 0.219937
vt 0.906075 0.259595
vt 0.000200 0.259595
vt 0.000000 0.121202
vt 0.905875 0.093759
vt 0.905875 0.121202
vt 0.000000 0.089593
vt 0.905875 0.062150
vt 0.905875 0.089593
vt 0.000512 0.312903
vt 0.906387 0.321630
vt 0.000512 0.321630
vt 0.000000 0.012881
vt 0.905875 0.025761
vt 0.000000 0.025761
vt 0.905875 0.048121
vt 0.000000 0.034093
vt 0.905875 0.034093
vt 0.906075 0.259595
vt 0.000200 0.219937
vt 0.906075 0.219937
vt 0.905875 0.048121
vt 0.000000 0.034093
vt 0.905875 0.034093
vt 0.000000 0.089593
vt 0.905875 0.062150
vt 0.905875 0.089593
vt 0.000512 0.330358
vt 0.906387 0.321630
vt 0.906387 0.330358
vt 0.000000 0.121202
vt 0.905875 0.093759
vt 0.905875 0.121202
vt 0.905875 0.048121
vt 0.000000 0.062150
vt 0.000000 0.048121
vt 0.000000 0.025761
vt 0.905875 0.012881
vt 0.905875 0.025761
vt 0.906075 0.312903
vt 0.000200 0.296828
vt 0.906075 0.296828
vt -0.000122 0.210448
vt 0.905753 0.156096
vt 0.905753 0.210448
vt 0.000000 0.121202
vt 0.905875 0.093759
vt 0.905875 0.121202
vt 0.000000 0.089593
vt 0.905875 0.062150
vt 0.905875 0.089593
vt 0.000000 0.012881
vt 0.905875 0.025761
vt 0.000000 0.025761
vt 0.906075 0.259595
vt 0.000200 0.219937
vt 0.906075 0.219937
vt 0.000512 0.321630
vt 0.906387 0.312903
vt 0.906387 0.321630
vt 0.000000 0.012881
vt 0.905875 0.000000
vt 0.905875 0.012881
vt 0.905875 0.048121
vt 0.000000 0.062150
vt 0.000000 0.048121
vt 0.906075 0.281378
vt 0.000200 0.297453
vt 0.000200 0.281378
vt 0.905875 0.048121
vt 0.000000 0.062150
vt 0.000000 0.048121
vt -0.000122 0.210448
vt 0.905753 0.156096
vt 0.905753 0.210448
vt 0.906075 0.259595
vt 0.000200 0.219937
vt 0.906075 0.219937
vt 0.000000 0.121202
vt 0.905875 0.093759
vt 0.905875 0.121202
vt -0.000122 0.210448
vt 0.905753 0.156096
vt 0.905753 0.210448
vt 0.000000 0.089593
vt 0.905875 0.062150
vt 0.905875 0.089593
vt 0.906075 0.281378
vt 0.000200 0.297453
vt 0.000200 0.281378
vt 0.000000 0.034093
vt 0.905875 0.048121
vt 0.000000 0.048121
vt 0.906075 0.312903
vt 0.000200 0.296828
vt 0.906075 0.296828
vt 0.906075 0.259595
vt 0.000200 0.219937
vt 0.906075 0.219937
vt 0.905875 0.062150
vt 0.000000 0.048121
vt 0.905875 0.048121
vt 0.000512 0.321630
vt 0.906387 0.330358
vt 0.000512 0.330358
vt 0.000000 0.025761
vt 0.905875 0.012881
vt 0.905875 0.025761
vt 0.000512 0.321630
vt 0.906387 0.330358
vt 0.000512 0.330358
vt 0.906075 0.312903
vt 0.000200 0.296828
vt 0.906075 0.296828
vt 0.000200 0.219937
vt 0.906075 0.259595
vt 0.000200 0.259595
vt 0.000000 0.000000
vt 0.905875 0.012881
vt 0.000000 0.012881
vt 0.000000 0.012881
vt 0.905875 0.025761
vt 0.000000 0.025761
vt 0.000200 0.219937
vt 0.906075 0.259595
vt 0.000200 0.259595
vt 0.000000 0.093759
vt 0.905875 0.121202
vt 0.000000 0.121202
vt 0.000000 0.012881
vt 0.905875 0.000000
vt 0.905875 0.012881
vt 0.000000 0.025761
vt 0.905875 0.012881
vt 0.905875 0.025761
vt 0.905875 0.048121
vt 0.000000 0.034093
vt 0.905875 0.034093
vt 0.000512 0.312903
vt 0.906387 0.321630
vt 0.000512 0.321630
vt 0.905875 0.048121
vt 0.000000 0.062150
vt 0.000000 0.048121
vt 0.906075 0.281378
vt 0.000200 0.297453
vt 0.000200 0.281378
vt 0.000512 0.321630
vt 0.906387 0.312903
vt 0.906387 0.321630
vt -0.000122 0.156096
vt 0.905753 0.210448
vt -0.000122 0.210448
vt 0.000000 0.062150
vt 0.905875 0.089593
vt 0.000000 0.089593
vt 0.905875 0.048121
vt 0.000000 0.034093
vt 0.905875 0.034093
vt 0.000000 0.089593
vt 0.905875 0.062150
vt 0.905875 0.089593
vt 0.906075 0.281378
vt 0.000200 0.297453
vt 0.000200 0.281378
vt 0.905875 0.048121
vt 0.000000 0.062150
vt 0.000000 0.048121
vt 0.000000 0.121202
vt 0.905875 0.093759
vt 0.905875 0.121202
vt 0.000000 0.025761
vt 0.905875 0.012881
vt 0.905875 0.025761
vt 0.905875 0.048121
vt 0.000000 0.062150
vt 0.000000 0.048121
vt 0.000000 0.089593
vt 0.905875 0.062150
vt 0.905875 0.089593
vt 0.000000 0.034093
vt 0.905875 0.048121
vt 0.000000 0.048121
vt 0.906075 0.312903
vt 0.000200 0.296828
vt 0.906075 0.296828
vt 0.000000 0.062150
vt 0.905875 0.089593
vt 0.000000 0.089593
vt 0.000200 0.219937
vt 0.906075 0.259595
vt 0.000200 0.259595
vt 0.905875 0.048121
vt 0.000000 0.034093
vt 0.905875 0.034093
vt 0.906075 0.281378
vt 0.000200 0.297453
vt 0.000200 0.281378
vt 0.905753 0.210448
vt -0.000122 0.156096
vt 0.905753 0.156096
vt 0.000000 0.093759
vt 0.905875 0.121202
vt 0.000000 0.121202
vt -0.000122 0.210448
vt 0.905753 0.156096
vt 0.905753 0.210448
vt 0.906387 0.330358
vt 0.000512 0.321630
vt 0.906387 0.321630
vt 0.906075 0.296828
vt 0.000200 0.312903
vt 0.000200 0.296828
vt 0.959024 0.014240
vt 0.943180 0.000413
vt 0.980908 0.014240
vt 0.996752 0.000413
vt 0.980908 0.041289
vt 0.989510 0.053985
vt 0.959024 0.041289
vt 0.950422 0.053985
vt 0.000000 0.012881
vt 0.905875 0.025761
vt 0.000000 0.025761
vt 0.988729 0.103062
vt 0.942399 0.076013
vt 0.905753 0.156096
vt 0.000512 0.321630
vt 0.000200 0.312903
vt 0.000000 0.048121
vt 0.906387 0.312903
vt 0.000200 0.297453
vt 0.905875 0.048121
vt -0.000122 0.156096
vt 0.939310 0.342604
vt 0.939310 0.342604
vt 0.939310 0.342604
vt 0.939310 0.342604
vt 0.939081 0.179437
vt 0.999050 0.183297
vt 0.999050 0.183297
vt 0.999050 0.183297
vt 0.999050 0.183297
vt 0.985655 0.132863
vt -0.000781 0.844034
vt -0.000781 0.718868
vt -0.000781 0.781451
vt 0.156795 0.718868
vt 0.000000 1.000000
vt 0.001647 0.652658
vt 0.000000 0.012881
vt 0.906387 0.312903
vt 0.905875 0.000000
vt 0.939310 0.342604
vt 0.939310 0.342604
vt 0.939310 0.342604
vt 0.939310 0.342604
vt 0.939081 0.179437
vt 0.999050 0.183297
vt 0.999050 0.183297
vt 0.999050 0.183297
vt 0.999050 0.183297
vt 0.985655 0.132863
vt -0.000781 0.844034
vt -0.000781 0.718868
vt -0.000781 0.781451
vt 0.156795 0.718868
vt 0.000000 1.000000
vt 0.001647 0.652658
vt 0.905875 0.093759
vt 0.905875 0.089593
vt 0.939310 0.342604
vt 0.939310 0.342604
vt 0.939310 0.342604
vt 0.939310 0.342604
vt 0.939081 0.179437
vt 0.999050 0.183297
vt 0.999050 0.183297
vt 0.999050 0.183297
vt 0.999050 0.183297
vt 0.985655 0.132863
vt -0.000781 0.844034
vt -0.000781 0.718868
vt -0.000781 0.781451
vt 0.156795 0.718868
vt 0.000000 1.000000
vt 0.001647 0.652658
vt 0.906387 0.321630
vt 0.000000 0.093759
vt 0.000200 0.297453
vt 0.000200 0.312903
vt 0.905875 0.062150
vt 0.000200 0.297453
vt 0.000000 0.012881
vt 0.939310 0.342604
vt 0.939310 0.342604
vt 0.939310 0.342604
vt 0.939310 0.342604
vt 0.939081 0.179437
vt 0.999050 0.183297
vt 0.999050 0.183297
vt 0.999050 0.183297
vt 0.999050 0.183297
vt 0.985655 0.132863
vt -0.000781 0.844034
vt -0.000781 0.718868
vt -0.000781 0.781451
vt 0.156795 0.718868
vt 0.000000 1.000000
vt 0.001647 0.652658
vt 0.905753 0.156096
vt 0.905875 0.062150
vt 0.939310 0.342604
vt 0.939310 0.342604
vt 0.939310 0.342604
vt 0.939310 0.342604
vt 0.939081 0.179437
vt 0.999050 0.183297
vt 0.999050 0.183297
vt 0.999050 0.183297
vt 0.999050 0.183297
vt 0.985655 0.132863
vt -0.000781 0.844034
vt -0.000781 0.718868
vt -0.000781 0.781451
vt 0.156795 0.718868
vt 0.000000 1.000000
vt 0.001647 0.652658
vt 0.000200 0.312903
vt 0.905875 0.000000
vt 0.939310 0.342604
vt 0.939310 0.342604
vt 0.939310 0.342604
vt 0.939310 0.342604
vt 0.939081 0.179437
vt 0.999050 0.183297
vt 0.999050 0.183297
vt 0.999050 0.183297
vt 0.999050 0.183297
vt 0.985655 0.132863
vt -0.000781 0.844034
vt -0.000781 0.718868
vt -0.000781 0.781451
vt 0.156795 0.718868
vt 0.000000 1.000000
vt 0.001647 0.652658
vt 0.000200 0.259595
vt 0.939310 0.342604
vt 0.939310 0.342604
vt 0.939310 0.342604
vt 0.939310 0.342604
vt 0.939081 0.179437
vt 0.999050 0.183297
vt 0.999050 0.183297
vt 0.999050 0.183297
vt 0.999050 0.183297
vt 0.985655 0.132863
vt -0.000781 0.844034
vt -0.000781 0.718868
vt -0.000781 0.781451
vt 0.156795 0.718868
vt 0.000000 1.000000
vt 0.001647 0.652658
vt 0.000200 0.297453
vt 0.906387 0.312903
vt 0.906387 0.321630
vt 0.000000 0.012881
vt 0.000200 0.259595
vt 0.000000 0.062150
vt 0.939310 0.342604
vt 0.939310 0.342604
vt 0.939310 0.342604
vt 0.939310 0.342604
vt 0.939081 0.179437
vt 0.999050 0.183297
vt 0.999050 0.183297
vt 0.999050 0.183297
vt 0.999050 0.183297
vt 0.985655 0.132863
vt -0.000781 0.844034
vt -0.000781 0.718868
vt -0.000781 0.781451
vt 0.156795 0.718868
vt 0.000000 1.000000
vt 0.001647 0.652658
vt 0.000000 0.048121
vt 0.000200 0.297453
vt 0.906387 0.321630
vt 0.000200 0.312903
vt 0.000200 0.259595
vt 0.905875 0.000000
vt 0.000000 0.012881
vt 0.939310 0.342604
vt 0.939310 0.342604
vt 0.939310 0.342604
vt 0.939310 0.342604
vt 0.939081 0.179437
vt 0.999050 0.183297
vt 0.999050 0.183297
vt 0.999050 0.183297
vt 0.999050 0.183297
vt 0.985655 0.132863
vt -0.000781 0.844034
vt -0.000781 0.718868
vt -0.000781 0.781451
vt 0.156795 0.718868
vt 0.000000 1.000000
vt 0.001647 0.652658
vt 0.000200 0.259595
vt 0.939310 0.342604
vt 0.939310 0.342604
vt 0.939310 0.342604
vt 0.939310 0.342604
vt 0.939081 0.179437
vt 0.999050 0.183297
vt 0.999050 0.183297
vt 0.999050 0.183297
vt 0.999050 0.183297
vt 0.985655 0.132863
vt -0.000781 0.844034
vt -0.000781 0.718868
vt -0.000781 0.781451
vt 0.156795 0.718868
vt 0.000000 1.000000
vt 0.001647 0.652658
vt 0.906387 0.321630
vt 0.000512 0.321630
vt 0.939310 0.342604
vt 0.939310 0.342604
vt 0.939310 0.342604
vt 0.939310 0.342604
vt 0.939081 0.179437
vt 0.999050 0.183297
vt 0.999050 0.183297
vt 0.999050 0.183297
vt 0.999050 0.183297
vt 0.985655 0.132863
vt -0.000781 0.844034
vt -0.000781 0.718868
vt -0.000781 0.781451
vt 0.156795 0.718868
vt 0.000000 1.000000
vt 0.001647 0.652658
vt 0.000000 0.093759
vt 0.939310 0.342604
vt 0.939310 0.342604
vt 0.939310 0.342604
vt 0.939310 0.342604
vt 0.939081 0.179437
vt 0.999050 0.183297
vt 0.999050 0.183297
vt 0.999050 0.183297
vt 0.999050 0.183297
vt 0.985655 0.132863
vt -0.000781 0.844034
vt -0.000781 0.718868
vt -0.000781 0.781451
vt 0.156795 0.718868
vt 0.000000 1.000000
vt 0.001647 0.652658
vt 0.905875 0.062150
vt 0.905875 0.000000
vt 0.905875 0.062150
vt 0.905875 0.062150
vt 0.939310 0.342604
vt 0.939310 0.342604
vt 0.939310 0.342604
vt 0.939310 0.342604
vt 0.939081 0.179437
vt 0.999050 0.183297
vt 0.999050 0.183297
vt 0.999050 0.183297
vt 0.999050 0.183297
vt 0.985655 0.132863
vt -0.000781 0.844034
vt -0.000781 0.718868
vt -0.000781 0.781451
vt 0.156795 0.718868
vt 0.000000 1.000000
vt 0.001647 0.652658
vt 0.939310 0.342604
vt 0.939310 0.342604
vt 0.939310 0.342604
vt 0.939310 0.342604
vt 0.939081 0.179437
vt 0.999050 0.183297
vt 0.999050 0.183297
vt 0.999050 0.183297
vt 0.999050 0.183297
vt 0.985655 0.132863
vt -0.000781 0.844034
vt -0.000781 0.718868
vt -0.000781 0.781451
vt 0.156795 0.718868
vt 0.000000 1.000000
vt 0.001647 0.652658
vt 0.000000 0.048121
vt 0.939310 0.342604
vt 0.939310 0.342604
vt 0.939310 0.342604
vt 0.939310 0.342604
vt 0.939081 0.179437
vt 0.999050 0.183297
vt 0.999050 0.183297
vt 0.999050 0.183297
vt 0.999050 0.183297
vt 0.985655 0.132863
vt -0.000781 0.844034
vt -0.000781 0.718868
vt -0.000781 0.781451
vt 0.156795 0.718868
vt 0.000000 1.000000
vt 0.001647 0.652658
vt 0.905875 0.062150
vt 0.905875 0.000000
vt 0.905875 0.000000
vt 0.000200 0.259595
vt 0.906387 0.312903
vt 0.905875 0.025761
vt 0.939310 0.342604
vt 0.939310 0.342604
vt 0.939310 0.342604
vt 0.939310 0.342604
vt 0.939081 0.179437
vt 0.999050 0.183297
vt 0.999050 0.183297
vt 0.999050 0.183297
vt 0.999050 0.183297
vt 0.985655 0.132863
vt -0.000781 0.844034
vt -0.000781 0.718868
vt -0.000781 0.781451
vt 0.156795 0.718868
vt 0.000000 1.000000
vt 0.001647 0.652658
vt 0.906387 0.312903
vt 0.000200 0.259595
vt 0.906387 0.321630
vt 0.906387 0.321630
vt 0.939310 0.342604
vt 0.939310 0.342604
vt 0.939310 0.342604
vt 0.939310 0.342604
vt 0.939081 0.179437
vt 0.999050 0.183297
vt 0.999050 0.183297
vt 0.999050 0.183297
vt 0.999050 0.183297
vt 0.985655 0.132863
vt -0.000781 0.844034
vt -0.000781 0.718868
vt -0.000781 0.781451
vt 0.156795 0.718868
vt 0.000000 1.000000
vt 0.001647 0.652658
vt 0.000200 0.297453
vt 0.939310 0.342604
vt 0.939310 0.342604
vt 0.939310 0.342604
vt 0.939310 0.342604
vt 0.939081 0.179437
vt 0.999050 0.183297
vt 0.999050 0.183297
vt 0.999050 0.183297
vt 0.999050 0.183297
vt 0.985655 0.132863
vt -0.000781 0.844034
vt -0.000781 0.718868
vt -0.000781 0.781451
vt 0.156795 0.718868
vt 0.000000 1.000000
vt 0.001647 0.652658
vt 0.000200 0.259595
vt 0.000000 0.093759
vt 0.905753 0.156096
vt 0.905753 0.156096
vt 0.905753 0.156096
vt 0.906387 0.321630
vt 0.905875 0.000000
vt 0.939310 0.342604
vt 0.939310 0.342604
vt 0.939310 0.342604
vt 0.939310 0.342604
vt 0.939081 0.179437
vt 0.999050 0.183297
vt 0.999050 0.183297
vt 0.999050 0.183297
vt 0.999050 0.183297
vt 0.985655 0.132863
vt -0.000781 0.844034
vt -0.000781 0.718868
vt -0.000781 0.781451
vt 0.156795 0.718868
vt 0.000000 1.000000
vt 0.001647 0.652658
vt 0.000000 0.121202
vt 0.000200 0.297453
vt 0.905875 0.000000
vt 0.939310 0.342604
vt 0.939310 0.342604
vt 0.939310 0.342604
vt 0.939310 0.342604
vt 0.939081 0.179437
vt 0.999050 0.183297
vt 0.999050 0.183297
vt 0.999050 0.183297
vt 0.999050 0.183297
vt 0.985655 0.132863
vt -0.000781 0.844034
vt -0.000781 0.718868
vt -0.000781 0.781451
vt 0.156795 0.718868
vt 0.000000 1.000000
vt 0.001647 0.652658
vt 0.000200 0.259595
vt 0.000512 0.312903
vt 0.000000 0.048121
vt 0.905875 0.062150
vt 0.905875 0.000000
vt 0.905875 0.062150
vt 0.939310 0.342604
vt 0.939310 0.342604
vt 0.939310 0.342604
vt 0.939310 0.342604
vt 0.939081 0.179437
vt 0.999050 0.183297
vt 0.999050 0.183297
vt 0.999050 0.183297
vt 0.999050 0.183297
vt 0.985655 0.132863
vt -0.000781 0.844034
vt -0.000781 0.718868
vt -0.000781 0.781451
vt 0.156795 0.718868
vt 0.000000 1.000000
vt 0.001647 0.652658
vt 0.905875 0.000000
vt 0.939310 0.342604
vt 0.939310 0.342604
vt 0.939310 0.342604
vt 0.939310 0.342604
vt 0.939081 0.179437
vt 0.999050 0.183297
vt 0.999050 0.183297
vt 0.999050 0.183297
vt 0.999050 0.183297
vt 0.985655 0.132863
vt -0.000781 0.844034
vt -0.000781 0.718868
vt -0.000781 0.781451
vt 0.156795 0.718868
vt 0.000000 1.000000
vt 0.001647 0.652658
vt 0.000200 0.259595
vt 0.939310 0.342604
vt 0.939310 0.342604
vt 0.939310 0.342604
vt 0.939310 0.342604
vt 0.939081 0.179437
vt 0.999050 0.183297
vt 0.999050 0.183297
vt 0.999050 0.183297
vt 0.999050 0.183297
vt 0.985655 0.132863
vt -0.000781 0.844034
vt -0.000781 0.718868
vt -0.000781 0.781451
vt 0.156795 0.718868
vt 0.000000 1.000000
vt 0.001647 0.652658
vt 0.000000 0.093759
vt 0.906387 0.312903
vt 0.939310 0.342604
vt 0.939310 0.342604
vt 0.939310 0.342604
vt 0.939310 0.342604
vt 0.939081 0.179437
vt 0.999050 0.183297
vt 0.999050 0.183297
vt 0.999050 0.183297
vt 0.999050 0.183297
vt 0.985655 0.132863
vt -0.000781 0.844034
vt -0.000781 0.718868
vt -0.000781 0.781451
vt 0.156795 0.718868
vt 0.000000 1.000000
vt 0.001647 0.652658
vt 0.906387 0.321630
vt 0.939310 0.342604
vt 0.939310 0.342604
vt 0.939310 0.342604
vt 0.939310 0.342604
vt 0.939081 0.179437
vt 0.999050 0.183297
vt 0.999050 0.183297
vt 0.999050 0.183297
vt 0.999050 0.183297
vt 0.985655 0.132863
vt -0.000781 0.844034
vt -0.000781 0.718868
vt -0.000781 0.781451
vt 0.156795 0.718868
vt 0.000000 1.000000
vt 0.001647 0.652658
vt 0.905875 0.000000
vt 0.939310 0.342604
vt 0.939310 0.342604
vt 0.939310 0.342604
vt 0.939310 0.342604
vt 0.939081 0.179437
vt 0.999050 0.183297
vt 0.999050 0.183297
vt 0.999050 0.183297
vt 0.999050 0.183297
vt 0.985655 0.132863
vt -0.000781 0.844034
vt -0.000781 0.718868
vt -0.000781 0.781451
vt 0.156795 0.718868
vt 0.000000 1.000000
vt 0.001647 0.652658
vt 0.905875 0.121202
vt 0.000200 0.312903
vt 0.939310 0.342604
vt 0.939310 0.342604
vt 0.939310 0.342604
vt 0.939310 0.342604
vt 0.939081 0.179437
vt 0.999050 0.183297
vt 0.999050 0.183297
vt 0.999050 0.183297
vt 0.999050 0.183297
vt 0.985655 0.132863
vt -0.000781 0.844034
vt -0.000781 0.718868
vt -0.000781 0.781451
vt 0.156795 0.718868
vt 0.000000 1.000000
vt 0.001647 0.652658
vt 0.000200 0.312903
vt 0.906075 0.259595
vt 0.905875 0.062150
vt 0.000200 0.312903
vt 0.939310 0.342604
vt 0.939310 0.342604
vt 0.939310 0.342604
vt 0.939310 0.342604
vt 0.939081 0.179437
vt 0.999050 0.183297
vt 0.999050 0.183297
vt 0.999050 0.183297
vt 0.999050 0.183297
vt 0.985655 0.132863
vt -0.000781 0.844034
vt -0.000781 0.718868
vt -0.000781 0.781451
vt 0.156795 0.718868
vt 0.000000 1.000000
vt 0.001647 0.652658
vt 0.000000 0.062150
vt 0.906387 0.312903
vt 0.905753 0.156096
vt 0.905875 0.012881
vt 0.939310 0.342604
vt 0.939310 0.342604
vt 0.939310 0.342604
vt 0.939310 0.342604
vt 0.939081 0.179437
vt 0.999050 0.183297
vt 0.999050 0.183297
vt 0.999050 0.183297
vt 0.999050 0.183297
vt 0.985655 0.132863
vt -0.000781 0.844034
vt -0.000781 0.718868
vt -0.000781 0.781451
vt 0.156795 0.718868
vt 0.000000 1.000000
vt 0.001647 0.652658
vt 0.000200 0.297453
vt 0.939310 0.342604
vt 0.939310 0.342604
vt 0.939310 0.342604
vt 0.939310 0.342604
vt 0.939081 0.179437
vt 0.999050 0.183297
vt 0.999050 0.183297
vt 0.999050 0.183297
vt 0.999050 0.183297
vt 0.985655 0.132863
vt -0.000781 0.844034
vt -0.000781 0.718868
vt -0.000781 0.781451
vt 0.156795 0.718868
vt 0.000000 1.000000
vt 0.001647 0.652658
vt 0.906387 0.312903
vt 0.939310 0.342604
vt 0.939310 0.342604
vt 0.939310 0.342604
vt 0.939310 0.342604
vt 0.939081 0.179437
vt 0.999050 0.183297
vt 0.999050 0.183297
vt 0.999050 0.183297
vt 0.999050 0.183297
vt 0.985655 0.132863
vt -0.000781 0.844034
vt -0.000781 0.718868
vt -0.000781 0.781451
vt 0.156795 0.718868
vt 0.000000 1.000000
vt 0.001647 0.652658
vt 0.000200 0.312903
vt 0.905753 0.156096
vt 0.000000 0.062150
vt 0.939310 0.342604
vt 0.939310 0.342604
vt 0.939310 0.342604
vt 0.939310 0.342604
vt 0.939081 0.179437
vt 0.999050 0.183297
vt 0.999050 0.183297
vt 0.999050 0.183297
vt 0.999050 0.183297
vt 0.985655 0.132863
vt -0.000781 0.844034
vt -0.000781 0.718868
vt -0.000781 0.781451
vt 0.156795 0.718868
vt 0.000000 1.000000
vt 0.001647 0.652658
vt 0.000200 0.312903
vt 0.939310 0.342604
vt 0.939310 0.342604
vt 0.939310 0.342604
vt 0.939310 0.342604
vt 0.939081 0.179437
vt 0.999050 0.183297
vt 0.999050 0.183297
vt 0.999050 0.183297
vt 0.999050 0.183297
vt 0.985655 0.132863
vt -0.000781 0.844034
vt -0.000781 0.718868
vt -0.000781 0.781451
vt 0.156795 0.718868
vt 0.000000 1.000000
vt 0.001647 0.652658
vt 0.939310 0.342604
vt 0.939310 0.342604
vt 0.939310 0.342604
vt 0.939310 0.342604
vt 0.939081 0.179437
vt 0.999050 0.183297
vt 0.999050 0.183297
vt 0.999050 0.183297
vt 0.999050 0.183297
vt 0.985655 0.132863
vt -0.000781 0.844034
vt -0.000781 0.718868
vt -0.000781 0.781451
vt 0.156795 0.718868
vt 0.000000 1.000000
vt 0.001647 0.652658
vt 0.000200 0.259595
vt 0.905875 0.093759
vt 0.905875 0.062150
vt 0.939310 0.342604
vt 0.939310 0.342604
vt 0.939310 0.342604
vt 0.939310 0.342604
vt 0.939081 0.179437
vt 0.999050 0.183297
vt 0.999050 0.183297
vt 0.999050 0.183297
vt 0.999050 0.183297
vt 0.985655 0.132863
vt -0.000781 0.844034
vt -0.000781 0.718868
vt -0.000781 0.781451
vt 0.156795 0.718868
vt 0.000000 1.000000
vt 0.001647 0.652658
vt 0.000000 0.048121
vt 0.000200 0.259595
vt 0.906387 0.312903
vt 0.000200 0.297453
vt -0.000122 0.156096
vt 0.000000 0.048121
vt 0.939310 0.342604
vt 0.939310 0.342604
vt 0.939310 0.342604
vt 0.939310 0.342604
vt 0.939081 0.179437
vt 0.999050 0.183297
vt 0.999050 0.183297
vt 0.999050 0.183297
vt 0.999050 0.183297
vt 0.985655 0.132863
vt -0.000781 0.844034
vt -0.000781 0.718868
vt -0.000781 0.781451
vt 0.156795 0.718868
vt 0.000000 1.000000
vt 0.001647 0.652658
vt 0.906387 0.321630
vt 0.905875 0.121202
vt 0.000000 0.012881
vt 0.905753 0.156096
vt 0.905753 0.156096
vt 0.939310 0.342604
vt 0.939310 0.342604
vt 0.939310 0.342604
vt 0.939310 0.342604
vt 0.939081 0.179437
vt 0.999050 0.183297
vt 0.999050 0.183297
vt 0.999050 0.183297
vt 0.999050 0.183297
vt 0.985655 0.132863
vt -0.000781 0.844034
vt -0.000781 0.718868
vt -0.000781 0.781451
vt 0.156795 0.718868
vt 0.000000 1.000000
vt 0.001647 0.652658
vt 0.000200 0.312903
vt 0.905875 0.000000
vt 0.939310 0.342604
vt 0.939310 0.342604
vt 0.939310 0.342604
vt 0.939310 0.342604
vt 0.939081 0.179437
vt 0.999050 0.183297
vt 0.999050 0.183297
vt 0.999050 0.183297
vt 0.999050 0.183297
vt 0.985655 0.132863
vt -0.000781 0.844034
vt -0.000781 0.718868
vt -0.000781 0.781451
vt 0.156795 0.718868
vt 0.000000 1.000000
vt 0.001647 0.652658
vt 0.000200 0.259595
vt 0.000000 0.093759
vt 0.000200 0.312903
vt 0.905875 0.062150
vt 0.000512 0.312903
vt 0.939310 0.342604
vt 0.939310 0.342604
vt 0.939310 0.342604
vt 0.939310 0.342604
vt 0.939081 0.179437
vt 0.999050 0.183297
vt 0.999050 0.183297
vt 0.999050 0.183297
vt 0.999050 0.183297
vt 0.985655 0.132863
vt -0.000781 0.844034
vt -0.000781 0.718868
vt -0.000781 0.781451
vt 0.156795 0.718868
vt 0.000000 1.000000
vt 0.001647 0.652658
vt 0.905875 0.048121
vt 0.905875 0.062150
vt 0.905753 0.156096
vt 0.000000 0.048121
vt 0.939310 0.342604
vt 0.939310 0.342604
vt 0.939310 0.342604
vt 0.939310 0.342604
vt 0.939081 0.179437
vt 0.999050 0.183297
vt 0.999050 0.183297
vt 0.999050 0.183297
vt 0.999050 0.183297
vt 0.985655 0.132863
vt -0.000781 0.844034
vt -0.000781 0.718868
vt -0.000781 0.781451
vt 0.156795 0.718868
vt 0.000000 1.000000
vt 0.001647 0.652658
vt 0.906075 0.312903
vt 0.905875 0.025761
vt 0.906387 0.321630
vt 0.000200 0.259595
vt 0.905875 0.000000
vt 0.905875 0.000000
vt 0.939310 0.342604
vt 0.939310 0.342604
vt 0.939310 0.342604
vt 0.939310 0.342604
vt 0.939081 0.179437
vt 0.999050 0.183297
vt 0.999050 0.183297
vt 0.999050 0.183297
vt 0.999050 0.183297
vt 0.985655 0.132863
vt -0.000781 0.844034
vt -0.000781 0.718868
vt -0.000781 0.781451
vt 0.156795 0.718868
vt 0.000000 1.000000
vt 0.001647 0.652658
vt 0.000512 0.321630
vt 0.905875 0.121202
vt 0.939310 0.342604
vt 0.939310 0.342604
vt 0.939310 0.342604
vt 0.939310 0.342604
vt 0.939081 0.179437
vt 0.999050 0.183297
vt 0.999050 0.183297
vt 0.999050 0.183297
vt 0.999050 0.183297
vt 0.985655 0.132863
vt -0.000781 0.844034
vt -0.000781 0.718868
vt -0.000781 0.781451
vt 0.156795 0.718868
vt 0.000000 1.000000
vt 0.001647 0.652658
vt 0.905875 0.062150
vt 0.906075 0.259595
vt 0.905753 0.156096
vt 0.906387 0.321630
vt 0.939310 0.342604
vt 0.939310 0.342604
vt 0.939310 0.342604
vt 0.939310 0.342604
vt 0.939081 0.179437
vt 0.999050 0.183297
vt 0.999050 0.183297
vt 0.999050 0.183297
vt 0.999050 0.183297
vt 0.985655 0.132863
vt -0.000781 0.844034
vt -0.000781 0.718868
vt -0.000781 0.781451
vt 0.156795 0.718868
vt 0.000000 1.000000
vt 0.001647 0.652658
vt 0.000200 0.312903
vt 0.000000 0.048121
vt 0.906075 0.312903
vt 0.906075 0.297453
vt 0.000200 0.297453
vt 0.905875 0.062150
vt 0.905753 0.156096
vt 0.939310 0.342604
vt 0.939310 0.342604
vt 0.939310 0.342604
vt 0.939310 0.342604
vt 0.939081 0.179437
vt 0.999050 0.183297
vt 0.999050 0.183297
vt 0.999050 0.183297
vt 0.999050 0.183297
vt 0.985655 0.132863
vt -0.000781 0.844034
vt -0.000781 0.718868
vt -0.000781 0.781451
vt 0.156795 0.718868
vt 0.000000 1.000000
vt 0.001647 0.652658
vt 0.000200 0.297453
vt 0.906387 0.321630
vt 0.000000 0.000000
vt 0.905875 0.000000
vt 0.906075 0.297453
vt 0.939310 0.342604
vt 0.939310 0.342604
vt 0.939310 0.342604
vt 0.939310 0.342604
vt 0.939081 0.179437
vt 0.999050 0.183297
vt 0.999050 0.183297
vt 0.999050 0.183297
vt 0.999050 0.183297
vt 0.985655 0.132863
vt -0.000781 0.844034
vt -0.000781 0.718868
vt -0.000781 0.781451
vt 0.156795 0.718868
vt 0.000000 1.000000
vt 0.001647 0.652658
vt -0.000122 0.156096
vt 0.905875 0.121202
vt 0.905875 0.062150
vt 0.906387 0.312903
vt 0.939310 0.342604
vt 0.939310 0.342604
vt 0.939310 0.342604
vt 0.939310 0.342604
vt 0.939081 0.179437
vt 0.999050 0.183297
vt 0.999050 0.183297
vt 0.999050 0.183297
vt 0.999050 0.183297
vt 0.985655 0.132863
vt -0.000781 0.844034
vt -0.000781 0.718868
vt -0.000781 0.781451
vt 0.156795 0.718868
vt 0.000000 1.000000
vt 0.001647 0.652658
vt 0.939310 0.342604
vt 0.939310 0.342604
vt 0.939310 0.342604
vt 0.939310 0.342604
vt 0.939081 0.179437
vt 0.999050 0.183297
vt 0.999050 0.183297
vt 0.999050 0.183297
vt 0.999050 0.183297
vt 0.985655 0.132863
vt -0.000781 0.844034
vt -0.000781 0.718868
vt -0.000781 0.781451
vt 0.156795 0.718868
vt 0.000000 1.000000
vt 0.001647 0.652658
vt 0.000200 0.259595
vt 0.939310 0.342604
vt 0.939310 0.342604
vt 0.939310 0.342604
vt 0.939310 0.342604
vt 0.939081 0.179437
vt 0.999050 0.183297
vt 0.999050 0.183297
vt 0.999050 0.183297
vt 0.999050 0.183297
vt 0.985655 0.132863
vt -0.000781 0.844034
vt -0.000781 0.718868
vt -0.000781 0.781451
vt 0.156795 0.718868
vt 0.000000 1.000000
vt 0.001647 0.652658
vt 0.905753 0.156096
vt 0.939310 0.342604
vt 0.939310 0.342604
vt 0.939310 0.342604
vt 0.939310 0.342604
vt 0.939081 0.179437
vt 0.999050 0.183297
vt 0.999050 0.183297
vt 0.999050 0.183297
vt 0.999050 0.183297
vt 0.985655 0.132863
vt -0.000781 0.844034
vt -0.000781 0.718868
vt -0.000781 0.781451
vt 0.156795 0.718868
vt 0.000000 1.000000
vt 0.001647 0.652658
vt 0.906075 0.259595
vt 0.939310 0.342604
vt 0.939310 0.342604
vt 0.939310 0.342604
vt 0.939310 0.342604
vt 0.939081 0.179437
vt 0.999050 0.183297
vt 0.999050 0.183297
vt 0.999050 0.183297
vt 0.999050 0.183297
vt 0.985655 0.132863
vt -0.000781 0.844034
vt -0.000781 0.718868
vt -0.000781 0.781451
vt 0.156795 0.718868
vt 0.000000 1.000000
vt 0.001647 0.652658
vt 0.000000 0.093759
vt 0.905875 0.089593
vt 0.939310 0.342604
vt 0.939310 0.342604
vt 0.939310 0.342604
vt 0.939310 0.342604
vt 0.939081 0.179437
vt 0.999050 0.183297
vt 0.999050 0.183297
vt 0.999050 0.183297
vt 0.999050 0.183297
vt 0.985655 0.132863
vt -0.000781 0.844034
vt -0.000781 0.718868
vt -0.000781 0.781451
vt 0.156795 0.718868
vt 0.000000 1.000000
vt 0.001647 0.652658
vt 0.905875 0.062150
vt 0.905875 0.062150
vt 0.939310 0.342604
vt 0.939310 0.342604
vt 0.939310 0.342604
vt 0.939310 0.342604
vt 0.939081 0.179437
vt 0.999050 0.183297
vt 0.999050 0.183297
vt 0.999050 0.183297
vt 0.999050 0.183297
vt 0.985655 0.132863
vt -0.000781 0.844034
vt -0.000781 0.718868
vt -0.000781 0.781451
vt 0.156795 0.718868
vt 0.000000 1.000000
vt 0.001647 0.652658
vt 0.000200 0.312903
vt 0.000000 0.048121
vt 0.939310 0.342604
vt 0.939310 0.342604
vt 0.939310 0.342604
vt 0.939310 0.342604
vt 0.939081 0.179437
vt 0.999050 0.183297
vt 0.999050 0.183297
vt 0.999050 0.183297
vt 0.999050 0.183297
vt 0.985655 0.132863
vt -0.000781 0.844034
vt -0.000781 0.718868
vt -0.000781 0.781451
vt 0.156795 0.718868
vt 0.000000 1.000000
vt 0.001647 0.652658
vt 0.905875 0.121202
vt 0.939310 0.342604
vt 0.939310 0.342604
vt 0.939310 0.342604
vt 0.939310 0.342604
vt 0.939081 0.179437
vt 0.999050 0.183297
vt 0.999050 0.183297
vt 0.999050 0.183297
vt 0.999050 0.183297
vt 0.985655 0.132863
vt -0.000781 0.844034
vt -0.000781 0.718868
vt -0.000781 0.781451
vt 0.156795 0.718868
vt 0.000000 1.000000
vt 0.001647 0.652658
vt 0.906387 0.312903
vt 0.905875 0.062150
vt 0.906387 0.321630
vt 0.939310 0.342604
vt 0.939310 0.342604
vt 0.939310 0.342604
vt 0.939310 0.342604
vt 0.939081 0.179437
vt 0.999050 0.183297
vt 0.999050 0.183297
vt 0.999050 0.183297
vt 0.999050 0.183297
vt 0.985655 0.132863
vt -0.000781 0.844034
vt -0.000781 0.718868
vt -0.000781 0.781451
vt 0.156795 0.718868
vt 0.000000 1.000000
vt 0.001647 0.652658
vt 0.000000 0.048121
vt 0.000000 0.062150
vt 0.000000 0.048121
vt 0.939310 0.342604
vt 0.939310 0.342604
vt 0.939310 0.342604
vt 0.939310 0.342604
vt 0.939081 0.179437
vt 0.999050 0.183297
vt 0.999050 0.183297
vt 0.999050 0.183297
vt 0.999050 0.183297
vt 0.985655 0.132863
vt -0.000781 0.844034
vt -0.000781 0.718868
vt -0.000781 0.781451
vt 0.156795 0.718868
vt 0.000000 1.000000
vt 0.001647 0.652658
vt 0.000000 0.048121
vt 0.000000 0.048121
vt 0.905875 0.062150
vt 0.905753 0.156096
vt 0.000200 0.297453
vt 0.000000 0.000000
vt 0.939310 0.342604
vt 0.939310 0.342604
vt 0.939310 0.342604
vt 0.939310 0.342604
vt 0.939081 0.179437
vt 0.999050 0.183297
vt 0.999050 0.183297
vt 0.999050 0.183297
vt 0.999050 0.183297
vt 0.985655 0.132863
vt -0.000781 0.844034
vt -0.000781 0.718868
vt -0.000781 0.781451
vt 0.156795 0.718868
vt 0.000000 1.000000
vt 0.001647 0.652658
vt 0.906075 0.312903
vt 0.939310 0.342604
vt 0.939310 0.342604
vt 0.939310 0.342604
vt 0.939310 0.342604
vt 0.939081 0.179437
vt 0.999050 0.183297
vt 0.999050 0.183297
vt 0.999050 0.183297
vt 0.999050 0.183297
vt 0.985655 0.132863
vt -0.000781 0.844034
vt -0.000781 0.718868
vt -0.000781 0.781451
vt 0.156795 0.718868
vt 0.000000 1.000000
vt 0.001647 0.652658
vt 0.905875 0.048121
vt 0.000000 0.093759
vt 0.906387 0.321630
vt 0.000000 0.062150
vt 0.939310 0.342604
vt 0.939310 0.342604
vt 0.939310 0.342604
vt 0.939310 0.342604
vt 0.939081 0.179437
vt 0.999050 0.183297
vt 0.999050 0.183297
vt 0.999050 0.183297
vt 0.999050 0.183297
vt 0.985655 0.132863
vt -0.000781 0.844034
vt -0.000781 0.718868
vt -0.000781 0.781451
vt 0.156795 0.718868
vt 0.000000 1.000000
vt 0.001647 0.652658
vt 0.906075 0.259595
vt 0.939310 0.342604
vt 0.939310 0.342604
vt 0.939310 0.342604
vt 0.939310 0.342604
vt 0.939081 0.179437
vt 0.999050 0.183297
vt 0.999050 0.183297
vt 0.999050 0.183297
vt 0.999050 0.183297
vt 0.985655 0.132863
vt -0.000781 0.844034
vt -0.000781 0.718868
vt -0.000781 0.781451
vt 0.156795 0.718868
vt 0.000000 1.000000
vt 0.001647 0.652658
vt 0.905875 0.062150
vt 0.000000 0.048121
vt 0.000000 0.093759
vt 0.906387 0.312903
vt 0.905875 0.062150
vt 0.905875 0.025761
vt 0.906387 0.312903
vt 0.939310 0.342604
vt 0.939310 0.342604
vt 0.939310 0.342604
vt 0.939310 0.342604
vt 0.939081 0.179437
vt 0.999050 0.183297
vt 0.999050 0.183297
vt 0.999050 0.183297
vt 0.999050 0.183297
vt 0.985655 0.132863
vt -0.000781 0.844034
vt -0.000781 0.718868
vt -0.000781 0.781451
vt 0.156795 0.718868
vt 0.000000 1.000000
vt 0.001647 0.652658
vt 0.939310 0.342604
vt 0.939310 0.342604
vt 0.939310 0.342604
vt 0.939310 0.342604
vt 0.939081 0.179437
vt 0.999050 0.183297
vt 0.999050 0.183297
vt 0.999050 0.183297
vt 0.999050 0.183297
vt 0.985655 0.132863
vt -0.000781 0.844034
vt -0.000781 0.718868
vt -0.000781 0.781451
vt 0.156795 0.718868
vt 0.000000 1.000000
vt 0.001647 0.652658
vt 0.905875 0.025761
vt 0.939310 0.342604
vt 0.939310 0.342604
vt 0.939310 0.342604
vt 0.939310 0.342604
vt 0.939081 0.179437
vt 0.999050 0.183297
vt 0.999050 0.183297
vt 0.999050 0.183297
vt 0.999050 0.183297
vt 0.985655 0.132863
vt -0.000781 0.844034
vt -0.000781 0.718868
vt -0.000781 0.781451
vt 0.156795 0.718868
vt 0.000000 1.000000
vt 0.001647 0.652658
vt 0.905875 0.000000
vt 0.000200 0.312903
vt 0.939310 0.342604
vt 0.939310 0.342604
vt 0.939310 0.342604
vt 0.939310 0.342604
vt 0.939081 0.179437
vt 0.999050 0.183297
vt 0.999050 0.183297
vt 0.999050 0.183297
vt 0.999050 0.183297
vt 0.985655 0.132863
vt -0.000781 0.844034
vt -0.000781 0.718868
vt -0.000781 0.781451
vt 0.156795 0.718868
vt 0.000000 1.000000
vt 0.001647 0.652658
vt 0.905875 0.062150
vt 0.906387 0.321630
vt 0.000200 0.259595
vt 0.939310 0.342604
vt 0.939310 0.342604
vt 0.939310 0.342604
vt 0.939310 0.342604
vt 0.939081 0.179437
vt 0.999050 0.183297
vt 0.999050 0.183297
vt 0.999050 0.183297
vt 0.999050 0.183297
vt 0.985655 0.132863
vt -0.000781 0.844034
vt -0.000781 0.718868
vt -0.000781 0.781451
vt 0.156795 0.718868
vt 0.000000 1.000000
vt 0.001647 0.652658
vt 0.905875 0.012881
vt 0.000200 0.259595
vt 0.905875 0.121202
vt 0.939310 0.342604
vt 0.939310 0.342604
vt 0.939310 0.342604
vt 0.939310 0.342604
vt 0.939081 0.179437
vt 0.999050 0.183297
vt 0.999050 0.183297
vt 0.999050 0.183297
vt 0.999050 0.183297
vt 0.985655 0.132863
vt -0.000781 0.844034
vt -0.000781 0.718868
vt -0.000781 0.781451
vt 0.156795 0.718868
vt 0.000000 1.000000
vt 0.001647 0.652658
vt 0.000000 0.000000
vt 0.905875 0.062150
vt 0.906387 0.321630
vt 0.939310 0.342604
vt 0.939310 0.342604
vt 0.939310 0.342604
vt 0.939310 0.342604
vt 0.939081 0.179437
vt 0.999050 0.183297
vt 0.999050 0.183297
vt 0.999050 0.183297
vt 0.999050 0.183297
vt 0.985655 0.132863
vt -0.000781 0.844034
vt -0.000781 0.718868
vt -0.000781 0.781451
vt 0.156795 0.718868
vt 0.000000 1.000000
vt 0.001647 0.652658
vt 0.000200 0.297453
vt 0.000200 0.297453
vt 0.000200 0.312903
vt 0.939310 0.342604
vt 0.939310 0.342604
vt 0.939310 0.342604
vt 0.939310 0.342604
vt 0.939081 0.179437
vt 0.999050 0.183297
vt 0.999050 0.183297
vt 0.999050 0.183297
vt 0.999050 0.183297
vt 0.985655 0.132863
vt -0.000781 0.844034
vt -0.000781 0.718868
vt -0.000781 0.781451
vt 0.156795 0.718868
vt 0.000000 1.000000
vt 0.001647 0.652658
vt 0.905875 0.012881
vt 0.000000 0.012881
vt 0.000000 0.012881
vt 0.939310 0.342604
vt 0.939310 0.342604
vt 0.939310 0.342604
vt 0.939310 0.342604
vt 0.939081 0.179437
vt 0.999050 0.183297
vt 0.999050 0.183297
vt 0.999050 0.183297
vt 0.999050 0.183297
vt 0.985655 0.132863
vt -0.000781 0.844034
vt -0.000781 0.718868
vt -0.000781 0.781451
vt 0.156795 0.718868
vt 0.000000 1.000000
vt 0.001647 0.652658
vt 0.905875 0.062150
vt 0.905875 0.062150
vt 0.939310 0.342604
vt 0.939310 0.342604
vt 0.939310 0.342604
vt 0.939310 0.342604
vt 0.939081 0.179437
vt 0.999050 0.183297
vt 0.999050 0.183297
vt 0.999050 0.183297
vt 0.999050 0.183297
vt 0.985655 0.132863
vt -0.000781 0.844034
vt -0.000781 0.718868
vt -0.000781 0.781451
vt 0.156795 0.718868
vt 0.000000 1.000000
vt 0.001647 0.652658
vt 0.905875 0.000000
vt 0.905875 0.000000
vt 0.000000 0.093759
vt 0.905875 0.012881
vt 0.939310 0.342604
vt 0.939310 0.342604
vt 0.939310 0.342604
vt 0.939310 0.342604
vt 0.939081 0.179437
vt 0.999050 0.183297
vt 0.999050 0.183297
vt 0.999050 0.183297
vt 0.999050 0.183297
vt 0.985655 0.132863
vt -0.000781 0.844034
vt -0.000781 0.718868
vt -0.000781 0.781451
vt 0.156795 0.718868
vt 0.000000 1.000000
vt 0.001647 0.652658
vt 0.000200 0.297453
vt 0.906075 0.259595
vt 0.000000 0.062150
vt 0.905875 0.062150
vt 0.939310 0.342604
vt 0.939310 0.342604
vt 0.939310 0.342604
vt 0.939310 0.342604
vt 0.939081 0.179437
vt 0.999050 0.183297
vt 0.999050 0.183297
vt 0.999050 0.183297
vt 0.999050 0.183297
vt 0.985655 0.132863
vt -0.000781 0.844034
vt -0.000781 0.718868
vt -0.000781 0.781451
vt 0.156795 0.718868
vt 0.000000 1.000000
vt 0.001647 0.652658
vt 0.000000 0.048121
vt 0.000000 0.093759
vt 0.000000 0.062150
vt 0.905875 0.062150
vt 0.939310 0.342604
vt 0.939310 0.342604
vt 0.939310 0.342604
vt 0.939310 0.342604
vt 0.939081 0.179437
vt 0.999050 0.183297
vt 0.999050 0.183297
vt 0.999050 0.183297
vt 0.999050 0.183297
vt 0.985655 0.132863
vt -0.000781 0.844034
vt -0.000781 0.718868
vt -0.000781 0.781451
vt 0.156795 0.718868
vt 0.000000 1.000000
vt 0.001647 0.652658
vt 0.000000 0.062150
vt 0.939310 0.342604
vt 0.939310 0.342604
vt 0.939310 0.342604
vt 0.939310 0.342604
vt 0.939081 0.179437
vt 0.999050 0.183297
vt 0.999050 0.183297
vt 0.999050 0.183297
vt 0.999050 0.183297
vt 0.985655 0.132863
vt -0.000781 0.844034
vt -0.000781 0.718868
vt -0.000781 0.781451
vt 0.156795 0.718868
vt 0.000000 1.000000
vt 0.001647 0.652658
vt 0.905753 0.210448
vt 0.905875 0.025761
vt 0.905875 0.000000
vt 0.939310 0.342604
vt 0.939310 0.342604
vt 0.939310 0.342604
vt 0.939310 0.342604
vt 0.939081 0.179437
vt 0.999050 0.183297
vt 0.999050 0.183297
vt 0.999050 0.183297
vt 0.999050 0.183297
vt 0.985655 0.132863
vt -0.000781 0.844034
vt -0.000781 0.718868
vt -0.000781 0.781451
vt 0.156795 0.718868
vt 0.000000 1.000000
vt 0.001647 0.652658
vt 0.905875 0.000000
vt 0.000512 0.312903
vt 0.905875 0.012881
vt 0.000200 0.297453
vt 0.939310 0.342604
vt 0.939310 0.342604
vt 0.939310 0.342604
vt 0.939310 0.342604
vt 0.939081 0.179437
vt 0.999050 0.183297
vt 0.999050 0.183297
vt 0.999050 0.183297
vt 0.999050 0.183297
vt 0.985655 0.132863
vt -0.000781 0.844034
vt -0.000781 0.718868
vt -0.000781 0.781451
vt 0.156795 0.718868
vt 0.000000 1.000000
vt 0.001647 0.652658
vt 0.906387 0.321630
vt 0.000200 0.259595
vt 0.000200 0.312903
vt 0.905753 0.156096
vt 0.000000 0.012881
vt 0.939310 0.342604
vt 0.939310 0.342604
vt 0.939310 0.342604
vt 0.939310 0.342604
vt 0.939081 0.179437
vt 0.999050 0.183297
vt 0.999050 0.183297
vt 0.999050 0.183297
vt 0.999050 0.183297
vt 0.985655 0.132863
vt -0.000781 0.844034
vt -0.000781 0.718868
vt -0.000781 0.781451
vt 0.156795 0.718868
vt 0.000000 1.000000
vt 0.001647 0.652658
vt 0.905875 0.121202
vt 0.906387 0.321630
vt 0.939310 0.342604
vt 0.939310 0.342604
vt 0.939310 0.342604
vt 0.939310 0.342604
vt 0.939081 0.179437
vt 0.999050 0.183297
vt 0.999050 0.183297
vt 0.999050 0.183297
vt 0.999050 0.183297
vt 0.985655 0.132863
vt -0.000781 0.844034
vt -0.000781 0.718868
vt -0.000781 0.781451
vt 0.156795 0.718868
vt 0.000000 1.000000
vt 0.001647 0.652658
vt 0.906387 0.312903
vt 0.905753 0.156096
vt 0.000200 0.312903
vt 0.905875 0.062150
vt 0.939310 0.342604
vt 0.939310 0.342604
vt 0.939310 0.342604
vt 0.939310 0.342604
vt 0.939081 0.179437
vt 0.999050 0.183297
vt 0.999050 0.183297
vt 0.999050 0.183297
vt 0.999050 0.183297
vt 0.985655 0.132863
vt -0.000781 0.844034
vt -0.000781 0.718868
vt -0.000781 0.781451
vt 0.156795 0.718868
vt 0.000000 1.000000
vt 0.001647 0.652658
vt 0.000200 0.312903
vt 0.905875 0.062150
vt 0.000200 0.297453
vt 0.905875 0.062150
vt 0.939310 0.342604
vt 0.939310 0.342604
vt 0.939310 0.342604
vt 0.939310 0.342604
vt 0.939081 0.179437
vt 0.999050 0.183297
vt 0.999050 0.183297
vt 0.999050 0.183297
vt 0.999050 0.183297
vt 0.985655 0.132863
vt -0.000781 0.844034
vt -0.000781 0.718868
vt -0.000781 0.781451
vt 0.156795 0.718868
vt 0.000000 1.000000
vt 0.001647 0.652658
vt 0.000000 0.048121
vt 0.000000 0.093759
vt 0.906075 0.297453
vt 0.000000 0.048121
vt 0.939310 0.342604
vt 0.939310 0.342604
vt 0.939310 0.342604
vt 0.939310 0.342604
vt 0.939081 0.179437
vt 0.999050 0.183297
vt 0.999050 0.183297
vt 0.999050 0.183297
vt 0.999050 0.183297
vt 0.985655 0.132863
vt -0.000781 0.844034
vt -0.000781 0.718868
vt -0.000781 0.781451
vt 0.156795 0.718868
vt 0.000000 1.000000
vt 0.001647 0.652658
vt 0.906387 0.312903
vt 0.905875 0.000000
vt 0.939310 0.342604
vt 0.939310 0.342604
vt 0.939310 0.342604
vt 0.939310 0.342604
vt 0.939081 0.179437
vt 0.999050 0.183297
vt 0.999050 0.183297
vt 0.999050 0.183297
vt 0.999050 0.183297
vt 0.985655 0.132863
vt -0.000781 0.844034
vt -0.000781 0.718868
vt -0.000781 0.781451
vt 0.156795 0.718868
vt 0.000000 1.000000
vt 0.001647 0.652658
vt 0.905753 0.156096
vt 0.000000 0.012881
vt 0.906387 0.321630
vt 0.905875 0.062150
vt 0.939310 0.342604
vt 0.939310 0.342604
vt 0.939310 0.342604
vt 0.939310 0.342604
vt 0.939081 0.179437
vt 0.999050 0.183297
vt 0.999050 0.183297
vt 0.999050 0.183297
vt 0.999050 0.183297
vt 0.985655 0.132863
vt -0.000781 0.844034
vt -0.000781 0.718868
vt -0.000781 0.781451
vt 0.156795 0.718868
vt 0.000000 1.000000
vt 0.001647 0.652658
vt 0.906387 0.312903
vt 0.906387 0.312903
vt 0.000512 0.312903
vt 0.905875 0.012881
vt 0.939310 0.342604
vt 0.939310 0.342604
vt 0.939310 0.342604
vt 0.939310 0.342604
vt 0.939081 0.179437
vt 0.999050 0.183297
vt 0.999050 0.183297
vt 0.999050 0.183297
vt 0.999050 0.183297
vt 0.985655 0.132863
vt -0.000781 0.844034
vt -0.000781 0.718868
vt -0.000781 0.781451
vt 0.156795 0.718868
vt 0.000000 1.000000
vt 0.001647 0.652658
vt 0.000000 0.048121
vt 0.000200 0.297453
vt 0.906387 0.312903
vt 0.000200 0.297453
vt 0.000000 0.062150
vt 0.905875 0.025761
vt 0.939310 0.342604
vt 0.939310 0.342604
vt 0.939310 0.342604
vt 0.939310 0.342604
vt 0.939081 0.179437
vt 0.999050 0.183297
vt 0.999050 0.183297
vt 0.999050 0.183297
vt 0.999050 0.183297
vt 0.985655 0.132863
vt -0.000781 0.844034
vt -0.000781 0.718868
vt -0.000781 0.781451
vt 0.156795 0.718868
vt 0.000000 1.000000
vt 0.001647 0.652658
vt 0.906387 0.312903
vt 0.939310 0.342604
vt 0.939310 0.342604
vt 0.939310 0.342604
vt 0.939310 0.342604
vt 0.939081 0.179437
vt 0.999050 0.183297
vt 0.999050 0.183297
vt 0.999050 0.183297
vt 0.999050 0.183297
vt 0.985655 0.132863
vt -0.000781 0.844034
vt -0.000781 0.718868
vt -0.000781 0.781451
vt 0.156795 0.718868
vt 0.000000 1.000000
vt 0.001647 0.652658
vt 0.000000 0.093759
vt 0.000000 0.012881
vt 0.939310 0.342604
vt 0.939310 0.342604
vt 0.939310 0.342604
vt 0.939310 0.342604
vt 0.939081 0.179437
vt 0.999050 0.183297
vt 0.999050 0.183297
vt 0.999050 0.183297
vt 0.999050 0.183297
vt 0.985655 0.132863
vt -0.000781 0.844034
vt -0.000781 0.718868
vt -0.000781 0.781451
vt 0.156795 0.718868
vt 0.000000 1.000000
vt 0.001647 0.652658
vt 0.000200 0.297453
vt 0.000000 0.048121
vt 0.000200 0.312903
vt 0.000000 0.048121
vt 0.906387 0.321630
vt 0.939310 0.342604
vt 0.939310 0.342604
vt 0.939310 0.342604
vt 0.939310 0.342604
vt 0.939081 0.179437
vt 0.999050 0.183297
vt 0.999050 0.183297
vt 0.999050 0.183297
vt 0.999050 0.183297
vt 0.985655 0.132863
vt -0.000781 0.844034
vt -0.000781 0.718868
vt -0.000781 0.781451
vt 0.156795 0.718868
vt 0.000000 1.000000
vt 0.001647 0.652658
vt 0.000200 0.259595
vt 0.000512 0.321630
vt 0.906387 0.321630
vt 0.939310 0.342604
vt 0.939310 0.342604
vt 0.939310 0.342604
vt 0.939310 0.342604
vt 0.939081 0.179437
vt 0.999050 0.183297
vt 0.999050 0.183297
vt 0.999050 0.183297
vt 0.999050 0.183297
vt 0.985655 0.132863
vt -0.000781 0.844034
vt -0.000781 0.718868
vt -0.000781 0.781451
vt 0.156795 0.718868
vt 0.000000 1.000000
vt 0.001647 0.652658
vt 0.906387 0.312903
vt 0.905875 0.093759
vt 0.939310 0.342604
vt 0.939310 0.342604
vt 0.939310 0.342604
vt 0.939310 0.342604
vt 0.939081 0.179437
vt 0.999050 0.183297
vt 0.999050 0.183297
vt 0.999050 0.183297
vt 0.999050 0.183297
vt 0.985655 0.132863
vt -0.000781 0.844034
vt -0.000781 0.718868
vt -0.000781 0.781451
vt 0.156795 0.718868
vt 0.000000 1.000000
vt 0.001647 0.652658
vt 0.905875 0.025761
vt 0.905875 0.062150
vt 0.939310 0.342604
vt 0.939310 0.342604
vt 0.939310 0.342604
vt 0.939310 0.342604
vt 0.939081 0.179437
vt 0.999050 0.183297
vt 0.999050 0.183297
vt 0.999050 0.183297
vt 0.999050 0.183297
vt 0.985655 0.132863
vt -0.000781 0.844034
vt -0.000781 0.718868
vt -0.000781 0.781451
vt 0.156795 0.718868
vt 0.000000 1.000000
vt 0.001647 0.652658
vt 0.905875 0.062150
vt 0.906387 0.312903
vt 0.000200 0.312903
vt 0.000200 0.312903
vt 0.939310 0.342604
vt 0.939310 0.342604
vt 0.939310 0.342604
vt 0.939310 0.342604
vt 0.939081 0.179437
vt 0.999050 0.183297
vt 0.999050 0.183297
vt 0.999050 0.183297
vt 0.999050 0.183297
vt 0.985655 0.132863
vt -0.000781 0.844034
vt -0.000781 0.718868
vt -0.000781 0.781451
vt 0.156795 0.718868
vt 0.000000 1.000000
vt 0.001647 0.652658
vt 0.000000 0.048121
vt 0.905753 0.156096
vt 0.905875 0.062150
vt 0.905753 0.156096
vt 0.939310 0.342604
vt 0.939310 0.342604
vt 0.939310 0.342604
vt 0.939310 0.342604
vt 0.939081 0.179437
vt 0.999050 0.183297
vt 0.999050 0.183297
vt 0.999050 0.183297
vt 0.999050 0.183297
vt 0.985655 0.132863
vt -0.000781 0.844034
vt -0.000781 0.718868
vt -0.000781 0.781451
vt 0.156795 0.718868
vt 0.000000 1.000000
vt 0.001647 0.652658
vt 0.000200 0.259595
vt 0.000200 0.312903
vt 0.000000 0.062150
vt 0.905753 0.156096
vt 0.939310 0.342604
vt 0.939310 0.342604
vt 0.939310 0.342604
vt 0.939310 0.342604
vt 0.939081 0.179437
vt 0.999050 0.183297
vt 0.999050 0.183297
vt 0.999050 0.183297
vt 0.999050 0.183297
vt 0.985655 0.132863
vt -0.000781 0.844034
vt -0.000781 0.718868
vt -0.000781 0.781451
vt 0.156795 0.718868
vt 0.000000 1.000000
vt 0.001647 0.652658
vt 0.000000 0.093759
vt 0.939310 0.342604
vt 0.939310 0.342604
vt 0.939310 0.342604
vt 0.939310 0.342604
vt 0.939081 0.179437
vt 0.999050 0.183297
vt 0.999050 0.183297
vt 0.999050 0.183297
vt 0.999050 0.183297
vt 0.985655 0.132863
vt -0.000781 0.844034
vt -0.000781 0.718868
vt -0.000781 0.781451
vt 0.156795 0.718868
vt 0.000000 1.000000
vt 0.001647 0.652658
vt 0.905875 0.062150
vt 0.000000 0.093759
vt 0.000000 0.000000
vt 0.000000 0.062150
vt 0.939310 0.342604
vt 0.939310 0.342604
vt 0.939310 0.342604
vt 0.939310 0.342604
vt 0.939081 0.179437
vt 0.999050 0.183297
vt 0.999050 0.183297
vt 0.999050 0.183297
vt 0.999050 0.183297
vt 0.985655 0.132863
vt -0.000781 0.844034
vt -0.000781 0.718868
vt -0.000781 0.781451
vt 0.156795 0.718868
vt 0.000000 1.000000
vt 0.001647 0.652658
vt 0.905875 0.012881
vt 0.905753 0.156096
vt 0.939310 0.342604
vt 0.939310 0.342604
vt 0.939310 0.342604
vt 0.939310 0.342604
vt 0.939081 0.179437
vt 0.999050 0.183297
vt 0.999050 0.183297
vt 0.999050 0.183297
vt 0.999050 0.183297
vt 0.985655 0.132863
vt -0.000781 0.844034
vt -0.000781 0.718868
vt -0.000781 0.781451
vt 0.156795 0.718868
vt 0.000000 1.000000
vt 0.001647 0.652658
vt 0.939310 0.342604
vt 0.939310 0.342604
vt 0.939310 0.342604
vt 0.939310 0.342604
vt 0.939081 0.179437
vt 0.999050 0.183297
vt 0.999050 0.183297
vt 0.999050 0.183297
vt 0.999050 0.183297
vt 0.985655 0.132863
vt -0.000781 0.844034
vt -0.000781 0.718868
vt -0.000781 0.781451
vt 0.156795 0.718868
vt 0.000000 1.000000
vt 0.001647 0.652658
vt 0.906387 0.312903
vt 0.000000 0.093759
vt 0.000000 0.012881
vt 0.905875 0.062150
vt 0.000200 0.297453
vt 0.939310 0.342604
vt 0.939310 0.342604
vt 0.939310 0.342604
vt 0.939310 0.342604
vt 0.939081 0.179437
vt 0.999050 0.183297
vt 0.999050 0.183297
vt 0.999050 0.183297
vt 0.999050 0.183297
vt 0.985655 0.132863
vt -0.000781 0.844034
vt -0.000781 0.718868
vt -0.000781 0.781451
vt 0.156795 0.718868
vt 0.000000 1.000000
vt 0.001647 0.652658
vt 0.000000 0.048121
vt 0.905875 0.089593
vt 0.000200 0.259595
vt 0.939310 0.342604
vt 0.939310 0.342604
vt 0.939310 0.342604
vt 0.939310 0.342604
vt 0.939081 0.179437
vt 0.999050 0.183297
vt 0.999050 0.183297
vt 0.999050 0.183297
vt 0.999050 0.183297
vt 0.985655 0.132863
vt -0.000781 0.844034
vt -0.000781 0.718868
vt -0.000781 0.781451
vt 0.156795 0.718868
vt 0.000000 1.000000
vt 0.001647 0.652658
vt 0.000000 0.048121
vt 0.000200 0.297453
vt 0.905875 0.062150
vt 0.000200 0.259595
vt 0.000000 0.048121
vt 0.000200 0.297453
vt 0.905753 0.210448
vt 0.905875 0.012881
vt 0.000512 0.321630
vt 0.000200 0.312903
vt 0.939310 0.342604
vt 0.939310 0.342604
vt 0.939310 0.342604
vt 0.939310 0.342604
vt 0.939081 0.179437
vt 0.999050 0.183297
vt 0.999050 0.183297
vt 0.999050 0.183297
vt 0.999050 0.183297
vt 0.985655 0.132863
vt -0.000781 0.844034
vt -0.000781 0.718868
vt -0.000781 0.781451
vt 0.156795 0.718868
vt 0.000000 1.000000
vt 0.001647 0.652658
vt 0.000000 0.025761
vt 0.989510 0.041289
vt 0.939310 0.342604
vt 0.939310 0.342604
vt 0.939310 0.342604
vt 0.939310 0.342604
vt 0.939081 0.179437
vt 0.999050 0.183297
vt 0.999050 0.183297
vt 0.999050 0.183297
vt 0.999050 0.183297
vt 0.985655 0.132863
vt -0.000781 0.844034
vt -0.000781 0.718868
vt -0.000781 0.781451
vt 0.156795 0.718868
vt 0.000000 1.000000
vt 0.001647 0.652658
vt 0.949641 0.103062
vt 0.988729 0.103062
vt 0.995971 0.076013
vt 0.942399 0.076013
vt 0.000512 0.321630
vt 0.000200 0.297453
vt 0.906387 0.312903
vt -0.000122 0.210448
vt 0.000000 0.048121
vt 0.906075 0.297453
vt 0.906075 0.312903
vt 0.000512 0.321630
vt 0.000512 0.312903
vt 0.906387 0.312903
vt 0.000000 0.121202
vt 0.000000 0.062150
vt -0.000122 0.156096
vt 0.905875 0.062150
vt 0.906075 0.297453
vt -0.000122 0.156096
vt 0.000000 0.048121
vt 0.000200 0.297453
vt 0.000200 0.259595
vt 0.000000 0.093759
vt 0.905875 0.034093
vt 0.000200 0.219937
vt 0.905875 0.000000
vt 0.905875 0.000000
vt 0.906075 0.312903
vt 0.906075 0.297453
vt 0.000200 0.312903
vt 0.905875 0.062150
vt 0.000000 0.093759
vt 0.906387 0.312903
vt 0.906387 0.321630
vt 0.000000 0.048121
vt 0.906075 0.219937
vt -0.000122 0.156096
vt 0.000000 0.000000
vt 0.000000 0.000000
vt -0.000122 0.156096
vt 0.000000 0.048121
vt -0.000122 0.156096
vt 0.000000 0.012881
vt 0.905875 0.034093
vt 0.905875 0.000000
vt 0.000000 0.000000
vt 0.000512 0.321630
vt 0.000200 0.312903
vt 0.000000 0.012881
vt 0.000000 0.012881
vt 0.905875 0.062150
vt 0.906075 0.219937
vt 0.905875 0.034093
vt 0.000200 0.259595
vt 0.905753 0.156096
vt 0.905875 0.000000
vt 0.905875 0.034093
vt 0.905875 0.062150
vt 0.905753 0.156096
vt 0.000000 0.000000
vt 0.906387 0.312903
vt 0.905875 0.062150
vt 0.905875 0.062150
vt 0.905753 0.156096
vt 0.906075 0.297453
vt 0.000200 0.297453
vt 0.906075 0.312903
vt -0.000122 0.156096
vt 0.000000 0.000000
vt 0.000200 0.297453
vt 0.906075 0.219937
vt 0.000512 0.312903
vt 0.905875 0.000000
vt 0.000512 0.321630
vt 0.905875 0.062150
vt 0.906387 0.312903
vt 0.906075 0.219937
vt 0.000000 0.048121
vt 0.000000 0.012881
vt 0.905875 0.034093
vt 0.000000 0.093759
vt 0.906387 0.312903
vt 0.906075 0.297453
vt 0.905875 0.062150
vt 0.905875 0.000000
vt 0.906075 0.312903
vt 0.905875 0.034093
vt 0.905875 0.062150
vt 0.000200 0.259595
vt 0.905753 0.156096
vt 0.905753 0.156096
vt 0.906075 0.312903
vt -0.000122 0.156096
vt 0.905875 0.034093
vt 0.000000 0.093759
vt 0.000200 0.312903
vt 0.000200 0.297453
vt 0.000200 0.312903
vt 0.000000 0.062150
vt 0.905753 0.156096
vt 0.906075 0.312903
vt 0.905875 0.048121
vt 0.000000 0.000000
vt 0.905875 0.062150
vt 0.905753 0.156096
vt 0.905875 0.012881
vt 0.906387 0.321630
vt 0.000000 0.012881
vt 0.905875 0.093759
vt 0.000512 0.312903
vt 0.000512 0.312903
vt 0.000512 0.321630
vt 0.905753 0.156096
vt 0.905875 0.062150
vt 0.000000 0.062150
vt 0.906075 0.312903
vt 0.905875 0.034093
vt 0.906387 0.312903
vt 0.905753 0.156096
vt 0.905875 0.062150
vt 0.000000 0.012881
vt 0.906387 0.321630
vt 0.000200 0.259595
vt 0.000000 0.093759
vt 0.000512 0.312903
vt 0.905875 0.062150
vt 0.000512 0.312903
vt 0.000000 0.012881
vt 0.000200 0.312903
vt 0.000000 0.000000
vt 0.000000 0.012881
vt 0.906075 0.312903
vt 0.906387 0.312903
vt 0.906075 0.312903
vt 0.906075 0.297453
vt 0.905875 0.093759
vt 0.000512 0.321630
vt 0.000000 0.093759
vt 0.905875 0.012881
vt 0.000200 0.297453
vt 0.000000 0.012881
vt 0.905875 0.000000
vt 0.000200 0.312903
vt 0.000000 0.062150
vt 0.905753 0.156096
vt 0.906387 0.321630
vt 0.906387 0.312903
vt 0.000000 0.093759
vt 0.000000 0.062150
vt 0.000000 0.062150
vt 0.906075 0.297453
vt 0.905875 0.000000
vt 0.906387 0.321630
vt 0.000000 0.062150
vt 0.000200 0.259595
vt 0.000000 0.093759
vt 0.000000 0.048121
vt 0.000200 0.297453
vt 0.905875 0.062150
vt 0.000000 0.000000
vt -0.000122 0.156096
vt 0.000200 0.312903
vt 0.000000 0.093759
vt 0.906387 0.321630
vt 0.905875 0.062150
vt 0.906387 0.321630
vt 0.000200 0.259595
vt 0.906075 0.312903
vt 0.905875 0.000000
vt 0.905875 0.062150
vt 0.906075 0.312903
vt 0.905875 0.062150
vt 0.906075 0.219937
vt 0.000512 0.312903
vt 0.000000 0.093759
vt 0.905875 0.062150
vt 0.905875 0.093759
vt 0.000000 0.000000
vt 0.000000 0.062150
vt 0.906075 0.219937
vt 0.906075 0.312903
vt 0.906075 0.297453
vt 0.000000 0.093759
vt 0.000000 0.093759
vt 0.905875 0.062150
vt 0.906075 0.312903
vt 0.000200 0.259595
vt 0.000000 0.012881
vt 0.906387 0.321630
vt 0.906075 0.297453
vt 0.000000 0.012881
vt 0.000000 0.062150
vt 0.906387 0.321630
vt 0.000000 0.062150
vt 0.000512 0.312903
vt 0.000512 0.312903
vt 0.000000 0.000000
vt 0.905875 0.093759
vt 0.000000 0.000000
vt 0.000000 0.012881
vt 0.905875 0.000000
vt 0.000000 0.048121
vt 0.000200 0.297453
vt 0.905875 0.062150
vt 0.000512 0.321630
vt 0.000000 0.062150
vt 0.906075 0.219937
vt 0.000512 0.321630
vt 0.906387 0.312903
vt 0.000000 0.012881
vt 0.905875 0.062150
vt 0.000000 0.093759
vt 0.905875 0.062150
vt 0.906387 0.312903
vt 0.000000 0.048121
vt 0.906075 0.297453
vt 0.000200 0.259595
vt 0.000000 0.012881
vt 0.906387 0.321630
vt 0.000200 0.297453
vt 0.906387 0.312903
vt 0.906387 0.321630
vt 0.000000 0.062150
vt 0.905875 0.062150
vt 0.000000 0.062150
vt 0.905875 0.034093
vt 0.000000 0.012881
vt 0.906075 0.259595
vt 0.906387 0.321630
vt 0.000000 0.093759
vt 0.905875 0.000000
vt 0.905875 0.062150
vt 0.000000 0.012881
vt 0.905875 0.000000
vt 0.000200 0.297453
vt 0.000200 0.312903
vt 0.000512 0.321630
vt 0.905753 0.156096
vt 0.906387 0.321630
vt 0.000000 0.048121
vt 0.000200 0.259595
vt 0.906387 0.321630
vt 0.000200 0.297453
vt 0.906075 0.219937
vt 0.000000 0.093759
vt 0.000000 0.062150
vt 0.906387 0.312903
vt 0.905875 0.012881
vt 0.000000 0.048121
vt 0.000200 0.259595
vt 0.000000 0.048121
vt 0.000000 0.062150
vt 0.000512 0.321630
vt 0.000000 0.093759
vt 0.905875 0.062150
vt 0.000000 0.012881
vt 0.000200 0.312903
vt -0.000122 0.156096
vt 0.000000 0.093759
vt 0.000000 0.062150
vt 0.905875 0.012881
vt 0.000200 0.259595
vt 0.000512 0.312903
vt 0.000000 0.000000
vt 0.905875 0.062150
vt 0.906075 0.297453
vt 0.905875 0.062150
vt -0.000122 0.156096
vt 0.000200 0.259595
vt 0.000000 0.093759
vt -0.000122 0.156096
vt 0.000000 0.062150
vt 0.906075 0.297453
vt 0.905875 0.034093
vt 0.000200 0.312903
vt 0.000200 0.259595
vt 0.000000 0.062150
vt 0.906387 0.321630
vt 0.000000 0.012881
vt 0.906387 0.321630
vt 0.000200 0.312903
vt 0.906075 0.219937
vt 0.905875 0.000000
vt 0.905875 0.012881
vt 0.906075 0.219937
vt 0.905875 0.093759
vt 0.000000 0.000000
vt 0.000000 0.012881
vt 0.000000 0.048121
vt 0.906387 0.312903
vt 0.905875 0.062150
vt 0.906075 0.297453
vt 0.000512 0.312903
vt 0.905753 0.156096
vt 0.905875 0.062150
vt 0.000000 0.048121
vt 0.000000 0.062150
vt 0.906075 0.297453
vt 0.905875 0.062150
vt 0.000000 0.093759
vt 0.000000 0.012881
vt 0.905875 0.062150
vt 0.000000 0.062150
vt 0.905875 0.034093
vt 0.000200 0.312903
vt 0.905875 0.062150
vt 0.906075 0.219937
vt 0.000000 0.048121
vt 0.906075 0.297453
vt -0.000122 0.210448
vt 0.905875 0.093759
vt -0.000122 0.156096
vt 0.000512 0.330358
vt 0.906075 0.312903
vt 0.943180 0.014240
vt 0.996752 0.014240
vt 0.989510 0.041289
vt 0.950422 0.041289
vt 0.905875 0.012881
vn 0.7020 -0.0185 0.7119
vn 0.7193 0.0092 0.6947
vn 0.7054 0.0130 0.7087
vn 0.7071 -0.0133 0.7070
vn 0.7163 0.0147 0.6976
vn 0.6932 -0.0030 0.7208
vn 0.7207 -0.0037 0.6932
vn 0.6883 -0.0021 0.7254
vn 0.7037 -0.0065 0.7104
vn 0.7017 0.0183 0.7123
vn 0.6976 -0.0183 0.7163
vn 0.7147 -0.0165 0.6993
vn 0.7023 -0.0186 0.7116
vn 0.7253 0.0026 0.6884
vn 0.7000 0.0203 0.7139
vn -0.0278 -0.9992 -0.0278
vn -0.0271 -0.9993 -0.0273
vn -0.0134 -0.9998 -0.0134
vn -0.0272 -0.9993 -0.0274
vn 0.0274 0.9992 0.0274
vn 0.0348 0.9994 0.0060
vn 0.0194 0.9996 0.0212
vn 0.7071 0.0000 -0.7071
vn -0.0272 -0.9993 -0.0272
vn -0.0455 -0.9988 -0.0197
vn -0.0400 -0.9987 -0.0307
vn 0.0274 0.9993 0.0274
vn 0.0352 0.9990 0.0260
vn 0.0057 0.9999 0.0122
vn -0.0464 -0.9987 -0.0223
vn -0.0272 -0.9993 -0.0273
vn 0.7066 -0.0393 0.7066
vn -0.7066 0.0393 -0.7066
vn -0.7071 -0.0000 0.7071
vn 0.0278 0.9992 0.0278
vn 0.6930 0.0005 -0.7209
vn 0.7072 0.0001 -0.7070
vn -0.7199 -0.0075 0.6940
vn -0.7070 -0.0000 0.7072
vn -0.7100 0.0259 0.7037
vn -0.7071 0.0001 0.7071
vn -0.7072 0.0001 0.7071
vn 0.0278 0.9992 0.0277
vn 0.0275 0.9992 0.0277
vn 0.0276 0.9992 0.0277
vn 0.7071 0.0001 -0.7071
vn 0.7070 -0.0001 -0.7072
vn 0.7070 -0.0002 -0.7072
vn -0.7065 0.0393 -0.7066
vn -0.7071 -0.0001 0.7071
vn 0.7066 -0.0393 0.7065
vn 0.6926 -0.0094 -0.7213
vn 0.7065 -0.0393 0.7066
vn 0.0150 0.9992 0.0369
vn 0.0279 0.9992 0.0279
vn -0.7066 0.0393 -0.7065
vn 0.7071 -0.0001 -0.7071
vn -0.0278 -0.9992 -0.0276
vn -0.0279 -0.9992 -0.0278
vn -0.7072 0.0000 0.7070
vn -0.7116 0.0049 0.7025
vn -0.6970 0.0139 0.7169
vn 0.7071 0.0002 -0.7071
vn 0.7061 -0.0099 -0.7080
vn 0.6939 -0.0069 -0.7201
vn -0.6935 0.0050 0.7205
vn -0.7117 -0.0113 0.7024
vn -0.7001 -0.0001 0.7140
vn -0.7205 -0.0137 0.6933
vn -0.7151 0.0069 0.6990
vn -0.7071 -0.0001 0.7072
vn -0.7023 0.0114 0.7118
vn -0.7066 0.0392 -0.7066
vn 0.7072 -0.0000 -0.7070
vn -0.0184 -0.9998 -0.0107
vn -0.0279 -0.9992 -0.0279
vn -0.0210 -0.9992 -0.0349
vn 0.7071 0.0000 -0.7072
vn -0.7071 0.0000 0.7072
vn -0.0278 -0.9992 -0.0277
vn -0.7065 0.0392 -0.7066
vn 0.7070 -0.0000 -0.7072
vn 0.7065 -0.0392 0.7066
vn 0.7164 -0.0002 -0.6977
vn 0.7072 -0.0000 -0.7071
vn -0.0277 -0.9992 -0.0278
vn -0.6931 -0.0007 0.7209
vn 0.7072 -0.0001 -0.7070
vn 0.0274 0.9992 0.0275
vn 0.0402 0.9989 0.0239
vn 0.0078 0.9997 0.0239
vn 0.0413 0.9982 0.0423
vn 0.0280 0.9992 0.0279
vn -0.0281 -0.9992 -0.0280
vn -0.0190 -0.9997 -0.0182
vn -0.0280 -0.9992 -0.0279
vn 0.6930 0.0006 -0.7209
vn 0.7070 0.0001 -0.7072
vn 0.7072 -0.0002 -0.7070
vn -0.0245 -0.9995 -0.0209
vn 0.0001 -0.9996 -0.0290
vn 0.0251 0.9990 0.0373
vn 0.7066 -0.0392 0.7065
vn 0.7126 -0.0002 -0.7015
vn -0.7121 0.0111 -0.7020
vn -0.7228 -0.0009 -0.6911
vn -0.7022 -0.0069 -0.7120
vn -0.7176 -0.0130 -0.6964
vn -0.7051 0.0194 -0.7088
vn -0.6992 0.0065 -0.7149
vn -0.6906 0.0038 -0.7232
vn -0.7208 0.0032 -0.6931
vn -0.7072 0.0098 -0.7069
vn -0.6989 -0.0106 -0.7151
vn -0.7133 0.0266 -0.7003
vn -0.7005 0.0219 -0.7133
vn -0.7245 -0.0127 -0.6891
vn -0.7070 0.0195 -0.7070
vn -0.6935 -0.0052 -0.7204
vn 0.7108 -0.0190 0.7031
vn 0.7168 0.0098 0.6972
vn 0.6917 0.0038 0.7222
vn 0.7011 0.0203 0.7128
vn 0.6977 -0.0014 0.7163
vn 0.7175 -0.0130 0.6965
vn 0.6966 -0.0219 0.7171
vn 0.7182 -0.0117 0.6957
vn 0.6910 -0.0023 0.7228
vn 0.7174 0.0216 0.6963
vn 0.6933 -0.0104 0.7206
vn 0.7122 -0.0153 0.7018
vn -0.0130 -0.9993 -0.0364
vn -0.0253 -0.9985 -0.0491
vn -0.0382 -0.9991 -0.0197
vn 0.0115 0.9999 0.0111
vn 0.0272 0.9993 0.0274
vn 0.0273 0.9993 0.0273
vn 0.0278 0.9994 0.0192
vn -0.7178 -0.0073 0.6962
vn 0.6914 0.0006 -0.7225
vn 0.0277 0.9992 0.0277
vn 0.0279 0.9992 0.0276
vn 0.7088 0.0075 -0.7054
vn 0.7108 0.0148 -0.7033
vn -0.0277 -0.9992 -0.0277
vn -0.0277 -0.9992 -0.0276
vn 0.6977 0.0003 -0.7164
vn -0.7199 0.0075 0.6940
vn -0.7071 -0.0002 0.7071
vn 0.7071 -0.0001 -0.7072
vn 0.7190 -0.0004 -0.6950
vn 0.6973 -0.0139 -0.7167
vn 0.7211 -0.0194 -0.6926
vn -0.6964 0.0049 0.7177
vn -0.7117 -0.0112 0.7024
vn 0.0179 0.9997 0.0180
vn 0.0181 0.9994 0.0279
vn 0.0083 0.9996 0.0279
vn -0.0273 -0.9996 -0.0110
vn -0.0281 -0.9992 -0.0279
vn -0.0139 -0.9993 -0.0351
vn -0.6915 0.0005 0.7223
vn -0.7035 -0.0191 0.7105
vn 0.0125 0.9990 0.0434
vn 0.0313 0.9987 0.0406
vn -0.7020 0.0181 -0.7119
vn -0.7174 0.0079 -0.6966
vn -0.6914 -0.0003 -0.7224
vn -0.6976 0.0086 -0.7164
vn -0.6924 -0.0075 -0.7214
vn -0.7189 0.0025 -0.6952
vn -0.7102 0.0191 -0.7038
vn -0.6946 0.0160 -0.7192
vn -0.7263 0.0052 -0.6874
vn -0.6989 -0.0108 -0.7151
vn -0.7133 0.0264 -0.7004
vn -0.7005 0.0217 -0.7133
vn -0.6973 0.0170 -0.7166
vn -0.7132 -0.0266 -0.7005
vn -0.6972 -0.0139 -0.7168
vn 0.6956 -0.0115 0.7183
vn 0.7209 0.0019 0.6931
vn 0.7004 0.0174 0.7135
vn 0.7015 -0.0108 0.7126
vn 0.7151 -0.0066 0.6989
vn 0.6966 0.0132 0.7174
vn 0.7131 0.0178 0.7008
vn 0.7001 -0.0013 0.7141
vn 0.7208 -0.0111 0.6930
vn 0.6944 -0.0085 0.7195
vn 0.7123 -0.0182 0.7016
vn -0.0381 -0.9991 -0.0197
vn -0.0272 -0.9985 -0.0470
vn -0.0134 -0.9991 -0.0414
vn -0.0271 -0.9993 -0.0274
vn -0.0348 -0.9994 -0.0090
vn -0.0470 -0.9985 -0.0282
vn 0.6971 -0.0139 -0.7169
vn 0.6927 0.0104 -0.7211
vn -0.7209 0.0006 0.6930
vn -0.7070 0.0001 0.7072
vn 0.7002 -0.0203 -0.7136
vn 0.0141 0.9997 0.0204
vn 0.0242 0.9984 0.0512
vn -0.7072 0.0000 0.7071
vn -0.7107 0.0062 0.7034
vn 0.7000 0.0002 -0.7141
vn -0.6930 -0.0005 0.7209
vn -0.7071 0.0002 0.7072
vn -0.7071 0.0002 0.7071
vn -0.7001 -0.0005 0.7140
vn -0.7140 0.0089 0.7001
vn -0.0141 -0.9998 -0.0140
vn 0.7117 0.0114 -0.7023
vn 0.7121 0.0067 -0.7020
vn -0.0278 -0.9992 -0.0279
vn -0.6931 0.0004 0.7209
vn 0.0272 0.9992 0.0275
vn 0.0266 0.9995 0.0140
vn 0.0140 0.9990 0.0418
vn -0.0109 -0.9992 -0.0378
vn -0.0256 -0.9996 -0.0149
vn 0.6989 -0.0161 -0.7151
vn 0.6979 0.0028 -0.7162
vn 0.7072 0.0001 -0.7071
vn -0.0224 -0.9995 -0.0223
vn 0.0068 0.9998 0.0205
vn -0.7161 0.0031 -0.6980
vn -0.6936 0.0057 -0.7203
vn -0.7088 0.0223 -0.7051
vn -0.6930 0.0000 -0.7210
vn -0.6937 0.0127 -0.7201
vn -0.6958 0.0120 -0.7181
vn -0.6946 0.0158 -0.7192
vn -0.7263 0.0051 -0.6874
vn -0.7102 0.0189 -0.7038
vn -0.6959 -0.0008 -0.7182
vn -0.7123 0.0024 -0.7019
vn -0.6895 0.0137 -0.7242
vn -0.6927 -0.0097 -0.7212
vn -0.6983 0.0153 -0.7157
vn 0.7026 -0.0188 0.7113
vn 0.6978 0.0109 0.7162
vn 0.7202 0.0113 0.6936
vn 0.7054 0.0131 0.7087
vn 0.7023 -0.0114 0.7118
vn 0.7023 -0.0210 0.7116
vn -0.0433 -0.9988 -0.0216
vn -0.0180 -0.9998 -0.0074
vn -0.7071 -0.0002 0.7072
vn 0.0058 0.9999 0.0122
vn -0.7190 0.0005 0.6950
vn 0.6950 -0.0140 -0.7189
vn 0.7127 -0.0003 -0.7015
vn 0.7054 -0.0130 -0.7087
vn 0.7071 -0.0002 -0.7071
vn -0.7204 0.0055 0.6936
vn 0.7145 0.0132 -0.6995
vn 0.6931 0.0001 -0.7209
vn -0.6958 -0.0004 0.7182
vn 0.0444 0.9989 0.0174
vn 0.0162 0.9997 0.0201
vn 0.0251 0.9990 0.0374
vn -0.0166 -0.9997 -0.0153
vn -0.6915 -0.0008 0.7223
vn -0.0140 -0.9998 -0.0140
vn 0.0279 0.9992 0.0280
vn 0.0428 0.9981 0.0439
vn -0.7200 0.0069 -0.6939
vn -0.7126 0.0150 -0.7014
vn -0.7053 0.0155 -0.7088
vn -0.6992 0.0064 -0.7149
vn -0.7187 -0.0144 -0.6952
vn -0.7206 0.0032 -0.6933
vn -0.7070 0.0098 -0.7071
vn -0.6904 0.0038 -0.7234
vn -0.6961 -0.0008 -0.7180
vn -0.7125 0.0024 -0.7016
vn -0.6897 0.0137 -0.7240
vn -0.7069 0.0217 -0.7070
vn -0.7245 -0.0128 -0.6891
vn -0.7001 -0.0002 0.7140
usemtl Material.001
s off
f 2/1/1 4/2/2 1/3/3
f 5/4/4 3/5/5 2/1/6
f 8/6/7 10/7/8 7/8/9
f 11/9/10 9/10/11 8/6/12
f 4/2/13 10/7/14 9/10/15
f 1381/11/16 1273/12/16 1307/13/16
f 117/14/17 4/15/18 119/16/19
f 88/17/20 9/18/21 12/19/22
f 1415/20/23 1274/21/23 1273/22/23
f 90/23/24 3/24/25 6/25/26
f 89/26/27 7/27/28 10/28/29
f 336/29/23 228/30/23 302/31/23
f 87/32/17 8/33/30 85/34/31
f 14/35/32 16/36/32 13/37/32
f 18/38/23 13/39/23 17/40/23
f 20/41/33 17/42/33 19/43/33
f 15/44/34 19/45/34 16/46/34
f 18/47/35 15/48/35 14/49/35
f 22/50/32 24/51/32 21/52/32
f 25/53/34 23/54/34 22/55/34
f 27/56/33 26/57/33 25/58/33
f 21/59/23 28/60/23 27/61/23
f 25/62/35 21/63/35 27/64/35
f 30/65/32 32/66/32 29/67/32
f 34/68/23 29/69/23 33/70/23
f 36/71/33 33/72/33 35/73/33
f 31/74/34 35/75/34 32/76/34
f 34/77/35 31/78/35 30/79/35
f 29/80/16 35/81/16 33/82/16
f 2602/83/23 2709/84/23 2577/85/23
f 1411/86/16 1278/87/16 1276/88/16
f 1058/89/34 951/90/34 980/91/34
f 38/92/32 40/93/32 37/94/32
f 42/95/23 37/96/23 41/97/23
f 44/98/33 41/99/33 43/100/33
f 39/101/34 43/102/34 40/103/34
f 42/104/35 39/105/35 38/106/35
f 46/107/32 48/108/32 45/109/32
f 49/110/34 47/111/34 46/112/34
f 51/113/33 50/114/33 49/115/33
f 45/116/23 52/117/23 51/118/23
f 49/119/35 45/120/35 51/121/35
f 54/122/32 56/123/32 53/124/32
f 58/125/23 53/126/23 57/127/23
f 60/128/33 57/129/33 59/130/33
f 55/131/34 59/132/34 56/133/34
f 58/134/35 55/135/35 54/136/35
f 53/137/16 59/138/16 57/139/16
f 4/140/36 120/141/23 119/142/37
f 3/143/38 89/144/39 10/145/40
f 62/146/32 64/147/32 61/148/32
f 66/149/23 61/150/23 65/151/23
f 68/152/33 65/153/33 67/154/33
f 63/155/34 67/156/34 64/157/34
f 66/158/35 63/159/35 62/160/35
f 70/161/32 72/162/32 69/163/32
f 73/164/34 71/165/34 70/166/34
f 75/167/33 74/168/33 73/169/33
f 69/170/23 76/171/23 75/172/23
f 73/173/35 69/174/35 75/175/35
f 78/176/32 80/177/32 77/178/32
f 82/179/23 77/180/23 81/181/23
f 84/182/33 81/183/33 83/184/33
f 79/185/34 83/186/34 80/187/34
f 82/188/35 79/189/35 78/190/35
f 77/191/16 83/192/16 81/193/16
f 846/194/16 760/195/16 763/196/16
f 766/197/23 846/198/23 763/199/23
f 1522/200/35 1412/201/35 1414/202/35
f 2280/203/35 2170/204/35 2172/205/35
f 2168/206/34 2278/207/34 2169/208/34
f 1057/209/35 981/210/35 950/211/35
f 200/212/23 331/213/23 225/214/23
f 94/215/32 96/216/32 93/217/32
f 98/218/23 93/219/23 97/220/23
f 100/221/33 97/222/33 99/223/33
f 95/224/34 99/225/34 96/226/34
f 98/227/35 95/228/35 94/229/35
f 102/230/32 104/231/32 101/232/32
f 105/233/34 103/234/34 102/235/34
f 107/236/33 106/237/33 105/238/33
f 101/239/23 108/240/23 107/241/23
f 105/242/35 101/243/35 107/244/35
f 110/245/32 112/246/32 109/247/32
f 114/248/23 109/249/23 113/250/23
f 116/251/33 113/252/33 115/253/33
f 111/254/34 115/255/34 112/256/34
f 114/257/35 111/258/35 110/259/35
f 109/260/16 115/261/16 113/262/16
f 1307/263/16 1166/264/16 1199/265/16
f 226/266/34 89/267/41 118/268/42
f 122/269/32 124/270/32 121/271/32
f 126/272/23 121/273/23 125/274/23
f 128/275/33 125/276/33 127/277/33
f 123/278/34 127/279/34 124/280/34
f 126/281/35 123/282/35 122/283/35
f 130/284/32 132/285/32 129/286/32
f 133/287/34 131/288/34 130/289/34
f 135/290/33 134/291/33 133/292/33
f 129/293/23 136/294/23 135/295/23
f 133/296/35 129/297/35 135/298/35
f 138/299/32 140/300/32 137/301/32
f 142/302/23 137/303/23 141/304/23
f 144/305/33 141/306/33 143/307/33
f 139/308/34 143/309/34 140/310/34
f 142/311/35 139/312/35 138/313/35
f 137/314/16 143/315/16 141/316/16
f 1416/317/35 1308/318/35 1274/319/35
f 1845/320/41 1706/321/41 1735/322/41
f 146/323/32 148/324/32 145/325/32
f 150/326/23 145/327/23 149/328/23
f 152/329/33 149/330/33 151/331/33
f 147/332/34 151/333/34 148/334/34
f 150/335/35 147/336/35 146/337/35
f 154/338/32 156/339/32 153/340/32
f 157/341/34 155/342/34 154/343/34
f 159/344/33 158/345/33 157/346/33
f 153/347/23 160/348/23 159/349/23
f 157/350/35 153/351/35 159/352/35
f 162/353/32 164/354/32 161/355/32
f 166/356/23 161/357/23 165/358/23
f 168/359/33 165/360/33 167/361/33
f 163/362/34 167/363/34 164/364/34
f 166/365/35 163/366/35 162/367/35
f 161/368/16 167/369/16 165/370/16
f 225/371/35 91/372/43 92/373/44
f 170/374/32 172/375/32 169/376/32
f 174/377/23 169/378/23 173/379/23
f 176/380/33 173/381/33 175/382/33
f 171/383/34 175/384/34 172/385/34
f 174/386/35 171/387/35 170/388/35
f 178/389/32 180/390/32 177/391/32
f 181/392/34 179/393/34 178/394/34
f 183/395/33 182/396/33 181/397/33
f 177/398/23 184/399/23 183/400/23
f 181/401/35 177/402/35 183/403/35
f 186/404/32 188/405/32 185/406/32
f 190/407/23 185/408/23 189/409/23
f 192/410/33 189/411/33 191/412/33
f 187/413/34 191/414/34 188/415/34
f 190/416/35 187/417/35 186/418/35
f 185/419/16 191/420/16 189/421/16
f 197/422/35 86/423/43 89/424/45
f 734/425/16 654/426/16 627/427/16
f 1817/428/16 1707/429/16 1734/430/16
f 1383/431/46 1519/432/46 1408/433/46
f 873/434/35 735/435/35 761/436/35
f 1489/437/34 1628/438/34 1597/439/34
f 202/440/32 204/441/32 201/442/32
f 206/443/23 201/444/23 205/445/23
f 208/446/33 205/447/33 207/448/33
f 203/449/34 207/450/34 204/451/34
f 206/452/35 203/453/35 202/454/35
f 210/455/32 212/456/32 209/457/32
f 213/458/34 211/459/34 210/460/34
f 215/461/33 214/462/33 213/463/33
f 209/464/23 216/465/23 215/466/23
f 213/467/35 209/468/35 215/469/35
f 218/470/32 220/471/32 217/472/32
f 222/473/23 217/474/23 221/475/23
f 224/476/33 221/477/33 223/478/33
f 219/479/34 223/480/34 220/481/34
f 222/482/35 219/483/35 218/484/35
f 217/485/16 223/486/16 221/487/16
f 552/488/23 444/489/23 443/490/23
f 1924/491/35 1814/492/35 1816/493/35
f 2140/494/16 2035/495/16 2061/496/16
f 2356/497/35 2279/498/35 2280/499/35
f 1732/500/35 1626/501/35 1623/502/35
f 2062/503/41 1954/504/41 1953/505/41
f 117/506/47 225/507/23 92/508/48
f 230/509/32 232/510/32 229/511/32
f 234/512/23 229/513/23 233/514/23
f 236/515/33 233/516/33 235/517/33
f 231/518/34 235/519/34 232/520/34
f 234/521/35 231/522/35 230/523/35
f 238/524/32 240/525/32 237/526/32
f 241/527/34 239/528/34 238/529/34
f 243/530/33 242/531/33 241/532/33
f 237/533/23 244/534/23 243/535/23
f 241/536/35 237/537/35 243/538/35
f 246/539/32 248/540/32 245/541/32
f 250/542/23 245/543/23 249/544/23
f 252/545/33 249/546/33 251/547/33
f 247/548/34 251/549/34 248/550/34
f 250/551/35 247/552/35 246/553/35
f 245/554/16 251/555/16 249/556/16
f 331/557/35 227/558/35 225/559/35
f 254/560/32 256/561/32 253/562/32
f 258/563/23 253/564/23 257/565/23
f 260/566/33 257/567/33 259/568/33
f 255/569/34 259/570/34 256/571/34
f 258/572/35 255/573/35 254/574/35
f 262/575/32 264/576/32 261/577/32
f 265/578/34 263/579/34 262/580/34
f 267/581/33 266/582/33 265/583/33
f 261/584/23 268/585/23 267/586/23
f 265/587/35 261/588/35 267/589/35
f 270/590/32 272/591/32 269/592/32
f 274/593/23 269/594/23 273/595/23
f 276/596/33 273/597/33 275/598/33
f 271/599/34 275/600/34 272/601/34
f 274/602/35 271/603/35 270/604/35
f 269/605/16 275/606/16 273/607/16
f 2682/608/16 2602/609/16 2575/610/16
f 1494/611/16 1382/612/16 1492/613/16
f 278/614/32 280/615/32 277/616/32
f 282/617/23 277/618/23 281/619/23
f 284/620/33 281/621/33 283/622/33
f 279/623/34 283/624/34 280/625/34
f 282/626/35 279/627/35 278/628/35
f 286/629/32 288/630/32 285/631/32
f 289/632/34 287/633/34 286/634/34
f 291/635/33 290/636/33 289/637/33
f 285/638/23 292/639/23 291/640/23
f 289/641/35 285/642/35 291/643/35
f 294/644/32 296/645/32 293/646/32
f 298/647/23 293/648/23 297/649/23
f 300/650/33 297/651/33 299/652/33
f 295/653/34 299/654/34 296/655/34
f 298/656/35 295/657/35 294/658/35
f 293/659/16 299/660/16 297/661/16
f 195/662/23 332/663/23 199/664/23
f 307/665/32 309/666/32 306/667/32
f 311/668/23 306/669/23 310/670/23
f 313/671/33 310/672/33 312/673/33
f 308/674/34 312/675/34 309/676/34
f 311/677/35 308/678/35 307/679/35
f 315/680/32 317/681/32 314/682/32
f 318/683/34 316/684/34 315/685/34
f 320/686/33 319/687/33 318/688/33
f 314/689/23 321/690/23 320/691/23
f 318/692/35 314/693/35 320/694/35
f 323/695/32 325/696/32 322/697/32
f 327/698/23 322/699/23 326/700/23
f 329/701/33 326/702/33 328/703/33
f 324/704/34 328/705/34 325/706/34
f 327/707/35 324/708/35 323/709/35
f 322/710/16 328/711/16 326/712/16
f 440/713/34 517/714/34 409/715/34
f 2681/716/41 2574/717/41 2603/718/41
f 413/719/34 303/720/34 305/721/34
f 549/722/34 658/723/34 517/724/34
f 338/725/32 340/726/32 337/727/32
f 342/728/23 337/729/23 341/730/23
f 344/731/33 341/732/33 343/733/33
f 339/734/34 343/735/34 340/736/34
f 342/737/35 339/738/35 338/739/35
f 346/740/32 348/741/32 345/742/32
f 349/743/34 347/744/34 346/745/34
f 351/746/33 350/747/33 349/748/33
f 345/749/23 352/750/23 351/751/23
f 349/752/35 345/753/35 351/754/35
f 354/755/32 356/756/32 353/757/32
f 358/758/23 353/759/23 357/760/23
f 360/761/33 357/762/33 359/763/33
f 355/764/34 359/765/34 356/766/34
f 358/767/35 355/768/35 354/769/35
f 353/770/16 359/771/16 357/772/16
f 362/773/32 364/774/32 361/775/32
f 366/776/23 361/777/23 365/778/23
f 368/779/33 365/780/33 367/781/33
f 363/782/34 367/783/34 364/784/34
f 366/785/35 363/786/35 362/787/35
f 370/788/32 372/789/32 369/790/32
f 373/791/34 371/792/34 370/793/34
f 375/794/33 374/795/33 373/796/33
f 369/797/23 376/798/23 375/799/23
f 373/800/35 369/801/35 375/802/35
f 378/803/32 380/804/32 377/805/32
f 382/806/23 377/807/23 381/808/23
f 384/809/33 381/810/33 383/811/33
f 379/812/34 383/813/34 380/814/34
f 382/815/35 379/816/35 378/817/35
f 377/818/16 383/819/16 381/820/16
f 625/821/23 518/822/23 552/823/23
f 386/824/32 388/825/32 385/826/32
f 390/827/23 385/828/23 389/829/23
f 392/830/33 389/831/33 391/832/33
f 387/833/34 391/834/34 388/835/34
f 390/836/35 387/837/35 386/838/35
f 394/839/32 396/840/32 393/841/32
f 397/842/34 395/843/34 394/844/34
f 399/845/49 398/846/49 397/847/49
f 393/848/23 400/849/23 399/850/23
f 397/851/35 393/852/35 399/853/35
f 402/854/32 404/855/32 401/856/32
f 406/857/23 401/858/23 405/859/23
f 408/860/33 405/861/33 407/862/33
f 403/863/34 407/864/34 404/865/34
f 406/866/35 403/867/35 402/868/35
f 401/869/16 407/870/16 405/871/16
f 2387/872/41 2494/873/41 2353/874/41
f 1953/875/34 1846/876/34 1845/877/34
f 411/878/34 333/879/34 304/880/34
f 2276/881/35 2139/882/35 2167/883/35
f 410/884/16 305/885/16 333/886/16
f 2577/887/23 2488/888/23 2602/889/23
f 416/890/32 418/891/32 415/892/32
f 420/893/23 415/894/23 419/895/23
f 422/896/33 419/897/33 421/898/33
f 417/899/34 421/900/34 418/901/34
f 420/902/35 417/903/35 416/904/35
f 424/905/32 426/906/32 423/907/32
f 427/908/34 425/909/34 424/910/34
f 429/911/33 428/912/33 427/913/33
f 423/914/23 430/915/23 429/916/23
f 427/917/35 423/918/35 429/919/35
f 432/920/32 434/921/32 431/922/32
f 436/923/23 431/924/23 435/925/23
f 438/926/33 435/927/33 437/928/33
f 433/929/34 437/930/34 434/931/34
f 436/932/35 433/933/35 432/934/35
f 431/935/16 437/936/16 435/937/16
f 874/938/16 762/939/16 734/940/16
f 414/941/35 304/942/35 331/943/35
f 1734/944/16 1598/945/16 1625/946/16
f 412/947/16 330/948/16 332/949/16
f 446/950/32 448/951/32 445/952/32
f 450/953/23 445/954/23 449/955/23
f 452/956/33 449/957/33 451/958/33
f 447/959/34 451/960/34 448/961/34
f 450/962/35 447/963/35 446/964/35
f 454/965/32 456/966/32 453/967/32
f 457/968/34 455/969/34 454/970/34
f 459/971/33 458/972/33 457/973/33
f 453/974/23 460/975/23 459/976/23
f 457/977/35 453/978/35 459/979/35
f 462/980/32 464/981/32 461/982/32
f 466/983/23 461/984/23 465/985/23
f 468/986/33 465/987/33 467/988/33
f 463/989/34 467/990/34 464/991/34
f 466/992/35 463/993/35 462/994/35
f 461/995/16 467/996/16 465/997/16
f 2712/998/35 2570/999/35 2573/1000/35
f 470/1001/32 472/1002/32 469/1003/32
f 474/1004/23 469/1005/23 473/1006/23
f 476/1007/33 473/1008/33 475/1009/33
f 471/1010/34 475/1011/34 472/1012/34
f 474/1013/35 471/1014/35 470/1015/35
f 478/1016/32 480/1017/32 477/1018/32
f 481/1019/34 479/1020/34 478/1021/34
f 483/1022/33 482/1023/33 481/1024/33
f 477/1025/23 484/1026/23 483/1027/23
f 481/1028/35 477/1029/35 483/1030/35
f 486/1031/32 488/1032/32 485/1033/32
f 490/1034/23 485/1035/23 489/1036/23
f 492/1037/33 489/1038/33 491/1039/33
f 487/1040/34 491/1041/34 488/1042/34
f 490/1043/35 487/1044/35 486/1045/35
f 485/1046/16 491/1047/16 489/1048/16
f 546/1049/35 411/1050/35 414/1051/35
f 550/1052/23 655/1053/23 548/1054/23
f 1736/1055/16 1631/1056/16 1597/1057/16
f 409/1058/16 302/1059/16 301/1060/16
f 517/1061/16 443/1062/16 409/1063/16
f 2463/1064/16 2359/1065/16 2357/1066/16
f 1305/1067/50 1198/1068/50 1197/1069/50
f 494/1070/32 496/1071/32 493/1072/32
f 498/1073/23 493/1074/23 497/1075/23
f 500/1076/33 497/1077/33 499/1078/33
f 495/1079/34 499/1080/34 496/1081/34
f 498/1082/35 495/1083/35 494/1084/35
f 502/1085/51 504/1086/51 501/1087/51
f 505/1088/34 503/1089/34 502/1090/34
f 507/1091/33 506/1092/33 505/1093/33
f 501/1094/23 508/1095/23 507/1096/23
f 505/1097/35 501/1098/35 507/1099/35
f 510/1100/32 512/1101/32 509/1102/32
f 514/1103/23 509/1104/23 513/1105/23
f 516/1106/33 513/1107/33 515/1108/33
f 511/1109/34 515/1110/34 512/1111/34
f 514/1112/35 511/1113/35 510/1114/35
f 509/1115/16 515/1116/16 513/1117/16
f 2740/1118/52 2682/1119/23 2679/1120/23
f 950/1121/35 875/1122/35 844/1123/35
f 1735/1124/50 1627/1125/50 1626/1126/50
f 522/1127/32 524/1128/32 521/1129/32
f 526/1130/23 521/1131/23 525/1132/23
f 528/1133/33 525/1134/33 527/1135/33
f 523/1136/34 527/1137/34 524/1138/34
f 526/1139/35 523/1140/35 522/1141/35
f 530/1142/53 532/1143/53 529/1144/53
f 533/1145/34 531/1146/34 530/1147/34
f 535/1148/49 534/1149/49 533/1150/49
f 529/1151/23 536/1152/23 535/1153/23
f 533/1154/35 529/1155/35 535/1156/35
f 538/1157/32 540/1158/32 537/1159/32
f 542/1160/23 537/1161/23 541/1162/23
f 544/1163/33 541/1164/33 543/1165/33
f 539/1166/34 543/1167/34 540/1168/34
f 542/1169/35 539/1170/35 538/1171/35
f 537/1172/16 543/1173/16 541/1174/16
f 2747/1175/54 2681/1176/55 2709/1177/55
f 1278/1178/16 1198/1179/16 1276/1180/16
f 1922/1181/23 1848/1182/23 1815/1183/23
f 654/1184/34 551/1185/34 547/1186/34
f 2248/1187/41 2138/1188/41 2139/1189/41
f 1088/1190/34 1199/1191/34 1089/1192/34
f 554/1193/32 556/1194/32 553/1195/32
f 558/1196/23 553/1197/23 557/1198/23
f 560/1199/33 557/1200/33 559/1201/33
f 555/1202/34 559/1203/34 556/1204/34
f 558/1205/35 555/1206/35 554/1207/35
f 562/1208/32 564/1209/32 561/1210/32
f 565/1211/34 563/1212/34 562/1213/34
f 567/1214/56 566/1215/56 565/1216/56
f 561/1217/23 568/1218/23 567/1219/23
f 565/1220/35 561/1221/35 567/1222/35
f 570/1223/32 572/1224/32 569/1225/32
f 574/1226/23 569/1227/23 573/1228/23
f 576/1229/33 573/1230/33 575/1231/33
f 571/1232/34 575/1233/34 572/1234/34
f 574/1235/35 571/1236/35 570/1237/35
f 569/1238/16 575/1239/16 573/1240/16
f 2491/1241/50 2386/1242/50 2385/1243/50
f 578/1244/53 580/1245/53 577/1246/53
f 582/1247/23 577/1248/23 581/1249/23
f 584/1250/56 581/1251/56 583/1252/56
f 579/1253/34 583/1254/34 580/1255/34
f 582/1256/35 579/1257/35 578/1258/35
f 586/1259/32 588/1260/32 585/1261/32
f 589/1262/34 587/1263/34 586/1264/34
f 591/1265/33 590/1266/33 589/1267/33
f 585/1268/23 592/1269/23 591/1270/23
f 589/1271/35 585/1272/35 591/1273/35
f 594/1274/32 596/1275/32 593/1276/32
f 598/1277/23 593/1278/23 597/1279/23
f 600/1280/33 597/1281/33 599/1282/33
f 595/1283/34 599/1284/34 596/1285/34
f 598/1286/35 595/1287/35 594/1288/35
f 593/1289/16 599/1290/16 597/1291/16
f 653/1292/35 520/1293/35 546/1294/35
f 602/1295/32 604/1296/32 601/1297/32
f 606/1298/23 601/1299/23 605/1300/23
f 608/1301/33 605/1302/33 607/1303/33
f 603/1304/34 607/1305/34 604/1306/34
f 606/1307/35 603/1308/35 602/1309/35
f 610/1310/53 612/1311/53 609/1312/53
f 613/1313/34 611/1314/34 610/1315/34
f 615/1316/33 614/1317/33 613/1318/33
f 609/1319/23 616/1320/23 615/1321/23
f 613/1322/35 609/1323/35 615/1324/35
f 618/1325/32 620/1326/32 617/1327/32
f 622/1328/23 617/1329/23 621/1330/23
f 624/1331/33 621/1332/33 623/1333/33
f 619/1334/34 623/1335/34 620/1336/34
f 622/1337/35 619/1338/35 618/1339/35
f 617/1340/16 623/1341/16 621/1342/16
f 120/1343/23 199/1344/23 119/1345/57
f 1954/1346/16 1818/1347/16 1846/1348/16
f 630/1349/32 632/1350/32 629/1351/32
f 634/1352/23 629/1353/23 633/1354/23
f 636/1355/33 633/1356/33 635/1357/33
f 631/1358/34 635/1359/34 632/1360/34
f 634/1361/35 631/1362/35 630/1363/35
f 638/1364/53 640/1365/53 637/1366/53
f 641/1367/34 639/1368/34 638/1369/34
f 643/1370/49 642/1371/49 641/1372/49
f 637/1373/23 644/1374/23 643/1375/23
f 641/1376/35 637/1377/35 643/1378/35
f 646/1379/32 648/1380/32 645/1381/32
f 650/1382/23 645/1383/23 649/1384/23
f 652/1385/33 649/1386/33 651/1387/33
f 647/1388/34 651/1389/34 648/1390/34
f 650/1391/35 647/1392/35 646/1393/35
f 645/1394/16 651/1395/16 649/1396/16
f 199/1397/16 117/1398/58 119/1399/59
f 662/1400/53 664/1401/53 661/1402/53
f 666/1403/23 661/1404/23 665/1405/23
f 668/1406/33 665/1407/33 667/1408/33
f 663/1409/34 667/1410/34 664/1411/34
f 666/1412/35 663/1413/35 662/1414/35
f 670/1415/32 672/1416/32 669/1417/32
f 673/1418/34 671/1419/34 670/1420/34
f 675/1421/49 674/1422/49 673/1423/49
f 669/1424/23 676/1425/23 675/1426/23
f 673/1427/35 669/1428/35 675/1429/35
f 678/1430/32 680/1431/32 677/1432/32
f 682/1433/23 677/1434/23 681/1435/23
f 684/1436/33 681/1437/33 683/1438/33
f 679/1439/34 683/1440/34 680/1441/34
f 682/1442/35 679/1443/35 678/1444/35
f 677/1445/16 683/1446/16 681/1447/16
f 227/1448/34 90/1449/41 91/1450/60
f 686/1451/53 688/1452/53 685/1453/53
f 690/1454/23 685/1455/23 689/1456/23
f 692/1457/49 689/1458/49 691/1459/49
f 687/1460/34 691/1461/34 688/1462/34
f 690/1463/35 687/1464/35 686/1465/35
f 694/1466/32 696/1467/32 693/1468/32
f 697/1469/34 695/1470/34 694/1471/34
f 699/1472/33 698/1473/33 697/1474/33
f 693/1475/23 700/1476/23 699/1477/23
f 697/1478/35 693/1479/35 699/1480/35
f 702/1481/32 704/1482/32 701/1483/32
f 706/1484/23 701/1485/23 705/1486/23
f 708/1487/33 705/1488/33 707/1489/33
f 703/1490/34 707/1491/34 704/1492/34
f 706/1493/35 703/1494/35 702/1495/35
f 701/1496/16 707/1497/16 705/1498/16
f 763/1499/23 659/1500/23 766/1501/23
f 733/1502/35 659/1503/35 626/1504/35
f 710/1505/32 712/1506/32 709/1507/32
f 714/1508/23 709/1509/23 713/1510/23
f 716/1511/49 713/1512/49 715/1513/49
f 711/1514/34 715/1515/34 712/1516/34
f 714/1517/35 711/1518/35 710/1519/35
f 718/1520/53 720/1521/53 717/1522/53
f 721/1523/34 719/1524/34 718/1525/34
f 723/1526/33 722/1527/33 721/1528/33
f 717/1529/23 724/1530/23 723/1531/23
f 721/1532/35 717/1533/35 723/1534/35
f 726/1535/32 728/1536/32 725/1537/32
f 730/1538/23 725/1539/23 729/1540/23
f 732/1541/33 729/1542/33 731/1543/33
f 727/1544/34 731/1545/34 728/1546/34
f 730/1547/35 727/1548/35 726/1549/35
f 725/1550/16 731/1551/16 729/1552/16
f 626/1553/35 550/1554/35 518/1555/35
f 735/1556/35 653/1557/35 761/1558/35
f 7/1559/61 85/1560/39 8/1561/62
f 1956/1562/35 1847/1563/35 1848/1564/35
f 737/1565/32 739/1566/32 736/1567/32
f 741/1568/23 736/1569/23 740/1570/23
f 743/1571/33 740/1572/33 742/1573/33
f 738/1574/34 742/1575/34 739/1576/34
f 741/1577/35 738/1578/35 737/1579/35
f 745/1580/53 747/1581/53 744/1582/53
f 748/1583/34 746/1584/34 745/1585/34
f 750/1586/49 749/1587/49 748/1588/49
f 744/1589/23 751/1590/23 750/1591/23
f 748/1592/35 744/1593/35 750/1594/35
f 753/1595/32 755/1596/32 752/1597/32
f 757/1598/23 752/1599/23 756/1600/23
f 759/1601/33 756/1602/33 758/1603/33
f 754/1604/34 758/1605/34 755/1606/34
f 757/1607/35 754/1608/35 753/1609/35
f 752/1610/16 758/1611/16 756/1612/16
f 1921/1613/34 2030/1614/34 2029/1615/34
f 2033/1616/16 1952/1617/16 1954/1618/16
f 301/1619/16 228/1620/16 193/1621/16
f 653/1622/23 760/1623/23 761/1624/23
f 770/1625/53 772/1626/53 769/1627/53
f 774/1628/23 769/1629/23 773/1630/23
f 776/1631/33 773/1632/33 775/1633/33
f 771/1634/34 775/1635/34 772/1636/34
f 774/1637/35 771/1638/35 770/1639/35
f 778/1640/32 780/1641/32 777/1642/32
f 781/1643/34 779/1644/34 778/1645/34
f 783/1646/49 782/1647/49 781/1648/49
f 777/1649/23 784/1650/23 783/1651/23
f 781/1652/35 777/1653/35 783/1654/35
f 786/1655/32 788/1656/32 785/1657/32
f 790/1658/23 785/1659/23 789/1660/23
f 792/1661/33 789/1662/33 791/1663/33
f 787/1664/34 791/1665/34 788/1666/34
f 790/1667/35 787/1668/35 786/1669/35
f 785/1670/16 791/1671/16 789/1672/16
f 442/1673/35 334/1674/35 303/1675/35
f 794/1676/53 796/1677/53 793/1678/53
f 798/1679/23 793/1680/23 797/1681/23
f 800/1682/49 797/1683/49 799/1684/49
f 795/1685/34 799/1686/34 796/1687/34
f 798/1688/35 795/1689/35 794/1690/35
f 802/1691/32 804/1692/32 801/1693/32
f 805/1694/34 803/1695/34 802/1696/34
f 807/1697/33 806/1698/33 805/1699/33
f 801/1700/23 808/1701/23 807/1702/23
f 805/1703/35 801/1704/35 807/1705/35
f 810/1706/32 812/1707/32 809/1708/32
f 814/1709/23 809/1710/23 813/1711/23
f 816/1712/33 813/1713/33 815/1714/33
f 811/1715/34 815/1716/34 812/1717/34
f 814/1718/35 811/1719/35 810/1720/35
f 809/1721/16 815/1722/16 813/1723/16
f 1706/1724/16 1624/1725/16 1627/1726/16
f 818/1727/32 820/1728/32 817/1729/32
f 822/1730/23 817/1731/23 821/1732/23
f 824/1733/49 821/1734/49 823/1735/49
f 819/1736/34 823/1737/34 820/1738/34
f 822/1739/35 819/1740/35 818/1741/35
f 826/1742/53 828/1743/53 825/1744/53
f 829/1745/34 827/1746/34 826/1747/34
f 831/1748/33 830/1749/33 829/1750/33
f 825/1751/23 832/1752/23 831/1753/23
f 829/1754/35 825/1755/35 831/1756/35
f 834/1757/32 836/1758/32 833/1759/32
f 838/1760/23 833/1761/23 837/1762/23
f 840/1763/33 837/1764/33 839/1765/33
f 835/1766/34 839/1767/34 836/1768/34
f 838/1769/35 835/1770/35 834/1771/35
f 833/1772/16 839/1773/16 837/1774/16
f 984/1775/35 843/1776/35 876/1777/35
f 2029/1778/16 1922/1779/16 1921/1780/16
f 193/1781/34 334/1782/34 301/1783/34
f 849/1784/32 851/1785/32 848/1786/32
f 853/1787/23 848/1788/23 852/1789/23
f 855/1790/33 852/1791/33 854/1792/33
f 850/1793/34 854/1794/34 851/1795/34
f 853/1796/35 850/1797/35 849/1798/35
f 857/1799/53 859/1800/53 856/1801/53
f 860/1802/34 858/1803/34 857/1804/34
f 862/1805/33 861/1806/33 860/1807/33
f 856/1808/23 863/1809/23 862/1810/23
f 860/1811/35 856/1812/35 862/1813/35
f 865/1814/32 867/1815/32 864/1816/32
f 869/1817/23 864/1818/23 868/1819/23
f 871/1820/33 868/1821/33 870/1822/33
f 866/1823/34 870/1824/34 867/1825/34
f 869/1826/35 866/1827/35 865/1828/35
f 864/1829/16 870/1830/16 868/1831/16
f 2064/1832/35 1923/1833/35 1956/1834/35
f 878/1835/53 880/1836/53 877/1837/53
f 882/1838/23 877/1839/23 881/1840/23
f 884/1841/33 881/1842/33 883/1843/33
f 879/1844/34 883/1845/34 880/1846/34
f 882/1847/35 879/1848/35 878/1849/35
f 886/1850/32 888/1851/32 885/1852/32
f 889/1853/34 887/1854/34 886/1855/34
f 891/1856/33 890/1857/33 889/1858/33
f 885/1859/23 892/1860/23 891/1861/23
f 889/1862/35 885/1863/35 891/1864/35
f 894/1865/32 896/1866/32 893/1867/32
f 898/1868/23 893/1869/23 897/1870/23
f 900/1871/33 897/1872/33 899/1873/33
f 895/1874/34 899/1875/34 896/1876/34
f 898/1877/35 895/1878/35 894/1879/35
f 893/1880/16 899/1881/16 897/1882/16
f 902/1883/32 904/1884/32 901/1885/32
f 906/1886/23 901/1887/23 905/1888/23
f 908/1889/33 905/1890/33 907/1891/33
f 903/1892/34 907/1893/34 904/1894/34
f 906/1895/35 903/1896/35 902/1897/35
f 910/1898/53 912/1899/53 909/1900/53
f 913/1901/34 911/1902/34 910/1903/34
f 915/1904/49 914/1905/49 913/1906/49
f 909/1907/23 916/1908/23 915/1909/23
f 913/1910/35 909/1911/35 915/1912/35
f 918/1913/32 920/1914/32 917/1915/32
f 922/1916/23 917/1917/23 921/1918/23
f 924/1919/33 921/1920/33 923/1921/33
f 919/1922/34 923/1923/34 920/1924/34
f 922/1925/35 919/1926/35 918/1927/35
f 917/1928/16 923/1929/16 921/1930/16
f 953/1931/35 845/1932/35 873/1933/35
f 846/1934/23 982/1935/23 952/1936/23
f 979/1937/34 844/1938/34 847/1939/34
f 926/1940/32 928/1941/32 925/1942/32
f 930/1943/23 925/1944/23 929/1945/23
f 932/1946/33 929/1947/33 931/1948/33
f 927/1949/34 931/1950/34 928/1951/34
f 930/1952/35 927/1953/35 926/1954/35
f 934/1955/32 936/1956/32 933/1957/32
f 937/1958/34 935/1959/34 934/1960/34
f 939/1961/49 938/1962/49 937/1963/49
f 933/1964/23 940/1965/23 939/1966/23
f 937/1967/35 933/1968/35 939/1969/35
f 942/1970/32 944/1971/32 941/1972/32
f 946/1973/23 941/1974/23 945/1975/23
f 948/1976/33 945/1977/33 947/1978/33
f 943/1979/34 947/1980/34 944/1981/34
f 946/1982/35 943/1983/35 942/1984/35
f 941/1985/16 947/1986/16 945/1987/16
f 1166/1988/23 1092/1989/23 1091/1990/23
f 1519/1991/35 1410/1992/35 1408/1993/35
f 627/1994/16 547/1995/16 519/1996/16
f 2032/1997/35 1955/1998/35 1924/1999/35
f 1922/2000/16 1813/2001/16 1921/2002/16
f 983/2003/23 876/2004/23 842/2005/23
f 955/2006/53 957/2007/53 954/2008/53
f 959/2009/23 954/2010/23 958/2011/23
f 961/2012/49 958/2013/49 960/2014/49
f 956/2015/34 960/2016/34 957/2017/34
f 959/2018/35 956/2019/35 955/2020/35
f 963/2021/32 965/2022/32 962/2023/32
f 966/2024/34 964/2025/34 963/2026/34
f 968/2027/33 967/2028/33 966/2029/33
f 962/2030/23 969/2031/23 968/2032/23
f 966/2033/35 962/2034/35 968/2035/35
f 971/2036/32 973/2037/32 970/2038/32
f 975/2039/23 970/2040/23 974/2041/23
f 977/2042/33 974/2043/33 976/2044/33
f 972/2045/34 976/2046/34 973/2047/34
f 975/2048/35 972/2049/35 971/2050/35
f 970/2051/16 976/2052/16 974/2053/16
f 1086/2054/16 978/2055/16 952/2056/16
f 412/2057/23 335/2058/23 441/2059/23
f 872/2060/23 953/2061/23 873/2062/23
f 2353/2063/16 2246/2064/16 2278/2065/16
f 2169/2066/16 2063/2067/16 2029/2068/16
f 986/2069/53 988/2070/53 985/2071/53
f 990/2072/23 985/2073/23 989/2074/23
f 992/2075/49 989/2076/49 991/2077/49
f 987/2078/34 991/2079/34 988/2080/34
f 990/2081/35 987/2082/35 986/2083/35
f 994/2084/32 996/2085/32 993/2086/32
f 997/2087/34 995/2088/34 994/2089/34
f 999/2090/33 998/2091/33 997/2092/33
f 993/2093/23 1000/2094/23 999/2095/23
f 997/2096/35 993/2097/35 999/2098/35
f 1002/2099/32 1004/2100/32 1001/2101/32
f 1006/2102/23 1001/2103/23 1005/2104/23
f 1008/2105/33 1005/2106/33 1007/2107/33
f 1003/2108/34 1007/2109/34 1004/2110/34
f 1006/2111/35 1003/2112/35 1002/2113/35
f 1001/2114/16 1007/2115/16 1005/2116/16
f 876/2117/35 766/2118/35 733/2119/35
f 520/2120/34 410/2121/34 411/2122/34
f 1010/2123/32 1012/2124/32 1009/2125/32
f 1014/2126/23 1009/2127/23 1013/2128/23
f 1016/2129/33 1013/2130/33 1015/2131/33
f 1011/2132/34 1015/2133/34 1012/2134/34
f 1014/2135/35 1011/2136/35 1010/2137/35
f 1018/2138/53 1020/2139/53 1017/2140/53
f 1021/2141/34 1019/2142/34 1018/2143/34
f 1023/2144/33 1022/2145/33 1021/2146/33
f 1017/2147/23 1024/2148/23 1023/2149/23
f 1021/2150/35 1017/2151/35 1023/2152/35
f 1026/2153/32 1028/2154/32 1025/2155/32
f 1030/2156/23 1025/2157/23 1029/2158/23
f 1032/2159/33 1029/2160/33 1031/2161/33
f 1027/2162/34 1031/2163/34 1028/2164/34
f 1030/2165/35 1027/2166/35 1026/2167/35
f 1025/2168/16 1031/2169/16 1029/2170/16
f 1085/2171/35 980/2172/35 953/2173/35
f 982/2174/23 1086/2175/23 952/2176/23
f 1092/2177/35 982/2178/35 984/2179/35
f 1059/2180/34 950/2181/34 979/2182/34
f 2141/2183/16 2033/2184/16 2138/2185/16
f 1034/2186/32 1036/2187/32 1033/2188/32
f 1038/2189/23 1033/2190/23 1037/2191/23
f 1040/2192/33 1037/2193/33 1039/2194/33
f 1035/2195/34 1039/2196/34 1036/2197/34
f 1038/2198/35 1035/2199/35 1034/2200/35
f 1042/2201/53 1044/2202/53 1041/2203/53
f 1045/2204/34 1043/2205/34 1042/2206/34
f 1047/2207/33 1046/2208/33 1045/2209/33
f 1041/2210/23 1048/2211/23 1047/2212/23
f 1045/2213/35 1041/2214/35 1047/2215/35
f 1050/2216/32 1052/2217/32 1049/2218/32
f 1054/2219/23 1049/2220/23 1053/2221/23
f 1056/2222/33 1053/2223/33 1055/2224/33
f 1051/2225/34 1055/2226/34 1052/2227/34
f 1054/2228/35 1051/2229/35 1050/2230/35
f 1049/2231/16 1055/2232/16 1053/2233/16
f 2356/2234/57 2246/2235/57 2354/2236/57
f 981/2237/34 1089/2238/34 949/2239/34
f 1089/2240/16 983/2241/16 949/2242/16
f 2246/2243/23 2172/2244/23 2137/2245/23
f 1062/2246/53 1064/2247/53 1061/2248/53
f 1066/2249/23 1061/2250/23 1065/2251/23
f 1068/2252/49 1065/2253/49 1067/2254/49
f 1063/2255/34 1067/2256/34 1064/2257/34
f 1066/2258/35 1063/2259/35 1062/2260/35
f 1070/2261/32 1072/2262/32 1069/2263/32
f 1073/2264/34 1071/2265/34 1070/2266/34
f 1075/2267/33 1074/2268/33 1073/2269/33
f 1069/2270/23 1076/2271/23 1075/2272/23
f 1073/2273/35 1069/2274/35 1075/2275/35
f 1078/2276/32 1080/2277/32 1077/2278/32
f 1082/2279/23 1077/2280/23 1081/2281/23
f 1084/2282/33 1081/2283/33 1083/2284/33
f 1079/2285/34 1083/2286/34 1080/2287/34
f 1082/2288/35 1079/2289/35 1078/2290/35
f 1077/2291/16 1083/2292/16 1081/2293/16
f 550/2294/35 444/2295/35 518/2296/35
f 1085/2297/23 978/2298/23 1060/2299/23
f 2249/2300/16 2142/2301/16 2140/2302/16
f 2384/2303/35 2248/2304/35 2276/2305/35
f 656/2306/34 519/2307/34 520/2308/34
f 304/2309/34 198/2310/34 227/2311/34
f 1094/2312/53 1096/2313/53 1093/2314/53
f 1098/2315/23 1093/2316/23 1097/2317/23
f 1100/2318/49 1097/2319/49 1099/2320/49
f 1095/2321/34 1099/2322/34 1096/2323/34
f 1098/2324/35 1095/2325/35 1094/2326/35
f 1102/2327/32 1104/2328/32 1101/2329/32
f 1105/2330/34 1103/2331/34 1102/2332/34
f 1107/2333/33 1106/2334/33 1105/2335/33
f 1101/2336/23 1108/2337/23 1107/2338/23
f 1105/2339/35 1101/2340/35 1107/2341/35
f 1110/2342/32 1112/2343/32 1109/2344/32
f 1114/2345/23 1109/2346/23 1113/2347/23
f 1116/2348/33 1113/2349/33 1115/2350/33
f 1111/2351/34 1115/2352/34 1112/2353/34
f 1114/2354/35 1111/2355/35 1110/2356/35
f 1109/2357/16 1115/2358/16 1113/2359/16
f 978/2360/16 846/2361/16 952/2362/16
f 1196/2363/23 1090/2364/23 1200/2365/23
f 1118/2366/53 1120/2367/53 1117/2368/53
f 1122/2369/23 1117/2370/23 1121/2371/23
f 1124/2372/49 1121/2373/49 1123/2374/49
f 1119/2375/34 1123/2376/34 1120/2377/34
f 1122/2378/35 1119/2379/35 1118/2380/35
f 1126/2381/32 1128/2382/32 1125/2383/32
f 1129/2384/34 1127/2385/34 1126/2386/34
f 1131/2387/33 1130/2388/33 1129/2389/33
f 1125/2390/23 1132/2391/23 1131/2392/23
f 1129/2393/35 1125/2394/35 1131/2395/35
f 1134/2396/32 1136/2397/32 1133/2398/32
f 1138/2399/23 1133/2400/23 1137/2401/23
f 1140/2402/33 1137/2403/33 1139/2404/33
f 1135/2405/34 1139/2406/34 1136/2407/34
f 1138/2408/35 1135/2409/35 1134/2410/35
f 1133/2411/16 1139/2412/16 1137/2413/16
f 2030/2414/34 2169/2415/34 2029/2416/34
f 1197/2417/35 1085/2418/35 1170/2419/35
f 1199/2420/16 1091/2421/16 1089/2422/16
f 332/2423/16 200/2424/16 199/2425/16
f 1142/2426/32 1144/2427/32 1141/2428/32
f 1146/2429/23 1141/2430/23 1145/2431/23
f 1148/2432/56 1145/2433/56 1147/2434/56
f 1143/2435/34 1147/2436/34 1144/2437/34
f 1146/2438/35 1143/2439/35 1142/2440/35
f 1150/2441/53 1152/2442/53 1149/2443/53
f 1153/2444/34 1151/2445/34 1150/2446/34
f 1155/2447/33 1154/2448/33 1153/2449/33
f 1149/2450/23 1156/2451/23 1155/2452/23
f 1153/2453/35 1149/2454/35 1155/2455/35
f 1158/2456/32 1160/2457/32 1157/2458/32
f 1162/2459/23 1157/2460/23 1161/2461/23
f 1164/2462/33 1161/2463/33 1163/2464/33
f 1159/2465/34 1163/2466/34 1160/2467/34
f 1162/2468/35 1159/2469/35 1158/2470/35
f 1157/2471/16 1163/2472/16 1161/2473/16
f 1167/2474/35 1090/2475/35 1092/2476/35
f 2137/2477/23 2064/2478/23 2063/2479/23
f 1308/2480/35 1167/2481/35 1274/2482/35
f 1165/2483/35 1057/2484/35 1168/2485/35
f 2462/2486/35 2387/2487/35 2388/2488/35
f 1169/2489/34 1057/2490/34 1059/2491/34
f 2494/2492/16 2354/2493/16 2353/2494/16
f 1172/2495/32 1174/2496/32 1171/2497/32
f 1176/2498/23 1171/2499/23 1175/2500/23
f 1178/2501/56 1175/2502/56 1177/2503/56
f 1173/2504/34 1177/2505/34 1174/2506/34
f 1176/2507/35 1173/2508/35 1172/2509/35
f 1180/2510/53 1182/2511/53 1179/2512/53
f 1183/2513/34 1181/2514/34 1180/2515/34
f 1185/2516/33 1184/2517/33 1183/2518/33
f 1179/2519/23 1186/2520/23 1185/2521/23
f 1183/2522/35 1179/2523/35 1185/2524/35
f 1188/2525/32 1190/2526/32 1187/2527/32
f 1192/2528/23 1187/2529/23 1191/2530/23
f 1194/2531/33 1191/2532/33 1193/2533/33
f 1189/2534/34 1193/2535/34 1190/2536/34
f 1192/2537/35 1189/2538/35 1188/2539/35
f 1187/2540/16 1193/2541/16 1191/2542/16
f 2247/2543/35 2168/2544/35 2171/2545/35
f 1196/2546/16 1060/2547/16 1086/2548/16
f 1198/2549/34 1058/2550/34 1197/2551/34
f 2385/2552/50 2277/2553/50 2248/2554/50
f 1306/2555/35 1168/2556/35 1275/2557/35
f 1202/2558/51 1204/2559/51 1201/2560/51
f 1206/2561/23 1201/2562/23 1205/2563/23
f 1208/2564/56 1205/2565/56 1207/2566/56
f 1203/2567/34 1207/2568/34 1204/2569/34
f 1206/2570/35 1203/2571/35 1202/2572/35
f 1210/2573/51 1212/2574/51 1209/2575/51
f 1213/2576/34 1211/2577/34 1210/2578/34
f 1215/2579/33 1214/2580/33 1213/2581/33
f 1209/2582/23 1216/2583/23 1215/2584/23
f 1213/2585/35 1209/2586/35 1215/2587/35
f 1218/2588/32 1220/2589/32 1217/2590/32
f 1222/2591/23 1217/2592/23 1221/2593/23
f 1224/2594/33 1221/2595/33 1223/2596/33
f 1219/2597/34 1223/2598/34 1220/2599/34
f 1222/2600/35 1219/2601/35 1218/2602/35
f 1217/2603/16 1223/2604/16 1221/2605/16
f 228/2606/16 85/2607/59 193/2608/16
f 1277/2609/23 1200/2610/23 1308/2611/23
f 1278/2612/34 1168/2613/34 1169/2614/34
f 333/2615/16 226/2616/16 198/2617/16
f 1226/2618/51 1228/2619/51 1225/2620/51
f 1230/2621/23 1225/2622/23 1229/2623/23
f 1232/2624/56 1229/2625/56 1231/2626/56
f 1227/2627/34 1231/2628/34 1228/2629/34
f 1230/2630/35 1227/2631/35 1226/2632/35
f 1234/2633/32 1236/2634/32 1233/2635/32
f 1237/2636/34 1235/2637/34 1234/2638/34
f 1239/2639/33 1238/2640/33 1237/2641/33
f 1233/2642/23 1240/2643/23 1239/2644/23
f 1237/2645/35 1233/2646/35 1239/2647/35
f 1242/2648/32 1244/2649/32 1241/2650/32
f 1246/2651/23 1241/2652/23 1245/2653/23
f 1248/2654/33 1245/2655/33 1247/2656/33
f 1243/2657/34 1247/2658/34 1244/2659/34
f 1246/2660/35 1243/2661/35 1242/2662/35
f 1241/2663/16 1247/2664/16 1245/2665/16
f 1250/2666/51 1252/2667/51 1249/2668/51
f 1254/2669/23 1249/2670/23 1253/2671/23
f 1256/2672/33 1253/2673/33 1255/2674/33
f 1251/2675/34 1255/2676/34 1252/2677/34
f 1254/2678/35 1251/2679/35 1250/2680/35
f 1258/2681/51 1260/2682/51 1257/2683/51
f 1261/2684/34 1259/2685/34 1258/2686/34
f 1263/2687/33 1262/2688/33 1261/2689/33
f 1257/2690/23 1264/2691/23 1263/2692/23
f 1261/2693/35 1257/2694/35 1263/2695/35
f 1266/2696/32 1268/2697/32 1265/2698/32
f 1270/2699/23 1265/2700/23 1269/2701/23
f 1272/2702/33 1269/2703/33 1271/2704/33
f 1267/2705/34 1271/2706/34 1268/2707/34
f 1270/2708/35 1267/2709/35 1266/2710/35
f 1265/2711/16 1271/2712/16 1269/2713/16
f 1279/2714/35 1197/2715/35 1170/2716/35
f 1281/2717/51 1283/2718/51 1280/2719/51
f 1285/2720/23 1280/2721/23 1284/2722/23
f 1287/2723/56 1284/2724/56 1286/2725/56
f 1282/2726/34 1286/2727/34 1283/2728/34
f 1285/2729/35 1282/2730/35 1281/2731/35
f 1289/2732/32 1291/2733/32 1288/2734/32
f 1292/2735/34 1290/2736/34 1289/2737/34
f 1294/2738/33 1293/2739/33 1292/2740/33
f 1288/2741/23 1295/2742/23 1294/2743/23
f 1292/2744/35 1288/2745/35 1294/2746/35
f 1297/2747/32 1299/2748/32 1296/2749/32
f 1301/2750/23 1296/2751/23 1300/2752/23
f 1303/2753/33 1300/2754/33 1302/2755/33
f 1298/2756/34 1302/2757/34 1299/2758/34
f 1301/2759/35 1298/2760/35 1297/2761/35
f 1296/2762/16 1302/2763/16 1300/2764/16
f 1813/2765/16 1739/2766/16 1736/2767/16
f 1310/2768/51 1312/2769/51 1309/2770/51
f 1314/2771/23 1309/2772/23 1313/2773/23
f 1316/2774/33 1313/2775/33 1315/2776/33
f 1311/2777/34 1315/2778/34 1312/2779/34
f 1314/2780/35 1311/2781/35 1310/2782/35
f 1318/2783/32 1320/2784/32 1317/2785/32
f 1321/2786/34 1319/2787/34 1318/2788/34
f 1323/2789/33 1322/2790/33 1321/2791/33
f 1317/2792/23 1324/2793/23 1323/2794/23
f 1321/2795/35 1317/2796/35 1323/2797/35
f 1326/2798/32 1328/2799/32 1325/2800/32
f 1330/2801/23 1325/2802/23 1329/2803/23
f 1332/2804/33 1329/2805/33 1331/2806/33
f 1327/2807/34 1331/2808/34 1328/2809/34
f 1330/2810/35 1327/2811/35 1326/2812/35
f 1325/2813/16 1331/2814/16 1329/2815/16
f 1410/2816/35 1279/2817/35 1408/2818/35
f 1334/2819/51 1336/2820/51 1333/2821/51
f 1338/2822/23 1333/2823/23 1337/2824/23
f 1340/2825/56 1337/2826/56 1339/2827/56
f 1335/2828/34 1339/2829/34 1336/2830/34
f 1338/2831/35 1335/2832/35 1334/2833/35
f 1342/2834/32 1344/2835/32 1341/2836/32
f 1345/2837/34 1343/2838/34 1342/2839/34
f 1347/2840/33 1346/2841/33 1345/2842/33
f 1341/2843/23 1348/2844/23 1347/2845/23
f 1345/2846/35 1341/2847/35 1347/2848/35
f 1350/2849/32 1352/2850/32 1349/2851/32
f 1354/2852/23 1349/2853/23 1353/2854/23
f 1356/2855/33 1353/2856/33 1355/2857/33
f 1351/2858/34 1355/2859/34 1352/2860/34
f 1354/2861/35 1351/2862/35 1350/2863/35
f 1349/2864/16 1355/2865/16 1353/2866/16
f 1308/2867/57 1382/2868/57 1277/2869/57
f 1278/2870/34 1414/2871/34 1275/2872/34
f 1358/2873/32 1360/2874/32 1357/2875/32
f 1362/2876/23 1357/2877/23 1361/2878/23
f 1364/2879/56 1361/2880/56 1363/2881/56
f 1359/2882/34 1363/2883/34 1360/2884/34
f 1362/2885/35 1359/2886/35 1358/2887/35
f 1366/2888/32 1368/2889/32 1365/2890/32
f 1369/2891/34 1367/2892/34 1366/2893/34
f 1371/2894/33 1370/2895/33 1369/2896/33
f 1365/2897/23 1372/2898/23 1371/2899/23
f 1369/2900/35 1365/2901/35 1371/2902/35
f 1374/2903/32 1376/2904/32 1373/2905/32
f 1378/2906/23 1373/2907/23 1377/2908/23
f 1380/2909/33 1377/2910/33 1379/2911/33
f 1375/2912/34 1379/2913/34 1376/2914/34
f 1378/2915/35 1375/2916/35 1374/2917/35
f 1373/2918/16 1379/2919/16 1377/2920/16
f 1705/2921/34 1813/2922/34 1736/2923/34
f 1306/2924/41 1381/2925/41 1307/2926/41
f 1385/2927/51 1387/2928/51 1384/2929/51
f 1389/2930/23 1384/2931/23 1388/2932/23
f 1391/2933/33 1388/2934/33 1390/2935/33
f 1386/2936/34 1390/2937/34 1387/2938/34
f 1389/2939/35 1386/2940/35 1385/2941/35
f 1393/2942/51 1395/2943/51 1392/2944/51
f 1396/2945/34 1394/2946/34 1393/2947/34
f 1398/2948/33 1397/2949/33 1396/2950/33
f 1392/2951/23 1399/2952/23 1398/2953/23
f 1396/2954/35 1392/2955/35 1398/2956/35
f 1401/2957/32 1403/2958/32 1400/2959/32
f 1405/2960/23 1400/2961/23 1404/2962/23
f 1407/2963/33 1404/2964/33 1406/2965/33
f 1402/2966/34 1406/2967/34 1403/2968/34
f 1405/2969/35 1402/2970/35 1401/2971/35
f 1400/2972/16 1406/2973/16 1404/2974/16
f 2572/2975/35 2461/2976/35 2496/2977/35
f 87/2978/63 12/2979/64 11/2980/65
f 1418/2981/51 1420/2982/51 1417/2983/51
f 1422/2984/23 1417/2985/23 1421/2986/23
f 1424/2987/56 1421/2988/56 1423/2989/56
f 1419/2990/34 1423/2991/34 1420/2992/34
f 1422/2993/35 1419/2994/35 1418/2995/35
f 1426/2996/32 1428/2997/32 1425/2998/32
f 1429/2999/34 1427/3000/34 1426/3001/34
f 1431/3002/33 1430/3003/33 1429/3004/33
f 1425/3005/23 1432/3006/23 1431/3007/23
f 1429/3008/35 1425/3009/35 1431/3010/35
f 1434/3011/32 1436/3012/32 1433/3013/32
f 1438/3014/23 1433/3015/23 1437/3016/23
f 1440/3017/33 1437/3018/33 1439/3019/33
f 1435/3020/34 1439/3021/34 1436/3022/34
f 1438/3023/35 1435/3024/35 1434/3025/35
f 1433/3026/16 1439/3027/16 1437/3028/16
f 1492/3029/57 1413/3030/57 1521/3031/57
f 1442/3032/51 1444/3033/51 1441/3034/51
f 1446/3035/23 1441/3036/23 1445/3037/23
f 1448/3038/56 1445/3039/56 1447/3040/56
f 1443/3041/34 1447/3042/34 1444/3043/34
f 1446/3044/35 1443/3045/35 1442/3046/35
f 1450/3047/32 1452/3048/32 1449/3049/32
f 1453/3050/34 1451/3051/34 1450/3052/34
f 1455/3053/56 1454/3054/56 1453/3055/56
f 1449/3056/23 1456/3057/23 1455/3058/23
f 1453/3059/35 1449/3060/35 1455/3061/35
f 1458/3062/32 1460/3063/32 1457/3064/32
f 1462/3065/23 1457/3066/23 1461/3067/23
f 1464/3068/33 1461/3069/33 1463/3070/33
f 1459/3071/34 1463/3072/34 1460/3073/34
f 1462/3074/35 1459/3075/35 1458/3076/35
f 1457/3077/16 1463/3078/16 1461/3079/16
f 1490/3080/16 1409/3081/16 1411/3082/16
f 1493/3083/34 1414/3084/34 1409/3085/34
f 1925/3086/16 1843/3087/16 1817/3088/16
f 1466/3089/51 1468/3090/51 1465/3091/51
f 1470/3092/23 1465/3093/23 1469/3094/23
f 1472/3095/33 1469/3096/33 1471/3097/33
f 1467/3098/34 1471/3099/34 1468/3100/34
f 1470/3101/35 1467/3102/35 1466/3103/35
f 1474/3104/32 1476/3105/32 1473/3106/32
f 1477/3107/34 1475/3108/34 1474/3109/34
f 1479/3110/56 1478/3111/56 1477/3112/56
f 1473/3113/23 1480/3114/23 1479/3115/23
f 1477/3116/35 1473/3117/35 1479/3118/35
f 1482/3119/32 1484/3120/32 1481/3121/32
f 1486/3122/23 1481/3123/23 1485/3124/23
f 1488/3125/33 1485/3126/33 1487/3127/33
f 1483/3128/34 1487/3129/34 1484/3130/34
f 1486/3131/35 1483/3132/35 1482/3133/35
f 1481/3134/16 1487/3135/16 1485/3136/16
f 2737/3137/66 2677/3138/34 2738/3139/67
f 85/3140/60 194/3141/34 193/3142/34
f 1523/3143/57 1416/3144/57 1415/3145/57
f 1496/3146/32 1498/3147/32 1495/3148/32
f 1500/3149/23 1495/3150/23 1499/3151/23
f 1502/3152/56 1499/3153/56 1501/3154/56
f 1497/3155/34 1501/3156/34 1498/3157/34
f 1500/3158/35 1497/3159/35 1496/3160/35
f 1504/3161/32 1506/3162/32 1503/3163/32
f 1507/3164/34 1505/3165/34 1504/3166/34
f 1509/3167/33 1508/3168/33 1507/3169/33
f 1503/3170/23 1510/3171/23 1509/3172/23
f 1507/3173/35 1503/3174/35 1509/3175/35
f 1512/3176/32 1514/3177/32 1511/3178/32
f 1516/3179/23 1511/3180/23 1515/3181/23
f 1518/3182/33 1515/3183/33 1517/3184/33
f 1513/3185/34 1517/3186/34 1514/3187/34
f 1516/3188/35 1513/3189/35 1512/3190/35
f 1511/3191/16 1517/3192/16 1515/3193/16
f 1631/3194/23 1524/3195/23 1523/3196/23
f 1815/3197/46 1740/3198/46 1739/3199/46
f 305/3200/34 197/3201/34 226/3202/34
f 1597/3203/16 1523/3204/16 1489/3205/16
f 303/3206/35 194/3207/35 197/3208/35
f 1627/3209/41 1491/3210/41 1626/3211/41
f 1526/3212/51 1528/3213/51 1525/3214/51
f 1530/3215/23 1525/3216/23 1529/3217/23
f 1532/3218/33 1529/3219/33 1531/3220/33
f 1527/3221/34 1531/3222/34 1528/3223/34
f 1530/3224/35 1527/3225/35 1526/3226/35
f 1534/3227/32 1536/3228/32 1533/3229/32
f 1537/3230/34 1535/3231/34 1534/3232/34
f 1539/3233/33 1538/3234/33 1537/3235/33
f 1533/3236/23 1540/3237/23 1539/3238/23
f 1537/3239/35 1533/3240/35 1539/3241/35
f 1542/3242/32 1544/3243/32 1541/3244/32
f 1546/3245/23 1541/3246/23 1545/3247/23
f 1548/3248/33 1545/3249/33 1547/3250/33
f 1543/3251/34 1547/3252/34 1544/3253/34
f 1546/3254/35 1543/3255/35 1542/3256/35
f 1541/3257/16 1547/3258/16 1545/3259/16
f 2679/3260/35 2572/3261/35 2680/3262/35
f 1550/3263/51 1552/3264/51 1549/3265/51
f 1554/3266/23 1549/3267/23 1553/3268/23
f 1556/3269/56 1553/3270/56 1555/3271/56
f 1551/3272/34 1555/3273/34 1552/3274/34
f 1554/3275/35 1551/3276/35 1550/3277/35
f 1558/3278/32 1560/3279/32 1557/3280/32
f 1561/3281/34 1559/3282/34 1558/3283/34
f 1563/3284/33 1562/3285/33 1561/3286/33
f 1557/3287/23 1564/3288/23 1563/3289/23
f 1561/3290/35 1557/3291/35 1563/3292/35
f 1566/3293/32 1568/3294/32 1565/3295/32
f 1570/3296/23 1565/3297/23 1569/3298/23
f 1572/3299/33 1569/3300/33 1571/3301/33
f 1567/3302/34 1571/3303/34 1568/3304/34
f 1570/3305/35 1567/3306/35 1566/3307/35
f 1565/3308/16 1571/3309/16 1569/3310/16
f 1274/3311/23 1166/3312/23 1273/3313/23
f 1521/3314/23 1625/3315/23 1492/3316/23
f 2575/3317/16 2488/3318/16 2463/3319/16
f 1630/3320/34 1493/3321/34 1624/3322/34
f 1574/3323/51 1576/3324/51 1573/3325/51
f 1578/3326/23 1573/3327/23 1577/3328/23
f 1580/3329/56 1577/3330/56 1579/3331/56
f 1575/3332/34 1579/3333/34 1576/3334/34
f 1578/3335/35 1575/3336/35 1574/3337/35
f 1582/3338/32 1584/3339/32 1581/3340/32
f 1585/3341/34 1583/3342/34 1582/3343/34
f 1587/3344/56 1586/3345/56 1585/3346/56
f 1581/3347/23 1588/3348/23 1587/3349/23
f 1585/3350/35 1581/3351/35 1587/3352/35
f 1590/3353/32 1592/3354/32 1589/3355/32
f 1594/3356/23 1589/3357/23 1593/3358/23
f 1596/3359/33 1593/3360/33 1595/3361/33
f 1591/3362/34 1595/3363/34 1592/3364/34
f 1594/3365/35 1591/3366/35 1590/3367/35
f 1589/3368/16 1595/3369/16 1593/3370/16
f 1626/3371/35 1519/3372/35 1623/3373/35
f 1600/3374/51 1602/3375/51 1599/3376/51
f 1604/3377/23 1599/3378/23 1603/3379/23
f 1606/3380/33 1603/3381/33 1605/3382/33
f 1601/3383/34 1605/3384/34 1602/3385/34
f 1604/3386/35 1601/3387/35 1600/3388/35
f 1608/3389/32 1610/3390/32 1607/3391/32
f 1611/3392/34 1609/3393/34 1608/3394/34
f 1613/3395/33 1612/3396/33 1611/3397/33
f 1607/3398/23 1614/3399/23 1613/3400/23
f 1611/3401/35 1607/3402/35 1613/3403/35
f 1616/3404/32 1618/3405/32 1615/3406/32
f 1620/3407/23 1615/3408/23 1619/3409/23
f 1622/3410/33 1619/3411/33 1621/3412/33
f 1617/3413/34 1621/3414/34 1618/3415/34
f 1620/3416/35 1617/3417/35 1616/3418/35
f 1615/3419/16 1621/3420/16 1619/3421/16
f 334/3422/34 409/3423/34 301/3424/34
f 2571/3425/23 2496/3426/23 2495/3427/23
f 1629/3428/23 1734/3429/23 1625/3430/23
f 2574/3431/16 2490/3432/16 2492/3433/16
f 1733/3434/34 1630/3435/34 1624/3436/34
f 2167/3437/23 2035/3438/23 2142/3439/23
f 1087/3440/16 979/3441/16 951/3442/16
f 1634/3443/51 1636/3444/51 1633/3445/51
f 1638/3446/23 1633/3447/23 1637/3448/23
f 1640/3449/56 1637/3450/56 1639/3451/56
f 1635/3452/34 1639/3453/34 1636/3454/34
f 1638/3455/35 1635/3456/35 1634/3457/35
f 1642/3458/51 1644/3459/51 1641/3460/51
f 1645/3461/34 1643/3462/34 1642/3463/34
f 1647/3464/33 1646/3465/33 1645/3466/33
f 1641/3467/23 1648/3468/23 1647/3469/23
f 1645/3470/35 1641/3471/35 1647/3472/35
f 1650/3473/32 1652/3474/32 1649/3475/32
f 1654/3476/23 1649/3477/23 1653/3478/23
f 1656/3479/33 1653/3480/33 1655/3481/33
f 1651/3482/34 1655/3483/34 1652/3484/34
f 1654/3485/35 1651/3486/35 1650/3487/35
f 1649/3488/16 1655/3489/16 1653/3490/16
f 1658/3491/51 1660/3492/51 1657/3493/51
f 1662/3494/23 1657/3495/23 1661/3496/23
f 1664/3497/33 1661/3498/33 1663/3499/33
f 1659/3500/34 1663/3501/34 1660/3502/34
f 1662/3503/35 1659/3504/35 1658/3505/35
f 1666/3506/32 1668/3507/32 1665/3508/32
f 1669/3509/34 1667/3510/34 1666/3511/34
f 1671/3512/33 1670/3513/33 1669/3514/33
f 1665/3515/23 1672/3516/23 1671/3517/23
f 1669/3518/35 1665/3519/35 1671/3520/35
f 1674/3521/32 1676/3522/32 1673/3523/32
f 1678/3524/23 1673/3525/23 1677/3526/23
f 1680/3527/33 1677/3528/33 1679/3529/33
f 1675/3530/34 1679/3531/34 1676/3532/34
f 1678/3533/35 1675/3534/35 1674/3535/35
f 1673/3536/16 1679/3537/16 1677/3538/16
f 1844/3539/46 1707/3540/46 1843/3541/46
f 1682/3542/51 1684/3543/51 1681/3544/51
f 1686/3545/23 1681/3546/23 1685/3547/23
f 1688/3548/56 1685/3549/56 1687/3550/56
f 1683/3551/34 1687/3552/34 1684/3553/34
f 1686/3554/35 1683/3555/35 1682/3556/35
f 1690/3557/32 1692/3558/32 1689/3559/32
f 1693/3560/34 1691/3561/34 1690/3562/34
f 1695/3563/33 1694/3564/33 1693/3565/33
f 1689/3566/23 1696/3567/23 1695/3568/23
f 1693/3569/35 1689/3570/35 1695/3571/35
f 1698/3572/32 1700/3573/32 1697/3574/32
f 1702/3575/23 1697/3576/23 1701/3577/23
f 1704/3578/33 1701/3579/33 1703/3580/33
f 1699/3581/34 1703/3582/34 1700/3583/34
f 1702/3584/35 1699/3585/35 1698/3586/35
f 1697/3587/16 1703/3588/16 1701/3589/16
f 1410/3590/41 1276/3591/41 1305/3592/41
f 1740/3593/35 1629/3594/35 1632/3595/35
f 1709/3596/51 1711/3597/51 1708/3598/51
f 1713/3599/23 1708/3600/23 1712/3601/23
f 1715/3602/56 1712/3603/56 1714/3604/56
f 1710/3605/34 1714/3606/34 1711/3607/34
f 1713/3608/35 1710/3609/35 1709/3610/35
f 1717/3611/32 1719/3612/32 1716/3613/32
f 1720/3614/34 1718/3615/34 1717/3616/34
f 1722/3617/56 1721/3618/56 1720/3619/56
f 1716/3620/23 1723/3621/23 1722/3622/23
f 1720/3623/35 1716/3624/35 1722/3625/35
f 1725/3626/32 1727/3627/32 1724/3628/32
f 1729/3629/23 1724/3630/23 1728/3631/23
f 1731/3632/33 1728/3633/33 1730/3634/33
f 1726/3635/34 1730/3636/34 1727/3637/34
f 1729/3638/35 1726/3639/35 1725/3640/35
f 1724/3641/16 1730/3642/16 1728/3643/16
f 1628/3644/50 1736/3645/50 1597/3646/50
f 548/3647/16 439/3648/16 412/3649/16
f 2034/3650/35 1953/3651/35 1926/3652/35
f 1742/3653/51 1744/3654/51 1741/3655/51
f 1746/3656/23 1741/3657/23 1745/3658/23
f 1748/3659/56 1745/3660/56 1747/3661/56
f 1743/3662/34 1747/3663/34 1744/3664/34
f 1746/3665/35 1743/3666/35 1742/3667/35
f 1750/3668/32 1752/3669/32 1749/3670/32
f 1753/3671/34 1751/3672/34 1750/3673/34
f 1755/3674/33 1754/3675/33 1753/3676/33
f 1749/3677/23 1756/3678/23 1755/3679/23
f 1753/3680/35 1749/3681/35 1755/3682/35
f 1758/3683/32 1760/3684/32 1757/3685/32
f 1762/3686/23 1757/3687/23 1761/3688/23
f 1764/3689/33 1761/3690/33 1763/3691/33
f 1759/3692/34 1763/3693/34 1760/3694/34
f 1762/3695/35 1759/3696/35 1758/3697/35
f 1757/3698/16 1763/3699/16 1761/3700/16
f 1279/3701/57 1383/3702/57 1408/3703/57
f 1844/3704/35 1735/3705/35 1732/3706/35
f 1817/3707/23 1737/3708/23 1847/3709/23
f 1766/3710/51 1768/3711/51 1765/3712/51
f 1770/3713/23 1765/3714/23 1769/3715/23
f 1772/3716/56 1769/3717/56 1771/3718/56
f 1767/3719/34 1771/3720/34 1768/3721/34
f 1770/3722/35 1767/3723/35 1766/3724/35
f 1774/3725/32 1776/3726/32 1773/3727/32
f 1777/3728/34 1775/3729/34 1774/3730/34
f 1779/3731/33 1778/3732/33 1777/3733/33
f 1773/3734/23 1780/3735/23 1779/3736/23
f 1777/3737/35 1773/3738/35 1779/3739/35
f 1782/3740/32 1784/3741/32 1781/3742/32
f 1786/3743/23 1781/3744/23 1785/3745/23
f 1788/3746/33 1785/3747/33 1787/3748/33
f 1783/3749/34 1787/3750/34 1784/3751/34
f 1786/3752/35 1783/3753/35 1782/3754/35
f 1781/3755/16 1787/3756/16 1785/3757/16
f 2743/3758/68 2681/3759/34 2744/3760/69
f 1818/3761/34 1738/3762/34 1733/3763/34
f 1382/3764/16 1304/3765/16 1277/3766/16
f 1790/3767/51 1792/3768/51 1789/3769/51
f 1794/3770/23 1789/3771/23 1793/3772/23
f 1796/3773/56 1793/3774/56 1795/3775/56
f 1791/3776/34 1795/3777/34 1792/3778/34
f 1794/3779/35 1791/3780/35 1790/3781/35
f 1798/3782/51 1800/3783/51 1797/3784/51
f 1801/3785/34 1799/3786/34 1798/3787/34
f 1803/3788/33 1802/3789/33 1801/3790/33
f 1797/3791/23 1804/3792/23 1803/3793/23
f 1801/3794/35 1797/3795/35 1803/3796/35
f 1806/3797/32 1808/3798/32 1805/3799/32
f 1810/3800/23 1805/3801/23 1809/3802/23
f 1812/3803/33 1809/3804/33 1811/3805/33
f 1807/3806/34 1811/3807/34 1808/3808/34
f 1810/3809/35 1807/3810/35 1806/3811/35
f 1805/3812/16 1811/3813/16 1809/3814/16
f 1414/3815/35 1306/3816/35 1275/3817/35
f 1816/3818/35 1705/3819/35 1738/3820/35
f 1848/3821/35 1737/3822/35 1740/3823/35
f 1820/3824/51 1822/3825/51 1819/3826/51
f 1824/3827/23 1819/3828/23 1823/3829/23
f 1826/3830/56 1823/3831/56 1825/3832/56
f 1821/3833/34 1825/3834/34 1822/3835/34
f 1824/3836/35 1821/3837/35 1820/3838/35
f 1828/3839/32 1830/3840/32 1827/3841/32
f 1831/3842/34 1829/3843/34 1828/3844/34
f 1833/3845/33 1832/3846/33 1831/3847/33
f 1827/3848/23 1834/3849/23 1833/3850/23
f 1831/3851/35 1827/3852/35 1833/3853/35
f 1836/3854/32 1838/3855/32 1835/3856/32
f 1840/3857/23 1835/3858/23 1839/3859/23
f 1842/3860/33 1839/3861/33 1841/3862/33
f 1837/3863/34 1841/3864/34 1838/3865/34
f 1840/3866/35 1837/3867/35 1836/3868/35
f 1835/3869/16 1841/3870/16 1839/3871/16
f 5/3872/70 90/3873/71 6/3874/72
f 330/3875/23 414/3876/23 331/3877/23
f 545/3878/23 653/3879/23 546/3880/23
f 1850/3881/51 1852/3882/51 1849/3883/51
f 1854/3884/23 1849/3885/23 1853/3886/23
f 1856/3887/73 1853/3888/73 1855/3889/73
f 1851/3890/34 1855/3891/34 1852/3892/34
f 1854/3893/35 1851/3894/35 1850/3895/35
f 1858/3896/32 1860/3897/32 1857/3898/32
f 1861/3899/34 1859/3900/34 1858/3901/34
f 1863/3902/33 1862/3903/33 1861/3904/33
f 1857/3905/23 1864/3906/23 1863/3907/23
f 1861/3908/35 1857/3909/35 1863/3910/35
f 1866/3911/32 1868/3912/32 1865/3913/32
f 1870/3914/23 1865/3915/23 1869/3916/23
f 1872/3917/33 1869/3918/33 1871/3919/33
f 1867/3920/34 1871/3921/34 1868/3922/34
f 1870/3923/35 1867/3924/35 1866/3925/35
f 1865/3926/16 1871/3927/16 1869/3928/16
f 762/3929/34 660/3930/34 654/3931/34
f 1952/3932/34 1816/3933/34 1818/3934/34
f 1874/3935/51 1876/3936/51 1873/3937/51
f 1878/3938/23 1873/3939/23 1877/3940/23
f 1880/3941/56 1877/3942/56 1879/3943/56
f 1875/3944/34 1879/3945/34 1876/3946/34
f 1878/3947/35 1875/3948/35 1874/3949/35
f 1882/3950/32 1884/3951/32 1881/3952/32
f 1885/3953/34 1883/3954/34 1882/3955/34
f 1887/3956/33 1886/3957/33 1885/3958/33
f 1881/3959/23 1888/3960/23 1887/3961/23
f 1885/3962/35 1881/3963/35 1887/3964/35
f 1890/3965/32 1892/3966/32 1889/3967/32
f 1894/3968/23 1889/3969/23 1893/3970/23
f 1896/3971/33 1893/3972/33 1895/3973/33
f 1891/3974/34 1895/3975/34 1892/3976/34
f 1894/3977/35 1891/3978/35 1890/3979/35
f 1889/3980/16 1895/3981/16 1893/3982/16
f 735/3983/34 627/3984/34 656/3985/34
f 1491/3986/50 1411/3987/50 1410/3988/50
f 1847/3989/46 1925/3990/46 1817/3991/46
f 1844/3992/46 1927/3993/46 1926/3994/46
f 1898/3995/51 1900/3996/51 1897/3997/51
f 1902/3998/23 1897/3999/23 1901/4000/23
f 1904/4001/56 1901/4002/56 1903/4003/56
f 1899/4004/34 1903/4005/34 1900/4006/34
f 1902/4007/35 1899/4008/35 1898/4009/35
f 1906/4010/51 1908/4011/51 1905/4012/51
f 1909/4013/34 1907/4014/34 1906/4015/34
f 1911/4016/49 1910/4017/49 1909/4018/49
f 1905/4019/23 1912/4020/23 1911/4021/23
f 1909/4022/35 1905/4023/35 1911/4024/35
f 1914/4025/32 1916/4026/32 1913/4027/32
f 1918/4028/23 1913/4029/23 1917/4030/23
f 1920/4031/33 1917/4032/33 1919/4033/33
f 1915/4034/34 1919/4035/34 1916/4036/34
f 1918/4037/35 1915/4038/35 1914/4039/35
f 1913/4040/16 1919/4041/16 1917/4042/16
f 767/4043/35 657/4044/35 660/4045/35
f 1953/4046/35 1844/4047/35 1926/4048/35
f 765/4049/34 875/4050/34 841/4051/34
f 1814/4052/34 1921/4053/34 1813/4054/34
f 1929/4055/51 1931/4056/51 1928/4057/51
f 1933/4058/23 1928/4059/23 1932/4060/23
f 1935/4061/56 1932/4062/56 1934/4063/56
f 1930/4064/34 1934/4065/34 1931/4066/34
f 1933/4067/35 1930/4068/35 1929/4069/35
f 1937/4070/53 1939/4071/53 1936/4072/53
f 1940/4073/34 1938/4074/34 1937/4075/34
f 1942/4076/49 1941/4077/49 1940/4078/49
f 1936/4079/23 1943/4080/23 1942/4081/23
f 1940/4082/35 1936/4083/35 1942/4084/35
f 1945/4085/32 1947/4086/32 1944/4087/32
f 1949/4088/23 1944/4089/23 1948/4090/23
f 1951/4091/33 1948/4092/33 1950/4093/33
f 1946/4094/34 1950/4095/34 1947/4096/34
f 1949/4097/35 1946/4098/35 1945/4099/35
f 1944/4100/16 1950/4101/16 1948/4102/16
f 842/4103/23 733/4104/23 768/4105/23
f 1923/4106/23 2061/4107/23 1925/4108/23
f 841/4109/34 981/4110/34 949/4111/34
f 2060/4112/34 1924/4113/34 1952/4114/34
f 1958/4115/51 1960/4116/51 1957/4117/51
f 1962/4118/23 1957/4119/23 1961/4120/23
f 1964/4121/56 1961/4122/56 1963/4123/56
f 1959/4124/34 1963/4125/34 1960/4126/34
f 1962/4127/35 1959/4128/35 1958/4129/35
f 1966/4130/51 1968/4131/51 1965/4132/51
f 1969/4133/34 1967/4134/34 1966/4135/34
f 1971/4136/56 1970/4137/56 1969/4138/56
f 1965/4139/23 1972/4140/23 1971/4141/23
f 1969/4142/35 1965/4143/35 1971/4144/35
f 1974/4145/32 1976/4146/32 1973/4147/32
f 1978/4148/23 1973/4149/23 1977/4150/23
f 1980/4151/33 1977/4152/33 1979/4153/33
f 1975/4154/34 1979/4155/34 1976/4156/34
f 1978/4157/35 1975/4158/35 1974/4159/35
f 1973/4160/16 1979/4161/16 1977/4162/16
f 658/4163/34 764/4164/34 765/4165/34
f 1982/4166/53 1984/4167/53 1981/4168/53
f 1986/4169/23 1981/4170/23 1985/4171/23
f 1988/4172/49 1985/4173/49 1987/4174/49
f 1983/4175/34 1987/4176/34 1984/4177/34
f 1986/4178/35 1983/4179/35 1982/4180/35
f 1990/4181/51 1992/4182/51 1989/4183/51
f 1993/4184/34 1991/4185/34 1990/4186/34
f 1995/4187/56 1994/4188/56 1993/4189/56
f 1989/4190/23 1996/4191/23 1995/4192/23
f 1993/4193/35 1989/4194/35 1995/4195/35
f 1998/4196/32 2000/4197/32 1997/4198/32
f 2002/4199/23 1997/4200/23 2001/4201/23
f 2004/4202/33 2001/4203/33 2003/4204/33
f 1999/4205/34 2003/4206/34 2000/4207/34
f 2002/4208/35 1999/4209/35 1998/4210/35
f 1997/4211/16 2003/4212/16 2001/4213/16
f 2169/4214/16 2246/4215/16 2137/4216/16
f 546/4217/23 439/4218/23 545/4219/23
f 845/4220/34 734/4221/34 735/4222/34
f 2006/4223/53 2008/4224/53 2005/4225/53
f 2010/4226/23 2005/4227/23 2009/4228/23
f 2012/4229/49 2009/4230/49 2011/4231/49
f 2007/4232/34 2011/4233/34 2008/4234/34
f 2010/4235/35 2007/4236/35 2006/4237/35
f 2014/4238/53 2016/4239/53 2013/4240/53
f 2017/4241/34 2015/4242/34 2014/4243/34
f 2019/4244/49 2018/4245/49 2017/4246/49
f 2013/4247/74 2020/4248/74 2019/4249/74
f 2017/4250/35 2013/4251/35 2019/4252/35
f 2022/4253/32 2024/4254/32 2021/4255/32
f 2026/4256/23 2021/4257/23 2025/4258/23
f 2028/4259/33 2025/4260/33 2027/4261/33
f 2023/4262/34 2027/4263/34 2024/4264/34
f 2026/4265/35 2023/4266/35 2022/4267/35
f 2021/4268/16 2027/4269/16 2025/4270/16
f 980/4271/41 874/4272/41 845/4273/41
f 2746/4274/75 2710/4275/76 2743/4276/77
f 1085/4277/57 1195/4278/57 1170/4279/57
f 844/4280/35 764/4281/35 767/4282/35
f 2037/4283/53 2039/4284/53 2036/4285/53
f 2041/4286/23 2036/4287/23 2040/4288/23
f 2043/4289/49 2040/4290/49 2042/4291/49
f 2038/4292/34 2042/4293/34 2039/4294/34
f 2041/4295/35 2038/4296/35 2037/4297/35
f 2045/4298/51 2047/4299/51 2044/4300/51
f 2048/4301/34 2046/4302/34 2045/4303/34
f 2050/4304/49 2049/4305/49 2048/4306/49
f 2044/4307/23 2051/4308/23 2050/4309/23
f 2048/4310/35 2044/4311/35 2050/4312/35
f 2053/4313/32 2055/4314/32 2052/4315/32
f 2057/4316/23 2052/4317/23 2056/4318/23
f 2059/4319/33 2056/4320/33 2058/4321/33
f 2054/4322/34 2058/4323/34 2055/4324/34
f 2057/4325/35 2054/4326/35 2053/4327/35
f 2052/4328/16 2058/4329/16 2056/4330/16
f 2061/4331/16 1927/4332/16 1925/4333/16
f 2167/4334/35 2062/4335/35 2034/4336/35
f 1524/4337/35 1413/4338/35 1416/4339/35
f 949/4340/16 842/4341/16 841/4342/16
f 1927/4343/57 2034/4344/57 1926/4345/57
f 2066/4346/53 2068/4347/53 2065/4348/53
f 2070/4349/78 2065/4350/78 2069/4351/78
f 2072/4352/56 2069/4353/56 2071/4354/56
f 2067/4355/34 2071/4356/34 2068/4357/34
f 2070/4358/35 2067/4359/35 2066/4360/35
f 2074/4361/53 2076/4362/53 2073/4363/53
f 2077/4364/34 2075/4365/34 2074/4366/34
f 2079/4367/56 2078/4368/56 2077/4369/56
f 2073/4370/23 2080/4371/23 2079/4372/23
f 2077/4373/35 2073/4374/35 2079/4375/35
f 2082/4376/32 2084/4377/32 2081/4378/32
f 2086/4379/23 2081/4380/23 2085/4381/23
f 2088/4382/33 2085/4383/33 2087/4384/33
f 2083/4385/34 2087/4386/34 2084/4387/34
f 2086/4388/35 2083/4389/35 2082/4390/35
f 2081/4391/16 2087/4392/16 2085/4393/16
f 2140/4394/57 2031/4395/57 2170/4396/57
f 763/4397/16 628/4398/16 655/4399/16
f 2090/4400/51 2092/4401/51 2089/4402/51
f 2094/4403/23 2089/4404/23 2093/4405/23
f 2096/4406/49 2093/4407/49 2095/4408/49
f 2091/4409/79 2095/4410/79 2092/4411/79
f 2094/4412/35 2091/4413/35 2090/4414/35
f 2098/4415/53 2100/4416/53 2097/4417/53
f 2101/4418/34 2099/4419/34 2098/4420/34
f 2103/4421/56 2102/4422/56 2101/4423/56
f 2097/4424/23 2104/4425/23 2103/4426/23
f 2101/4427/35 2097/4428/35 2103/4429/35
f 2106/4430/32 2108/4431/32 2105/4432/32
f 2110/4433/23 2105/4434/23 2109/4435/23
f 2112/4436/33 2109/4437/33 2111/4438/33
f 2107/4439/34 2111/4440/34 2108/4441/34
f 2110/4442/35 2107/4443/35 2106/4444/35
f 2105/4445/16 2111/4446/16 2109/4447/16
f 198/4448/16 118/4449/80 90/4450/59
f 1489/4451/16 1415/4452/16 1381/4453/16
f 196/4454/35 120/4455/43 88/4456/45
f 2141/4457/41 2032/4458/41 2060/4459/41
f 2114/4460/53 2116/4461/53 2113/4462/53
f 2118/4463/23 2113/4464/23 2117/4465/23
f 2120/4466/81 2117/4467/81 2119/4468/81
f 2115/4469/34 2119/4470/34 2116/4471/34
f 2118/4472/35 2115/4473/35 2114/4474/35
f 2122/4475/51 2124/4476/51 2121/4477/51
f 2125/4478/34 2123/4479/34 2122/4480/34
f 2127/4481/49 2126/4482/49 2125/4483/49
f 2121/4484/23 2128/4485/23 2127/4486/23
f 2125/4487/35 2121/4488/35 2127/4489/35
f 2130/4490/32 2132/4491/32 2129/4492/32
f 2134/4493/23 2129/4494/23 2133/4495/23
f 2136/4496/33 2133/4497/33 2135/4498/33
f 2131/4499/34 2135/4500/34 2132/4501/34
f 2134/4502/35 2131/4503/35 2130/4504/35
f 2129/4505/16 2135/4506/16 2133/4507/16
f 2172/4508/35 2031/4509/35 2064/4510/35
f 847/4511/34 767/4512/34 762/4513/34
f 2171/4514/35 2030/4515/35 2032/4516/35
f 2245/4517/34 2353/4518/34 2278/4519/34
f 2144/4520/53 2146/4521/53 2143/4522/53
f 2148/4523/23 2143/4524/23 2147/4525/23
f 2150/4526/49 2147/4527/49 2149/4528/49
f 2145/4529/34 2149/4530/34 2146/4531/34
f 2148/4532/35 2145/4533/35 2144/4534/35
f 2152/4535/53 2154/4536/53 2151/4537/53
f 2155/4538/34 2153/4539/34 2152/4540/34
f 2157/4541/49 2156/4542/49 2155/4543/49
f 2151/4544/23 2158/4545/23 2157/4546/23
f 2155/4547/35 2151/4548/35 2157/4549/35
f 2160/4550/32 2162/4551/32 2159/4552/32
f 2164/4553/23 2159/4554/23 2163/4555/23
f 2166/4556/33 2163/4557/33 2165/4558/33
f 2161/4559/34 2165/4560/34 2162/4561/34
f 2164/4562/35 2161/4563/35 2160/4564/35
f 2159/4565/16 2165/4566/16 2163/4567/16
f 1091/4568/23 984/4569/23 983/4570/23
f 2170/4571/57 2249/4572/57 2140/4573/57
f 549/4574/35 442/4575/35 551/4576/35
f 228/4577/23 88/4578/48 87/4579/48
f 2174/4580/53 2176/4581/53 2173/4582/53
f 2178/4583/23 2173/4584/23 2177/4585/23
f 2180/4586/56 2177/4587/56 2179/4588/56
f 2175/4589/34 2179/4590/34 2176/4591/34
f 2178/4592/35 2175/4593/35 2174/4594/35
f 2182/4595/51 2184/4596/51 2181/4597/51
f 2185/4598/34 2183/4599/34 2182/4600/34
f 2187/4601/56 2186/4602/56 2185/4603/56
f 2181/4604/23 2188/4605/23 2187/4606/23
f 2185/4607/35 2181/4608/35 2187/4609/35
f 2190/4610/32 2192/4611/32 2189/4612/32
f 2194/4613/23 2189/4614/23 2193/4615/23
f 2196/4616/33 2193/4617/33 2195/4618/33
f 2191/4619/34 2195/4620/34 2192/4621/34
f 2194/4622/35 2191/4623/35 2190/4624/35
f 2189/4625/16 2195/4626/16 2193/4627/16
f 1198/4628/16 1059/4629/16 1087/4630/16
f 2139/4631/50 2033/4632/50 2062/4633/50
f 2198/4634/51 2200/4635/51 2197/4636/51
f 2202/4637/23 2197/4638/23 2201/4639/23
f 2204/4640/49 2201/4641/49 2203/4642/49
f 2199/4643/34 2203/4644/34 2200/4645/34
f 2202/4646/35 2199/4647/35 2198/4648/35
f 2206/4649/53 2208/4650/53 2205/4651/53
f 2209/4652/34 2207/4653/34 2206/4654/34
f 2211/4655/56 2210/4656/56 2209/4657/56
f 2205/4658/82 2212/4659/82 2211/4660/82
f 2209/4661/35 2205/4662/35 2211/4663/35
f 2214/4664/32 2216/4665/32 2213/4666/32
f 2218/4667/23 2213/4668/23 2217/4669/23
f 2220/4670/33 2217/4671/33 2219/4672/33
f 2215/4673/34 2219/4674/34 2216/4675/34
f 2218/4676/35 2215/4677/35 2214/4678/35
f 2213/4679/16 2219/4680/16 2217/4681/16
f 765/4682/16 625/4683/16 658/4684/16
f 2142/4685/57 2276/4686/57 2167/4687/57
f 1625/4688/16 1494/4689/16 1492/4690/16
f 2250/4691/50 2171/4692/50 2141/4693/50
f 2222/4694/53 2224/4695/53 2221/4696/53
f 2226/4697/23 2221/4698/23 2225/4699/23
f 2228/4700/49 2225/4701/49 2227/4702/49
f 2223/4703/34 2227/4704/34 2224/4705/34
f 2226/4706/35 2223/4707/35 2222/4708/35
f 2230/4709/53 2232/4710/53 2229/4711/53
f 2233/4712/34 2231/4713/34 2230/4714/34
f 2235/4715/49 2234/4716/49 2233/4717/49
f 2229/4718/23 2236/4719/23 2235/4720/23
f 2233/4721/35 2229/4722/35 2235/4723/35
f 2238/4724/32 2240/4725/32 2237/4726/32
f 2242/4727/23 2237/4728/23 2241/4729/23
f 2244/4730/33 2241/4731/33 2243/4732/33
f 2239/4733/34 2243/4734/34 2240/4735/34
f 2242/4736/35 2239/4737/35 2238/4738/35
f 2237/4739/16 2243/4740/16 2241/4741/16
f 951/4742/16 847/4743/16 874/4744/16
f 519/4745/16 413/4746/16 410/4747/16
f 1624/4748/16 1490/4749/16 1627/4750/16
f 1519/4751/57 1598/4752/57 1623/4753/57
f 2252/4754/53 2254/4755/53 2251/4756/53
f 2256/4757/23 2251/4758/23 2255/4759/23
f 2258/4760/49 2255/4761/49 2257/4762/49
f 2253/4763/34 2257/4764/34 2254/4765/34
f 2256/4766/35 2253/4767/35 2252/4768/35
f 2260/4769/51 2262/4770/51 2259/4771/51
f 2263/4772/34 2261/4773/34 2260/4774/34
f 2265/4775/49 2264/4776/49 2263/4777/49
f 2259/4778/23 2266/4779/23 2265/4780/23
f 2263/4781/35 2259/4782/35 2265/4783/35
f 2268/4784/32 2270/4785/32 2267/4786/32
f 2272/4787/23 2267/4788/23 2271/4789/23
f 2274/4790/33 2271/4791/33 2273/4792/33
f 2269/4793/34 2273/4794/34 2270/4795/34
f 2272/4796/35 2269/4797/35 2268/4798/35
f 2267/4799/16 2273/4800/16 2271/4801/16
f 2495/4802/23 2356/4803/23 2354/4804/23
f 660/4805/35 549/4806/35 551/4807/35
f 2277/4808/16 2141/4809/16 2138/4810/16
f 2388/4811/35 2245/4812/35 2247/4813/35
f 2388/4814/41 2250/4815/41 2358/4816/41
f 1279/4817/23 1195/4818/23 1304/4819/23
f 2282/4820/53 2284/4821/53 2281/4822/53
f 2286/4823/23 2281/4824/23 2285/4825/23
f 2288/4826/56 2285/4827/56 2287/4828/56
f 2283/4829/34 2287/4830/34 2284/4831/34
f 2286/4832/35 2283/4833/35 2282/4834/35
f 2290/4835/53 2292/4836/53 2289/4837/53
f 2293/4838/34 2291/4839/34 2290/4840/34
f 2295/4841/56 2294/4842/56 2293/4843/56
f 2289/4844/23 2296/4845/23 2295/4846/23
f 2293/4847/35 2289/4848/35 2295/4849/35
f 2298/4850/32 2300/4851/32 2297/4852/32
f 2302/4853/23 2297/4854/23 2301/4855/23
f 2304/4856/33 2301/4857/33 2303/4858/33
f 2299/4859/34 2303/4860/34 2300/4861/34
f 2302/4862/35 2299/4863/35 2298/4864/35
f 2297/4865/16 2303/4866/16 2301/4867/16
f 2386/4868/16 2250/4869/16 2277/4870/16
f 2306/4871/51 2308/4872/51 2305/4873/51
f 2310/4874/23 2305/4875/23 2309/4876/23
f 2312/4877/49 2309/4878/49 2311/4879/49
f 2307/4880/34 2311/4881/34 2308/4882/34
f 2310/4883/35 2307/4884/35 2306/4885/35
f 2314/4886/53 2316/4887/53 2313/4888/53
f 2317/4889/34 2315/4890/34 2314/4891/34
f 2319/4892/56 2318/4893/56 2317/4894/56
f 2313/4895/23 2320/4896/23 2319/4897/23
f 2317/4898/35 2313/4899/35 2319/4900/35
f 2322/4901/32 2324/4902/32 2321/4903/32
f 2326/4904/23 2321/4905/23 2325/4906/23
f 2328/4907/33 2325/4908/33 2327/4909/33
f 2323/4910/34 2327/4911/34 2324/4912/34
f 2326/4913/35 2323/4914/35 2322/4915/35
f 2321/4916/16 2327/4917/16 2325/4918/16
f 2279/4919/46 2357/4920/46 2249/4921/46
f 2275/4922/46 2384/4923/46 2276/4924/46
f 2330/4925/83 2332/4926/83 2329/4927/83
f 2334/4928/23 2329/4929/23 2333/4930/23
f 2336/4931/49 2333/4932/49 2335/4933/49
f 2331/4934/34 2335/4935/34 2332/4936/34
f 2334/4937/35 2331/4938/35 2330/4939/35
f 2338/4940/51 2340/4941/51 2337/4942/51
f 2341/4943/34 2339/4944/34 2338/4945/34
f 2343/4946/49 2342/4947/49 2341/4948/49
f 2337/4949/23 2344/4950/23 2343/4951/23
f 2341/4952/35 2337/4953/35 2343/4954/35
f 2346/4955/32 2348/4956/32 2345/4957/32
f 2350/4958/23 2345/4959/23 2349/4960/23
f 2352/4961/33 2349/4962/33 2351/4963/33
f 2347/4964/34 2351/4965/34 2348/4966/34
f 2350/4967/35 2347/4968/35 2346/4969/35
f 2345/4970/16 2351/4971/16 2349/4972/16
f 1630/4973/35 1520/4974/35 1522/4975/35
f 2063/4976/23 1956/4977/23 1922/4978/23
f 336/4979/35 195/4980/35 196/4981/35
f 2739/4982/84 2680/4983/23 2678/4984/82
f 2357/4985/16 2275/4986/16 2249/4987/16
f 2361/4988/53 2363/4989/53 2360/4990/53
f 2365/4991/23 2360/4992/23 2364/4993/23
f 2367/4994/49 2364/4995/49 2366/4996/49
f 2362/4997/34 2366/4998/34 2363/4999/34
f 2365/5000/35 2362/5001/35 2361/5002/35
f 2369/5003/53 2371/5004/53 2368/5005/53
f 2372/5006/34 2370/5007/34 2369/5008/34
f 2374/5009/49 2373/5010/49 2372/5011/49
f 2368/5012/74 2375/5013/74 2374/5014/74
f 2372/5015/35 2368/5016/35 2374/5017/35
f 2377/5018/32 2379/5019/32 2376/5020/32
f 2381/5021/23 2376/5022/23 2380/5023/23
f 2383/5024/33 2380/5025/33 2382/5026/33
f 2378/5027/34 2382/5028/34 2379/5029/34
f 2381/5030/35 2378/5031/35 2377/5032/35
f 2376/5033/16 2382/5034/16 2380/5035/16
f 2489/5036/35 2385/5037/35 2384/5038/35
f 1304/5039/16 1196/5040/16 1277/5041/16
f 655/5042/16 545/5043/16 548/5044/16
f 2390/5045/53 2392/5046/53 2389/5047/53
f 2394/5048/23 2389/5049/23 2393/5050/23
f 2396/5051/49 2393/5052/49 2395/5053/49
f 2391/5054/34 2395/5055/34 2392/5056/34
f 2394/5057/35 2391/5058/35 2390/5059/35
f 2398/5060/51 2400/5061/51 2397/5062/51
f 2401/5063/34 2399/5064/34 2398/5065/34
f 2403/5066/49 2402/5067/49 2401/5068/49
f 2397/5069/23 2404/5070/23 2403/5071/23
f 2401/5072/35 2397/5073/35 2403/5074/35
f 2406/5075/32 2408/5076/32 2405/5077/32
f 2410/5078/23 2405/5079/23 2409/5080/23
f 2412/5081/33 2409/5082/33 2411/5083/33
f 2407/5084/34 2411/5085/34 2408/5086/34
f 2410/5087/35 2407/5088/35 2406/5089/35
f 2405/5090/16 2411/5091/16 2409/5092/16
f 1846/5093/16 1733/5094/16 1706/5095/16
f 2357/5096/23 2461/5097/23 2463/5098/23
f 2414/5099/53 2416/5100/53 2413/5101/53
f 2418/5102/23 2413/5103/23 2417/5104/23
f 2420/5105/56 2417/5106/56 2419/5107/56
f 2415/5108/34 2419/5109/34 2416/5110/34
f 2418/5111/35 2415/5112/35 2414/5113/35
f 2422/5114/51 2424/5115/51 2421/5116/51
f 2425/5117/34 2423/5118/34 2422/5119/34
f 2427/5120/56 2426/5121/56 2425/5122/56
f 2421/5123/23 2428/5124/23 2427/5125/23
f 2425/5126/35 2421/5127/35 2427/5128/35
f 2430/5129/32 2432/5130/32 2429/5131/32
f 2434/5132/23 2429/5133/23 2433/5134/23
f 2436/5135/33 2433/5136/33 2435/5137/33
f 2431/5138/50 2435/5139/50 2432/5140/50
f 2434/5141/35 2431/5142/35 2430/5143/35
f 2429/5144/16 2435/5145/16 2433/5146/16
f 2489/5147/23 2359/5148/23 2488/5149/23
f 2490/5150/34 2388/5151/34 2358/5152/34
f 2438/5153/53 2440/5154/53 2437/5155/53
f 2442/5156/23 2437/5157/23 2441/5158/23
f 2444/5159/49 2441/5160/49 2443/5161/49
f 2439/5162/34 2443/5163/34 2440/5164/34
f 2442/5165/35 2439/5166/35 2438/5167/35
f 2446/5168/51 2448/5169/51 2445/5170/51
f 2449/5171/34 2447/5172/34 2446/5173/34
f 2451/5174/56 2450/5175/56 2449/5176/56
f 2445/5177/23 2452/5178/23 2451/5179/23
f 2449/5180/35 2445/5181/35 2451/5182/35
f 2454/5183/32 2456/5184/32 2453/5185/32
f 2458/5186/23 2453/5187/23 2457/5188/23
f 2460/5189/33 2457/5190/33 2459/5191/33
f 2455/5192/34 2459/5193/34 2456/5194/34
f 2458/5195/35 2455/5196/35 2454/5197/35
f 2453/5198/16 2459/5199/16 2457/5200/16
f 2493/5201/41 2569/5202/41 2494/5203/41
f 2492/5204/16 2358/5205/16 2386/5206/16
f 444/5207/35 335/5208/35 336/5209/35
f 1632/5210/35 1521/5211/35 1524/5212/35
f 2465/5213/51 2467/5214/51 2464/5215/51
f 2469/5216/23 2464/5217/23 2468/5218/23
f 2471/5219/56 2468/5220/56 2470/5221/56
f 2466/5222/39 2470/5223/39 2467/5224/39
f 2469/5225/35 2466/5226/35 2465/5227/35
f 2473/5228/53 2475/5229/53 2472/5230/53
f 2476/5231/34 2474/5232/34 2473/5233/34
f 2478/5234/56 2477/5235/56 2476/5236/56
f 2472/5237/23 2479/5238/23 2478/5239/23
f 2476/5240/35 2472/5241/35 2478/5242/35
f 2481/5243/32 2483/5244/32 2480/5245/32
f 2485/5246/23 2480/5247/23 2484/5248/23
f 2487/5249/33 2484/5250/33 2486/5251/33
f 2482/5252/41 2486/5253/41 2483/5254/41
f 2485/5255/35 2482/5256/35 2481/5257/35
f 2480/5258/16 2486/5259/16 2484/5260/16
f 1739/5261/23 1632/5262/23 1631/5263/23
f 2569/5264/16 2495/5265/16 2494/5266/16
f 1165/5267/34 1307/5268/34 1199/5269/34
f 841/5270/16 768/5271/16 765/5272/16
f 2498/5273/53 2500/5274/53 2497/5275/53
f 2502/5276/23 2497/5277/23 2501/5278/23
f 2504/5279/81 2501/5280/81 2503/5281/81
f 2499/5282/34 2503/5283/34 2500/5284/34
f 2502/5285/35 2499/5286/35 2498/5287/35
f 2506/5288/53 2508/5289/53 2505/5290/53
f 2509/5291/34 2507/5292/34 2506/5293/34
f 2511/5294/49 2510/5295/49 2509/5296/49
f 2505/5297/23 2512/5298/23 2511/5299/23
f 2509/5300/35 2505/5301/35 2511/5302/35
f 2514/5303/32 2516/5304/32 2513/5305/32
f 2518/5306/23 2513/5307/23 2517/5308/23
f 2520/5309/33 2517/5310/33 2519/5311/33
f 2515/5312/34 2519/5313/34 2516/5314/34
f 2518/5315/35 2515/5316/35 2514/5317/35
f 2513/5318/16 2519/5319/16 2517/5320/16
f 2577/5321/35 2491/5322/35 2489/5323/35
f 2496/5324/35 2355/5325/35 2356/5326/35
f 2573/5327/50 2490/5328/50 2576/5329/50
f 658/5330/16 552/5331/16 517/5332/16
f 2522/5333/53 2524/5334/53 2521/5335/53
f 2526/5336/85 2521/5337/85 2525/5338/85
f 2528/5339/49 2525/5340/49 2527/5341/49
f 2523/5342/60 2527/5343/60 2524/5344/60
f 2526/5345/35 2523/5346/35 2522/5347/35
f 2530/5348/53 2532/5349/53 2529/5350/53
f 2533/5351/60 2531/5352/60 2530/5353/60
f 2535/5354/49 2534/5355/49 2533/5356/49
f 2529/5357/23 2536/5358/23 2535/5359/23
f 2533/5360/35 2529/5361/35 2535/5362/35
f 2538/5363/32 2540/5364/32 2537/5365/32
f 2542/5366/23 2537/5367/23 2541/5368/23
f 2544/5369/33 2541/5370/33 2543/5371/33
f 2539/5372/34 2543/5373/34 2540/5374/34
f 2542/5375/35 2539/5376/35 2538/5377/35
f 2537/5378/16 2543/5379/16 2541/5380/16
f 2461/5381/23 2575/5382/23 2463/5383/23
f 2546/5384/51 2548/5385/51 2545/5386/51
f 2550/5387/23 2545/5388/23 2549/5389/23
f 2552/5390/56 2549/5391/56 2551/5392/56
f 2547/5393/34 2551/5394/34 2548/5395/34
f 2550/5396/35 2547/5397/35 2546/5398/35
f 2554/5399/51 2556/5400/51 2553/5401/51
f 2557/5402/34 2555/5403/34 2554/5404/34
f 2559/5405/56 2558/5406/56 2557/5407/56
f 2553/5408/82 2560/5409/82 2559/5410/82
f 2557/5411/35 2553/5412/35 2559/5413/35
f 2562/5414/32 2564/5415/32 2561/5416/32
f 2566/5417/23 2561/5418/23 2565/5419/23
f 2568/5420/33 2565/5421/33 2567/5422/33
f 2563/5423/50 2567/5424/50 2564/5425/50
f 2566/5426/35 2563/5427/35 2562/5428/35
f 2561/5429/16 2567/5430/16 2565/5431/16
f 2570/5432/34 2711/5433/50 2569/5434/34
f 441/5435/23 548/5436/23 412/5437/23
f 2574/5438/41 2491/5439/41 2603/5440/41
f 1381/5441/34 1520/5442/34 1489/5443/34
f 2579/5444/51 2581/5445/51 2578/5446/51
f 2583/5447/78 2578/5448/78 2582/5449/78
f 2585/5450/56 2582/5451/56 2584/5452/56
f 2580/5453/34 2584/5454/34 2581/5455/34
f 2583/5456/35 2580/5457/35 2579/5458/35
f 2587/5459/51 2589/5460/51 2586/5461/51
f 2590/5462/34 2588/5463/34 2587/5464/34
f 2592/5465/56 2591/5466/56 2590/5467/56
f 2586/5468/23 2593/5469/23 2592/5470/23
f 2590/5471/35 2586/5472/35 2592/5473/35
f 2595/5474/32 2597/5475/32 2594/5476/32
f 2599/5477/23 2594/5478/23 2598/5479/23
f 2601/5480/33 2598/5481/33 2600/5482/33
f 2596/5483/34 2600/5484/34 2597/5485/34
f 2599/5486/35 2596/5487/35 2595/5488/35
f 2594/5489/16 2600/5490/16 2598/5491/16
f 1623/5492/46 1707/5493/46 1732/5494/46
f 2711/5495/86 2571/5496/16 2569/5497/16
f 2606/5498/53 2608/5499/53 2605/5500/53
f 2610/5501/78 2605/5502/78 2609/5503/78
f 2612/5504/56 2609/5505/56 2611/5506/56
f 2607/5507/34 2611/5508/34 2608/5509/34
f 2610/5510/35 2607/5511/35 2606/5512/35
f 2614/5513/53 2616/5514/53 2613/5515/53
f 2617/5516/34 2615/5517/34 2614/5518/34
f 2619/5519/56 2618/5520/56 2617/5521/56
f 2613/5522/23 2620/5523/23 2619/5524/23
f 2617/5525/35 2613/5526/35 2619/5527/35
f 2622/5528/32 2624/5529/32 2621/5530/32
f 2626/5531/23 2621/5532/23 2625/5533/23
f 2628/5534/33 2625/5535/33 2627/5536/33
f 2623/5537/34 2627/5538/34 2624/5539/34
f 2626/5540/35 2623/5541/35 2622/5542/35
f 2621/5543/16 2627/5544/16 2625/5545/16
f 2630/5546/53 2632/5547/53 2629/5548/53
f 2634/5549/23 2629/5550/23 2633/5551/23
f 2636/5552/49 2633/5553/49 2635/5554/49
f 2631/5555/60 2635/5556/60 2632/5557/60
f 2634/5558/35 2631/5559/35 2630/5560/35
f 2638/5561/53 2640/5562/53 2637/5563/53
f 2641/5564/34 2639/5565/34 2638/5566/34
f 2643/5567/49 2642/5568/49 2641/5569/49
f 2637/5570/74 2644/5571/74 2643/5572/74
f 2641/5573/35 2637/5574/35 2643/5575/35
f 2646/5576/32 2648/5577/32 2645/5578/32
f 2650/5579/23 2645/5580/23 2649/5581/23
f 2652/5582/33 2649/5583/33 2651/5584/33
f 2647/5585/41 2651/5586/41 2648/5587/41
f 2650/5588/35 2647/5589/35 2646/5590/35
f 2645/5591/16 2651/5592/16 2649/5593/16
f 2710/5594/16 2576/5595/16 2574/5596/16
f 2604/5597/57 2682/5598/57 2575/5599/57
f 760/5600/23 873/5601/23 761/5602/23
f 2683/5603/50 2573/5604/50 2576/5605/50
f 1738/5606/35 1628/5607/35 1630/5608/35
f 2654/5609/53 2656/5610/53 2653/5611/53
f 2658/5612/85 2653/5613/85 2657/5614/85
f 2660/5615/49 2657/5616/49 2659/5617/49
f 2655/5618/60 2659/5619/60 2656/5620/60
f 2658/5621/35 2655/5622/35 2654/5623/35
f 2662/5624/53 2664/5625/53 2661/5626/53
f 2665/5627/60 2663/5628/60 2662/5629/60
f 2667/5630/49 2666/5631/49 2665/5632/49
f 2661/5633/23 2668/5634/23 2667/5635/23
f 2665/5636/35 2661/5637/35 2667/5638/35
f 2670/5639/32 2672/5640/32 2669/5641/32
f 2674/5642/23 2669/5643/23 2673/5644/23
f 2676/5645/33 2673/5646/33 2675/5647/33
f 2671/5648/34 2675/5649/34 2672/5650/34
f 2674/5651/35 2671/5652/35 2670/5653/35
f 2669/5654/16 2675/5655/16 2673/5656/16
f 443/5657/23 336/5658/23 302/5659/23
f 2683/5660/41 2742/5661/87 2712/5662/41
f 2709/5663/35 2603/5664/35 2577/5665/35
f 2685/5666/51 2687/5667/51 2684/5668/51
f 2689/5669/23 2684/5670/23 2688/5671/23
f 2691/5672/49 2688/5673/49 2690/5674/49
f 2686/5675/79 2690/5676/79 2687/5677/79
f 2689/5678/35 2686/5679/35 2685/5680/35
f 2693/5681/51 2695/5682/51 2692/5683/51
f 2696/5684/34 2694/5685/34 2693/5686/34
f 2698/5687/49 2697/5688/49 2696/5689/49
f 2692/5690/23 2699/5691/23 2698/5692/23
f 2696/5693/35 2692/5694/35 2698/5695/35
f 2701/5696/32 2703/5697/32 2700/5698/32
f 2705/5699/46 2700/5700/46 2704/5701/46
f 2707/5702/33 2704/5703/33 2706/5704/33
f 2702/5705/34 2706/5706/34 2703/5707/34
f 2705/5708/35 2702/5709/35 2701/5710/35
f 2700/5711/16 2706/5712/16 2704/5713/16
f 2678/5714/88 2572/5715/57 2571/5716/57
f 2573/5717/35 2493/5718/35 2462/5719/35
f 547/5720/34 442/5721/34 413/5722/34
f 92/5723/89 5/5724/90 2/5725/91
f 768/5726/23 626/5727/23 625/5728/23
f 2742/5729/92 2677/5730/93 2712/5731/93
f 2711/5732/94 2739/5733/95 2678/5734/96
f 2/5735/97 117/5736/98 92/5737/99
f 2748/5738/100 2682/5739/76 2745/5740/101
f 2741/5741/102 2679/5742/55 2680/5743/55
f 2714/5744/103 2716/5745/103 2713/5746/103
f 2718/5747/82 2713/5748/82 2717/5749/82
f 2720/5750/56 2717/5751/56 2719/5752/56
f 2715/5753/79 2719/5754/79 2716/5755/79
f 2718/5756/35 2715/5757/35 2714/5758/35
f 2722/5759/51 2724/5760/51 2721/5761/51
f 2725/5762/34 2723/5763/34 2722/5764/34
f 2727/5765/56 2726/5766/56 2725/5767/56
f 2721/5768/23 2728/5769/23 2727/5770/23
f 2725/5771/35 2721/5772/35 2727/5773/35
f 2730/5774/32 2732/5775/32 2729/5776/32
f 2734/5777/23 2729/5778/23 2733/5779/23
f 2736/5780/33 2733/5781/33 2735/5782/33
f 2731/5783/34 2735/5784/34 2732/5785/34
f 2734/5786/35 2731/5787/35 2730/5788/35
f 2729/5789/16 2735/5790/16 2733/5791/16
f 2748/5792/104 2709/5793/57 2708/5794/57
f 2739/5795/105 2740/5796/106 2741/5797/107
f 2742/5798/108 2737/5799/109 2738/5800/110
f 2744/5801/111 2746/5802/112 2743/5803/113
f 2747/5804/114 2745/5805/115 2744/5801/116
f 2745/5805/117 2742/5798/118 2746/5802/119
f 2750/5806/51 2752/5807/51 2749/5808/51
f 2754/5809/23 2749/5810/23 2753/5811/23
f 2756/5812/56 2753/5813/56 2755/5814/56
f 2751/5815/34 2755/5816/34 2752/5817/34
f 2754/5818/35 2751/5819/35 2750/5820/35
f 2758/5821/51 2760/5822/51 2757/5823/51
f 2761/5824/34 2759/5825/34 2758/5826/34
f 2763/5827/56 2762/5828/56 2761/5829/56
f 2757/5830/23 2764/5831/23 2763/5832/23
f 2761/5833/35 2757/5834/35 2763/5835/35
f 2766/5836/32 2768/5837/32 2765/5838/32
f 2770/5839/23 2765/5840/23 2769/5841/23
f 2772/5842/33 2769/5843/33 2771/5844/33
f 2767/5845/34 2771/5846/34 2768/5847/34
f 2770/5848/35 2767/5849/35 2766/5850/35
f 2765/5851/16 2771/5852/16 2769/5853/16
f 2774/5854/120 2776/5855/121 2773/5856/122
f 2773/5856/123 2778/5857/124 2774/5854/125
f 2780/5858/10 2782/5859/11 2779/5860/12
f 2783/5861/126 2779/5860/127 2782/5859/128
f 2783/5861/129 2773/5856/130 2776/5855/131
f 2776/5862/132 2788/5863/19 2787/5864/31
f 2941/5865/35 2955/5866/35 2942/5867/35
f 2773/5868/133 2792/5869/24 2777/5870/134
f 2785/5871/17 2779/5872/30 2793/5873/31
f 3064/5874/41 3080/5875/34 3063/5876/41
f 2782/5877/135 2794/5878/136 2795/5879/137
f 2784/5880/138 2786/5881/136 2796/5882/137
f 3065/5883/16 3076/5884/16 3075/5885/16
f 2850/5886/16 2859/5887/16 2864/5888/16
f 2933/5889/16 2947/5890/16 2937/5891/16
f 2776/5892/139 2786/5893/39 2783/5894/40
f 2773/5895/140 2795/5896/46 2791/5897/74
f 3025/5898/16 3046/5899/16 3037/5900/16
f 2976/5901/57 2953/5902/57 2964/5903/57
f 2918/5904/35 2940/5905/35 2930/5906/35
f 2939/5907/16 2949/5908/16 2950/5909/16
f 2932/5910/34 2949/5911/34 2931/5912/34
f 2794/5913/45 2798/5914/35 2795/5915/43
f 2790/5916/141 2804/5917/35 2789/5918/142
f 2805/5919/34 2786/5920/41 2787/5921/42
f 2907/5922/34 2896/5923/34 2916/5924/34
f 3095/5925/54 3077/5926/55 3078/5927/55
f 2850/5928/23 2861/5929/23 2852/5930/23
f 2937/5931/57 2948/5932/57 2938/5933/57
f 2932/5934/35 2951/5935/35 2952/5936/35
f 3039/5937/35 3058/5938/35 3059/5939/35
f 2966/5940/35 2980/5941/35 2969/5942/35
f 2853/5943/23 2841/5944/23 2840/5945/23
f 2814/5946/34 2797/5947/34 2805/5948/34
f 2983/5949/16 2995/5950/16 2982/5951/16
f 2884/5952/16 2898/5953/16 2883/5954/16
f 2832/5955/34 2833/5956/34 2828/5957/34
f 2818/5958/35 2802/5959/35 2816/5960/35
f 2976/5961/16 2987/5962/16 2988/5963/16
f 2960/5964/23 2972/5965/23 2975/5966/23
f 2948/5967/46 2961/5968/46 2960/5969/46
f 2809/5970/16 2828/5971/16 2821/5972/16
f 2856/5973/34 2857/5974/34 2846/5975/34
f 2905/5976/16 2919/5977/16 2917/5978/16
f 3067/5979/34 3053/5980/34 3056/5981/34
f 2828/5982/34 2812/5983/34 2832/5984/34
f 3044/5985/23 3054/5986/23 3045/5987/23
f 3078/5988/23 3096/5989/143 3095/5990/144
f 2943/5991/16 2962/5992/16 2958/5993/16
f 2797/5994/35 2812/5995/35 2800/5996/35
f 2818/5997/34 2801/5998/34 2804/5999/34
f 2959/6000/41 2944/6001/41 2945/6002/41
f 2881/6003/23 2869/6004/23 2877/6005/23
f 2959/6006/35 2948/6007/35 2960/6008/35
f 2799/6009/34 2796/6010/60 2800/6011/34
f 2823/6012/35 2839/6013/35 2825/6014/35
f 2963/6015/16 2976/6016/16 2964/6017/16
f 2824/6018/23 2837/6019/23 2823/6020/23
f 2846/6021/34 2844/6022/34 2856/6023/34
f 2840/6024/23 2829/6025/23 2821/6026/23
f 2846/6027/16 2865/6028/16 2853/6029/16
f 3004/6030/57 3019/6031/57 3016/6032/57
f 2803/6033/16 2817/6034/16 2806/6035/16
f 2999/6036/23 2977/6037/23 2988/6038/23
f 2830/6039/23 2834/6040/23 2822/6041/23
f 2828/6042/16 2840/6043/16 2821/6044/16
f 2991/6045/35 3010/6046/35 3011/6047/35
f 2829/6048/35 2842/6049/35 2830/6050/35
f 2856/6051/35 2868/6052/35 2858/6053/35
f 3013/6054/16 3033/6055/16 3025/6056/16
f 2837/6057/23 2850/6058/23 2852/6059/23
f 2977/6060/35 2991/6061/35 2979/6062/35
f 2851/6063/35 2837/6064/35 2852/6065/35
f 2817/6066/16 2822/6067/16 2824/6068/16
f 3055/6069/23 3068/6070/23 3054/6071/23
f 3096/6072/100 3074/6073/76 3091/6074/101
f 2988/6075/46 2965/6076/46 2976/6077/46
f 2791/6078/59 2806/6079/16 2792/6080/145
f 2922/6081/35 2910/6082/35 2923/6083/35
f 2969/6084/34 2987/6085/34 2968/6086/34
f 2935/6087/41 2926/6088/41 2922/6089/41
f 2882/6090/34 2880/6091/34 2892/6092/34
f 2863/6093/34 2855/6094/34 2848/6095/34
f 3017/6096/16 3032/6097/16 3019/6098/16
f 3022/6099/35 3034/6100/35 3026/6101/35
f 2964/6102/23 2941/6103/23 2950/6104/23
f 2982/6105/57 2998/6106/57 2986/6107/57
f 2832/6108/35 2843/6109/35 2844/6110/35
f 3033/6111/34 3024/6112/34 3036/6113/34
f 2939/6114/46 2927/6115/46 2917/6116/46
f 2861/6117/35 2871/6118/35 2860/6119/35
f 2987/6120/16 2999/6121/16 2988/6122/16
f 3063/6123/16 3081/6124/86 3071/6125/16
f 3024/6126/35 3035/6127/35 3036/6128/35
f 3049/6129/16 3063/6130/16 3071/6131/16
f 2968/6132/50 2956/6133/50 2969/6134/50
f 2848/6135/34 2843/6136/34 2835/6137/34
f 2978/6138/35 3000/6139/35 2980/6140/35
f 2810/6141/35 2830/6142/35 2819/6143/35
f 2843/6144/35 2856/6145/35 2844/6146/35
f 2859/6147/23 2878/6148/23 2870/6149/23
f 2857/6150/16 2877/6151/16 2865/6152/16
f 2858/6153/35 2879/6154/35 2880/6155/35
f 2799/6156/34 2812/6157/34 2811/6158/34
f 2861/6159/23 2874/6160/23 2875/6161/23
f 2819/6162/23 2822/6163/23 2813/6164/23
f 2833/6165/16 2853/6166/16 2840/6167/16
f 2862/6168/34 2851/6169/34 2860/6170/34
f 2826/6171/16 2835/6172/16 2827/6173/16
f 2984/6174/34 2973/6175/34 2971/6176/34
f 2891/6177/34 2873/6178/34 2883/6179/34
f 2995/6180/16 3005/6181/16 3009/6182/16
f 2864/6183/16 2870/6184/16 2874/6185/16
f 2873/6186/16 2884/6187/16 2883/6188/16
f 3002/6189/16 3013/6190/16 3001/6191/16
f 3001/6192/46 2989/6193/46 2999/6194/46
f 2870/6195/23 2890/6196/23 2886/6197/23
f 2880/6198/35 2891/6199/35 2892/6200/35
f 3020/6201/50 3003/6202/50 3024/6203/50
f 2870/6204/16 2888/6205/16 2874/6206/16
f 2992/6207/16 3001/6208/16 2999/6209/16
f 2809/6210/23 2808/6211/23 2807/6212/23
f 2839/6213/34 2826/6214/34 2825/6215/34
f 2994/6216/16 3008/6217/16 2997/6218/16
f 2885/6219/35 2899/6220/35 2887/6221/35
f 2898/6222/34 2891/6223/34 2883/6224/34
f 2888/6225/16 2897/6226/16 2901/6227/16
f 2890/6228/23 2897/6229/23 2886/6230/23
f 2901/6231/16 2908/6232/16 2913/6233/16
f 2887/6234/41 2872/6235/41 2871/6236/41
f 2786/6237/45 2800/6238/35 2796/6239/43
f 2900/6240/23 2913/6241/23 2910/6242/23
f 2909/6243/34 2902/6244/34 2899/6245/34
f 2896/6246/35 2915/6247/35 2916/6248/35
f 3005/6249/16 3019/6250/16 3009/6251/16
f 3003/6252/35 3023/6253/35 3024/6254/35
f 3011/6255/35 3021/6256/35 3022/6257/35
f 2843/6258/34 2827/6259/34 2835/6260/34
f 2898/6261/16 2911/6262/16 2912/6263/16
f 2912/6264/34 2894/6265/34 2898/6266/34
f 3014/6267/50 3006/6268/50 3015/6269/50
f 2889/6270/35 2895/6271/35 2890/6272/35
f 2899/6273/34 2884/6274/34 2887/6275/34
f 2888/6276/23 2900/6277/23 2885/6278/23
f 2990/6279/35 3003/6280/35 3000/6281/35
f 2897/6282/23 2914/6283/23 2908/6284/23
f 2793/6285/59 2807/6286/16 2785/6287/146
f 3042/6288/16 3052/6289/16 3043/6290/16
f 3040/6291/16 3055/6292/16 3044/6293/16
f 2921/6294/34 2915/6295/34 2912/6296/34
f 2908/6297/23 2918/6298/23 2925/6299/23
f 3061/6300/46 3049/6301/46 3071/6302/46
f 2967/6303/35 2977/6304/35 2979/6305/35
f 2817/6306/23 2823/6307/23 2816/6308/23
f 2985/6309/16 2997/6310/16 2981/6311/16
f 2925/6312/23 2930/6313/23 2933/6314/23
f 2923/6315/35 2935/6316/35 2922/6317/35
f 2936/6318/34 2928/6319/34 2921/6320/34
f 2784/6321/61 2793/6322/39 2779/6323/62
f 2940/6324/35 2942/6325/35 2930/6326/35
f 2785/6327/63 2781/6328/64 2780/6329/65
f 2778/6330/147 2792/6331/98 2790/6332/74
f 2917/6333/16 2931/6334/16 2939/6335/16
f 2915/6336/35 2920/6337/35 2916/6338/35
f 2943/6339/34 2929/6340/34 2936/6341/34
f 3014/6342/16 3028/6343/16 3018/6344/16
f 3025/6345/23 3021/6346/23 3013/6347/23
f 3029/6348/16 3043/6349/16 3028/6350/16
f 2938/6351/35 2945/6352/35 2935/6353/35
f 2812/6354/35 2831/6355/35 2832/6356/35
f 3032/6357/57 3045/6358/57 3031/6359/57
f 2930/6360/46 2946/6361/46 2933/6362/46
f 3050/6363/35 3072/6364/35 3064/6365/35
f 3049/6366/23 3047/6367/23 3037/6368/23
f 2996/6369/35 2986/6370/35 2998/6371/35
f 3055/6372/16 3069/6373/16 3070/6374/16
f 2873/6375/34 2868/6376/34 2863/6377/34
f 2821/6378/23 2810/6379/23 2809/6380/23
f 2954/6381/34 2943/6382/34 2958/6383/34
f 3068/6384/46 3079/6385/46 3078/6386/46
f 2946/6387/57 2955/6388/57 2957/6389/57
f 3077/6390/35 3068/6391/35 3078/6392/35
f 2952/6393/35 2954/6394/35 2956/6395/35
f 2955/6396/35 2965/6397/35 2967/6398/35
f 2974/6399/41 2954/6400/41 2958/6401/41
f 2827/6402/34 2820/6403/34 2814/6404/34
f 2877/6405/23 2866/6406/23 2865/6407/23
f 2956/6408/35 2966/6409/35 2969/6410/35
f 2960/6411/35 2971/6412/35 2959/6413/35
f 2871/6414/34 2862/6415/34 2860/6416/34
f 2962/6417/16 2974/6418/16 2958/6419/16
f 2798/6420/35 2810/6421/35 2819/6422/35
f 2971/6423/50 2962/6424/50 2959/6425/50
f 2803/6426/23 2819/6427/23 2813/6428/23
f 2911/6429/16 2921/6430/16 2912/6431/16
f 2957/6432/46 2967/6433/46 2970/6434/46
f 2961/6435/16 2970/6436/16 2972/6437/16
f 2972/6438/16 2983/6439/16 2982/6440/16
f 2790/6441/82 2806/6442/23 2802/6443/23
f 2978/6444/34 2974/6445/34 2981/6446/34
f 2923/6447/46 2937/6448/46 2938/6449/46
f 2945/6450/50 2934/6451/50 2935/6452/50
f 2972/6453/46 2986/6454/46 2975/6455/46
f 2858/6456/34 2876/6457/34 2857/6458/34
f 2845/6459/35 2867/6460/35 2854/6461/35
f 2967/6462/57 2983/6463/57 2970/6464/57
f 2974/6465/16 2985/6466/16 2981/6467/16
f 2927/6468/23 2905/6469/23 2917/6470/23
f 2860/6471/35 2852/6472/35 2861/6473/35
f 3052/6474/16 3066/6475/16 3065/6476/16
f 2822/6477/16 2838/6478/16 2824/6479/16
f 2996/6480/50 2985/6481/50 2984/6482/50
f 2854/6483/23 2859/6484/23 2847/6485/23
f 2997/6486/41 2978/6487/41 2981/6488/41
f 2979/6489/46 2993/6490/46 2983/6491/46
f 3069/6492/16 3079/6493/16 3070/6494/16
f 2980/6495/50 2992/6496/50 2987/6497/50
f 2895/6498/35 2906/6499/35 2914/6500/35
f 2900/6501/35 2909/6502/35 2899/6503/35
f 2804/6504/34 2788/6505/41 2789/6506/60
f 2849/6507/16 2863/6508/16 2848/6509/16
f 2866/6510/35 2878/6511/35 2867/6512/35
f 2834/6513/16 2850/6514/16 2838/6515/16
f 2801/6516/16 2814/6517/16 2805/6518/16
f 2834/6519/23 2854/6520/23 2847/6521/23
f 2905/6522/23 2904/6523/23 2893/6524/23
f 2993/6525/23 3011/6526/23 3005/6527/23
f 3002/6528/34 3000/6529/34 3003/6530/34
f 2851/6531/34 2836/6532/34 2839/6533/34
f 2996/6534/35 3004/6535/35 3006/6536/35
f 2862/6537/16 2873/6538/16 2863/6539/16
f 3008/6540/34 2990/6541/34 2997/6542/34
f 2995/6543/46 3004/6544/46 2998/6545/46
f 2893/6546/23 2889/6547/23 2881/6548/23
f 3006/6549/34 2994/6550/34 2996/6551/34
f 2874/6552/23 2885/6553/23 2875/6554/23
f 2841/6555/35 2854/6556/35 2842/6557/35
f 2891/6558/35 2896/6559/35 2892/6560/35
f 2787/6561/16 2801/6562/16 2805/6563/16
f 2882/6564/16 2893/6565/16 2881/6566/16
f 3007/6567/16 3018/6568/16 3008/6569/16
f 2892/6570/34 2903/6571/34 2882/6572/34
f 2816/6573/35 2825/6574/35 2818/6575/35
f 2836/6576/16 2848/6577/16 2835/6578/16
f 2869/6579/35 2890/6580/35 2878/6581/35
f 3015/6582/35 3004/6583/35 3016/6584/35
f 3018/6585/34 3012/6586/34 3008/6587/34
f 3005/6588/23 3022/6589/23 3017/6590/23
f 2925/6591/16 2937/6592/16 2924/6593/16
f 2788/6594/39 2774/6595/148 2789/6596/149
f 2920/6597/34 2931/6598/34 2919/6599/34
f 3016/6600/35 3030/6601/35 3015/6602/35
f 3036/6603/34 3046/6604/34 3033/6605/34
f 3017/6606/57 3026/6607/57 3027/6608/57
f 2814/6609/16 2826/6610/16 2827/6611/16
f 3028/6612/34 3023/6613/34 3018/6614/34
f 2865/6615/23 2845/6616/23 2853/6617/23
f 3030/6618/41 3014/6619/41 3015/6620/41
f 3035/6621/35 3048/6622/35 3036/6623/35
f 2877/6624/16 2882/6625/16 2881/6626/16
f 3043/6627/34 3035/6628/34 3028/6629/34
f 3027/6630/46 3039/6631/46 3040/6632/46
f 3042/6633/50 3030/6634/50 3041/6635/50
f 3031/6636/35 3041/6637/35 3030/6638/35
f 3032/6639/16 3040/6640/16 3044/6641/16
f 3016/6642/23 3032/6643/23 3031/6644/23
f 2807/6645/23 2794/6646/150 2785/6647/48
f 3026/6648/35 3047/6649/35 3039/6650/35
f 3037/6651/57 3034/6652/57 3025/6653/57
f 3037/6654/16 3057/6655/16 3049/6656/16
f 3045/6657/35 3056/6658/35 3041/6659/35
f 3052/6660/34 3038/6661/34 3043/6662/34
f 2950/6663/16 2963/6664/16 2964/6665/16
f 3040/6666/57 3059/6667/57 3051/6668/57
f 2914/6669/35 2927/6670/35 2918/6671/35
f 3057/6672/41 3048/6673/41 3050/6674/41
f 3038/6675/35 3050/6676/35 3048/6677/35
f 2875/6678/35 2887/6679/35 2871/6680/35
f 2941/6681/57 2939/6682/57 2950/6683/57
f 2926/6684/16 2936/6685/16 2921/6686/16
f 3056/6687/34 3042/6688/34 3041/6689/34
f 2934/6690/16 2943/6691/16 2936/6692/16
f 3072/6693/35 3084/6694/35 3064/6695/35
f 2984/6696/35 2975/6697/35 2986/6698/35
f 2913/6699/23 2923/6700/23 2910/6701/23
f 3076/6702/50 3067/6703/50 3077/6704/50
f 3067/6705/35 3054/6706/35 3068/6707/35
f 3072/6708/50 3052/6709/50 3065/6710/50
f 2802/6711/23 2817/6712/23 2816/6713/23
f 2922/6714/34 2911/6715/34 2909/6716/34
f 2916/6717/41 2919/6718/41 2907/6719/41
f 2908/6720/16 2924/6721/16 2913/6722/16
f 3085/6723/151 3082/6724/57 3081/6725/57
f 3062/6726/35 3082/6727/35 3073/6728/35
f 2947/6729/16 2957/6730/16 2961/6731/16
f 2799/6732/16 2809/6733/16 2807/6734/16
f 3059/6735/57 3069/6736/57 3051/6737/57
f 3050/6738/34 3063/6739/34 3057/6740/34
f 3074/6741/46 3088/6742/152 3091/6743/153
f 3059/6744/35 3061/6745/35 3062/6746/35
f 3081/6747/57 3061/6748/57 3071/6749/57
f 3075/6750/50 3072/6751/50 3065/6752/50
f 2825/6753/34 2815/6754/34 2818/6755/34
f 3013/6756/23 3010/6757/23 3001/6758/23
f 3069/6759/23 3073/6760/23 3074/6761/23
f 3089/6762/154 3084/6763/41 3090/6764/155
f 2928/6765/35 2932/6766/35 2920/6767/35
f 2795/6768/82 2803/6769/23 2791/6770/57
f 2789/6771/20 2778/6772/156 2790/6773/136
f 2952/6774/41 2963/6775/41 2949/6776/41
f 3073/6777/55 3086/6778/157 3088/6779/158
f 3085/6780/159 3080/6781/160 3089/6782/161
f 3087/6783/162 3075/6784/50 3092/6785/163
f 2893/6786/16 2907/6787/16 2905/6788/16
f 3092/6789/75 3076/6790/76 3093/6791/77
f 3084/6792/55 3087/6793/164 3090/6794/165
f 3088/6795/166 3085/6796/167 3087/6797/168
f 3089/6798/169 3087/6797/170 3085/6796/171
f 3092/6799/172 3094/6800/173 3091/6801/174
f 3095/6802/175 3091/6801/176 3094/6800/177
f 3087/6797/178 3091/6801/179 3088/6795/180
f 3093/6803/68 3077/6804/34 3094/6805/69
f 2/1/181 3/5/182 4/2/183
f 5/4/184 6/6806/185 3/5/186
f 8/6/127 9/10/128 10/7/126
f 11/9/187 12/6807/188 9/10/189
f 4/2/190 3/5/191 10/7/129
f 1381/11/16 1415/6808/16 1273/12/16
f 117/14/24 1/6809/192 4/15/193
f 88/17/136 120/6810/137 9/18/135
f 1415/20/46 1416/6811/46 1274/21/46
f 90/23/19 118/6812/31 3/24/194
f 89/26/136 86/6813/137 7/27/138
f 336/29/23 196/6814/23 228/30/23
f 87/32/195 11/6815/196 8/33/197
f 14/35/32 15/6816/32 16/36/32
f 18/38/23 14/6817/23 13/39/23
f 20/41/33 18/6818/33 17/42/33
f 15/44/34 20/6819/34 19/45/34
f 18/47/35 20/6820/35 15/48/35
f 22/50/32 23/6821/32 24/51/32
f 25/53/34 26/6822/34 23/54/34
f 27/56/33 28/6823/33 26/57/33
f 21/59/23 24/6824/23 28/60/23
f 25/62/35 22/6825/35 21/63/35
f 30/65/32 31/6826/32 32/66/32
f 34/68/23 30/6827/23 29/69/23
f 36/71/33 34/6828/33 33/72/33
f 31/74/34 36/6829/34 35/75/34
f 34/77/35 36/6830/35 31/78/35
f 29/80/16 32/6831/16 35/81/16
f 2602/83/57 2708/6832/57 2709/84/57
f 1411/86/16 1409/6833/16 1278/87/16
f 1058/89/34 1087/6834/34 951/90/34
f 38/92/32 39/6835/32 40/93/32
f 42/95/23 38/6836/23 37/96/23
f 44/98/33 42/6837/33 41/99/33
f 39/101/34 44/6838/34 43/102/34
f 42/104/35 44/6839/35 39/105/35
f 46/107/32 47/6840/32 48/108/32
f 49/110/34 50/6841/34 47/111/34
f 51/113/33 52/6842/33 50/114/33
f 45/116/23 48/6843/23 52/117/23
f 49/119/35 46/6844/35 45/120/35
f 54/122/32 55/6845/32 56/123/32
f 58/125/23 54/6846/23 53/126/23
f 60/128/33 58/6847/33 57/129/33
f 55/131/34 60/6848/34 59/132/34
f 58/134/35 60/6849/35 55/135/35
f 53/137/16 56/6850/16 59/138/16
f 4/140/198 9/6851/199 120/141/23
f 3/143/200 118/6852/50 89/144/201
f 62/146/32 63/6853/32 64/147/32
f 66/149/23 62/6854/23 61/150/23
f 68/152/33 66/6855/33 65/153/33
f 63/155/34 68/6856/34 67/156/34
f 66/158/35 68/6857/35 63/159/35
f 70/161/32 71/6858/32 72/162/32
f 73/164/34 74/6859/34 71/165/34
f 75/167/33 76/6860/33 74/168/33
f 69/170/23 72/6861/23 76/171/23
f 73/173/35 70/6862/35 69/174/35
f 78/176/32 79/6863/32 80/177/32
f 82/179/23 78/6864/23 77/180/23
f 84/182/33 82/6865/33 81/183/33
f 79/185/34 84/6866/34 83/186/34
f 82/188/35 84/6867/35 79/189/35
f 77/191/16 80/6868/16 83/192/16
f 846/194/16 872/6869/16 760/195/16
f 766/197/23 843/6870/23 846/198/23
f 1522/200/35 1520/6871/35 1412/201/35
f 2280/203/35 2279/6872/35 2170/204/35
f 2168/206/41 2245/6873/41 2278/207/41
f 1057/209/35 1088/6874/35 981/210/35
f 200/212/23 330/6875/23 331/213/23
f 94/215/32 95/6876/32 96/216/32
f 98/218/23 94/6877/23 93/219/23
f 100/221/33 98/6878/33 97/222/33
f 95/224/34 100/6879/34 99/225/34
f 98/227/35 100/6880/35 95/228/35
f 102/230/32 103/6881/32 104/231/32
f 105/233/34 106/6882/34 103/234/34
f 107/236/33 108/6883/33 106/237/33
f 101/239/23 104/6884/23 108/240/23
f 105/242/35 102/6885/35 101/243/35
f 110/245/32 111/6886/32 112/246/32
f 114/248/23 110/6887/23 109/249/23
f 116/251/33 114/6888/33 113/252/33
f 111/254/34 116/6889/34 115/255/34
f 114/257/35 116/6890/35 111/258/35
f 109/260/16 112/6891/16 115/261/16
f 1307/263/16 1273/6892/16 1166/264/16
f 226/266/34 197/6893/34 89/267/60
f 122/269/32 123/6894/32 124/270/32
f 126/272/23 122/6895/23 121/273/23
f 128/275/33 126/6896/33 125/276/33
f 123/278/34 128/6897/34 127/279/34
f 126/281/35 128/6898/35 123/282/35
f 130/284/32 131/6899/32 132/285/32
f 133/287/34 134/6900/34 131/288/34
f 135/290/33 136/6901/33 134/291/33
f 129/293/23 132/6902/23 136/294/23
f 133/296/35 130/6903/35 129/297/35
f 138/299/32 139/6904/32 140/300/32
f 142/302/23 138/6905/23 137/303/23
f 144/305/33 142/6906/33 141/306/33
f 139/308/34 144/6907/34 143/309/34
f 142/311/35 144/6908/35 139/312/35
f 137/314/16 140/6909/16 143/315/16
f 1416/317/35 1413/6910/35 1308/318/35
f 1845/320/50 1846/6911/50 1706/321/50
f 146/323/32 147/6912/32 148/324/32
f 150/326/23 146/6913/23 145/327/23
f 152/329/33 150/6914/33 149/330/33
f 147/332/34 152/6915/34 151/333/34
f 150/335/35 152/6916/35 147/336/35
f 154/338/32 155/6917/32 156/339/32
f 157/341/34 158/6918/34 155/342/34
f 159/344/33 160/6919/33 158/345/33
f 153/347/23 156/6920/23 160/348/23
f 157/350/35 154/6921/35 153/351/35
f 162/353/32 163/6922/32 164/354/32
f 166/356/23 162/6923/23 161/357/23
f 168/359/33 166/6924/33 165/360/33
f 163/362/34 168/6925/34 167/363/34
f 166/365/35 168/6926/35 163/366/35
f 161/368/16 164/6927/16 167/369/16
f 225/371/35 227/6928/35 91/372/141
f 170/374/32 171/6929/32 172/375/32
f 174/377/23 170/6930/23 169/378/23
f 176/380/33 174/6931/33 173/381/33
f 171/383/34 176/6932/34 175/384/34
f 174/386/35 176/6933/35 171/387/35
f 178/389/32 179/6934/32 180/390/32
f 181/392/34 182/6935/34 179/393/34
f 183/395/33 184/6936/33 182/396/33
f 177/398/23 180/6937/23 184/399/23
f 181/401/35 178/6938/35 177/402/35
f 186/404/32 187/6939/32 188/405/32
f 190/407/23 186/6940/23 185/408/23
f 192/410/33 190/6941/33 189/411/33
f 187/413/34 192/6942/34 191/414/34
f 190/416/35 192/6943/35 187/417/35
f 185/419/16 188/6944/16 191/420/16
f 197/422/35 194/6945/35 86/423/141
f 734/425/16 762/6946/16 654/426/16
f 1817/428/16 1843/6947/16 1707/429/16
f 1383/431/57 1494/6948/57 1519/432/57
f 873/434/35 845/6949/35 735/435/35
f 1489/437/41 1520/6950/41 1628/438/41
f 202/440/32 203/6951/32 204/441/32
f 206/443/23 202/6952/23 201/444/23
f 208/446/33 206/6953/33 205/447/33
f 203/449/34 208/6954/34 207/450/34
f 206/452/35 208/6955/35 203/453/35
f 210/455/32 211/6956/32 212/456/32
f 213/458/34 214/6957/34 211/459/34
f 215/461/33 216/6958/33 214/462/33
f 209/464/23 212/6959/23 216/465/23
f 213/467/35 210/6960/35 209/468/35
f 218/470/32 219/6961/32 220/471/32
f 222/473/23 218/6962/23 217/474/23
f 224/476/33 222/6963/33 221/477/33
f 219/479/34 224/6964/34 223/480/34
f 222/482/35 224/6965/35 219/483/35
f 217/485/16 220/6966/16 223/486/16
f 552/488/23 518/6967/23 444/489/23
f 1924/491/35 1955/6968/35 1814/492/35
f 2140/494/16 2142/6969/16 2035/495/16
f 2356/497/35 2355/6970/35 2279/498/35
f 1732/500/35 1735/6971/35 1626/501/35
f 2062/503/50 2033/6972/50 1954/504/50
f 117/506/150 200/6973/23 225/507/23
f 230/509/32 231/6974/32 232/510/32
f 234/512/23 230/6975/23 229/513/23
f 236/515/33 234/6976/33 233/516/33
f 231/518/34 236/6977/34 235/519/34
f 234/521/35 236/6978/35 231/522/35
f 238/524/32 239/6979/32 240/525/32
f 241/527/34 242/6980/34 239/528/34
f 243/530/33 244/6981/33 242/531/33
f 237/533/23 240/6982/23 244/534/23
f 241/536/35 238/6983/35 237/537/35
f 246/539/32 247/6984/32 248/540/32
f 250/542/23 246/6985/23 245/543/23
f 252/545/33 250/6986/33 249/546/33
f 247/548/34 252/6987/34 251/549/34
f 250/551/35 252/6988/35 247/552/35
f 245/554/16 248/6989/16 251/555/16
f 331/557/35 304/6990/35 227/558/35
f 254/560/32 255/6991/32 256/561/32
f 258/563/23 254/6992/23 253/564/23
f 260/566/33 258/6993/33 257/567/33
f 255/569/34 260/6994/34 259/570/34
f 258/572/35 260/6995/35 255/573/35
f 262/575/32 263/6996/32 264/576/32
f 265/578/34 266/6997/34 263/579/34
f 267/581/33 268/6998/33 266/582/33
f 261/584/23 264/6999/23 268/585/23
f 265/587/35 262/7000/35 261/588/35
f 270/590/32 271/7001/32 272/591/32
f 274/593/23 270/7002/23 269/594/23
f 276/596/33 274/7003/33 273/597/33
f 271/599/34 276/7004/34 275/600/34
f 274/602/35 276/7005/35 271/603/35
f 269/605/16 272/7006/16 275/606/16
f 2682/608/16 2708/7007/16 2602/609/16
f 1494/611/16 1383/7008/16 1382/612/16
f 278/614/32 279/7009/32 280/615/32
f 282/617/23 278/7010/23 277/618/23
f 284/620/33 282/7011/33 281/621/33
f 279/623/34 284/7012/34 283/624/34
f 282/626/35 284/7013/35 279/627/35
f 286/629/32 287/7014/32 288/630/32
f 289/632/34 290/7015/34 287/633/34
f 291/635/33 292/7016/33 290/636/33
f 285/638/23 288/7017/23 292/639/23
f 289/641/35 286/7018/35 285/642/35
f 294/644/32 295/7019/32 296/645/32
f 298/647/23 294/7020/23 293/648/23
f 300/650/33 298/7021/33 297/651/33
f 295/653/34 300/7022/34 299/654/34
f 298/656/35 300/7023/35 295/657/35
f 293/659/16 296/7024/16 299/660/16
f 195/662/23 335/7025/23 332/663/23
f 307/665/32 308/7026/32 309/666/32
f 311/668/23 307/7027/23 306/669/23
f 313/671/33 311/7028/33 310/672/33
f 308/674/34 313/7029/34 312/675/34
f 311/677/35 313/7030/35 308/678/35
f 315/680/32 316/7031/32 317/681/32
f 318/683/34 319/7032/34 316/684/34
f 320/686/33 321/7033/33 319/687/33
f 314/689/23 317/7034/23 321/690/23
f 318/692/35 315/7035/35 314/693/35
f 323/695/32 324/7036/32 325/696/32
f 327/698/23 323/7037/23 322/699/23
f 329/701/33 327/7038/33 326/702/33
f 324/704/34 329/7039/34 328/705/34
f 327/707/35 329/7040/35 324/708/35
f 322/710/16 325/7041/16 328/711/16
f 440/713/34 549/7042/34 517/714/34
f 2681/716/50 2710/7043/50 2574/717/50
f 413/719/34 442/7044/34 303/720/34
f 549/722/34 657/7045/34 658/723/34
f 338/725/32 339/7046/32 340/726/32
f 342/728/23 338/7047/23 337/729/23
f 344/731/33 342/7048/33 341/732/33
f 339/734/34 344/7049/34 343/735/34
f 342/737/35 344/7050/35 339/738/35
f 346/740/32 347/7051/32 348/741/32
f 349/743/34 350/7052/34 347/744/34
f 351/746/33 352/7053/33 350/747/33
f 345/749/23 348/7054/23 352/750/23
f 349/752/35 346/7055/35 345/753/35
f 354/755/32 355/7056/32 356/756/32
f 358/758/23 354/7057/23 353/759/23
f 360/761/33 358/7058/33 357/762/33
f 355/764/34 360/7059/34 359/765/34
f 358/767/35 360/7060/35 355/768/35
f 353/770/16 356/7061/16 359/771/16
f 362/773/32 363/7062/32 364/774/32
f 366/776/23 362/7063/23 361/777/23
f 368/779/33 366/7064/33 365/780/33
f 363/782/34 368/7065/34 367/783/34
f 366/785/35 368/7066/35 363/786/35
f 370/788/53 371/7067/53 372/789/53
f 373/791/34 374/7068/34 371/792/34
f 375/794/49 376/7069/49 374/795/49
f 369/797/23 372/7070/23 376/798/23
f 373/800/35 370/7071/35 369/801/35
f 378/803/32 379/7072/32 380/804/32
f 382/806/23 378/7073/23 377/807/23
f 384/809/33 382/7074/33 381/810/33
f 379/812/34 384/7075/34 383/813/34
f 382/815/35 384/7076/35 379/816/35
f 377/818/16 380/7077/16 383/819/16
f 625/821/23 626/7078/23 518/822/23
f 386/824/32 387/7079/32 388/825/32
f 390/827/23 386/7080/23 385/828/23
f 392/830/33 390/7081/33 389/831/33
f 387/833/34 392/7082/34 391/834/34
f 390/836/35 392/7083/35 387/837/35
f 394/839/32 395/7084/32 396/840/32
f 397/842/34 398/7085/34 395/843/34
f 399/845/33 400/7086/33 398/846/33
f 393/848/23 396/7087/23 400/849/23
f 397/851/35 394/7088/35 393/852/35
f 402/854/32 403/7089/32 404/855/32
f 406/857/23 402/7090/23 401/858/23
f 408/860/33 406/7091/33 405/861/33
f 403/863/34 408/7092/34 407/864/34
f 406/866/35 408/7093/35 403/867/35
f 401/869/16 404/7094/16 407/870/16
f 2387/872/34 2493/7095/34 2494/873/34
f 1953/875/34 1954/7096/34 1846/876/34
f 411/878/34 410/7097/34 333/879/34
f 2276/881/35 2248/7098/35 2139/882/35
f 410/884/16 413/7099/16 305/885/16
f 2577/887/46 2489/7100/46 2488/888/46
f 416/890/32 417/7101/32 418/891/32
f 420/893/23 416/7102/23 415/894/23
f 422/896/33 420/7103/33 419/897/33
f 417/899/34 422/7104/34 421/900/34
f 420/902/35 422/7105/35 417/903/35
f 424/905/53 425/7106/53 426/906/53
f 427/908/34 428/7107/34 425/909/34
f 429/911/49 430/7108/49 428/912/49
f 423/914/23 426/7109/23 430/915/23
f 427/917/35 424/7110/35 423/918/35
f 432/920/32 433/7111/32 434/921/32
f 436/923/23 432/7112/23 431/924/23
f 438/926/33 436/7113/33 435/927/33
f 433/929/34 438/7114/34 437/930/34
f 436/932/35 438/7115/35 433/933/35
f 431/935/16 434/7116/16 437/936/16
f 874/938/16 847/7117/16 762/939/16
f 414/941/35 411/7118/35 304/942/35
f 1734/944/16 1707/7119/16 1598/945/16
f 412/947/16 439/7120/16 330/948/16
f 446/950/32 447/7121/32 448/951/32
f 450/953/23 446/7122/23 445/954/23
f 452/956/33 450/7123/33 449/957/33
f 447/959/34 452/7124/34 451/960/34
f 450/962/35 452/7125/35 447/963/35
f 454/965/53 455/7126/53 456/966/53
f 457/968/34 458/7127/34 455/969/34
f 459/971/49 460/7128/49 458/972/49
f 453/974/23 456/7129/23 460/975/23
f 457/977/35 454/7130/35 453/978/35
f 462/980/32 463/7131/32 464/981/32
f 466/983/23 462/7132/23 461/984/23
f 468/986/33 466/7133/33 465/987/33
f 463/989/34 468/7134/34 467/990/34
f 466/992/35 468/7135/35 463/993/35
f 461/995/16 464/7136/16 467/996/16
f 2712/998/35 2677/7137/35 2570/999/35
f 470/1001/32 471/7138/32 472/1002/32
f 474/1004/23 470/7139/23 469/1005/23
f 476/1007/33 474/7140/33 473/1008/33
f 471/1010/34 476/7141/34 475/1011/34
f 474/1013/35 476/7142/35 471/1014/35
f 478/1016/53 479/7143/53 480/1017/53
f 481/1019/34 482/7144/34 479/1020/34
f 483/1022/33 484/7145/33 482/1023/33
f 477/1025/23 480/7146/23 484/1026/23
f 481/1028/35 478/7147/35 477/1029/35
f 486/1031/32 487/7148/32 488/1032/32
f 490/1034/23 486/7149/23 485/1035/23
f 492/1037/33 490/7150/33 489/1038/33
f 487/1040/34 492/7151/34 491/1041/34
f 490/1043/35 492/7152/35 487/1044/35
f 485/1046/16 488/7153/16 491/1047/16
f 546/1049/35 520/7154/35 411/1050/35
f 550/1052/23 659/7155/23 655/1053/23
f 1736/1055/16 1739/7156/16 1631/1056/16
f 409/1058/16 443/7157/16 302/1059/16
f 517/1061/16 552/7158/16 443/1062/16
f 2463/1064/16 2488/7159/16 2359/1065/16
f 1305/1067/41 1276/7160/41 1198/1068/41
f 494/1070/32 495/7161/32 496/1071/32
f 498/1073/23 494/7162/23 493/1074/23
f 500/1076/33 498/7163/33 497/1077/33
f 495/1079/34 500/7164/34 499/1080/34
f 498/1082/35 500/7165/35 495/1083/35
f 502/1085/53 503/7166/53 504/1086/53
f 505/1088/34 506/7167/34 503/1089/34
f 507/1091/49 508/7168/49 506/1092/49
f 501/1094/23 504/7169/23 508/1095/23
f 505/1097/35 502/7170/35 501/1098/35
f 510/1100/32 511/7171/32 512/1101/32
f 514/1103/23 510/7172/23 509/1104/23
f 516/1106/33 514/7173/33 513/1107/33
f 511/1109/34 516/7174/34 515/1110/34
f 514/1112/35 516/7175/35 511/1113/35
f 509/1115/16 512/7176/16 515/1116/16
f 2740/1118/202 2745/7177/153 2682/1119/46
f 950/1121/35 981/7178/35 875/1122/35
f 1735/1124/41 1706/7179/41 1627/1125/41
f 522/1127/32 523/7180/32 524/1128/32
f 526/1130/23 522/7181/23 521/1131/23
f 528/1133/56 526/7182/56 525/1134/56
f 523/1136/34 528/7183/34 527/1137/34
f 526/1139/35 528/7184/35 523/1140/35
f 530/1142/32 531/7185/32 532/1143/32
f 533/1145/34 534/7186/34 531/1146/34
f 535/1148/33 536/7187/33 534/1149/33
f 529/1151/23 532/7188/23 536/1152/23
f 533/1154/35 530/7189/35 529/1155/35
f 538/1157/32 539/7190/32 540/1158/32
f 542/1160/23 538/7191/23 537/1161/23
f 544/1163/33 542/7192/33 541/1164/33
f 539/1166/34 544/7193/34 543/1167/34
f 542/1169/35 544/7194/35 539/1170/35
f 537/1172/16 540/7195/16 543/1173/16
f 2747/1175/203 2744/7196/204 2681/1176/55
f 1278/1178/16 1169/7197/16 1198/1179/16
f 1922/1181/57 1956/7198/57 1848/1182/57
f 654/1184/34 660/7199/34 551/1185/34
f 2248/1187/34 2277/7200/34 2138/1188/34
f 1088/1190/34 1165/7201/34 1199/1191/34
f 554/1193/32 555/7202/32 556/1194/32
f 558/1196/23 554/7203/23 553/1197/23
f 560/1199/33 558/7204/33 557/1200/33
f 555/1202/34 560/7205/34 559/1203/34
f 558/1205/35 560/7206/35 555/1206/35
f 562/1208/53 563/7207/53 564/1209/53
f 565/1211/34 566/7208/34 563/1212/34
f 567/1214/49 568/7209/49 566/1215/49
f 561/1217/23 564/7210/23 568/1218/23
f 565/1220/35 562/7211/35 561/1221/35
f 570/1223/32 571/7212/32 572/1224/32
f 574/1226/23 570/7213/23 569/1227/23
f 576/1229/33 574/7214/33 573/1230/33
f 571/1232/34 576/7215/34 575/1233/34
f 574/1235/35 576/7216/35 571/1236/35
f 569/1238/16 572/7217/16 575/1239/16
f 2491/1241/41 2492/7218/41 2386/1242/41
f 578/1244/32 579/7219/32 580/1245/32
f 582/1247/23 578/7220/23 577/1248/23
f 584/1250/33 582/7221/33 581/1251/33
f 579/1253/34 584/7222/34 583/1254/34
f 582/1256/35 584/7223/35 579/1257/35
f 586/1259/51 587/7224/51 588/1260/51
f 589/1262/34 590/7225/34 587/1263/34
f 591/1265/56 592/7226/56 590/1266/56
f 585/1268/23 588/7227/23 592/1269/23
f 589/1271/35 586/7228/35 585/1272/35
f 594/1274/32 595/7229/32 596/1275/32
f 598/1277/23 594/7230/23 593/1278/23
f 600/1280/33 598/7231/33 597/1281/33
f 595/1283/34 600/7232/34 599/1284/34
f 598/1286/35 600/7233/35 595/1287/35
f 593/1289/16 596/7234/16 599/1290/16
f 653/1292/35 656/7235/35 520/1293/35
f 602/1295/32 603/7236/32 604/1296/32
f 606/1298/23 602/7237/23 601/1299/23
f 608/1301/33 606/7238/33 605/1302/33
f 603/1304/34 608/7239/34 607/1305/34
f 606/1307/35 608/7240/35 603/1308/35
f 610/1310/51 611/7241/51 612/1311/51
f 613/1313/34 614/7242/34 611/1314/34
f 615/1316/33 616/7243/33 614/1317/33
f 609/1319/23 612/7244/23 616/1320/23
f 613/1322/35 610/7245/35 609/1323/35
f 618/1325/32 619/7246/32 620/1326/32
f 622/1328/23 618/7247/23 617/1329/23
f 624/1331/33 622/7248/33 621/1332/33
f 619/1334/34 624/7249/34 623/1335/34
f 622/1337/35 624/7250/35 619/1338/35
f 617/1340/16 620/7251/16 623/1341/16
f 120/1343/23 195/7252/23 199/1344/23
f 1954/1346/16 1952/7253/16 1818/1347/16
f 630/1349/51 631/7254/51 632/1350/51
f 634/1352/23 630/7255/23 629/1353/23
f 636/1355/56 634/7256/56 633/1356/56
f 631/1358/34 636/7257/34 635/1359/34
f 634/1361/35 636/7258/35 631/1362/35
f 638/1364/32 639/7259/32 640/1365/32
f 641/1367/34 642/7260/34 639/1368/34
f 643/1370/33 644/7261/33 642/1371/33
f 637/1373/23 640/7262/23 644/1374/23
f 641/1376/35 638/7263/35 637/1377/35
f 646/1379/32 647/7264/32 648/1380/32
f 650/1382/23 646/7265/23 645/1383/23
f 652/1385/33 650/7266/33 649/1386/33
f 647/1388/34 652/7267/34 651/1389/34
f 650/1391/35 652/7268/35 647/1392/35
f 645/1394/16 648/7269/16 651/1395/16
f 199/1397/16 200/7270/16 117/1398/76
f 662/1400/32 663/7271/32 664/1401/32
f 666/1403/23 662/7272/23 661/1404/23
f 668/1406/56 666/7273/56 665/1407/56
f 663/1409/34 668/7274/34 667/1410/34
f 666/1412/35 668/7275/35 663/1413/35
f 670/1415/51 671/7276/51 672/1416/51
f 673/1418/34 674/7277/34 671/1419/34
f 675/1421/33 676/7278/33 674/1422/33
f 669/1424/23 672/7279/23 676/1425/23
f 673/1427/35 670/7280/35 669/1428/35
f 678/1430/32 679/7281/32 680/1431/32
f 682/1433/23 678/7282/23 677/1434/23
f 684/1436/33 682/7283/33 681/1437/33
f 679/1439/34 684/7284/34 683/1440/34
f 682/1442/35 684/7285/35 679/1443/35
f 677/1445/16 680/7286/16 683/1446/16
f 227/1448/34 198/7287/34 90/1449/205
f 686/1451/32 687/7288/32 688/1452/32
f 690/1454/23 686/7289/23 685/1455/23
f 692/1457/33 690/7290/33 689/1458/33
f 687/1460/34 692/7291/34 691/1461/34
f 690/1463/35 692/7292/35 687/1464/35
f 694/1466/51 695/7293/51 696/1467/51
f 697/1469/34 698/7294/34 695/1470/34
f 699/1472/56 700/7295/56 698/1473/56
f 693/1475/23 696/7296/23 700/1476/23
f 697/1478/35 694/7297/35 693/1479/35
f 702/1481/32 703/7298/32 704/1482/32
f 706/1484/23 702/7299/23 701/1485/23
f 708/1487/33 706/7300/33 705/1488/33
f 703/1490/34 708/7301/34 707/1491/34
f 706/1493/35 708/7302/35 703/1494/35
f 701/1496/16 704/7303/16 707/1497/16
f 763/1499/23 655/7304/23 659/1500/23
f 733/1502/35 766/7305/35 659/1503/35
f 710/1505/51 711/7306/51 712/1506/51
f 714/1508/23 710/7307/23 709/1509/23
f 716/1511/33 714/7308/33 713/1512/33
f 711/1514/34 716/7309/34 715/1515/34
f 714/1517/35 716/7310/35 711/1518/35
f 718/1520/51 719/7311/51 720/1521/51
f 721/1523/34 722/7312/34 719/1524/34
f 723/1526/56 724/7313/56 722/1527/56
f 717/1529/23 720/7314/23 724/1530/23
f 721/1532/35 718/7315/35 717/1533/35
f 726/1535/32 727/7316/32 728/1536/32
f 730/1538/23 726/7317/23 725/1539/23
f 732/1541/33 730/7318/33 729/1542/33
f 727/1544/34 732/7319/34 731/1545/34
f 730/1547/35 732/7320/35 727/1548/35
f 725/1550/16 728/7321/16 731/1551/16
f 626/1553/35 659/7322/35 550/1554/35
f 735/1556/35 656/7323/35 653/1557/35
f 7/1559/206 86/7324/50 85/1560/39
f 1956/1562/35 1923/7325/35 1847/1563/35
f 737/1565/51 738/7326/51 739/1566/51
f 741/1568/23 737/7327/23 736/1569/23
f 743/1571/56 741/7328/56 740/1572/56
f 738/1574/34 743/7329/34 742/1575/34
f 741/1577/35 743/7330/35 738/1578/35
f 745/1580/51 746/7331/51 747/1581/51
f 748/1583/34 749/7332/34 746/1584/34
f 750/1586/33 751/7333/33 749/1587/33
f 744/1589/23 747/7334/23 751/1590/23
f 748/1592/35 745/7335/35 744/1593/35
f 753/1595/32 754/7336/32 755/1596/32
f 757/1598/23 753/7337/23 752/1599/23
f 759/1601/33 757/7338/33 756/1602/33
f 754/1604/34 759/7339/34 758/1605/34
f 757/1607/35 759/7340/35 754/1608/35
f 752/1610/16 755/7341/16 758/1611/16
f 1921/1613/34 1955/7342/34 2030/1614/34
f 2033/1616/16 2060/7343/16 1952/1617/16
f 301/1619/16 302/7344/16 228/1620/16
f 653/1622/23 628/7345/23 760/1623/23
f 770/1625/32 771/7346/32 772/1626/32
f 774/1628/23 770/7347/23 769/1629/23
f 776/1631/33 774/7348/33 773/1632/33
f 771/1634/34 776/7349/34 775/1635/34
f 774/1637/35 776/7350/35 771/1638/35
f 778/1640/51 779/7351/51 780/1641/51
f 781/1643/34 782/7352/34 779/1644/34
f 783/1646/33 784/7353/33 782/1647/33
f 777/1649/23 780/7354/23 784/1650/23
f 781/1652/35 778/7355/35 777/1653/35
f 786/1655/32 787/7356/32 788/1656/32
f 790/1658/23 786/7357/23 785/1659/23
f 792/1661/33 790/7358/33 789/1662/33
f 787/1664/34 792/7359/34 791/1665/34
f 790/1667/35 792/7360/35 787/1668/35
f 785/1670/16 788/7361/16 791/1671/16
f 442/1673/35 440/7362/35 334/1674/35
f 794/1676/32 795/7363/32 796/1677/32
f 798/1679/23 794/7364/23 793/1680/23
f 800/1682/33 798/7365/33 797/1683/33
f 795/1685/34 800/7366/34 799/1686/34
f 798/1688/35 800/7367/35 795/1689/35
f 802/1691/51 803/7368/51 804/1692/51
f 805/1694/34 806/7369/34 803/1695/34
f 807/1697/56 808/7370/56 806/1698/56
f 801/1700/23 804/7371/23 808/1701/23
f 805/1703/35 802/7372/35 801/1704/35
f 810/1706/32 811/7373/32 812/1707/32
f 814/1709/23 810/7374/23 809/1710/23
f 816/1712/33 814/7375/33 813/1713/33
f 811/1715/34 816/7376/34 815/1716/34
f 814/1718/35 816/7377/35 811/1719/35
f 809/1721/16 812/7378/16 815/1722/16
f 1706/1724/16 1733/7379/16 1624/1725/16
f 818/1727/51 819/7380/51 820/1728/51
f 822/1730/23 818/7381/23 817/1731/23
f 824/1733/33 822/7382/33 821/1734/33
f 819/1736/34 824/7383/34 823/1737/34
f 822/1739/35 824/7384/35 819/1740/35
f 826/1742/51 827/7385/51 828/1743/51
f 829/1745/34 830/7386/34 827/1746/34
f 831/1748/56 832/7387/56 830/1749/56
f 825/1751/23 828/7388/23 832/1752/23
f 829/1754/35 826/7389/35 825/1755/35
f 834/1757/32 835/7390/32 836/1758/32
f 838/1760/23 834/7391/23 833/1761/23
f 840/1763/33 838/7392/33 837/1764/33
f 835/1766/34 840/7393/34 839/1767/34
f 838/1769/35 840/7394/35 835/1770/35
f 833/1772/16 836/7395/16 839/1773/16
f 984/1775/35 982/7396/35 843/1776/35
f 2029/1778/16 2063/7397/16 1922/1779/16
f 193/1781/34 194/7398/34 334/1782/34
f 849/1784/51 850/7399/51 851/1785/51
f 853/1787/23 849/7400/23 848/1788/23
f 855/1790/33 853/7401/33 852/1791/33
f 850/1793/34 855/7402/34 854/1794/34
f 853/1796/35 855/7403/35 850/1797/35
f 857/1799/51 858/7404/51 859/1800/51
f 860/1802/34 861/7405/34 858/1803/34
f 862/1805/56 863/7406/56 861/1806/56
f 856/1808/23 859/7407/23 863/1809/23
f 860/1811/35 857/7408/35 856/1812/35
f 865/1814/32 866/7409/32 867/1815/32
f 869/1817/23 865/7410/23 864/1818/23
f 871/1820/33 869/7411/33 868/1821/33
f 866/1823/34 871/7412/34 870/1824/34
f 869/1826/35 871/7413/35 866/1827/35
f 864/1829/16 867/7414/16 870/1830/16
f 2064/1832/35 2031/7415/35 1923/1833/35
f 878/1835/32 879/7416/32 880/1836/32
f 882/1838/23 878/7417/23 877/1839/23
f 884/1841/33 882/7418/33 881/1842/33
f 879/1844/34 884/7419/34 883/1845/34
f 882/1847/35 884/7420/35 879/1848/35
f 886/1850/32 887/7421/32 888/1851/32
f 889/1853/34 890/7422/34 887/1854/34
f 891/1856/56 892/7423/56 890/1857/56
f 885/1859/23 888/7424/23 892/1860/23
f 889/1862/35 886/7425/35 885/1863/35
f 894/1865/32 895/7426/32 896/1866/32
f 898/1868/23 894/7427/23 893/1869/23
f 900/1871/33 898/7428/33 897/1872/33
f 895/1874/34 900/7429/34 899/1875/34
f 898/1877/35 900/7430/35 895/1878/35
f 893/1880/16 896/7431/16 899/1881/16
f 902/1883/32 903/7432/32 904/1884/32
f 906/1886/23 902/7433/23 901/1887/23
f 908/1889/56 906/7434/56 905/1890/56
f 903/1892/34 908/7435/34 907/1893/34
f 906/1895/35 908/7436/35 903/1896/35
f 910/1898/32 911/7437/32 912/1899/32
f 913/1901/34 914/7438/34 911/1902/34
f 915/1904/33 916/7439/33 914/1905/33
f 909/1907/23 912/7440/23 916/1908/23
f 913/1910/35 910/7441/35 909/1911/35
f 918/1913/32 919/7442/32 920/1914/32
f 922/1916/23 918/7443/23 917/1917/23
f 924/1919/33 922/7444/33 921/1920/33
f 919/1922/34 924/7445/34 923/1923/34
f 922/1925/35 924/7446/35 919/1926/35
f 917/1928/16 920/7447/16 923/1929/16
f 953/1931/35 980/7448/35 845/1932/35
f 846/1934/23 843/7449/23 982/1935/23
f 979/1937/34 950/7450/34 844/1938/34
f 926/1940/32 927/7451/32 928/1941/32
f 930/1943/23 926/7452/23 925/1944/23
f 932/1946/56 930/7453/56 929/1947/56
f 927/1949/34 932/7454/34 931/1950/34
f 930/1952/35 932/7455/35 927/1953/35
f 934/1955/32 935/7456/32 936/1956/32
f 937/1958/34 938/7457/34 935/1959/34
f 939/1961/33 940/7458/33 938/1962/33
f 933/1964/23 936/7459/23 940/1965/23
f 937/1967/35 934/7460/35 933/1968/35
f 942/1970/32 943/7461/32 944/1971/32
f 946/1973/23 942/7462/23 941/1974/23
f 948/1976/33 946/7463/33 945/1977/33
f 943/1979/34 948/7464/34 947/1980/34
f 946/1982/35 948/7465/35 943/1983/35
f 941/1985/16 944/7466/16 947/1986/16
f 1166/1988/23 1167/7467/23 1092/1989/23
f 1519/1991/35 1491/7468/35 1410/1992/35
f 627/1994/16 654/7469/16 547/1995/16
f 2032/1997/35 2030/7470/35 1955/1998/35
f 1922/2000/16 1815/7471/16 1813/2001/16
f 983/2003/46 984/7472/46 876/2004/46
f 955/2006/32 956/7473/32 957/2007/32
f 959/2009/23 955/7474/23 954/2010/23
f 961/2012/33 959/7475/33 958/2013/33
f 956/2015/34 961/7476/34 960/2016/34
f 959/2018/35 961/7477/35 956/2019/35
f 963/2021/32 964/7478/32 965/2022/32
f 966/2024/34 967/7479/34 964/2025/34
f 968/2027/56 969/7480/56 967/2028/56
f 962/2030/23 965/7481/23 969/2031/23
f 966/2033/35 963/7482/35 962/2034/35
f 971/2036/32 972/7483/32 973/2037/32
f 975/2039/23 971/7484/23 970/2040/23
f 977/2042/33 975/7485/33 974/2043/33
f 972/2045/34 977/7486/34 976/2046/34
f 975/2048/35 977/7487/35 972/2049/35
f 970/2051/16 973/7488/16 976/2052/16
f 1086/2054/16 1060/7489/16 978/2055/16
f 412/2057/23 332/7490/23 335/2058/23
f 872/2060/23 978/7491/23 953/2061/23
f 2353/2063/16 2354/7492/16 2246/2064/16
f 2169/2066/16 2137/7493/16 2063/2067/16
f 986/2069/32 987/7494/32 988/2070/32
f 990/2072/23 986/7495/23 985/2073/23
f 992/2075/33 990/7496/33 989/2076/33
f 987/2078/34 992/7497/34 991/2079/34
f 990/2081/35 992/7498/35 987/2082/35
f 994/2084/32 995/7499/32 996/2085/32
f 997/2087/34 998/7500/34 995/2088/34
f 999/2090/56 1000/7501/56 998/2091/56
f 993/2093/23 996/7502/23 1000/2094/23
f 997/2096/35 994/7503/35 993/2097/35
f 1002/2099/32 1003/7504/32 1004/2100/32
f 1006/2102/23 1002/7505/23 1001/2103/23
f 1008/2105/33 1006/7506/33 1005/2106/33
f 1003/2108/34 1008/7507/34 1007/2109/34
f 1006/2111/35 1008/7508/35 1003/2112/35
f 1001/2114/16 1004/7509/16 1007/2115/16
f 876/2117/35 843/7510/35 766/2118/35
f 520/2120/34 519/7511/34 410/2121/34
f 1010/2123/32 1011/7512/32 1012/2124/32
f 1014/2126/23 1010/7513/23 1009/2127/23
f 1016/2129/33 1014/7514/33 1013/2130/33
f 1011/2132/34 1016/7515/34 1015/2133/34
f 1014/2135/35 1016/7516/35 1011/2136/35
f 1018/2138/32 1019/7517/32 1020/2139/32
f 1021/2141/34 1022/7518/34 1019/2142/34
f 1023/2144/33 1024/7519/33 1022/2145/33
f 1017/2147/23 1020/7520/23 1024/2148/23
f 1021/2150/35 1018/7521/35 1017/2151/35
f 1026/2153/32 1027/7522/32 1028/2154/32
f 1030/2156/23 1026/7523/23 1025/2157/23
f 1032/2159/33 1030/7524/33 1029/2160/33
f 1027/2162/34 1032/7525/34 1031/2163/34
f 1030/2165/35 1032/7526/35 1027/2166/35
f 1025/2168/16 1028/7527/16 1031/2169/16
f 1085/2171/35 1058/7528/35 980/2172/35
f 982/2174/23 1090/7529/23 1086/2175/23
f 1092/2177/35 1090/7530/35 982/2178/35
f 1059/2180/34 1057/7531/34 950/2181/34
f 2141/2183/16 2060/7532/16 2033/2184/16
f 1034/2186/32 1035/7533/32 1036/2187/32
f 1038/2189/23 1034/7534/23 1033/2190/23
f 1040/2192/33 1038/7535/33 1037/2193/33
f 1035/2195/34 1040/7536/34 1039/2196/34
f 1038/2198/35 1040/7537/35 1035/2199/35
f 1042/2201/32 1043/7538/32 1044/2202/32
f 1045/2204/34 1046/7539/34 1043/2205/34
f 1047/2207/33 1048/7540/33 1046/2208/33
f 1041/2210/23 1044/7541/23 1048/2211/23
f 1045/2213/35 1042/7542/35 1041/2214/35
f 1050/2216/32 1051/7543/32 1052/2217/32
f 1054/2219/23 1050/7544/23 1049/2220/23
f 1056/2222/33 1054/7545/33 1053/2223/33
f 1051/2225/34 1056/7546/34 1055/2226/34
f 1054/2228/35 1056/7547/35 1051/2229/35
f 1049/2231/16 1052/7548/16 1055/2232/16
f 2356/2234/23 2280/7549/23 2246/2235/23
f 981/2237/34 1088/7550/34 1089/2238/34
f 1089/2240/16 1091/7551/16 983/2241/16
f 2246/2243/23 2280/7552/23 2172/2244/23
f 1062/2246/32 1063/7553/32 1064/2247/32
f 1066/2249/23 1062/7554/23 1061/2250/23
f 1068/2252/33 1066/7555/33 1065/2253/33
f 1063/2255/34 1068/7556/34 1067/2256/34
f 1066/2258/35 1068/7557/35 1063/2259/35
f 1070/2261/51 1071/7558/51 1072/2262/51
f 1073/2264/34 1074/7559/34 1071/2265/34
f 1075/2267/33 1076/7560/33 1074/2268/33
f 1069/2270/23 1072/7561/23 1076/2271/23
f 1073/2273/35 1070/7562/35 1069/2274/35
f 1078/2276/32 1079/7563/32 1080/2277/32
f 1082/2279/23 1078/7564/23 1077/2280/23
f 1084/2282/33 1082/7565/33 1081/2283/33
f 1079/2285/34 1084/7566/34 1083/2286/34
f 1082/2288/35 1084/7567/35 1079/2289/35
f 1077/2291/16 1080/7568/16 1083/2292/16
f 550/2294/35 441/7569/35 444/2295/35
f 1085/2297/23 953/7570/23 978/2298/23
f 2249/2300/16 2275/7571/16 2142/2301/16
f 2384/2303/35 2385/7572/35 2248/2304/35
f 656/2306/34 627/7573/34 519/2307/34
f 304/2309/34 333/7574/34 198/2310/34
f 1094/2312/32 1095/7575/32 1096/2313/32
f 1098/2315/23 1094/7576/23 1093/2316/23
f 1100/2318/33 1098/7577/33 1097/2319/33
f 1095/2321/34 1100/7578/34 1099/2322/34
f 1098/2324/35 1100/7579/35 1095/2325/35
f 1102/2327/51 1103/7580/51 1104/2328/51
f 1105/2330/34 1106/7581/34 1103/2331/34
f 1107/2333/33 1108/7582/33 1106/2334/33
f 1101/2336/23 1104/7583/23 1108/2337/23
f 1105/2339/35 1102/7584/35 1101/2340/35
f 1110/2342/32 1111/7585/32 1112/2343/32
f 1114/2345/23 1110/7586/23 1109/2346/23
f 1116/2348/33 1114/7587/33 1113/2349/33
f 1111/2351/34 1116/7588/34 1115/2352/34
f 1114/2354/35 1116/7589/35 1111/2355/35
f 1109/2357/16 1112/7590/16 1115/2358/16
f 978/2360/16 872/7591/16 846/2361/16
f 1196/2363/23 1086/7592/23 1090/2364/23
f 1118/2366/32 1119/7593/32 1120/2367/32
f 1122/2369/23 1118/7594/23 1117/2370/23
f 1124/2372/33 1122/7595/33 1121/2373/33
f 1119/2375/34 1124/7596/34 1123/2376/34
f 1122/2378/35 1124/7597/35 1119/2379/35
f 1126/2381/51 1127/7598/51 1128/2382/51
f 1129/2384/34 1130/7599/34 1127/2385/34
f 1131/2387/33 1132/7600/33 1130/2388/33
f 1125/2390/23 1128/7601/23 1132/2391/23
f 1129/2393/35 1126/7602/35 1125/2394/35
f 1134/2396/32 1135/7603/32 1136/2397/32
f 1138/2399/23 1134/7604/23 1133/2400/23
f 1140/2402/33 1138/7605/33 1137/2403/33
f 1135/2405/34 1140/7606/34 1139/2406/34
f 1138/2408/35 1140/7607/35 1135/2409/35
f 1133/2411/16 1136/7608/16 1139/2412/16
f 2030/2414/50 2168/7609/50 2169/2415/50
f 1197/2417/35 1058/7610/35 1085/2418/35
f 1199/2420/16 1166/7611/16 1091/2421/16
f 332/2423/16 330/7612/16 200/2424/16
f 1142/2426/32 1143/7613/32 1144/2427/32
f 1146/2429/23 1142/7614/23 1141/2430/23
f 1148/2432/33 1146/7615/33 1145/2433/33
f 1143/2435/34 1148/7616/34 1147/2436/34
f 1146/2438/35 1148/7617/35 1143/2439/35
f 1150/2441/51 1151/7618/51 1152/2442/51
f 1153/2444/34 1154/7619/34 1151/2445/34
f 1155/2447/33 1156/7620/33 1154/2448/33
f 1149/2450/23 1152/7621/23 1156/2451/23
f 1153/2453/35 1150/7622/35 1149/2454/35
f 1158/2456/32 1159/7623/32 1160/2457/32
f 1162/2459/23 1158/7624/23 1157/2460/23
f 1164/2462/33 1162/7625/33 1161/2463/33
f 1159/2465/34 1164/7626/34 1163/2466/34
f 1162/2468/35 1164/7627/35 1159/2469/35
f 1157/2471/16 1160/7628/16 1163/2472/16
f 1167/2474/35 1200/7629/35 1090/2475/35
f 2137/2477/23 2172/7630/23 2064/2478/23
f 1308/2480/35 1200/7631/35 1167/2481/35
f 1165/2483/35 1088/7632/35 1057/2484/35
f 2462/2486/35 2493/7633/35 2387/2487/35
f 1169/2489/34 1168/7634/34 1057/2490/34
f 2494/2492/16 2495/7635/16 2354/2493/16
f 1172/2495/32 1173/7636/32 1174/2496/32
f 1176/2498/23 1172/7637/23 1171/2499/23
f 1178/2501/33 1176/7638/33 1175/2502/33
f 1173/2504/34 1178/7639/34 1177/2505/34
f 1176/2507/35 1178/7640/35 1173/2508/35
f 1180/2510/51 1181/7641/51 1182/2511/51
f 1183/2513/34 1184/7642/34 1181/2514/34
f 1185/2516/33 1186/7643/33 1184/2517/33
f 1179/2519/23 1182/7644/23 1186/2520/23
f 1183/2522/35 1180/7645/35 1179/2523/35
f 1188/2525/32 1189/7646/32 1190/2526/32
f 1192/2528/23 1188/7647/23 1187/2529/23
f 1194/2531/33 1192/7648/33 1191/2532/33
f 1189/2534/34 1194/7649/34 1193/2535/34
f 1192/2537/35 1194/7650/35 1189/2538/35
f 1187/2540/16 1190/7651/16 1193/2541/16
f 2247/2543/35 2245/7652/35 2168/2544/35
f 1196/2546/16 1195/7653/16 1060/2547/16
f 1198/2549/34 1087/7654/34 1058/2550/34
f 2385/2552/34 2386/7655/34 2277/2553/34
f 1306/2555/35 1165/7656/35 1168/2556/35
f 1202/2558/53 1203/7657/53 1204/2559/53
f 1206/2561/23 1202/7658/23 1201/2562/23
f 1208/2564/33 1206/7659/33 1205/2565/33
f 1203/2567/34 1208/7660/34 1207/2568/34
f 1206/2570/35 1208/7661/35 1203/2571/35
f 1210/2573/32 1211/7662/32 1212/2574/32
f 1213/2576/34 1214/7663/34 1211/2577/34
f 1215/2579/33 1216/7664/33 1214/2580/33
f 1209/2582/23 1212/7665/23 1216/2583/23
f 1213/2585/35 1210/7666/35 1209/2586/35
f 1218/2588/32 1219/7667/32 1220/2589/32
f 1222/2591/23 1218/7668/23 1217/2592/23
f 1224/2594/33 1222/7669/33 1221/2595/33
f 1219/2597/34 1224/7670/34 1223/2598/34
f 1222/2600/35 1224/7671/35 1219/2601/35
f 1217/2603/16 1220/7672/16 1223/2604/16
f 228/2606/16 87/7673/146 85/2607/59
f 1277/2609/23 1196/7674/23 1200/2610/23
f 1278/2612/34 1275/7675/34 1168/2613/34
f 333/2615/16 305/7676/16 226/2616/16
f 1226/2618/32 1227/7677/32 1228/2619/32
f 1230/2621/23 1226/7678/23 1225/2622/23
f 1232/2624/56 1230/7679/56 1229/2625/56
f 1227/2627/34 1232/7680/34 1231/2628/34
f 1230/2630/35 1232/7681/35 1227/2631/35
f 1234/2633/53 1235/7682/53 1236/2634/53
f 1237/2636/34 1238/7683/34 1235/2637/34
f 1239/2639/33 1240/7684/33 1238/2640/33
f 1233/2642/23 1236/7685/23 1240/2643/23
f 1237/2645/35 1234/7686/35 1233/2646/35
f 1242/2648/32 1243/7687/32 1244/2649/32
f 1246/2651/23 1242/7688/23 1241/2652/23
f 1248/2654/33 1246/7689/33 1245/2655/33
f 1243/2657/34 1248/7690/34 1247/2658/34
f 1246/2660/35 1248/7691/35 1243/2661/35
f 1241/2663/16 1244/7692/16 1247/2664/16
f 1250/2666/32 1251/7693/32 1252/2667/32
f 1254/2669/23 1250/7694/23 1249/2670/23
f 1256/2672/56 1254/7695/56 1253/2673/56
f 1251/2675/34 1256/7696/34 1255/2676/34
f 1254/2678/35 1256/7697/35 1251/2679/35
f 1258/2681/32 1259/7698/32 1260/2682/32
f 1261/2684/34 1262/7699/34 1259/2685/34
f 1263/2687/49 1264/7700/49 1262/2688/49
f 1257/2690/23 1260/7701/23 1264/2691/23
f 1261/2693/35 1258/7702/35 1257/2694/35
f 1266/2696/32 1267/7703/32 1268/2697/32
f 1270/2699/23 1266/7704/23 1265/2700/23
f 1272/2702/33 1270/7705/33 1269/2703/33
f 1267/2705/34 1272/7706/34 1271/2706/34
f 1270/2708/35 1272/7707/35 1267/2709/35
f 1265/2711/16 1268/7708/16 1271/2712/16
f 1279/2714/35 1305/7709/35 1197/2715/35
f 1281/2717/32 1282/7710/32 1283/2718/32
f 1285/2720/23 1281/7711/23 1280/2721/23
f 1287/2723/56 1285/7712/56 1284/2724/56
f 1282/2726/34 1287/7713/34 1286/2727/34
f 1285/2729/35 1287/7714/35 1282/2730/35
f 1289/2732/53 1290/7715/53 1291/2733/53
f 1292/2735/34 1293/7716/34 1290/2736/34
f 1294/2738/33 1295/7717/33 1293/2739/33
f 1288/2741/23 1291/7718/23 1295/2742/23
f 1292/2744/35 1289/7719/35 1288/2745/35
f 1297/2747/32 1298/7720/32 1299/2748/32
f 1301/2750/23 1297/7721/23 1296/2751/23
f 1303/2753/33 1301/7722/33 1300/2754/33
f 1298/2756/34 1303/7723/34 1302/2757/34
f 1301/2759/35 1303/7724/35 1298/2760/35
f 1296/2762/16 1299/7725/16 1302/2763/16
f 1813/2765/16 1815/7726/16 1739/2766/16
f 1310/2768/51 1311/7727/51 1312/2769/51
f 1314/2771/23 1310/7728/23 1309/2772/23
f 1316/2774/56 1314/7729/56 1313/2775/56
f 1311/2777/34 1316/7730/34 1315/2778/34
f 1314/2780/35 1316/7731/35 1311/2781/35
f 1318/2783/32 1319/7732/32 1320/2784/32
f 1321/2786/34 1322/7733/34 1319/2787/34
f 1323/2789/49 1324/7734/49 1322/2790/49
f 1317/2792/23 1320/7735/23 1324/2793/23
f 1321/2795/35 1318/7736/35 1317/2796/35
f 1326/2798/32 1327/7737/32 1328/2799/32
f 1330/2801/23 1326/7738/23 1325/2802/23
f 1332/2804/33 1330/7739/33 1329/2805/33
f 1327/2807/34 1332/7740/34 1331/2808/34
f 1330/2810/35 1332/7741/35 1327/2811/35
f 1325/2813/16 1328/7742/16 1331/2814/16
f 1410/2816/35 1305/7743/35 1279/2817/35
f 1334/2819/32 1335/7744/32 1336/2820/32
f 1338/2822/23 1334/7745/23 1333/2823/23
f 1340/2825/33 1338/7746/33 1337/2826/33
f 1335/2828/34 1340/7747/34 1339/2829/34
f 1338/2831/35 1340/7748/35 1335/2832/35
f 1342/2834/51 1343/7749/51 1344/2835/51
f 1345/2837/34 1346/7750/34 1343/2838/34
f 1347/2840/49 1348/7751/49 1346/2841/49
f 1341/2843/23 1344/7752/23 1348/2844/23
f 1345/2846/35 1342/7753/35 1341/2847/35
f 1350/2849/32 1351/7754/32 1352/2850/32
f 1354/2852/23 1350/7755/23 1349/2853/23
f 1356/2855/33 1354/7756/33 1353/2856/33
f 1351/2858/34 1356/7757/34 1355/2859/34
f 1354/2861/35 1356/7758/35 1351/2862/35
f 1349/2864/16 1352/7759/16 1355/2865/16
f 1308/2867/46 1413/7760/46 1382/2868/46
f 1278/2870/50 1409/7761/50 1414/2871/50
f 1358/2873/51 1359/7762/51 1360/2874/51
f 1362/2876/23 1358/7763/23 1357/2877/23
f 1364/2879/33 1362/7764/33 1361/2880/33
f 1359/2882/34 1364/7765/34 1363/2883/34
f 1362/2885/35 1364/7766/35 1359/2886/35
f 1366/2888/53 1367/7767/53 1368/2889/53
f 1369/2891/34 1370/7768/34 1367/2892/34
f 1371/2894/33 1372/7769/33 1370/2895/33
f 1365/2897/23 1368/7770/23 1372/2898/23
f 1369/2900/35 1366/7771/35 1365/2901/35
f 1374/2903/32 1375/7772/32 1376/2904/32
f 1378/2906/23 1374/7773/23 1373/2907/23
f 1380/2909/33 1378/7774/33 1377/2910/33
f 1375/2912/34 1380/7775/34 1379/2913/34
f 1378/2915/35 1380/7776/35 1375/2916/35
f 1373/2918/16 1376/7777/16 1379/2919/16
f 1705/2921/34 1814/7778/34 1813/2922/34
f 1306/2924/34 1412/7779/34 1381/2925/34
f 1385/2927/32 1386/7780/32 1387/2928/32
f 1389/2930/23 1385/7781/23 1384/2931/23
f 1391/2933/33 1389/7782/33 1388/2934/33
f 1386/2936/34 1391/7783/34 1390/2937/34
f 1389/2939/35 1391/7784/35 1386/2940/35
f 1393/2942/32 1394/7785/32 1395/2943/32
f 1396/2945/34 1397/7786/34 1394/2946/34
f 1398/2948/49 1399/7787/49 1397/2949/49
f 1392/2951/23 1395/7788/23 1399/2952/23
f 1396/2954/35 1393/7789/35 1392/2955/35
f 1401/2957/32 1402/7790/32 1403/2958/32
f 1405/2960/23 1401/7791/23 1400/2961/23
f 1407/2963/33 1405/7792/33 1404/2964/33
f 1402/2966/34 1407/7793/34 1406/2967/34
f 1405/2969/35 1407/7794/35 1402/2970/35
f 1400/2972/16 1403/7795/16 1406/2973/16
f 2572/2975/35 2604/7796/35 2461/2976/35
f 87/2978/98 88/7797/88 12/2979/207
f 1418/2981/32 1419/7798/32 1420/2982/32
f 1422/2984/23 1418/7799/23 1417/2985/23
f 1424/2987/33 1422/7800/33 1421/2988/33
f 1419/2990/34 1424/7801/34 1423/2991/34
f 1422/2993/35 1424/7802/35 1419/2994/35
f 1426/2996/53 1427/7803/53 1428/2997/53
f 1429/2999/34 1430/7804/34 1427/3000/34
f 1431/3002/33 1432/7805/33 1430/3003/33
f 1425/3005/23 1428/7806/23 1432/3006/23
f 1429/3008/35 1426/7807/35 1425/3009/35
f 1434/3011/32 1435/7808/32 1436/3012/32
f 1438/3014/23 1434/7809/23 1433/3015/23
f 1440/3017/33 1438/7810/33 1437/3018/33
f 1435/3020/34 1440/7811/34 1439/3021/34
f 1438/3023/35 1440/7812/35 1435/3024/35
f 1433/3026/16 1436/7813/16 1439/3027/16
f 1492/3029/23 1382/7814/23 1413/3030/23
f 1442/3032/51 1443/7815/51 1444/3033/51
f 1446/3035/23 1442/7816/23 1441/3036/23
f 1448/3038/33 1446/7817/33 1445/3039/33
f 1443/3041/34 1448/7818/34 1447/3042/34
f 1446/3044/35 1448/7819/35 1443/3045/35
f 1450/3047/53 1451/7820/53 1452/3048/53
f 1453/3050/34 1454/7821/34 1451/3051/34
f 1455/3053/33 1456/7822/33 1454/3054/33
f 1449/3056/23 1452/7823/23 1456/3057/23
f 1453/3059/35 1450/7824/35 1449/3060/35
f 1458/3062/32 1459/7825/32 1460/3063/32
f 1462/3065/23 1458/7826/23 1457/3066/23
f 1464/3068/33 1462/7827/33 1461/3069/33
f 1459/3071/34 1464/7828/34 1463/3072/34
f 1462/3074/35 1464/7829/35 1459/3075/35
f 1457/3077/16 1460/7830/16 1463/3078/16
f 1490/3080/16 1493/7831/16 1409/3081/16
f 1493/3083/34 1522/7832/34 1414/3084/34
f 1925/3086/16 1927/7833/16 1843/3087/16
f 1466/3089/32 1467/7834/32 1468/3090/32
f 1470/3092/23 1466/7835/23 1465/3093/23
f 1472/3095/56 1470/7836/56 1469/3096/56
f 1467/3098/34 1472/7837/34 1471/3099/34
f 1470/3101/35 1472/7838/35 1467/3102/35
f 1474/3104/32 1475/7839/32 1476/3105/32
f 1477/3107/34 1478/7840/34 1475/3108/34
f 1479/3110/49 1480/7841/49 1478/3111/49
f 1473/3113/23 1476/7842/23 1480/3114/23
f 1477/3116/35 1474/7843/35 1473/3117/35
f 1482/3119/32 1483/7844/32 1484/3120/32
f 1486/3122/23 1482/7845/23 1481/3123/23
f 1488/3125/33 1486/7846/33 1485/3126/33
f 1483/3128/34 1488/7847/34 1487/3129/34
f 1486/3131/35 1488/7848/35 1483/3132/35
f 1481/3134/16 1484/7849/16 1487/3135/16
f 2737/3137/208 2711/7850/209 2677/3138/210
f 85/3140/41 86/7851/60 194/3141/34
f 1523/3143/57 1524/7852/57 1416/3144/57
f 1496/3146/32 1497/7853/32 1498/3147/32
f 1500/3149/23 1496/7854/23 1495/3150/23
f 1502/3152/33 1500/7855/33 1499/3153/33
f 1497/3155/34 1502/7856/34 1501/3156/34
f 1500/3158/35 1502/7857/35 1497/3159/35
f 1504/3161/53 1505/7858/53 1506/3162/53
f 1507/3164/34 1508/7859/34 1505/3165/34
f 1509/3167/56 1510/7860/56 1508/3168/56
f 1503/3170/23 1506/7861/23 1510/3171/23
f 1507/3173/35 1504/7862/35 1503/3174/35
f 1512/3176/32 1513/7863/32 1514/3177/32
f 1516/3179/23 1512/7864/23 1511/3180/23
f 1518/3182/33 1516/7865/33 1515/3183/33
f 1513/3185/34 1518/7866/34 1517/3186/34
f 1516/3188/35 1518/7867/35 1513/3189/35
f 1511/3191/16 1514/7868/16 1517/3192/16
f 1631/3194/46 1632/7869/46 1524/3195/46
f 1815/3197/23 1848/7870/23 1740/3198/23
f 305/3200/34 303/7871/34 197/3201/34
f 1597/3203/16 1631/7872/16 1523/3204/16
f 303/3206/35 334/7873/35 194/3207/35
f 1627/3209/50 1490/7874/50 1491/3210/50
f 1526/3212/51 1527/7875/51 1528/3213/51
f 1530/3215/23 1526/7876/23 1525/3216/23
f 1532/3218/33 1530/7877/33 1529/3219/33
f 1527/3221/34 1532/7878/34 1531/3222/34
f 1530/3224/35 1532/7879/35 1527/3225/35
f 1534/3227/32 1535/7880/32 1536/3228/32
f 1537/3230/34 1538/7881/34 1535/3231/34
f 1539/3233/49 1540/7882/49 1538/3234/49
f 1533/3236/23 1536/7883/23 1540/3237/23
f 1537/3239/35 1534/7884/35 1533/3240/35
f 1542/3242/32 1543/7885/32 1544/3243/32
f 1546/3245/23 1542/7886/23 1541/3246/23
f 1548/3248/33 1546/7887/33 1545/3249/33
f 1543/3251/34 1548/7888/34 1547/3252/34
f 1546/3254/35 1548/7889/35 1543/3255/35
f 1541/3257/16 1544/7890/16 1547/3258/16
f 2679/3260/35 2604/7891/35 2572/3261/35
f 1550/3263/32 1551/7892/32 1552/3264/32
f 1554/3266/23 1550/7893/23 1549/3267/23
f 1556/3269/33 1554/7894/33 1553/3270/33
f 1551/3272/34 1556/7895/34 1555/3273/34
f 1554/3275/35 1556/7896/35 1551/3276/35
f 1558/3278/53 1559/7897/53 1560/3279/53
f 1561/3281/34 1562/7898/34 1559/3282/34
f 1563/3284/33 1564/7899/33 1562/3285/33
f 1557/3287/23 1560/7900/23 1564/3288/23
f 1561/3290/35 1558/7901/35 1557/3291/35
f 1566/3293/32 1567/7902/32 1568/3294/32
f 1570/3296/23 1566/7903/23 1565/3297/23
f 1572/3299/33 1570/7904/33 1569/3300/33
f 1567/3302/34 1572/7905/34 1571/3303/34
f 1570/3305/35 1572/7906/35 1567/3306/35
f 1565/3308/16 1568/7907/16 1571/3309/16
f 1274/3311/23 1167/7908/23 1166/3312/23
f 1521/3314/23 1629/7909/23 1625/3315/23
f 2575/3317/16 2602/7910/16 2488/3318/16
f 1630/3320/41 1522/7911/41 1493/3321/41
f 1574/3323/32 1575/7912/32 1576/3324/32
f 1578/3326/23 1574/7913/23 1573/3327/23
f 1580/3329/33 1578/7914/33 1577/3330/33
f 1575/3332/34 1580/7915/34 1579/3333/34
f 1578/3335/35 1580/7916/35 1575/3336/35
f 1582/3338/53 1583/7917/53 1584/3339/53
f 1585/3341/34 1586/7918/34 1583/3342/34
f 1587/3344/33 1588/7919/33 1586/3345/33
f 1581/3347/23 1584/7920/23 1588/3348/23
f 1585/3350/35 1582/7921/35 1581/3351/35
f 1590/3353/32 1591/7922/32 1592/3354/32
f 1594/3356/23 1590/7923/23 1589/3357/23
f 1596/3359/33 1594/7924/33 1593/3360/33
f 1591/3362/34 1596/7925/34 1595/3363/34
f 1594/3365/35 1596/7926/35 1591/3366/35
f 1589/3368/16 1592/7927/16 1595/3369/16
f 1626/3371/35 1491/7928/35 1519/3372/35
f 1600/3374/32 1601/7929/32 1602/3375/32
f 1604/3377/23 1600/7930/23 1599/3378/23
f 1606/3380/56 1604/7931/56 1603/3381/56
f 1601/3383/34 1606/7932/34 1605/3384/34
f 1604/3386/35 1606/7933/35 1601/3387/35
f 1608/3389/32 1609/7934/32 1610/3390/32
f 1611/3392/34 1612/7935/34 1609/3393/34
f 1613/3395/49 1614/7936/49 1612/3396/49
f 1607/3398/23 1610/7937/23 1614/3399/23
f 1611/3401/35 1608/7938/35 1607/3402/35
f 1616/3404/32 1617/7939/32 1618/3405/32
f 1620/3407/23 1616/7940/23 1615/3408/23
f 1622/3410/33 1620/7941/33 1619/3411/33
f 1617/3413/34 1622/7942/34 1621/3414/34
f 1620/3416/35 1622/7943/35 1617/3417/35
f 1615/3419/16 1618/7944/16 1621/3420/16
f 334/3422/34 440/7945/34 409/3423/34
f 2571/3425/23 2572/7946/23 2496/3426/23
f 1629/3428/23 1737/7947/23 1734/3429/23
f 2574/3431/16 2576/7948/16 2490/3432/16
f 1733/3434/50 1738/7949/50 1630/3435/50
f 2167/3437/46 2034/7950/46 2035/3438/46
f 1087/3440/16 1059/7951/16 979/3441/16
f 1634/3443/51 1635/7952/51 1636/3444/51
f 1638/3446/23 1634/7953/23 1633/3447/23
f 1640/3449/33 1638/7954/33 1637/3450/33
f 1635/3452/34 1640/7955/34 1639/3453/34
f 1638/3455/35 1640/7956/35 1635/3456/35
f 1642/3458/53 1643/7957/53 1644/3459/53
f 1645/3461/34 1646/7958/34 1643/3462/34
f 1647/3464/33 1648/7959/33 1646/3465/33
f 1641/3467/23 1644/7960/23 1648/3468/23
f 1645/3470/35 1642/7961/35 1641/3471/35
f 1650/3473/32 1651/7962/32 1652/3474/32
f 1654/3476/23 1650/7963/23 1649/3477/23
f 1656/3479/33 1654/7964/33 1653/3480/33
f 1651/3482/34 1656/7965/34 1655/3483/34
f 1654/3485/35 1656/7966/35 1651/3486/35
f 1649/3488/16 1652/7967/16 1655/3489/16
f 1658/3491/32 1659/7968/32 1660/3492/32
f 1662/3494/23 1658/7969/23 1657/3495/23
f 1664/3497/33 1662/7970/33 1661/3498/33
f 1659/3500/34 1664/7971/34 1663/3501/34
f 1662/3503/35 1664/7972/35 1659/3504/35
f 1666/3506/51 1667/7973/51 1668/3507/51
f 1669/3509/34 1670/7974/34 1667/3510/34
f 1671/3512/49 1672/7975/49 1670/3513/49
f 1665/3515/23 1668/7976/23 1672/3516/23
f 1669/3518/35 1666/7977/35 1665/3519/35
f 1674/3521/32 1675/7978/32 1676/3522/32
f 1678/3524/23 1674/7979/23 1673/3525/23
f 1680/3527/33 1678/7980/33 1677/3528/33
f 1675/3530/34 1680/7981/34 1679/3531/34
f 1678/3533/35 1680/7982/35 1675/3534/35
f 1673/3536/16 1676/7983/16 1679/3537/16
f 1844/3539/57 1732/7984/57 1707/3540/57
f 1682/3542/32 1683/7985/32 1684/3543/32
f 1686/3545/23 1682/7986/23 1681/3546/23
f 1688/3548/33 1686/7987/33 1685/3549/33
f 1683/3551/34 1688/7988/34 1687/3552/34
f 1686/3554/35 1688/7989/35 1683/3555/35
f 1690/3557/32 1691/7990/32 1692/3558/32
f 1693/3560/34 1694/7991/34 1691/3561/34
f 1695/3563/49 1696/7992/49 1694/3564/49
f 1689/3566/23 1692/7993/23 1696/3567/23
f 1693/3569/35 1690/7994/35 1689/3570/35
f 1698/3572/32 1699/7995/32 1700/3573/32
f 1702/3575/23 1698/7996/23 1697/3576/23
f 1704/3578/33 1702/7997/33 1701/3579/33
f 1699/3581/34 1704/7998/34 1703/3582/34
f 1702/3584/35 1704/7999/35 1699/3585/35
f 1697/3587/16 1700/8000/16 1703/3588/16
f 1410/3590/50 1411/8001/50 1276/3591/50
f 1740/3593/35 1737/8002/35 1629/3594/35
f 1709/3596/32 1710/8003/32 1711/3597/32
f 1713/3599/23 1709/8004/23 1708/3600/23
f 1715/3602/56 1713/8005/56 1712/3603/56
f 1710/3605/34 1715/8006/34 1714/3606/34
f 1713/3608/35 1715/8007/35 1710/3609/35
f 1717/3611/53 1718/8008/53 1719/3612/53
f 1720/3614/34 1721/8009/34 1718/3615/34
f 1722/3617/33 1723/8010/33 1721/3618/33
f 1716/3620/23 1719/8011/23 1723/3621/23
f 1720/3623/35 1717/8012/35 1716/3624/35
f 1725/3626/32 1726/8013/32 1727/3627/32
f 1729/3629/23 1725/8014/23 1724/3630/23
f 1731/3632/33 1729/8015/33 1728/3633/33
f 1726/3635/34 1731/8016/34 1730/3636/34
f 1729/3638/35 1731/8017/35 1726/3639/35
f 1724/3641/16 1727/8018/16 1730/3642/16
f 1628/3644/34 1705/8019/34 1736/3645/34
f 548/3647/16 545/8020/16 439/3648/16
f 2034/3650/35 2062/8021/35 1953/3651/35
f 1742/3653/32 1743/8022/32 1744/3654/32
f 1746/3656/23 1742/8023/23 1741/3657/23
f 1748/3659/33 1746/8024/33 1745/3660/33
f 1743/3662/34 1748/8025/34 1747/3663/34
f 1746/3665/35 1748/8026/35 1743/3666/35
f 1750/3668/53 1751/8027/53 1752/3669/53
f 1753/3671/34 1754/8028/34 1751/3672/34
f 1755/3674/33 1756/8029/33 1754/3675/33
f 1749/3677/23 1752/8030/23 1756/3678/23
f 1753/3680/35 1750/8031/35 1749/3681/35
f 1758/3683/32 1759/8032/32 1760/3684/32
f 1762/3686/23 1758/8033/23 1757/3687/23
f 1764/3689/33 1762/8034/33 1761/3690/33
f 1759/3692/34 1764/8035/34 1763/3693/34
f 1762/3695/35 1764/8036/35 1759/3696/35
f 1757/3698/16 1760/8037/16 1763/3699/16
f 1279/3701/46 1304/8038/46 1383/3702/46
f 1844/3704/35 1845/8039/35 1735/3705/35
f 1817/3707/23 1734/8040/23 1737/3708/23
f 1766/3710/32 1767/8041/32 1768/3711/32
f 1770/3713/23 1766/8042/23 1765/3714/23
f 1772/3716/33 1770/8043/33 1769/3717/33
f 1767/3719/34 1772/8044/34 1771/3720/34
f 1770/3722/35 1772/8045/35 1767/3723/35
f 1774/3725/53 1775/8046/53 1776/3726/53
f 1777/3728/34 1778/8047/34 1775/3729/34
f 1779/3731/49 1780/8048/49 1778/3732/49
f 1773/3734/23 1776/8049/23 1780/3735/23
f 1777/3737/35 1774/8050/35 1773/3738/35
f 1782/3740/32 1783/8051/32 1784/3741/32
f 1786/3743/23 1782/8052/23 1781/3744/23
f 1788/3746/33 1786/8053/33 1785/3747/33
f 1783/3749/34 1788/8054/34 1787/3750/34
f 1786/3752/35 1788/8055/35 1783/3753/35
f 1781/3755/16 1784/8056/16 1787/3756/16
f 2743/3758/211 2710/8057/50 2681/3759/50
f 1818/3761/34 1816/8058/34 1738/3762/34
f 1382/3764/16 1383/8059/16 1304/3765/16
f 1790/3767/32 1791/8060/32 1792/3768/32
f 1794/3770/23 1790/8061/23 1789/3771/23
f 1796/3773/33 1794/8062/33 1793/3774/33
f 1791/3776/34 1796/8063/34 1795/3777/34
f 1794/3779/35 1796/8064/35 1791/3780/35
f 1798/3782/32 1799/8065/32 1800/3783/32
f 1801/3785/34 1802/8066/34 1799/3786/34
f 1803/3788/33 1804/8067/33 1802/3789/33
f 1797/3791/78 1800/8068/78 1804/3792/78
f 1801/3794/35 1798/8069/35 1797/3795/35
f 1806/3797/32 1807/8070/32 1808/3798/32
f 1810/3800/23 1806/8071/23 1805/3801/23
f 1812/3803/33 1810/8072/33 1809/3804/33
f 1807/3806/34 1812/8073/34 1811/3807/34
f 1810/3809/35 1812/8074/35 1807/3810/35
f 1805/3812/16 1808/8075/16 1811/3813/16
f 1414/3815/35 1412/8076/35 1306/3816/35
f 1816/3818/35 1814/8077/35 1705/3819/35
f 1848/3821/35 1847/8078/35 1737/3822/35
f 1820/3824/32 1821/8079/32 1822/3825/32
f 1824/3827/23 1820/8080/23 1819/3828/23
f 1826/3830/33 1824/8081/33 1823/3831/33
f 1821/3833/34 1826/8082/34 1825/3834/34
f 1824/3836/35 1826/8083/35 1821/3837/35
f 1828/3839/53 1829/8084/53 1830/3840/53
f 1831/3842/34 1832/8085/34 1829/3843/34
f 1833/3845/33 1834/8086/33 1832/3846/33
f 1827/3848/23 1830/8087/23 1834/3849/23
f 1831/3851/35 1828/8088/35 1827/3852/35
f 1836/3854/32 1837/8089/32 1838/3855/32
f 1840/3857/23 1836/8090/23 1835/3858/23
f 1842/3860/33 1840/8091/33 1839/3861/33
f 1837/3863/34 1842/8092/34 1841/3864/34
f 1840/3866/35 1842/8093/35 1837/3867/35
f 1835/3869/16 1838/8094/16 1841/3870/16
f 5/3872/212 91/8095/50 90/3873/39
f 330/3875/23 439/8096/23 414/3876/23
f 545/3878/23 628/8097/23 653/3879/23
f 1850/3881/32 1851/8098/32 1852/3882/32
f 1854/3884/23 1850/8099/23 1849/3885/23
f 1856/3887/33 1854/8100/33 1853/3888/33
f 1851/3890/34 1856/8101/34 1855/3891/34
f 1854/3893/35 1856/8102/35 1851/3894/35
f 1858/3896/32 1859/8103/32 1860/3897/32
f 1861/3899/34 1862/8104/34 1859/3900/34
f 1863/3902/49 1864/8105/49 1862/3903/49
f 1857/3905/23 1860/8106/23 1864/3906/23
f 1861/3908/35 1858/8107/35 1857/3909/35
f 1866/3911/32 1867/8108/32 1868/3912/32
f 1870/3914/23 1866/8109/23 1865/3915/23
f 1872/3917/33 1870/8110/33 1869/3918/33
f 1867/3920/34 1872/8111/34 1871/3921/34
f 1870/3923/35 1872/8112/35 1867/3924/35
f 1865/3926/16 1868/8113/16 1871/3927/16
f 762/3929/34 767/8114/34 660/3930/34
f 1952/3932/50 1924/8115/50 1816/3933/50
f 1874/3935/51 1875/8116/51 1876/3936/51
f 1878/3938/23 1874/8117/23 1873/3939/23
f 1880/3941/33 1878/8118/33 1877/3942/33
f 1875/3944/34 1880/8119/34 1879/3945/34
f 1878/3947/35 1880/8120/35 1875/3948/35
f 1882/3950/51 1883/8121/51 1884/3951/51
f 1885/3953/34 1886/8122/34 1883/3954/34
f 1887/3956/33 1888/8123/33 1886/3957/33
f 1881/3959/23 1884/8124/23 1888/3960/23
f 1885/3962/35 1882/8125/35 1881/3963/35
f 1890/3965/32 1891/8126/32 1892/3966/32
f 1894/3968/23 1890/8127/23 1889/3969/23
f 1896/3971/33 1894/8128/33 1893/3972/33
f 1891/3974/34 1896/8129/34 1895/3975/34
f 1894/3977/35 1896/8130/35 1891/3978/35
f 1889/3980/16 1892/8131/16 1895/3981/16
f 735/3983/34 734/8132/34 627/3984/34
f 1491/3986/41 1490/8133/41 1411/3987/41
f 1847/3989/23 1923/8134/23 1925/3990/23
f 1844/3992/57 1843/8135/57 1927/3993/57
f 1898/3995/32 1899/8136/32 1900/3996/32
f 1902/3998/23 1898/8137/23 1897/3999/23
f 1904/4001/33 1902/8138/33 1901/4002/33
f 1899/4004/34 1904/8139/34 1903/4005/34
f 1902/4007/35 1904/8140/35 1899/4008/35
f 1906/4010/53 1907/8141/53 1908/4011/53
f 1909/4013/34 1910/8142/34 1907/4014/34
f 1911/4016/49 1912/8143/49 1910/4017/49
f 1905/4019/23 1908/8144/23 1912/4020/23
f 1909/4022/35 1906/8145/35 1905/4023/35
f 1914/4025/32 1915/8146/32 1916/4026/32
f 1918/4028/23 1914/8147/23 1913/4029/23
f 1920/4031/33 1918/8148/33 1917/4032/33
f 1915/4034/34 1920/8149/34 1919/4035/34
f 1918/4037/35 1920/8150/35 1915/4038/35
f 1913/4040/16 1916/8151/16 1919/4041/16
f 767/4043/35 764/8152/35 657/4044/35
f 1953/4046/35 1845/8153/35 1844/4047/35
f 765/4049/34 764/8154/34 875/4050/34
f 1814/4052/50 1955/8155/50 1921/4053/50
f 1929/4055/32 1930/8156/32 1931/4056/32
f 1933/4058/23 1929/8157/23 1928/4059/23
f 1935/4061/56 1933/8158/56 1932/4062/56
f 1930/4064/34 1935/8159/34 1934/4065/34
f 1933/4067/35 1935/8160/35 1930/4068/35
f 1937/4070/51 1938/8161/51 1939/4071/51
f 1940/4073/34 1941/8162/34 1938/4074/34
f 1942/4076/56 1943/8163/56 1941/4077/56
f 1936/4079/23 1939/8164/23 1943/4080/23
f 1940/4082/35 1937/8165/35 1936/4083/35
f 1945/4085/32 1946/8166/32 1947/4086/32
f 1949/4088/23 1945/8167/23 1944/4089/23
f 1951/4091/33 1949/8168/33 1948/4092/33
f 1946/4094/34 1951/8169/34 1950/4095/34
f 1949/4097/35 1951/8170/35 1946/4098/35
f 1944/4100/16 1947/8171/16 1950/4101/16
f 842/4103/23 876/8172/23 733/4104/23
f 1923/4106/23 2031/8173/23 2061/4107/23
f 841/4109/41 875/8174/41 981/4110/41
f 2060/4112/34 2032/8175/34 1924/4113/34
f 1958/4115/53 1959/8176/53 1960/4116/53
f 1962/4118/23 1958/8177/23 1957/4119/23
f 1964/4121/49 1962/8178/49 1961/4122/49
f 1959/4124/34 1964/8179/34 1963/4125/34
f 1962/4127/35 1964/8180/35 1959/4128/35
f 1966/4130/53 1967/8181/53 1968/4131/53
f 1969/4133/34 1970/8182/34 1967/4134/34
f 1971/4136/49 1972/8183/49 1970/4137/49
f 1965/4139/23 1968/8184/23 1972/4140/23
f 1969/4142/35 1966/8185/35 1965/4143/35
f 1974/4145/32 1975/8186/32 1976/4146/32
f 1978/4148/23 1974/8187/23 1973/4149/23
f 1980/4151/33 1978/8188/33 1977/4152/33
f 1975/4154/34 1980/8189/34 1979/4155/34
f 1978/4157/35 1980/8190/35 1975/4158/35
f 1973/4160/16 1976/8191/16 1979/4161/16
f 658/4163/34 657/8192/34 764/4164/34
f 1982/4166/51 1983/8193/51 1984/4167/51
f 1986/4169/23 1982/8194/23 1981/4170/23
f 1988/4172/56 1986/8195/56 1985/4173/56
f 1983/4175/34 1988/8196/34 1987/4176/34
f 1986/4178/35 1988/8197/35 1983/4179/35
f 1990/4181/53 1991/8198/53 1992/4182/53
f 1993/4184/34 1994/8199/34 1991/4185/34
f 1995/4187/49 1996/8200/49 1994/4188/49
f 1989/4190/23 1992/8201/23 1996/4191/23
f 1993/4193/35 1990/8202/35 1989/4194/35
f 1998/4196/32 1999/8203/32 2000/4197/32
f 2002/4199/23 1998/8204/23 1997/4200/23
f 2004/4202/33 2002/8205/33 2001/4203/33
f 1999/4205/34 2004/8206/34 2003/4206/34
f 2002/4208/35 2004/8207/35 1999/4209/35
f 1997/4211/16 2000/8208/16 2003/4212/16
f 2169/4214/16 2278/8209/16 2246/4215/16
f 546/4217/23 414/8210/23 439/4218/23
f 845/4220/34 874/8211/34 734/4221/34
f 2006/4223/51 2007/8212/51 2008/4224/51
f 2010/4226/23 2006/8213/23 2005/4227/23
f 2012/4229/56 2010/8214/56 2009/4230/56
f 2007/4232/34 2012/8215/34 2011/4233/34
f 2010/4235/35 2012/8216/35 2007/4236/35
f 2014/4238/51 2015/8217/51 2016/4239/51
f 2017/4241/34 2018/8218/34 2015/4242/34
f 2019/4244/56 2020/8219/56 2018/4245/56
f 2013/4247/23 2016/8220/23 2020/4248/23
f 2017/4250/35 2014/8221/35 2013/4251/35
f 2022/4253/32 2023/8222/32 2024/4254/32
f 2026/4256/23 2022/8223/23 2021/4257/23
f 2028/4259/33 2026/8224/33 2025/4260/33
f 2023/4262/34 2028/8225/34 2027/4263/34
f 2026/4265/35 2028/8226/35 2023/4266/35
f 2021/4268/16 2024/8227/16 2027/4269/16
f 980/4271/50 951/8228/50 874/4272/50
f 2746/4274/213 2683/8229/76 2710/4275/76
f 1085/4277/23 1060/8230/23 1195/4278/23
f 844/4280/35 875/8231/35 764/4281/35
f 2037/4283/51 2038/8232/51 2039/4284/51
f 2041/4286/23 2037/8233/23 2036/4287/23
f 2043/4289/56 2041/8234/56 2040/4290/56
f 2038/4292/34 2043/8235/34 2042/4293/34
f 2041/4295/35 2043/8236/35 2038/4296/35
f 2045/4298/53 2046/8237/53 2047/4299/53
f 2048/4301/205 2049/8238/205 2046/4302/205
f 2050/4304/49 2051/8239/49 2049/4305/49
f 2044/4307/23 2047/8240/23 2051/4308/23
f 2048/4310/35 2045/8241/35 2044/4311/35
f 2053/4313/32 2054/8242/32 2055/4314/32
f 2057/4316/23 2053/8243/23 2052/4317/23
f 2059/4319/33 2057/8244/33 2056/4320/33
f 2054/4322/34 2059/8245/34 2058/4323/34
f 2057/4325/35 2059/8246/35 2054/4326/35
f 2052/4328/16 2055/8247/16 2058/4329/16
f 2061/4331/16 2035/8248/16 1927/4332/16
f 2167/4334/35 2139/8249/35 2062/4335/35
f 1524/4337/35 1521/8250/35 1413/4338/35
f 949/4340/16 983/8251/16 842/4341/16
f 1927/4343/63 2035/8252/63 2034/4344/63
f 2066/4346/51 2067/8253/51 2068/4347/51
f 2070/4349/23 2066/8254/23 2065/4350/23
f 2072/4352/49 2070/8255/49 2069/4353/49
f 2067/4355/34 2072/8256/34 2071/4356/34
f 2070/4358/35 2072/8257/35 2067/4359/35
f 2074/4361/51 2075/8258/51 2076/4362/51
f 2077/4364/34 2078/8259/34 2075/4365/34
f 2079/4367/49 2080/8260/49 2078/4368/49
f 2073/4370/23 2076/8261/23 2080/4371/23
f 2077/4373/35 2074/8262/35 2073/4374/35
f 2082/4376/32 2083/8263/32 2084/4377/32
f 2086/4379/23 2082/8264/23 2081/4380/23
f 2088/4382/33 2086/8265/33 2085/4383/33
f 2083/4385/34 2088/8266/34 2087/4386/34
f 2086/4388/35 2088/8267/35 2083/4389/35
f 2081/4391/16 2084/8268/16 2087/4392/16
f 2140/4394/46 2061/8269/46 2031/4395/46
f 763/4397/16 760/8270/16 628/4398/16
f 2090/4400/53 2091/8271/53 2092/4401/53
f 2094/4403/23 2090/8272/23 2089/4404/23
f 2096/4406/56 2094/8273/56 2093/4407/56
f 2091/4409/34 2096/8274/34 2095/4410/34
f 2094/4412/35 2096/8275/35 2091/4413/35
f 2098/4415/53 2099/8276/53 2100/4416/53
f 2101/4418/34 2102/8277/34 2099/4419/34
f 2103/4421/81 2104/8278/81 2102/4422/81
f 2097/4424/23 2100/8279/23 2104/4425/23
f 2101/4427/35 2098/8280/35 2097/4428/35
f 2106/4430/32 2107/8281/32 2108/4431/32
f 2110/4433/23 2106/8282/23 2105/4434/23
f 2112/4436/33 2110/8283/33 2109/4437/33
f 2107/4439/34 2112/8284/34 2111/4440/34
f 2110/4442/35 2112/8285/35 2107/4443/35
f 2105/4445/16 2108/8286/16 2111/4446/16
f 198/4448/16 226/8287/16 118/4449/16
f 1489/4451/16 1523/8288/16 1415/4452/16
f 196/4454/35 195/8289/35 120/4455/141
f 2141/4457/34 2171/8290/34 2032/4458/34
f 2114/4460/51 2115/8291/51 2116/4461/51
f 2118/4463/74 2114/8292/74 2113/4464/74
f 2120/4466/56 2118/8293/56 2117/4467/56
f 2115/4469/34 2120/8294/34 2119/4470/34
f 2118/4472/35 2120/8295/35 2115/4473/35
f 2122/4475/53 2123/8296/53 2124/4476/53
f 2125/4478/34 2126/8297/34 2123/4479/34
f 2127/4481/49 2128/8298/49 2126/4482/49
f 2121/4484/23 2124/8299/23 2128/4485/23
f 2125/4487/35 2122/8300/35 2121/4488/35
f 2130/4490/32 2131/8301/32 2132/4491/32
f 2134/4493/23 2130/8302/23 2129/4494/23
f 2136/4496/33 2134/8303/33 2133/4497/33
f 2131/4499/34 2136/8304/34 2135/4500/34
f 2134/4502/35 2136/8305/35 2131/4503/35
f 2129/4505/16 2132/8306/16 2135/4506/16
f 2172/4508/35 2170/8307/35 2031/4509/35
f 847/4511/34 844/8308/34 767/4512/34
f 2171/4514/35 2168/8309/35 2030/4515/35
f 2245/4517/50 2387/8310/50 2353/4518/50
f 2144/4520/51 2145/8311/51 2146/4521/51
f 2148/4523/23 2144/8312/23 2143/4524/23
f 2150/4526/56 2148/8313/56 2147/4527/56
f 2145/4529/34 2150/8314/34 2149/4530/34
f 2148/4532/35 2150/8315/35 2145/4533/35
f 2152/4535/51 2153/8316/51 2154/4536/51
f 2155/4538/34 2156/8317/34 2153/4539/34
f 2157/4541/56 2158/8318/56 2156/4542/56
f 2151/4544/23 2154/8319/23 2158/4545/23
f 2155/4547/35 2152/8320/35 2151/4548/35
f 2160/4550/32 2161/8321/32 2162/4551/32
f 2164/4553/23 2160/8322/23 2159/4554/23
f 2166/4556/33 2164/8323/33 2163/4557/33
f 2161/4559/34 2166/8324/34 2165/4560/34
f 2164/4562/35 2166/8325/35 2161/4563/35
f 2159/4565/16 2162/8326/16 2165/4566/16
f 1091/4568/23 1092/8327/23 984/4569/23
f 2170/4571/46 2279/8328/46 2249/4572/46
f 549/4574/35 440/8329/35 442/4575/35
f 228/4577/23 196/8330/23 88/4578/82
f 2174/4580/51 2175/8331/51 2176/4581/51
f 2178/4583/23 2174/8332/23 2173/4584/23
f 2180/4586/49 2178/8333/49 2177/4587/49
f 2175/4589/34 2180/8334/34 2179/4590/34
f 2178/4592/35 2180/8335/35 2175/4593/35
f 2182/4595/53 2183/8336/53 2184/4596/53
f 2185/4598/34 2186/8337/34 2183/4599/34
f 2187/4601/49 2188/8338/49 2186/4602/49
f 2181/4604/23 2184/8339/23 2188/4605/23
f 2185/4607/35 2182/8340/35 2181/4608/35
f 2190/4610/32 2191/8341/32 2192/4611/32
f 2194/4613/23 2190/8342/23 2189/4614/23
f 2196/4616/33 2194/8343/33 2193/4617/33
f 2191/4619/34 2196/8344/34 2195/4620/34
f 2194/4622/35 2196/8345/35 2191/4623/35
f 2189/4625/16 2192/8346/16 2195/4626/16
f 1198/4628/16 1169/8347/16 1059/4629/16
f 2139/4631/34 2138/8348/34 2033/4632/34
f 2198/4634/53 2199/8349/53 2200/4635/53
f 2202/4637/23 2198/8350/23 2197/4638/23
f 2204/4640/56 2202/8351/56 2201/4641/56
f 2199/4643/34 2204/8352/34 2203/4644/34
f 2202/4646/35 2204/8353/35 2199/4647/35
f 2206/4649/51 2207/8354/51 2208/4650/51
f 2209/4652/34 2210/8355/34 2207/4653/34
f 2211/4655/49 2212/8356/49 2210/4656/49
f 2205/4658/23 2208/8357/23 2212/4659/23
f 2209/4661/35 2206/8358/35 2205/4662/35
f 2214/4664/32 2215/8359/32 2216/4665/32
f 2218/4667/23 2214/8360/23 2213/4668/23
f 2220/4670/33 2218/8361/33 2217/4671/33
f 2215/4673/34 2220/8362/34 2219/4674/34
f 2218/4676/35 2220/8363/35 2215/4677/35
f 2213/4679/16 2216/8364/16 2219/4680/16
f 765/4682/16 768/8365/16 625/4683/16
f 2142/4685/23 2275/8366/23 2276/4686/23
f 1625/4688/16 1598/8367/16 1494/4689/16
f 2250/4691/41 2247/8368/41 2171/4692/41
f 2222/4694/51 2223/8369/51 2224/4695/51
f 2226/4697/23 2222/8370/23 2221/4698/23
f 2228/4700/56 2226/8371/56 2225/4701/56
f 2223/4703/34 2228/8372/34 2227/4704/34
f 2226/4706/35 2228/8373/35 2223/4707/35
f 2230/4709/51 2231/8374/51 2232/4710/51
f 2233/4712/34 2234/8375/34 2231/4713/34
f 2235/4715/56 2236/8376/56 2234/4716/56
f 2229/4718/23 2232/8377/23 2236/4719/23
f 2233/4721/35 2230/8378/35 2229/4722/35
f 2238/4724/32 2239/8379/32 2240/4725/32
f 2242/4727/23 2238/8380/23 2237/4728/23
f 2244/4730/33 2242/8381/33 2241/4731/33
f 2239/4733/34 2244/8382/34 2243/4734/34
f 2242/4736/35 2244/8383/35 2239/4737/35
f 2237/4739/16 2240/8384/16 2243/4740/16
f 951/4742/16 979/8385/16 847/4743/16
f 519/4745/16 547/8386/16 413/4746/16
f 1624/4748/16 1493/8387/16 1490/4749/16
f 1519/4751/46 1494/8388/46 1598/4752/46
f 2252/4754/51 2253/8389/51 2254/4755/51
f 2256/4757/23 2252/8390/23 2251/4758/23
f 2258/4760/56 2256/8391/56 2255/4761/56
f 2253/4763/34 2258/8392/34 2257/4764/34
f 2256/4766/35 2258/8393/35 2253/4767/35
f 2260/4769/53 2261/8394/53 2262/4770/53
f 2263/4772/34 2264/8395/34 2261/4773/34
f 2265/4775/49 2266/8396/49 2264/4776/49
f 2259/4778/23 2262/8397/23 2266/4779/23
f 2263/4781/35 2260/8398/35 2259/4782/35
f 2268/4784/32 2269/8399/32 2270/4785/32
f 2272/4787/23 2268/8400/23 2267/4788/23
f 2274/4790/33 2272/8401/33 2271/4791/33
f 2269/4793/34 2274/8402/34 2273/4794/34
f 2272/4796/35 2274/8403/35 2269/4797/35
f 2267/4799/16 2270/8404/16 2273/4800/16
f 2495/4802/57 2496/8405/57 2356/4803/57
f 660/4805/35 657/8406/35 549/4806/35
f 2277/4808/16 2250/8407/16 2141/4809/16
f 2388/4811/35 2387/8408/35 2245/4812/35
f 2388/4814/34 2247/8409/34 2250/4815/34
f 1279/4817/23 1170/8410/23 1195/4818/23
f 2282/4820/51 2283/8411/51 2284/4821/51
f 2286/4823/23 2282/8412/23 2281/4824/23
f 2288/4826/49 2286/8413/49 2285/4827/49
f 2283/4829/34 2288/8414/34 2287/4830/34
f 2286/4832/35 2288/8415/35 2283/4833/35
f 2290/4835/51 2291/8416/51 2292/4836/51
f 2293/4838/34 2294/8417/34 2291/4839/34
f 2295/4841/49 2296/8418/49 2294/4842/49
f 2289/4844/23 2292/8419/23 2296/4845/23
f 2293/4847/35 2290/8420/35 2289/4848/35
f 2298/4850/32 2299/8421/32 2300/4851/32
f 2302/4853/23 2298/8422/23 2297/4854/23
f 2304/4856/33 2302/8423/33 2301/4857/33
f 2299/4859/34 2304/8424/34 2303/4860/34
f 2302/4862/35 2304/8425/35 2299/4863/35
f 2297/4865/16 2300/8426/16 2303/4866/16
f 2386/4868/16 2358/8427/16 2250/4869/16
f 2306/4871/53 2307/8428/53 2308/4872/53
f 2310/4874/23 2306/8429/23 2305/4875/23
f 2312/4877/56 2310/8430/56 2309/4878/56
f 2307/4880/34 2312/8431/34 2311/4881/34
f 2310/4883/35 2312/8432/35 2307/4884/35
f 2314/4886/53 2315/8433/53 2316/4887/53
f 2317/4889/34 2318/8434/34 2315/4890/34
f 2319/4892/49 2320/8435/49 2318/4893/49
f 2313/4895/23 2316/8436/23 2320/4896/23
f 2317/4898/35 2314/8437/35 2313/4899/35
f 2322/4901/32 2323/8438/32 2324/4902/32
f 2326/4904/23 2322/8439/23 2321/4905/23
f 2328/4907/33 2326/8440/33 2325/4908/33
f 2323/4910/34 2328/8441/34 2327/4911/34
f 2326/4913/35 2328/8442/35 2323/4914/35
f 2321/4916/16 2324/8443/16 2327/4917/16
f 2279/4919/23 2355/8444/23 2357/4920/23
f 2275/4922/23 2359/8445/23 2384/4923/23
f 2330/4925/51 2331/8446/51 2332/4926/51
f 2334/4928/23 2330/8447/23 2329/4929/23
f 2336/4931/56 2334/8448/56 2333/4932/56
f 2331/4934/34 2336/8449/34 2335/4935/34
f 2334/4937/35 2336/8450/35 2331/4938/35
f 2338/4940/53 2339/8451/53 2340/4941/53
f 2341/4943/34 2342/8452/34 2339/4944/34
f 2343/4946/49 2344/8453/49 2342/4947/49
f 2337/4949/23 2340/8454/23 2344/4950/23
f 2341/4952/35 2338/8455/35 2337/4953/35
f 2346/4955/32 2347/8456/32 2348/4956/32
f 2350/4958/23 2346/8457/23 2345/4959/23
f 2352/4961/33 2350/8458/33 2349/4962/33
f 2347/4964/34 2352/8459/34 2351/4965/34
f 2350/4967/35 2352/8460/35 2347/4968/35
f 2345/4970/16 2348/8461/16 2351/4971/16
f 1630/4973/35 1628/8462/35 1520/4974/35
f 2063/4976/46 2064/8463/46 1956/4977/46
f 336/4979/35 335/8464/35 195/4980/35
f 2739/4982/214 2741/8465/215 2680/4983/23
f 2357/4985/16 2359/8466/16 2275/4986/16
f 2361/4988/51 2362/8467/51 2363/4989/51
f 2365/4991/23 2361/8468/23 2360/4992/23
f 2367/4994/56 2365/8469/56 2364/4995/56
f 2362/4997/34 2367/8470/34 2366/4998/34
f 2365/5000/35 2367/8471/35 2362/5001/35
f 2369/5003/51 2370/8472/51 2371/5004/51
f 2372/5006/205 2373/8473/205 2370/5007/205
f 2374/5009/56 2375/8474/56 2373/5010/56
f 2368/5012/23 2371/8475/23 2375/5013/23
f 2372/5015/35 2369/8476/35 2368/5016/35
f 2377/5018/32 2378/8477/32 2379/5019/32
f 2381/5021/23 2377/8478/23 2376/5022/23
f 2383/5024/33 2381/8479/33 2380/5025/33
f 2378/5027/34 2383/8480/34 2382/5028/34
f 2381/5030/35 2383/8481/35 2378/5031/35
f 2376/5033/16 2379/8482/16 2382/5034/16
f 2489/5036/35 2491/8483/35 2385/5037/35
f 1304/5039/16 1195/8484/16 1196/5040/16
f 655/5042/16 628/8485/16 545/5043/16
f 2390/5045/51 2391/8486/51 2392/5046/51
f 2394/5048/23 2390/8487/23 2389/5049/23
f 2396/5051/56 2394/8488/56 2393/5052/56
f 2391/5054/34 2396/8489/34 2395/5055/34
f 2394/5057/35 2396/8490/35 2391/5058/35
f 2398/5060/53 2399/8491/53 2400/5061/53
f 2401/5063/34 2402/8492/34 2399/5064/34
f 2403/5066/49 2404/8493/49 2402/5067/49
f 2397/5069/23 2400/8494/23 2404/5070/23
f 2401/5072/35 2398/8495/35 2397/5073/35
f 2406/5075/32 2407/8496/32 2408/5076/32
f 2410/5078/23 2406/8497/23 2405/5079/23
f 2412/5081/33 2410/8498/33 2409/5082/33
f 2407/5084/34 2412/8499/34 2411/5085/34
f 2410/5087/35 2412/8500/35 2407/5088/35
f 2405/5090/16 2408/8501/16 2411/5091/16
f 1846/5093/16 1818/8502/16 1733/5094/16
f 2357/5096/57 2355/8503/57 2461/5097/57
f 2414/5099/51 2415/8504/51 2416/5100/51
f 2418/5102/23 2414/8505/23 2413/5103/23
f 2420/5105/49 2418/8506/49 2417/5106/49
f 2415/5108/34 2420/8507/34 2419/5109/34
f 2418/5111/35 2420/8508/35 2415/5112/35
f 2422/5114/53 2423/8509/53 2424/5115/53
f 2425/5117/34 2426/8510/34 2423/5118/34
f 2427/5120/49 2428/8511/49 2426/5121/49
f 2421/5123/78 2424/8512/78 2428/5124/78
f 2425/5126/35 2422/8513/35 2421/5127/35
f 2430/5129/32 2431/8514/32 2432/5130/32
f 2434/5132/23 2430/8515/23 2429/5133/23
f 2436/5135/33 2434/8516/33 2433/5136/33
f 2431/5138/34 2436/8517/34 2435/5139/34
f 2434/5141/35 2436/8518/35 2431/5142/35
f 2429/5144/16 2432/8519/16 2435/5145/16
f 2489/5147/57 2384/8520/57 2359/5148/57
f 2490/5150/34 2462/8521/34 2388/5151/34
f 2438/5153/51 2439/8522/51 2440/5154/51
f 2442/5156/74 2438/8523/74 2437/5157/74
f 2444/5159/56 2442/8524/56 2441/5160/56
f 2439/5162/34 2444/8525/34 2443/5163/34
f 2442/5165/35 2444/8526/35 2439/5166/35
f 2446/5168/53 2447/8527/53 2448/5169/53
f 2449/5171/34 2450/8528/34 2447/5172/34
f 2451/5174/49 2452/8529/49 2450/5175/49
f 2445/5177/23 2448/8530/23 2452/5178/23
f 2449/5180/35 2446/8531/35 2445/5181/35
f 2454/5183/32 2455/8532/32 2456/5184/32
f 2458/5186/23 2454/8533/23 2453/5187/23
f 2460/5189/33 2458/8534/33 2457/5190/33
f 2455/5192/34 2460/8535/34 2459/5193/34
f 2458/5195/35 2460/8536/35 2455/5196/35
f 2453/5198/16 2456/8537/16 2459/5199/16
f 2493/5201/149 2570/8538/149 2569/5202/149
f 2492/5204/16 2490/8539/16 2358/5205/16
f 444/5207/35 441/8540/35 335/5208/35
f 1632/5210/35 1629/8541/35 1521/5211/35
f 2465/5213/53 2466/8542/53 2467/5214/53
f 2469/5216/23 2465/8543/23 2464/5217/23
f 2471/5219/49 2469/8544/49 2468/5220/49
f 2466/5222/34 2471/8545/34 2470/5223/34
f 2469/5225/35 2471/8546/35 2466/5226/35
f 2473/5228/51 2474/8547/51 2475/5229/51
f 2476/5231/34 2477/8548/34 2474/5232/34
f 2478/5234/49 2479/8549/49 2477/5235/49
f 2472/5237/78 2475/8550/78 2479/5238/78
f 2476/5240/35 2473/8551/35 2472/5241/35
f 2481/5243/32 2482/8552/32 2483/5244/32
f 2485/5246/23 2481/8553/23 2480/5247/23
f 2487/5249/33 2485/8554/33 2484/5250/33
f 2482/5252/50 2487/8555/50 2486/5253/50
f 2485/5255/35 2487/8556/35 2482/5256/35
f 2480/5258/16 2483/8557/16 2486/5259/16
f 1739/5261/57 1740/8558/57 1632/5262/57
f 2569/5264/16 2571/8559/16 2495/5265/16
f 1165/5267/50 1306/8560/50 1307/5268/50
f 841/5270/16 842/8561/16 768/5271/16
f 2498/5273/51 2499/8562/51 2500/5274/51
f 2502/5276/23 2498/8563/23 2497/5277/23
f 2504/5279/56 2502/8564/56 2501/5280/56
f 2499/5282/60 2504/8565/60 2503/5283/60
f 2502/5285/35 2504/8566/35 2499/5286/35
f 2506/5288/51 2507/8567/51 2508/5289/51
f 2509/5291/60 2510/8568/60 2507/5292/60
f 2511/5294/56 2512/8569/56 2510/5295/56
f 2505/5297/23 2508/8570/23 2512/5298/23
f 2509/5300/35 2506/8571/35 2505/5301/35
f 2514/5303/32 2515/8572/32 2516/5304/32
f 2518/5306/23 2514/8573/23 2513/5307/23
f 2520/5309/33 2518/8574/33 2517/5310/33
f 2515/5312/34 2520/8575/34 2519/5313/34
f 2518/5315/35 2520/8576/35 2515/5316/35
f 2513/5318/16 2516/8577/16 2519/5319/16
f 2577/5321/35 2603/8578/35 2491/5322/35
f 2496/5324/35 2461/8579/35 2355/5325/35
f 2573/5327/34 2462/8580/34 2490/5328/34
f 658/5330/16 625/8581/16 552/5331/16
f 2522/5333/51 2523/8582/51 2524/5334/51
f 2526/5336/74 2522/8583/74 2521/5337/74
f 2528/5339/56 2526/8584/56 2525/5340/56
f 2523/5342/34 2528/8585/34 2527/5343/34
f 2526/5345/35 2528/8586/35 2523/5346/35
f 2530/5348/51 2531/8587/51 2532/5349/51
f 2533/5351/205 2534/8588/205 2531/5352/205
f 2535/5354/56 2536/8589/56 2534/5355/56
f 2529/5357/74 2532/8590/74 2536/5358/74
f 2533/5360/35 2530/8591/35 2529/5361/35
f 2538/5363/32 2539/8592/32 2540/5364/32
f 2542/5366/23 2538/8593/23 2537/5367/23
f 2544/5369/33 2542/8594/33 2541/5370/33
f 2539/5372/34 2544/8595/34 2543/5373/34
f 2542/5375/35 2544/8596/35 2539/5376/35
f 2537/5378/16 2540/8597/16 2543/5379/16
f 2461/5381/23 2604/8598/23 2575/5382/23
f 2546/5384/53 2547/8599/53 2548/5385/53
f 2550/5387/23 2546/8600/23 2545/5388/23
f 2552/5390/49 2550/8601/49 2549/5391/49
f 2547/5393/34 2552/8602/34 2551/5394/34
f 2550/5396/35 2552/8603/35 2547/5397/35
f 2554/5399/53 2555/8604/53 2556/5400/53
f 2557/5402/79 2558/8605/79 2555/5403/79
f 2559/5405/49 2560/8606/49 2558/5406/49
f 2553/5408/23 2556/8607/23 2560/5409/23
f 2557/5411/35 2554/8608/35 2553/5412/35
f 2562/5414/32 2563/8609/32 2564/5415/32
f 2566/5417/23 2562/8610/23 2561/5418/23
f 2568/5420/33 2566/8611/33 2565/5421/33
f 2563/5423/34 2568/8612/34 2567/5424/34
f 2566/5426/35 2568/8613/35 2563/5427/35
f 2561/5429/16 2564/8614/16 2567/5430/16
f 2570/5432/34 2677/8615/34 2711/5433/50
f 441/5435/23 550/8616/23 548/5436/23
f 2574/5438/50 2492/8617/50 2491/5439/50
f 1381/5441/50 1412/8618/50 1520/5442/50
f 2579/5444/53 2580/8619/53 2581/5445/53
f 2583/5447/23 2579/8620/23 2578/5448/23
f 2585/5450/49 2583/8621/49 2582/5451/49
f 2580/5453/34 2585/8622/34 2584/5454/34
f 2583/5456/35 2585/8623/35 2580/5457/35
f 2587/5459/83 2588/8624/83 2589/5460/83
f 2590/5462/34 2591/8625/34 2588/5463/34
f 2592/5465/49 2593/8626/49 2591/5466/49
f 2586/5468/23 2589/8627/23 2593/5469/23
f 2590/5471/35 2587/8628/35 2586/5472/35
f 2595/5474/32 2596/8629/32 2597/5475/32
f 2599/5477/23 2595/8630/23 2594/5478/23
f 2601/5480/33 2599/8631/33 2598/5481/33
f 2596/5483/34 2601/8632/34 2600/5484/34
f 2599/5486/35 2601/8633/35 2596/5487/35
f 2594/5489/16 2597/8634/16 2600/5490/16
f 1623/5492/57 1598/8635/57 1707/5493/57
f 2711/5495/216 2678/8636/145 2571/5496/16
f 2606/5498/103 2607/8637/103 2608/5499/103
f 2610/5501/23 2606/8638/23 2605/5502/23
f 2612/5504/49 2610/8639/49 2609/5505/49
f 2607/5507/34 2612/8640/34 2611/5508/34
f 2610/5510/35 2612/8641/35 2607/5511/35
f 2614/5513/51 2615/8642/51 2616/5514/51
f 2617/5516/39 2618/8643/39 2615/5517/39
f 2619/5519/49 2620/8644/49 2618/5520/49
f 2613/5522/23 2616/8645/23 2620/5523/23
f 2617/5525/35 2614/8646/35 2613/5526/35
f 2622/5528/32 2623/8647/32 2624/5529/32
f 2626/5531/23 2622/8648/23 2621/5532/23
f 2628/5534/33 2626/8649/33 2625/5535/33
f 2623/5537/34 2628/8650/34 2627/5538/34
f 2626/5540/35 2628/8651/35 2623/5541/35
f 2621/5543/16 2624/8652/16 2627/5544/16
f 2630/5546/51 2631/8653/51 2632/5547/51
f 2634/5549/74 2630/8654/74 2629/5550/74
f 2636/5552/56 2634/8655/56 2633/5553/56
f 2631/5555/34 2636/8656/34 2635/5556/34
f 2634/5558/35 2636/8657/35 2631/5559/35
f 2638/5561/51 2639/8658/51 2640/5562/51
f 2641/5564/34 2642/8659/34 2639/5565/34
f 2643/5567/56 2644/8660/56 2642/5568/56
f 2637/5570/23 2640/8661/23 2644/5571/23
f 2641/5573/35 2638/8662/35 2637/5574/35
f 2646/5576/32 2647/8663/32 2648/5577/32
f 2650/5579/23 2646/8664/23 2645/5580/23
f 2652/5582/33 2650/8665/33 2649/5583/33
f 2647/5585/50 2652/8666/50 2651/5586/50
f 2650/5588/35 2652/8667/35 2647/5589/35
f 2645/5591/16 2648/8668/16 2651/5592/16
f 2710/5594/16 2683/8669/16 2576/5595/16
f 2604/5597/23 2679/8670/23 2682/5598/23
f 760/5600/23 872/8671/23 873/5601/23
f 2683/5603/34 2712/8672/34 2573/5604/34
f 1738/5606/35 1705/8673/35 1628/5607/35
f 2654/5609/51 2655/8674/51 2656/5610/51
f 2658/5612/23 2654/8675/23 2653/5613/23
f 2660/5615/56 2658/8676/56 2657/5616/56
f 2655/5618/34 2660/8677/34 2659/5619/34
f 2658/5621/35 2660/8678/35 2655/5622/35
f 2662/5624/103 2663/8679/103 2664/5625/103
f 2665/5627/205 2666/8680/205 2663/5628/205
f 2667/5630/56 2668/8681/56 2666/5631/56
f 2661/5633/74 2664/8682/74 2668/5634/74
f 2665/5636/35 2662/8683/35 2661/5637/35
f 2670/5639/32 2671/8684/32 2672/5640/32
f 2674/5642/23 2670/8685/23 2669/5643/23
f 2676/5645/33 2674/8686/33 2673/5646/33
f 2671/5648/34 2676/8687/34 2675/5649/34
f 2674/5651/35 2676/8688/35 2671/5652/35
f 2669/5654/16 2672/8689/16 2675/5655/16
f 443/5657/23 444/8690/23 336/5658/23
f 2683/5660/50 2746/8691/163 2742/5661/217
f 2709/5663/35 2681/8692/35 2603/5664/35
f 2685/5666/53 2686/8693/53 2687/5667/53
f 2689/5669/23 2685/8694/23 2684/5670/23
f 2691/5672/56 2689/8695/56 2688/5673/56
f 2686/5675/34 2691/8696/34 2690/5676/34
f 2689/5678/35 2691/8697/35 2686/5679/35
f 2693/5681/53 2694/8698/53 2695/5682/53
f 2696/5684/34 2697/8699/34 2694/5685/34
f 2698/5687/56 2699/8700/56 2697/5688/56
f 2692/5690/23 2695/8701/23 2699/5691/23
f 2696/5693/35 2693/8702/35 2692/5694/35
f 2701/5696/32 2702/8703/32 2703/5697/32
f 2705/5699/57 2701/8704/57 2700/5700/57
f 2707/5702/33 2705/8705/33 2704/5703/33
f 2702/5705/34 2707/8706/34 2706/5706/34
f 2705/5708/35 2707/8707/35 2702/5709/35
f 2700/5711/16 2703/8708/16 2706/5712/16
f 2678/5714/63 2680/8709/46 2572/5715/46
f 2573/5717/35 2570/8710/35 2493/5718/35
f 547/5720/34 551/8711/34 442/5721/34
f 92/5723/218 91/8712/27 5/5724/219
f 768/5726/23 733/8713/23 626/5727/23
f 2742/5729/220 2738/8714/165 2677/5730/55
f 2711/5732/96 2737/8715/221 2739/5733/222
f 2/5735/223 1/8716/224 117/5736/225
f 2748/5738/226 2708/8717/76 2682/5739/76
f 2741/5741/157 2740/8718/227 2679/5742/93
f 2714/5744/53 2715/8719/53 2716/5745/53
f 2718/5747/23 2714/8720/23 2713/5748/23
f 2720/5750/49 2718/8721/49 2717/5751/49
f 2715/5753/34 2720/8722/34 2719/5754/34
f 2718/5756/35 2720/8723/35 2715/5757/35
f 2722/5759/53 2723/8724/53 2724/5760/53
f 2725/5762/34 2726/8725/34 2723/5763/34
f 2727/5765/49 2728/8726/49 2726/5766/49
f 2721/5768/23 2724/8727/23 2728/5769/23
f 2725/5771/35 2722/8728/35 2721/5772/35
f 2730/5774/32 2731/8729/32 2732/5775/32
f 2734/5777/23 2730/8730/23 2729/5778/23
f 2736/5780/33 2734/8731/33 2733/5781/33
f 2731/5783/41 2736/8732/41 2735/5784/41
f 2734/5786/35 2736/8733/35 2731/5787/35
f 2729/5789/16 2732/8734/16 2735/5790/16
f 2748/5792/143 2747/8735/144 2709/5793/23
f 2739/5795/228 2737/5799/229 2740/5796/230
f 2742/5798/231 2740/5796/232 2737/5799/233
f 2744/5801/234 2745/5805/235 2746/5802/236
f 2747/5804/237 2748/8736/238 2745/5805/239
f 2745/5805/179 2740/5796/240 2742/5798/241
f 2750/5806/53 2751/8737/53 2752/5807/53
f 2754/5809/23 2750/8738/23 2749/5810/23
f 2756/5812/49 2754/8739/49 2753/5813/49
f 2751/5815/34 2756/8740/34 2755/5816/34
f 2754/5818/35 2756/8741/35 2751/5819/35
f 2758/5821/53 2759/8742/53 2760/5822/53
f 2761/5824/34 2762/8743/34 2759/5825/34
f 2763/5827/49 2764/8744/49 2762/5828/49
f 2757/5830/23 2760/8745/23 2764/5831/23
f 2761/5833/35 2758/8746/35 2757/5834/35
f 2766/5836/32 2767/8747/32 2768/5837/32
f 2770/5839/23 2766/8748/23 2765/5840/23
f 2772/5842/33 2770/8749/33 2769/5843/33
f 2767/5845/34 2772/8750/34 2771/5846/34
f 2770/5848/35 2772/8751/35 2767/5849/35
f 2765/5851/16 2768/8752/16 2771/5852/16
f 2774/5854/242 2775/8753/185 2776/5855/243
f 2773/5856/244 2777/8754/245 2778/5857/246
f 2780/5858/187 2781/8755/188 2782/5859/189
f 2783/5861/8 2784/8756/9 2779/5860/7
f 2783/5861/14 2782/5859/15 2773/5856/247
f 2776/5862/248 2775/8757/26 2788/5863/24
f 2941/5865/35 2953/8758/35 2955/5866/35
f 2773/5868/249 2791/8759/19 2792/5869/31
f 2785/5871/195 2780/8760/196 2779/5872/197
f 3064/5874/50 3084/8761/50 3080/5875/250
f 2782/5877/21 2781/8762/22 2794/5878/27
f 2784/5880/28 2783/8763/251 2786/5881/27
f 3065/5883/16 3066/8764/16 3076/5884/16
f 2850/5886/16 2847/8765/16 2859/5887/16
f 2933/5889/16 2946/8766/16 2947/5890/16
f 2776/5892/252 2787/8767/50 2786/5893/201
f 2773/5895/253 2782/8768/199 2795/5896/74
f 3025/5898/16 3033/8769/16 3046/5899/16
f 2976/5901/57 2965/8770/57 2953/5902/57
f 2918/5904/35 2927/8771/35 2940/5905/35
f 2939/5907/16 2931/8772/16 2949/5908/16
f 2932/5910/50 2952/8773/50 2949/5911/50
f 2794/5913/141 2808/8774/35 2798/5914/35
f 2790/5916/141 2802/8775/35 2804/5917/35
f 2805/5919/34 2797/8776/34 2786/5920/60
f 2907/5922/34 2903/8777/34 2896/5923/34
f 3095/5925/203 3094/8778/204 3077/5926/55
f 2850/5928/23 2864/8779/23 2861/5929/23
f 2937/5931/46 2947/8780/46 2948/5932/46
f 2932/5934/35 2929/8781/35 2951/5935/35
f 3039/5937/35 3047/8782/35 3058/5938/35
f 2966/5940/35 2978/8783/35 2980/5941/35
f 2853/5943/23 2845/8784/23 2841/5944/23
f 2814/5946/34 2820/8785/34 2797/5947/34
f 2983/5949/16 2993/8786/16 2995/5950/16
f 2884/5952/16 2902/8787/16 2898/5953/16
f 2832/5955/34 2844/8788/34 2833/5956/34
f 2818/5958/35 2804/8789/35 2802/5959/35
f 2976/5961/16 2968/8790/16 2987/5962/16
f 2960/5964/46 2961/8791/46 2972/5965/46
f 2948/5967/57 2947/8792/57 2961/5968/57
f 2809/5970/16 2811/8793/16 2828/5971/16
f 2856/5973/34 2858/8794/34 2857/5974/34
f 2905/5976/16 2907/8795/16 2919/5977/16
f 3067/5979/41 3066/8796/41 3053/5980/41
f 2828/5982/34 2811/8797/34 2812/5983/34
f 3044/5985/23 3055/8798/23 3054/5986/23
f 3078/5988/57 3079/8799/57 3096/5989/254
f 2943/5991/16 2944/8800/16 2962/5992/16
f 2797/5994/35 2820/8801/35 2812/5995/35
f 2818/5997/34 2815/8802/34 2801/5998/34
f 2959/6000/50 2962/8803/50 2944/6001/50
f 2881/6003/23 2889/8804/23 2869/6004/23
f 2959/6006/35 2945/8805/35 2948/6007/35
f 2799/6009/34 2793/8806/41 2796/6010/60
f 2823/6012/35 2837/8807/35 2839/6013/35
f 2963/6015/16 2968/8808/16 2976/6016/16
f 2824/6018/23 2838/8809/23 2837/6019/23
f 2846/6021/34 2833/8810/34 2844/6022/34
f 2840/6024/23 2841/8811/23 2829/6025/23
f 2846/6027/16 2857/8812/16 2865/6028/16
f 3004/6030/46 3009/8813/46 3019/6031/46
f 2803/6033/16 2813/8814/16 2817/6034/16
f 2999/6036/57 2989/8815/57 2977/6037/57
f 2830/6039/23 2842/8816/23 2834/6040/23
f 2828/6042/16 2833/8817/16 2840/6043/16
f 2991/6045/35 2989/8818/35 3010/6046/35
f 2829/6048/35 2841/8819/35 2842/6049/35
f 2856/6051/35 2855/8820/35 2868/6052/35
f 3013/6054/16 3020/8821/16 3033/6055/16
f 2837/6057/23 2838/8822/23 2850/6058/23
f 2977/6060/35 2989/8823/35 2991/6061/35
f 2851/6063/35 2839/8824/35 2837/6064/35
f 2817/6066/16 2813/8825/16 2822/6067/16
f 3055/6069/57 3070/8826/57 3068/6070/57
f 3096/6072/226 3079/8827/76 3074/6073/76
f 2988/6075/46 2977/8828/46 2965/6076/46
f 2791/6078/16 2803/8829/16 2806/6079/16
f 2922/6081/35 2909/8830/35 2910/6082/35
f 2969/6084/34 2980/8831/34 2987/6085/34
f 2935/6087/50 2934/8832/50 2926/6088/50
f 2882/6090/34 2876/8833/34 2880/6091/34
f 2863/6093/34 2868/8834/34 2855/6094/34
f 3017/6096/16 3027/8835/16 3032/6097/16
f 3022/6099/35 3021/8836/35 3034/6100/35
f 2964/6102/46 2953/8837/46 2941/6103/46
f 2982/6105/23 2995/8838/23 2998/6106/23
f 2832/6108/35 2831/8839/35 2843/6109/35
f 3033/6111/34 3020/8840/34 3024/6112/34
f 2939/6114/23 2940/8841/23 2927/6115/23
f 2861/6117/35 2875/8842/35 2871/6118/35
f 2987/6120/16 2992/8843/16 2999/6121/16
f 3063/6123/16 3080/8844/216 3081/6124/145
f 3024/6126/35 3023/8845/35 3035/6127/35
f 3049/6129/16 3057/8846/16 3063/6130/16
f 2968/6132/34 2963/8847/34 2956/6133/34
f 2848/6135/34 2855/8848/34 2843/6136/34
f 2978/6138/35 2990/8849/35 3000/6139/35
f 2810/6141/35 2829/8850/35 2830/6142/35
f 2843/6144/35 2855/8851/35 2856/6145/35
f 2859/6147/23 2867/8852/23 2878/6148/23
f 2857/6150/16 2876/8853/16 2877/6151/16
f 2858/6153/35 2868/8854/35 2879/6154/35
f 2799/6156/34 2800/8855/34 2812/6157/34
f 2861/6159/23 2864/8856/23 2874/6160/23
f 2819/6162/23 2830/8857/23 2822/6163/23
f 2833/6165/16 2846/8858/16 2853/6166/16
f 2862/6168/34 2849/8859/34 2851/6169/34
f 2826/6171/16 2836/8860/16 2835/6172/16
f 2984/6174/50 2985/8861/50 2973/6175/50
f 2891/6177/34 2879/8862/34 2873/6178/34
f 2995/6180/16 2993/8863/16 3005/6181/16
f 2864/6183/16 2859/8864/16 2870/6184/16
f 2873/6186/16 2872/8865/16 2884/6187/16
f 3002/6189/16 3020/8866/16 3013/6190/16
f 3001/6192/23 3010/8867/23 2989/6193/23
f 2870/6195/23 2878/8868/23 2890/6196/23
f 2880/6198/35 2879/8869/35 2891/6199/35
f 3020/6201/34 3002/8870/34 3003/6202/34
f 2870/6204/16 2886/8871/16 2888/6205/16
f 2992/6207/16 3002/8872/16 3001/6208/16
f 2809/6210/23 2810/8873/23 2808/6211/23
f 2839/6213/34 2836/8874/34 2826/6214/34
f 2994/6216/16 3007/8875/16 3008/6217/16
f 2885/6219/35 2900/8876/35 2899/6220/35
f 2898/6222/34 2894/8877/34 2891/6223/34
f 2888/6225/16 2886/8878/16 2897/6226/16
f 2890/6228/23 2895/8879/23 2897/6229/23
f 2901/6231/16 2897/8880/16 2908/6232/16
f 2887/6234/50 2884/8881/50 2872/6235/50
f 2786/6237/141 2797/8882/35 2800/6238/35
f 2900/6240/46 2901/8883/46 2913/6241/46
f 2909/6243/34 2911/8884/34 2902/6244/34
f 2896/6246/35 2894/8885/35 2915/6247/35
f 3005/6249/16 3017/8886/16 3019/6250/16
f 3003/6252/35 3012/8887/35 3023/6253/35
f 3011/6255/35 3010/8888/35 3021/6256/35
f 2843/6258/34 2831/8889/34 2827/6259/34
f 2898/6261/16 2902/8890/16 2911/6262/16
f 2912/6264/34 2915/8891/34 2894/6265/34
f 3014/6267/41 3007/8892/41 3006/6268/41
f 2889/6270/35 2904/8893/35 2895/6271/35
f 2899/6273/34 2902/8894/34 2884/6274/34
f 2888/6276/23 2901/8895/23 2900/6277/23
f 2990/6279/35 3012/8896/35 3003/6280/35
f 2897/6282/23 2895/8897/23 2914/6283/23
f 2793/6285/59 2799/8898/16 2807/6286/16
f 3042/6288/16 3053/8899/16 3052/6289/16
f 3040/6291/16 3051/8900/16 3055/6292/16
f 2921/6294/34 2928/8901/34 2915/6295/34
f 2908/6297/23 2914/8902/23 2918/6298/23
f 3061/6300/57 3058/8903/57 3049/6301/57
f 2967/6303/35 2965/8904/35 2977/6304/35
f 2817/6306/23 2824/8905/23 2823/6307/23
f 2985/6309/16 2994/8906/16 2997/6310/16
f 2925/6312/46 2918/8907/46 2930/6313/46
f 2923/6315/35 2938/8908/35 2935/6316/35
f 2936/6318/34 2929/8909/34 2928/6319/34
f 2784/6321/206 2796/8910/50 2793/6322/39
f 2940/6324/35 2941/8911/35 2942/6325/35
f 2785/6327/98 2794/8912/88 2781/6328/207
f 2778/6330/255 2777/8913/224 2792/6331/46
f 2917/6333/16 2919/8914/16 2931/6334/16
f 2915/6336/35 2928/8915/35 2920/6337/35
f 2943/6339/50 2951/8916/50 2929/6340/50
f 3014/6342/16 3029/8917/16 3028/6343/16
f 3025/6345/23 3034/8918/23 3021/6346/23
f 3029/6348/16 3042/8919/16 3043/6349/16
f 2938/6351/35 2948/8920/35 2945/6352/35
f 2812/6354/35 2820/8921/35 2831/6355/35
f 3032/6357/63 3044/8922/63 3045/6358/63
f 2930/6360/57 2942/8923/57 2946/6361/57
f 3050/6363/35 3060/8924/35 3072/6364/35
f 3049/6366/23 3058/8925/23 3047/6367/23
f 2996/6369/35 2984/8926/35 2986/6370/35
f 3055/6372/16 3051/8927/16 3069/6373/16
f 2873/6375/34 2879/8928/34 2868/6376/34
f 2821/6378/23 2829/8929/23 2810/6379/23
f 2954/6381/34 2951/8930/34 2943/6382/34
f 3068/6384/23 3070/8931/23 3079/6385/23
f 2946/6387/23 2942/8932/23 2955/6388/23
f 3077/6390/35 3067/8933/35 3068/6391/35
f 2952/6393/35 2951/8934/35 2954/6394/35
f 2955/6396/35 2953/8935/35 2965/6397/35
f 2974/6399/34 2966/8936/34 2954/6400/34
f 2827/6402/34 2831/8937/34 2820/6403/34
f 2877/6405/23 2869/8938/23 2866/6406/23
f 2956/6408/35 2954/8939/35 2966/6409/35
f 2960/6411/35 2975/8940/35 2971/6412/35
f 2871/6414/34 2872/8941/34 2862/6415/34
f 2962/6417/16 2973/8942/16 2974/6418/16
f 2798/6420/35 2808/8943/35 2810/6421/35
f 2971/6423/41 2973/8944/41 2962/6424/41
f 2803/6426/23 2798/8945/23 2819/6427/23
f 2911/6429/16 2926/8946/16 2921/6430/16
f 2957/6432/23 2955/8947/23 2967/6433/23
f 2961/6435/16 2957/8948/16 2970/6436/16
f 2972/6438/16 2970/8949/16 2983/6439/16
f 2790/6441/57 2792/8950/57 2806/6442/23
f 2978/6444/34 2966/8951/34 2974/6445/34
f 2923/6447/57 2924/8952/57 2937/6448/57
f 2945/6450/41 2944/8953/41 2934/6451/41
f 2972/6453/256 2982/8954/256 2986/6454/256
f 2858/6456/34 2880/8955/34 2876/6457/34
f 2845/6459/35 2866/8956/35 2867/6460/35
f 2967/6462/46 2979/8957/46 2983/6463/46
f 2974/6465/16 2973/8958/16 2985/6466/16
f 2927/6468/23 2906/8959/23 2905/6469/23
f 2860/6471/35 2851/8960/35 2852/6472/35
f 3052/6474/16 3053/8961/16 3066/6475/16
f 2822/6477/16 2834/8962/16 2838/6478/16
f 2996/6480/41 2994/8963/41 2985/6481/41
f 2854/6483/23 2867/8964/23 2859/6484/23
f 2997/6486/50 2990/8965/50 2978/6487/50
f 2979/6489/23 2991/8966/23 2993/6490/23
f 3069/6492/16 3074/8967/16 3079/6493/16
f 2980/6495/34 3000/8968/34 2992/6496/34
f 2895/6498/35 2904/8969/35 2906/6499/35
f 2900/6501/35 2910/8970/35 2909/6502/35
f 2804/6504/34 2801/8971/34 2788/6505/42
f 2849/6507/16 2862/8972/16 2863/6508/16
f 2866/6510/35 2869/8973/35 2878/6511/35
f 2834/6513/16 2847/8974/16 2850/6514/16
f 2801/6516/16 2815/8975/16 2814/6517/16
f 2834/6519/23 2842/8976/23 2854/6520/23
f 2905/6522/23 2906/8977/23 2904/6523/23
f 2993/6525/46 2991/8978/46 3011/6526/46
f 3002/6528/41 2992/8979/41 3000/6529/41
f 2851/6531/34 2849/8980/34 2836/6532/34
f 2996/6534/35 2998/8981/35 3004/6535/35
f 2862/6537/16 2872/8982/16 2873/6538/16
f 3008/6540/34 3012/8983/34 2990/6541/34
f 2995/6543/256 3009/8984/256 3004/6544/256
f 2893/6546/23 2904/8985/23 2889/6547/23
f 3006/6549/50 3007/8986/50 2994/6550/50
f 2874/6552/23 2888/8987/23 2885/6553/23
f 2841/6555/35 2845/8988/35 2854/6556/35
f 2891/6558/35 2894/8989/35 2896/6559/35
f 2787/6561/80 2788/8990/59 2801/6562/16
f 2882/6564/16 2903/8991/16 2893/6565/16
f 3007/6567/16 3014/8992/16 3018/6568/16
f 2892/6570/34 2896/8993/34 2903/6571/34
f 2816/6573/35 2823/8994/35 2825/6574/35
f 2836/6576/16 2849/8995/16 2848/6577/16
f 2869/6579/35 2889/8996/35 2890/6580/35
f 3015/6582/35 3006/8997/35 3004/6583/35
f 3018/6585/34 3023/8998/34 3012/6586/34
f 3005/6588/23 3011/8999/23 3022/6589/23
f 2925/6591/16 2933/9000/16 2937/6592/16
f 2788/6594/71 2775/9001/72 2774/6595/257
f 2920/6597/41 2932/9002/41 2931/6598/41
f 3016/6600/35 3031/9003/35 3030/6601/35
f 3036/6603/34 3048/9004/34 3046/6604/34
f 3017/6606/46 3022/9005/46 3026/6607/46
f 2814/6609/16 2815/9006/16 2826/6610/16
f 3028/6612/34 3035/9007/34 3023/6613/34
f 2865/6615/23 2866/9008/23 2845/6616/23
f 3030/6618/50 3029/9009/50 3014/6619/50
f 3035/6621/35 3038/9010/35 3048/6622/35
f 2877/6624/16 2876/9011/16 2882/6625/16
f 3043/6627/34 3038/9012/34 3035/6628/34
f 3027/6630/57 3026/9013/57 3039/6631/57
f 3042/6633/41 3029/9014/41 3030/6634/41
f 3031/6636/35 3045/9015/35 3041/6637/35
f 3032/6639/16 3027/9016/16 3040/6640/16
f 3016/6642/23 3019/9017/23 3032/6643/23
f 2807/6645/23 2808/9018/23 2794/6646/82
f 3026/6648/35 3034/9019/35 3047/6649/35
f 3037/6651/57 3047/9020/57 3034/6652/57
f 3037/6654/16 3046/9021/16 3057/6655/16
f 3045/6657/35 3054/9022/35 3056/6658/35
f 3052/6660/34 3060/9023/34 3038/6661/34
f 2950/6663/16 2949/9024/16 2963/6664/16
f 3040/6666/23 3039/9025/23 3059/6667/23
f 2914/6669/35 2906/9026/35 2927/6670/35
f 3057/6672/50 3046/9027/50 3048/6673/50
f 3038/6675/35 3060/9028/35 3050/6676/35
f 2875/6678/35 2885/9029/35 2887/6679/35
f 2941/6681/23 2940/9030/23 2939/6682/23
f 2926/6684/16 2934/9031/16 2936/6685/16
f 3056/6687/50 3053/9032/50 3042/6688/50
f 2934/6690/16 2944/9033/16 2943/6691/16
f 3072/6693/35 3083/9034/35 3084/6694/35
f 2984/6696/35 2971/9035/35 2975/6697/35
f 2913/6699/23 2924/9036/23 2923/6700/23
f 3076/6702/34 3066/9037/34 3067/6703/34
f 3067/6705/35 3056/9038/35 3054/6706/35
f 3072/6708/34 3060/9039/34 3052/6709/34
f 2802/6711/23 2806/9040/23 2817/6712/23
f 2922/6714/34 2926/9041/34 2911/6715/34
f 2916/6717/50 2920/9042/50 2919/6718/50
f 2908/6720/16 2925/9043/16 2924/6721/16
f 3085/6723/258 3086/9044/215 3082/6724/23
f 3062/6726/35 3061/9045/35 3082/6727/35
f 2947/6729/16 2946/9046/16 2957/6730/16
f 2799/6732/16 2811/9047/16 2809/6733/16
f 3059/6735/23 3062/9048/23 3069/6736/23
f 3050/6738/34 3064/9049/34 3063/6739/34
f 3074/6741/57 3073/9050/57 3088/6742/259
f 3059/6744/35 3058/9051/35 3061/6745/35
f 3081/6747/63 3082/9052/46 3061/6748/46
f 3075/6750/41 3083/9053/41 3072/6751/41
f 2825/6753/34 2826/9054/34 2815/6754/34
f 3013/6756/23 3021/9055/23 3010/6757/23
f 3069/6759/23 3062/9056/23 3073/6760/23
f 3089/6762/260 3080/9057/201 3084/6763/41
f 2928/6765/35 2929/9058/35 2932/6766/35
f 2795/6768/82 2798/9059/23 2803/6769/23
f 2789/6771/20 2774/9060/261 2778/6772/262
f 2952/6774/34 2956/9061/34 2963/6775/34
f 3073/6777/55 3082/9062/55 3086/6778/263
f 3085/6780/264 3081/9063/96 3080/6781/160
f 3087/6783/265 3083/9064/34 3075/6784/34
f 2893/6786/16 2903/9065/16 2907/6787/16
f 3092/6789/266 3075/9066/76 3076/6790/76
f 3084/6792/267 3083/9067/267 3087/6793/268
f 3088/6795/269 3086/9068/107 3085/6796/270
f 3089/6798/271 3090/9069/272 3087/6797/273
f 3092/6799/274 3093/9070/275 3094/6800/276
f 3095/6802/277 3096/9071/278 3091/6801/279
f 3087/6797/280 3092/6799/119 3091/6801/281
f 3093/6803/282 3076/9072/210 3077/6804/210
