# Blender 4.3.0
# www.blender.org
o curve_10x
v 0.139523 0.025803 0.000000
v 0.199523 0.025803 0.000000
v 0.139523 0.041289 0.000000
v 0.147634 0.085803 0.000000
v 0.181778 0.071584 0.000000
v 0.157268 0.041289 0.000000
v 0.147634 0.071584 0.000000
v 0.157268 0.071584 0.000000
v 0.181778 0.041289 0.000000
v 0.191412 0.071584 0.000000
v 0.199523 0.041289 0.000000
v 0.191412 0.085803 0.000000
v 0.860477 0.025803 0.000000
v 0.800477 0.025803 0.000000
v 0.860477 0.041289 0.000000
v 0.852366 0.085803 0.000000
v 0.818222 0.071584 0.000000
v 0.842732 0.041289 0.000000
v 0.852366 0.071584 0.000000
v 0.842732 0.071584 0.000000
v 0.818222 0.041289 0.000000
v 0.808588 0.071584 0.000000
v 0.800477 0.041289 0.000000
v 0.808588 0.085803 0.000000
v 0.818263 -0.025279 -0.108758
v 0.818263 0.054721 -0.108758
v 0.788273 -0.025279 -0.107998
v 0.788273 0.054721 -0.107998
v 0.787513 -0.025279 -0.137989
v 0.787513 0.054721 -0.137989
v 0.817503 -0.025279 -0.138749
v 0.817503 0.054721 -0.138749
v 0.182733 -0.025279 -0.092653
v 0.182733 0.054721 -0.092653
v 0.212723 -0.025279 -0.093413
v 0.212723 0.054721 -0.093413
v 0.211963 -0.025279 -0.123404
v 0.211963 0.054721 -0.123404
v 0.181973 -0.025279 -0.122644
v 0.181973 0.054721 -0.122644
v 0.971740 -0.030000 -0.057630
v 0.971740 0.030000 -0.057630
v 0.032042 -0.030000 -0.033817
v 0.032042 0.030000 -0.033817
v 0.028495 -0.030000 -0.173772
v 0.028495 0.030000 -0.173772
v 0.968194 -0.030000 -0.197585
v 0.968194 0.030000 -0.197585
v 0.812357 -0.025279 -0.357447
v 0.812357 0.054721 -0.357447
v 0.782395 -0.025279 -0.355927
v 0.782395 0.054721 -0.355927
v 0.780876 -0.025279 -0.385889
v 0.780876 0.054721 -0.385889
v 0.810838 -0.025279 -0.387408
v 0.810838 0.054721 -0.387408
v 0.177439 -0.025279 -0.325247
v 0.177439 0.054721 -0.325247
v 0.207400 -0.025279 -0.326767
v 0.207400 0.054721 -0.326767
v 0.205881 -0.025279 -0.356728
v 0.205881 0.054721 -0.356728
v 0.175919 -0.025279 -0.355209
v 0.175919 0.054721 -0.355209
v 0.967080 -0.030000 -0.310223
v 0.967080 0.030000 -0.310223
v 0.028287 -0.030000 -0.262612
v 0.028287 0.030000 -0.262612
v 0.021196 -0.030000 -0.402433
v 0.021196 0.030000 -0.402433
v 0.959990 -0.030000 -0.450043
v 0.959990 0.030000 -0.450043
v 0.800153 -0.025279 -0.605906
v 0.800153 0.054721 -0.605906
v 0.770240 -0.025279 -0.603627
v 0.770240 0.054721 -0.603627
v 0.767962 -0.025279 -0.633541
v 0.767962 0.054721 -0.633541
v 0.797875 -0.025279 -0.635819
v 0.797875 0.054721 -0.635819
v 0.166254 -0.025279 -0.557632
v 0.166254 0.054721 -0.557632
v 0.196168 -0.025279 -0.559910
v 0.196168 0.054721 -0.559910
v 0.193890 -0.025279 -0.589824
v 0.193890 0.054721 -0.589824
v 0.163976 -0.025279 -0.587546
v 0.163976 0.054721 -0.587546
v 0.956023 -0.030000 -0.562616
v 0.956023 0.030000 -0.562616
v 0.018737 -0.030000 -0.491239
v 0.018737 0.030000 -0.491239
v 0.008106 -0.030000 -0.630835
v 0.008106 0.030000 -0.630835
v 0.945392 -0.030000 -0.702212
v 0.945392 0.030000 -0.702212
v 0.781659 -0.025279 -0.853976
v 0.781659 0.054721 -0.853976
v 0.751813 -0.025279 -0.850940
v 0.751813 0.054721 -0.850940
v 0.748778 -0.025279 -0.880787
v 0.748778 0.054721 -0.880787
v 0.778624 -0.025279 -0.883822
v 0.778624 0.054721 -0.883822
v 0.149186 -0.025279 -0.789659
v 0.149186 0.054721 -0.789659
v 0.179033 -0.025279 -0.792694
v 0.179033 0.054721 -0.792694
v 0.175998 -0.025279 -0.822541
v 0.175998 0.054721 -0.822541
v 0.146151 -0.025279 -0.819505
v 0.146151 0.054721 -0.819505
v 0.938576 -0.030000 -0.814649
v 0.938576 0.030000 -0.814649
v 0.003398 -0.030000 -0.719550
v 0.003398 0.030000 -0.719550
v -0.010765 -0.030000 -0.858832
v -0.010765 0.030000 -0.858832
v 0.924412 -0.030000 -0.953930
v 0.924412 0.030000 -0.953930
v 0.756886 -0.025279 -1.101498
v 0.756886 0.054721 -1.101498
v 0.727127 -0.025279 -1.097707
v 0.727127 0.054721 -1.097707
v 0.723336 -0.025279 -1.127467
v 0.723336 0.054721 -1.127467
v 0.753096 -0.025279 -1.131257
v 0.753096 0.054721 -1.131257
v 0.126246 -0.025279 -1.021180
v 0.126246 0.054721 -1.021180
v 0.156006 -0.025279 -1.024970
v 0.156006 0.054721 -1.024970
v 0.152216 -0.025279 -1.054729
v 0.152216 0.054721 -1.054729
v 0.122456 -0.025279 -1.050939
v 0.122456 0.054721 -1.050939
v 0.914749 -0.030000 -1.066158
v 0.914749 0.030000 -1.066158
v -0.017719 -0.030000 -0.947400
v -0.017719 0.030000 -0.947400
v -0.035407 -0.030000 -1.086278
v -0.035407 0.030000 -1.086278
v 0.897061 -0.030000 -1.205037
v 0.897061 0.030000 -1.205037
v 0.725851 -0.025279 -1.348312
v 0.725851 0.054721 -1.348312
v 0.696197 -0.025279 -1.343770
v 0.696197 0.054721 -1.343770
v 0.691654 -0.025279 -1.373424
v 0.691654 0.054721 -1.373424
v 0.721308 -0.025279 -1.377966
v 0.721308 0.054721 -1.377966
v 0.097448 -0.025279 -1.252045
v 0.097448 0.054721 -1.252045
v 0.127102 -0.025279 -1.256587
v 0.127102 0.054721 -1.256587
v 0.122559 -0.025279 -1.286242
v 0.122559 0.054721 -1.286242
v 0.092905 -0.025279 -1.281699
v 0.092905 0.054721 -1.281699
v 0.884558 -0.030000 -1.316984
v 0.884558 0.030000 -1.316984
v -0.044602 -0.030000 -1.174642
v -0.044602 0.030000 -1.174642
v -0.065802 -0.030000 -1.313027
v -0.065802 0.030000 -1.313027
v 0.863358 -0.030000 -1.455369
v 0.863358 0.030000 -1.455369
v 0.688574 -0.025279 -1.594262
v 0.688574 0.054721 -1.594262
v 0.659044 -0.025279 -1.588969
v 0.659044 0.054721 -1.588969
v 0.653752 -0.025279 -1.618499
v 0.653752 0.054721 -1.618499
v 0.683281 -0.025279 -1.623791
v 0.683281 0.054721 -1.623791
v 0.062811 -0.025279 -1.482106
v 0.062811 0.054721 -1.482106
v 0.092341 -0.025279 -1.487398
v 0.092341 0.054721 -1.487398
v 0.087048 -0.025279 -1.516928
v 0.087048 0.054721 -1.516928
v 0.057518 -0.025279 -1.511635
v 0.057518 0.054721 -1.511635
v 0.848024 -0.030000 -1.566964
v 0.848024 0.030000 -1.566964
v -0.077233 -0.030000 -1.401129
v -0.077233 0.030000 -1.401129
v -0.101931 -0.030000 -1.538933
v -0.101931 0.030000 -1.538933
v 0.823325 -0.030000 -1.704768
v 0.823325 0.030000 -1.704768
v 0.645077 -0.025279 -1.839188
v 0.645077 0.054721 -1.839188
v 0.615692 -0.025279 -1.833149
v 0.615692 0.054721 -1.833149
v 0.609653 -0.025279 -1.862535
v 0.609653 0.054721 -1.862535
v 0.639039 -0.025279 -1.868574
v 0.639039 0.054721 -1.868574
v 0.022357 -0.025279 -1.711216
v 0.022357 0.054721 -1.711216
v 0.051743 -0.025279 -1.717255
v 0.051743 0.054721 -1.717255
v 0.045704 -0.025279 -1.746641
v 0.045704 0.054721 -1.746641
v 0.016318 -0.025279 -1.740602
v 0.016318 0.054721 -1.740602
v 0.805168 -0.030000 -1.815938
v 0.805168 0.030000 -1.815938
v -0.115591 -0.030000 -1.626717
v -0.115591 0.030000 -1.626717
v -0.143772 -0.030000 -1.763852
v -0.143772 0.030000 -1.763852
v 0.776986 -0.030000 -1.953072
v 0.776986 0.030000 -1.953072
v 0.595391 -0.025279 -2.082934
v 0.595391 0.054721 -2.082934
v 0.566167 -0.025279 -2.076153
v 0.566167 0.054721 -2.076153
v 0.559386 -0.025279 -2.105376
v 0.559386 0.054721 -2.105376
v 0.588609 -0.025279 -2.112157
v 0.588609 0.054721 -2.112157
v -0.023888 -0.025279 -1.939227
v -0.023888 0.054721 -1.939227
v 0.005335 -0.025279 -1.946009
v 0.005335 0.054721 -1.946009
v -0.001446 -0.025279 -1.975232
v -0.001446 0.054721 -1.975232
v -0.030670 -0.025279 -1.968451
v -0.030670 0.054721 -1.968451
v 0.756019 -0.030000 -2.063747
v 0.756019 0.030000 -2.063747
v -0.159651 -0.030000 -1.851262
v -0.159651 0.030000 -1.851262
v -0.191298 -0.030000 -1.987638
v -0.191298 0.030000 -1.987638
v 0.724372 -0.030000 -2.200123
v 0.724372 0.030000 -2.200123
v 0.539545 -0.025279 -2.325343
v 0.539545 0.054721 -2.325343
v 0.510503 -0.025279 -2.317823
v 0.510503 0.054721 -2.317823
v 0.502983 -0.025279 -2.346865
v 0.502983 0.054721 -2.346865
v 0.532025 -0.025279 -2.354385
v 0.532025 0.054721 -2.354385
v -0.075895 -0.025279 -2.165994
v -0.075895 0.054721 -2.165994
v -0.046852 -0.025279 -2.173514
v -0.046852 0.054721 -2.173514
v -0.054372 -0.025279 -2.202556
v -0.054372 0.054721 -2.202556
v -0.083414 -0.025279 -2.195037
v -0.083414 0.054721 -2.195037
v 0.700607 -0.030000 -2.310231
v 0.700607 0.030000 -2.310231
v -0.209385 -0.030000 -2.074618
v -0.209385 0.030000 -2.074618
v -0.244477 -0.030000 -2.210148
v -0.244477 0.030000 -2.210148
v 0.665516 -0.030000 -2.445762
v 0.665516 0.030000 -2.445762
v 0.477576 -0.025279 -2.566259
v 0.477576 0.054721 -2.566259
v 0.448734 -0.025279 -2.558006
v 0.448734 0.054721 -2.558006
v 0.440481 -0.025279 -2.586848
v 0.440481 0.054721 -2.586848
v 0.469324 -0.025279 -2.595101
v 0.469324 0.054721 -2.595101
v -0.133629 -0.025279 -2.391371
v -0.133629 0.054721 -2.391371
v -0.104787 -0.025279 -2.399624
v -0.104787 0.054721 -2.399624
v -0.113039 -0.025279 -2.428466
v -0.113039 0.054721 -2.428466
v -0.141882 -0.025279 -2.420213
v -0.141882 0.054721 -2.420213
v 0.638970 -0.030000 -2.555232
v 0.638970 0.030000 -2.555232
v -0.264762 -0.030000 -2.296642
v -0.264762 0.030000 -2.296642
v -0.303275 -0.030000 -2.431240
v -0.303275 0.030000 -2.431240
v 0.600457 -0.030000 -2.689831
v 0.600457 0.030000 -2.689831
v 0.409525 -0.025279 -2.805528
v 0.409525 0.054721 -2.805528
v 0.380901 -0.025279 -2.796547
v 0.380901 0.054721 -2.796547
v 0.371920 -0.025279 -2.825171
v 0.371920 0.054721 -2.825171
v 0.400544 -0.025279 -2.834152
v 0.400544 0.054721 -2.834152
v -0.197054 -0.025279 -2.615213
v -0.197054 0.054721 -2.615213
v -0.168430 -0.025279 -2.624194
v -0.168430 0.054721 -2.624194
v -0.177411 -0.025279 -2.652818
v -0.177411 0.054721 -2.652818
v -0.206035 -0.025279 -2.643837
v -0.206035 0.054721 -2.643837
v 0.571146 -0.030000 -2.798594
v 0.571146 0.030000 -2.798594
v -0.325745 -0.030000 -2.517192
v -0.325745 0.030000 -2.517192
v -0.367656 -0.030000 -2.650772
v -0.367656 0.030000 -2.650772
v 0.529235 -0.030000 -2.932173
v 0.529235 0.030000 -2.932173
v 0.335433 -0.025279 -3.042997
v 0.335433 0.054721 -3.042997
v 0.307046 -0.025279 -3.033293
v 0.307046 0.054721 -3.033293
v 0.297343 -0.025279 -3.061681
v 0.297343 0.054721 -3.061681
v 0.325730 -0.025279 -3.071384
v 0.325730 0.054721 -3.071384
v -0.266130 -0.025279 -2.837376
v -0.266130 0.054721 -2.837376
v -0.237742 -0.025279 -2.847079
v -0.237742 0.054721 -2.847079
v -0.247445 -0.025279 -2.875466
v -0.247445 0.054721 -2.875466
v -0.275833 -0.025279 -2.865763
v -0.275833 0.054721 -2.865763
v 0.497178 -0.030000 -3.040159
v 0.497178 0.030000 -3.040159
v -0.392296 -0.030000 -2.736127
v -0.392296 0.030000 -2.736127
v -0.437578 -0.030000 -2.868602
v -0.437578 0.030000 -2.868602
v 0.451897 -0.030000 -3.172633
v 0.451897 0.030000 -3.172633
v 0.255350 -0.025279 -3.278512
v 0.255350 0.054721 -3.278512
v 0.227218 -0.025279 -3.268093
v 0.227218 0.054721 -3.268093
v 0.216798 -0.025279 -3.296225
v 0.216798 0.054721 -3.296225
v 0.244931 -0.025279 -3.306644
v 0.244931 0.054721 -3.306644
v -0.340811 -0.025279 -3.057718
v -0.340811 0.054721 -3.057718
v -0.312678 -0.025279 -3.068137
v -0.312678 0.054721 -3.068137
v -0.323097 -0.025279 -3.096270
v -0.323097 0.054721 -3.096270
v -0.351230 -0.025279 -3.085851
v -0.351230 0.054721 -3.085851
v 0.417115 -0.030000 -3.279772
v 0.417115 0.030000 -3.279772
v -0.464372 -0.030000 -2.953305
v -0.464372 0.030000 -2.953305
v -0.512995 -0.030000 -3.084591
v -0.512995 0.030000 -3.084591
v 0.368492 -0.030000 -3.411057
v 0.368492 0.030000 -3.411057
v 0.169326 -0.025279 -3.511923
v 0.169326 0.054721 -3.511923
v 0.141467 -0.025279 -3.500794
v 0.141467 0.054721 -3.500794
v 0.130338 -0.025279 -3.528653
v 0.130338 0.054721 -3.528653
v 0.158198 -0.025279 -3.539783
v 0.158198 0.054721 -3.539783
v -0.421050 -0.025279 -3.276098
v -0.421050 0.054721 -3.276098
v -0.393190 -0.025279 -3.287226
v -0.393190 0.054721 -3.287226
v -0.404319 -0.025279 -3.315085
v -0.404319 0.054721 -3.315085
v -0.432178 -0.025279 -3.303957
v -0.432178 0.054721 -3.303957
v 0.331007 -0.030000 -3.517281
v 0.331007 0.030000 -3.517281
v -0.541927 -0.030000 -3.168588
v -0.541927 0.030000 -3.168588
v -0.593860 -0.030000 -3.298600
v -0.593860 0.030000 -3.298600
v 0.279074 -0.030000 -3.647292
v 0.279074 0.030000 -3.647292
v 0.077417 -0.025279 -3.743080
v 0.077417 0.054721 -3.743080
v 0.049849 -0.025279 -3.731249
v 0.049849 0.054721 -3.731249
v 0.038018 -0.025279 -3.758817
v 0.038018 0.054721 -3.758817
v 0.065587 -0.025279 -3.770648
v 0.065587 0.054721 -3.770648
v -0.506796 -0.025279 -3.492374
v -0.506796 0.054721 -3.492374
v -0.479227 -0.025279 -3.504205
v -0.479227 0.054721 -3.504205
v -0.491058 -0.025279 -3.531774
v -0.491058 0.054721 -3.531774
v -0.518626 -0.025279 -3.519943
v -0.518626 0.054721 -3.519943
v 0.238911 -0.030000 -3.752532
v 0.238911 0.030000 -3.752532
v -0.624910 -0.030000 -3.381837
v -0.624910 0.030000 -3.381837
v -0.680120 -0.030000 -3.510491
v -0.680120 0.030000 -3.510491
v 0.183701 -0.030000 -3.881186
v 0.183701 0.030000 -3.881186
v -0.020318 -0.025279 -3.971835
v -0.020318 0.054721 -3.971835
v -0.047578 -0.025279 -3.959309
v -0.047578 0.054721 -3.959309
v -0.060103 -0.025279 -3.986568
v -0.060103 0.054721 -3.986568
v -0.032843 -0.025279 -3.999094
v -0.032843 0.054721 -3.999094
v -0.597993 -0.025279 -3.706409
v -0.597993 0.054721 -3.706409
v -0.570732 -0.025279 -3.718935
v -0.570732 0.054721 -3.718935
v -0.583258 -0.025279 -3.746195
v -0.583258 0.054721 -3.746195
v -0.610518 -0.025279 -3.733670
v -0.610518 0.054721 -3.733670
v 0.140884 -0.030000 -3.985374
v 0.140884 0.030000 -3.985374
v -0.713269 -0.030000 -3.592916
v -0.713269 0.030000 -3.592916
v -0.771720 -0.030000 -3.720130
v -0.771720 0.030000 -3.720130
v 0.082433 -0.030000 -4.112588
v 0.082433 0.030000 -4.112588
v -0.123817 -0.025279 -4.198040
v -0.123817 0.054721 -4.198040
v -0.150751 -0.025279 -4.184827
v -0.150751 0.054721 -4.184827
v -0.163963 -0.025279 -4.211761
v -0.163963 0.054721 -4.211761
v -0.137029 -0.025279 -4.224974
v -0.137029 0.054721 -4.224974
v -0.694582 -0.025279 -3.918066
v -0.694582 0.054721 -3.918066
v -0.667648 -0.025279 -3.931278
v -0.667648 0.054721 -3.931278
v -0.680860 -0.025279 -3.958211
v -0.680860 0.054721 -3.958211
v -0.707794 -0.025279 -3.945000
v -0.707794 0.054721 -3.945000
v 0.036990 -0.030000 -4.215659
v 0.036990 0.030000 -4.215659
v -0.806946 -0.030000 -3.801688
v -0.806946 0.030000 -3.801688
v -0.868602 -0.030000 -3.927381
v -0.868602 0.030000 -3.927381
v -0.024665 -0.030000 -4.341352
v -0.024665 0.030000 -4.341352
v -0.233014 -0.025279 -4.421551
v -0.233014 0.054721 -4.421551
v -0.259604 -0.025279 -4.407660
v -0.259604 0.054721 -4.407660
v -0.273494 -0.025279 -4.434250
v -0.273494 0.054721 -4.434250
v -0.246903 -0.025279 -4.448142
v -0.246903 0.054721 -4.448142
v -0.796503 -0.025279 -4.127207
v -0.796503 0.054721 -4.127207
v -0.769912 -0.025279 -4.141097
v -0.769912 0.054721 -4.141097
v -0.783802 -0.025279 -4.167687
v -0.783802 0.054721 -4.167687
v -0.810392 -0.025279 -4.153798
v -0.810392 0.054721 -4.153798
v -0.072704 -0.030000 -4.443238
v -0.072704 0.030000 -4.443238
v -0.905883 -0.030000 -4.008020
v -0.905883 0.030000 -4.008020
v -0.970702 -0.030000 -4.132111
v -0.970702 0.030000 -4.132111
v -0.137523 -0.030000 -4.567328
v -0.137523 0.030000 -4.567328
v -0.347837 -0.025279 -4.642223
v -0.347837 0.054721 -4.642223
v -0.374067 -0.025279 -4.627665
v -0.374067 0.054721 -4.627665
v -0.388626 -0.025279 -4.653894
v -0.388626 0.054721 -4.653894
v -0.362396 -0.025279 -4.668454
v -0.362396 0.054721 -4.668454
v -0.903689 -0.025279 -4.333699
v -0.903689 0.054721 -4.333699
v -0.877458 -0.025279 -4.348259
v -0.877458 0.054721 -4.348259
v -0.892017 -0.025279 -4.374489
v -0.892017 0.054721 -4.374489
v -0.918247 -0.025279 -4.359930
v -0.918247 0.054721 -4.359930
v -0.188128 -0.030000 -4.667965
v -0.188128 0.030000 -4.667965
v -1.010014 -0.030000 -4.211781
v -1.010014 0.030000 -4.211781
v -1.077957 -0.030000 -4.334189
v -1.077957 0.030000 -4.334189
v -0.256070 -0.030000 -4.790373
v -0.256070 0.030000 -4.790373
v -0.468214 -0.025279 -4.859917
v -0.468214 0.054721 -4.859917
v -0.494066 -0.025279 -4.844698
v -0.494066 0.054721 -4.844698
v -0.509285 -0.025279 -4.870550
v -0.509285 0.054721 -4.870550
v -0.483432 -0.025279 -4.885770
v -0.483432 0.054721 -4.885770
v -1.016071 -0.025279 -4.537410
v -1.016071 0.054721 -4.537410
v -0.990218 -0.025279 -4.552630
v -0.990218 0.054721 -4.552630
v -1.005437 -0.025279 -4.578483
v -1.005437 0.054721 -4.578483
v -1.031290 -0.025279 -4.563264
v -1.031290 0.054721 -4.563264
v -0.309208 -0.030000 -4.889696
v -0.309208 0.030000 -4.889696
v -1.119274 -0.030000 -4.412837
v -1.119274 0.030000 -4.412837
v -1.190296 -0.030000 -4.533485
v -1.190296 0.030000 -4.533485
v -0.380230 -0.030000 -5.010343
v -0.380230 0.030000 -5.010343
v -0.594067 -0.025279 -5.074491
v -0.594067 0.054721 -5.074491
v -0.619526 -0.025279 -5.058622
v -0.619526 0.054721 -5.058622
v -0.635394 -0.025279 -5.084080
v -0.635394 0.054721 -5.084080
v -0.609935 -0.025279 -5.099950
v -0.609935 0.054721 -5.099950
v -1.133578 -0.025279 -4.738209
v -1.133578 0.054721 -4.738209
v -1.108119 -0.025279 -4.754079
v -1.108119 0.054721 -4.754079
v -1.123988 -0.025279 -4.779538
v -1.123988 0.054721 -4.779538
v -1.149447 -0.025279 -4.763669
v -1.149447 0.054721 -4.763669
v -0.435867 -0.030000 -5.108288
v -0.435867 0.030000 -5.108288
v -1.233593 -0.030000 -4.611061
v -1.233593 0.030000 -4.611061
v -1.307647 -0.030000 -4.729871
v -1.307647 0.030000 -4.729871
v -0.509921 -0.030000 -5.227098
v -0.509921 0.030000 -5.227098
v -0.725315 -0.025279 -5.285808
v -0.725315 0.054721 -5.285808
v -0.750364 -0.025279 -5.269300
v -0.750364 0.054721 -5.269300
v -0.766872 -0.025279 -5.294347
v -0.766872 0.054721 -5.294347
v -0.741823 -0.025279 -5.310857
v -0.741823 0.054721 -5.310857
v -1.256134 -0.025279 -4.935966
v -1.256134 0.054721 -4.935966
v -1.231085 -0.025279 -4.952477
v -1.231085 0.054721 -4.952477
v -1.247594 -0.025279 -4.977525
v -1.247594 0.054721 -4.977525
v -1.272643 -0.025279 -4.961016
v -1.272643 0.054721 -4.961016
v -0.568022 -0.030000 -5.323601
v -0.568022 0.030000 -5.323601
v -1.352896 -0.030000 -4.806326
v -1.352896 0.030000 -4.806326
v -1.429937 -0.030000 -4.923222
v -1.429937 0.030000 -4.923222
v -0.645062 -0.030000 -5.440497
v -0.645062 0.030000 -5.440497
v -0.861874 -0.025279 -5.493732
v -0.861874 0.054721 -5.493732
v -0.886497 -0.025279 -5.476594
v -0.886497 0.054721 -5.476594
v -0.903635 -0.025279 -5.501215
v -0.903635 0.054721 -5.501215
v -0.879012 -0.025279 -5.518355
v -0.879012 0.054721 -5.518355
v -1.383661 -0.025279 -5.130555
v -1.383661 0.054721 -5.130555
v -1.359038 -0.025279 -5.147695
v -1.359038 0.054721 -5.147695
v -1.376176 -0.025279 -5.172317
v -1.376176 0.054721 -5.172317
v -1.400799 -0.025279 -5.155179
v -1.400799 0.054721 -5.155179
v -0.705589 -0.030000 -5.535498
v -0.705589 0.030000 -5.535498
v -1.477107 -0.030000 -4.998506
v -1.477107 0.030000 -4.998506
v -1.557085 -0.030000 -5.113413
v -1.557085 0.030000 -5.113413
v -0.785566 -0.030000 -5.650405
v -0.785566 0.030000 -5.650405
v -1.003657 -0.025279 -5.698130
v -1.003657 0.054721 -5.698130
v -1.027838 -0.025279 -5.680374
v -1.027838 0.054721 -5.680374
v -1.045594 -0.025279 -5.704553
v -1.045594 0.054721 -5.704553
v -1.021413 -0.025279 -5.722311
v -1.021413 0.054721 -5.722311
v -1.516076 -0.025279 -5.321851
v -1.516076 0.054721 -5.321851
v -1.491895 -0.025279 -5.339610
v -1.491895 0.054721 -5.339610
v -1.509652 -0.025279 -5.363790
v -1.509652 0.054721 -5.363790
v -1.533832 -0.025279 -5.346034
v -1.533832 0.054721 -5.346034
v -0.848480 -0.030000 -5.743842
v -0.848480 0.030000 -5.743842
v -1.606147 -0.030000 -5.187477
v -1.606147 0.030000 -5.187477
v -1.689010 -0.030000 -5.300322
v -1.689010 0.030000 -5.300322
v -0.931342 -0.030000 -5.856686
v -0.931342 0.030000 -5.856686
v -1.150572 -0.025279 -5.898871
v -1.150572 0.054721 -5.898871
v -1.174295 -0.025279 -5.880508
v -1.174295 0.054721 -5.880508
v -1.192658 -0.025279 -5.904230
v -1.192658 0.054721 -5.904230
v -1.168935 -0.025279 -5.922594
v -1.168935 0.054721 -5.922594
v -1.653294 -0.025279 -5.509732
v -1.653294 0.054721 -5.509732
v -1.629572 -0.025279 -5.528097
v -1.629572 0.054721 -5.528097
v -1.647935 -0.025279 -5.551819
v -1.647935 0.054721 -5.551819
v -1.671658 -0.025279 -5.533456
v -1.671658 0.054721 -5.533456
v -0.996603 -0.030000 -5.948499
v -0.996603 0.030000 -5.948499
v -1.739933 -0.030000 -5.373119
v -1.739933 0.030000 -5.373119
v -1.825628 -0.030000 -5.483828
v -1.825628 0.030000 -5.483828
v -1.082297 -0.030000 -6.059207
v -1.082297 0.030000 -6.059207
v -1.302525 -0.025279 -6.095826
v -1.302525 0.054721 -6.095826
v -1.325776 -0.025279 -6.076867
v -1.325776 0.054721 -6.076867
v -1.344734 -0.025279 -6.100116
v -1.344734 0.054721 -6.100116
v -1.321483 -0.025279 -6.119076
v -1.321483 0.054721 -6.119076
v -1.795228 -0.025279 -5.694076
v -1.795228 0.054721 -5.694076
v -1.771979 -0.025279 -5.713036
v -1.771979 0.054721 -5.713036
v -1.790937 -0.025279 -5.736286
v -1.790937 0.054721 -5.736286
v -1.814187 -0.025279 -5.717328
v -1.814187 0.054721 -5.717328
v -1.149863 -0.030000 -6.149338
v -1.149863 0.030000 -6.149338
v -1.878378 -0.030000 -5.555312
v -1.878378 0.030000 -5.555312
v -1.966850 -0.030000 -5.663815
v -1.966850 0.030000 -5.663815
v -1.238334 -0.030000 -6.257840
v -1.238334 0.030000 -6.257840
v -1.459419 -0.025279 -6.288868
v -1.459419 0.054721 -6.288868
v -1.482182 -0.025279 -6.269326
v -1.482182 0.054721 -6.269326
v -1.501723 -0.025279 -6.292088
v -1.501723 0.054721 -6.292088
v -1.478960 -0.025279 -6.311630
v -1.478960 0.054721 -6.311630
v -1.941787 -0.025279 -5.874765
v -1.941787 0.054721 -5.874765
v -1.919025 -0.025279 -5.894308
v -1.919025 0.054721 -5.894308
v -1.938566 -0.025279 -5.917070
v -1.938566 0.054721 -5.917070
v -1.961329 -0.025279 -5.897529
v -1.961329 0.054721 -5.897529
v -1.308161 -0.030000 -6.346230
v -1.308161 0.030000 -6.346230
v -2.021395 -0.030000 -5.733940
v -2.021395 0.030000 -5.733940
v -2.112587 -0.030000 -5.840166
v -2.112587 0.030000 -5.840166
v -1.399353 -0.030000 -6.452456
v -1.399353 0.030000 -6.452456
v -1.621153 -0.025279 -6.477874
v -1.621153 0.054721 -6.477874
v -1.643414 -0.025279 -6.457761
v -1.643414 0.054721 -6.457761
v -1.663525 -0.025279 -6.480020
v -1.663525 0.054721 -6.480020
v -1.641264 -0.025279 -6.500133
v -1.641264 0.054721 -6.500133
v -2.092876 -0.025279 -6.051684
v -2.092876 0.054721 -6.051684
v -2.070616 -0.025279 -6.071797
v -2.070616 0.054721 -6.071797
v -2.090728 -0.025279 -6.094057
v -2.090728 0.054721 -6.094057
v -2.112988 -0.025279 -6.073946
v -2.112988 0.054721 -6.073946
v -1.471397 -0.030000 -6.539048
v -1.471397 0.030000 -6.539048
v -2.168891 -0.030000 -5.908887
v -2.168891 0.030000 -5.908887
v -2.262745 -0.030000 -6.012769
v -2.262745 0.030000 -6.012769
v -1.565250 -0.030000 -6.642930
v -1.565250 0.030000 -6.642930
v -1.787623 -0.025279 -6.662721
v -1.787623 0.054721 -6.662721
v -1.809367 -0.025279 -6.642052
v -1.809367 0.054721 -6.642052
v -1.830036 -0.025279 -6.663794
v -1.830036 0.054721 -6.663794
v -1.808292 -0.025279 -6.684464
v -1.808292 0.054721 -6.684464
v -2.248398 -0.025279 -6.224718
v -2.248398 0.054721 -6.224718
v -2.226655 -0.025279 -6.245389
v -2.226655 0.054721 -6.245389
v -2.247324 -0.025279 -6.267132
v -2.247324 0.054721 -6.267132
v -2.269068 -0.025279 -6.246463
v -2.269068 0.054721 -6.246463
v -1.639465 -0.030000 -6.727670
v -1.639465 0.030000 -6.727670
v -2.320771 -0.030000 -6.080041
v -2.320771 0.030000 -6.080041
v -2.417226 -0.030000 -6.181512
v -2.417226 0.030000 -6.181512
v -1.735920 -0.030000 -6.829141
v -1.735920 0.030000 -6.829141
v -1.958723 -0.025279 -6.843292
v -1.958723 0.054721 -6.843292
v -1.979936 -0.025279 -6.822079
v -1.979936 0.054721 -6.822079
v -2.001149 -0.025279 -6.843290
v -2.001149 0.054721 -6.843290
v -1.979935 -0.025279 -6.864504
v -1.979935 0.054721 -6.864504
v -2.408254 -0.025279 -6.393757
v -2.408254 0.054721 -6.393757
v -2.387041 -0.025279 -6.414972
v -2.387041 0.054721 -6.414972
v -2.408254 -0.025279 -6.436184
v -2.408254 0.054721 -6.436184
v -2.429467 -0.025279 -6.414972
v -2.429467 0.054721 -6.414972
v -1.812257 -0.030000 -6.911973
v -1.812257 0.030000 -6.911973
v -2.476938 -0.030000 -6.247293
v -2.476938 0.030000 -6.247293
v -2.575933 -0.030000 -6.346289
v -2.575933 0.030000 -6.346289
v -1.911251 -0.030000 -7.010968
v -1.911251 0.030000 -7.010968
v -2.134342 -0.025279 -7.019471
v -2.134342 0.054721 -7.019471
v -2.155010 -0.025279 -6.997727
v -2.155010 0.054721 -6.997727
v -2.176754 -0.025279 -7.018394
v -2.176754 0.054721 -7.018394
v -2.156085 -0.025279 -7.040139
v -2.156085 0.054721 -7.040139
v -2.572340 -0.025279 -6.558692
v -2.572340 0.054721 -6.558692
v -2.551672 -0.025279 -6.580438
v -2.551672 0.054721 -6.580438
v -2.573416 -0.025279 -6.601106
v -2.573416 0.054721 -6.601106
v -2.594085 -0.025279 -6.579363
v -2.594085 0.054721 -6.579363
v -1.989663 -0.030000 -7.091840
v -1.989663 0.030000 -7.091840
v -2.637293 -0.030000 -6.410536
v -2.637293 0.030000 -6.410536
v -2.738764 -0.030000 -6.506991
v -2.738764 0.030000 -6.506991
v -2.091133 -0.030000 -7.188296
v -2.091133 0.030000 -7.188296
v -2.314367 -0.025279 -7.191144
v -2.314367 0.054721 -7.191144
v -2.334478 -0.025279 -7.168884
v -2.334478 0.054721 -7.168884
v -2.356738 -0.025279 -7.188993
v -2.356738 0.054721 -7.188993
v -2.336627 -0.025279 -7.211255
v -2.336627 0.054721 -7.211255
v -2.740552 -0.025279 -6.719418
v -2.740552 0.054721 -6.719418
v -2.720442 -0.025279 -6.741680
v -2.720442 0.054721 -6.741680
v -2.742702 -0.025279 -6.761790
v -2.742702 0.054721 -6.761790
v -2.762814 -0.025279 -6.739531
v -2.762814 0.054721 -6.739531
v -2.171568 -0.030000 -7.267155
v -2.171568 0.030000 -7.267155
v -2.801731 -0.030000 -6.569664
v -2.801731 0.030000 -6.569664
v -2.905613 -0.030000 -6.663517
v -2.905613 0.030000 -6.663517
v -2.275449 -0.030000 -7.361010
v -2.275449 0.030000 -7.361010
v -2.498684 -0.025279 -7.358202
v -2.498684 0.054721 -7.358202
v -2.518225 -0.025279 -7.335439
v -2.518225 0.054721 -7.335439
v -2.540987 -0.025279 -7.354978
v -2.540987 0.054721 -7.354978
v -2.521446 -0.025279 -7.377742
v -2.521446 0.054721 -7.377742
v -2.912782 -0.025279 -6.875831
v -2.912782 0.054721 -6.875831
v -2.893242 -0.025279 -6.898595
v -2.893242 0.054721 -6.898595
v -2.916004 -0.025279 -6.918135
v -2.916004 0.054721 -6.918135
v -2.935546 -0.025279 -6.895373
v -2.935546 0.054721 -6.895373
v -2.357856 -0.030000 -7.437806
v -2.357856 0.030000 -7.437806
v -2.970147 -0.030000 -6.724575
v -2.970147 0.030000 -6.724575
v -3.076374 -0.030000 -6.815766
v -3.076374 0.030000 -6.815766
v -2.464081 -0.030000 -7.528999
v -2.464081 0.030000 -7.528999
v -2.687174 -0.025279 -7.520536
v -2.687174 0.054721 -7.520536
v -2.706131 -0.025279 -7.497286
v -2.706131 0.054721 -7.497286
v -2.729381 -0.025279 -7.516243
v -2.729381 0.054721 -7.516243
v -2.710423 -0.025279 -7.539495
v -2.710423 0.054721 -7.539495
v -3.088919 -0.025279 -7.027830
v -3.088919 0.054721 -7.027830
v -3.069962 -0.025279 -7.051082
v -3.069962 0.054721 -7.051082
v -3.093212 -0.025279 -7.070039
v -3.093212 0.054721 -7.070039
v -3.112170 -0.025279 -7.046790
v -3.112170 0.054721 -7.046790
v -2.548408 -0.030000 -7.603683
v -2.548408 0.030000 -7.603683
v -3.142434 -0.030000 -6.875169
v -3.142434 0.030000 -6.875169
v -3.250937 -0.030000 -6.963641
v -3.250937 0.030000 -6.963641
v -2.656909 -0.030000 -7.692155
v -2.656909 0.030000 -7.692155
v -2.879715 -0.025279 -7.678044
v -2.879715 0.054721 -7.678044
v -2.898078 -0.025279 -7.654321
v -2.898078 0.054721 -7.654321
v -2.921800 -0.025279 -7.672683
v -2.921800 0.054721 -7.672683
v -2.903437 -0.025279 -7.696407
v -2.903437 0.054721 -7.696407
v -3.268850 -0.025279 -7.175319
v -3.268850 0.054721 -7.175319
v -3.250488 -0.025279 -7.199044
v -3.250488 0.054721 -7.199044
v -3.274210 -0.025279 -7.217405
v -3.274210 0.054721 -7.217405
v -3.292574 -0.025279 -7.193684
v -3.292574 0.054721 -7.193684
v -2.743100 -0.030000 -7.764679
v -2.743100 0.030000 -7.764679
v -3.318480 -0.030000 -7.021351
v -3.318480 0.030000 -7.021351
v -3.429189 -0.030000 -7.107045
v -3.429189 0.030000 -7.107045
v -2.853807 -0.030000 -7.850375
v -2.853807 0.030000 -7.850375
v -3.076185 -0.025279 -7.830624
v -3.076185 0.054721 -7.830624
v -3.093941 -0.025279 -7.806444
v -3.093941 0.054721 -7.806444
v -3.118121 -0.025279 -7.824198
v -3.118121 0.054721 -7.824198
v -3.100365 -0.025279 -7.848380
v -3.100365 0.054721 -7.848380
v -3.452459 -0.025279 -7.318202
v -3.452459 0.054721 -7.318202
v -3.434704 -0.025279 -7.342384
v -3.434704 0.054721 -7.342384
v -3.458884 -0.025279 -7.360139
v -3.458884 0.054721 -7.360139
v -3.476642 -0.025279 -7.335960
v -3.476642 0.054721 -7.335960
v -2.941808 -0.030000 -7.920692
v -2.941808 0.030000 -7.920692
v -3.498173 -0.030000 -7.163027
v -3.498173 0.030000 -7.163027
v -3.611018 -0.030000 -7.245888
v -3.611018 0.030000 -7.245888
v -3.054651 -0.030000 -8.003555
v -3.054651 0.030000 -8.003555
v -3.276457 -0.025279 -7.978178
v -3.276457 0.054721 -7.978178
v -3.293594 -0.025279 -7.953555
v -3.293594 0.054721 -7.953555
v -3.318217 -0.025279 -7.970691
v -3.318217 0.054721 -7.970691
v -3.301078 -0.025279 -7.995316
v -3.301078 0.054721 -7.995316
v -3.639629 -0.025279 -7.456388
v -3.639629 0.054721 -7.456388
v -3.622493 -0.025279 -7.481012
v -3.622493 0.054721 -7.481012
v -3.647115 -0.025279 -7.498149
v -3.647115 0.054721 -7.498149
v -3.664254 -0.025279 -7.473527
v -3.664254 0.054721 -7.473527
v -3.144405 -0.030000 -8.071620
v -3.144405 0.030000 -8.071620
v -3.681398 -0.030000 -7.300105
v -3.681398 0.030000 -7.300105
v -3.796305 -0.030000 -7.380081
v -3.796305 0.030000 -7.380081
v -3.259311 -0.030000 -8.151599
v -3.259311 0.030000 -8.151599
v -3.480402 -0.025279 -8.120610
v -3.480402 0.054721 -8.120610
v -3.496911 -0.025279 -8.095561
v -3.496911 0.054721 -8.095561
v -3.521959 -0.025279 -8.112068
v -3.521959 0.054721 -8.112068
v -3.505450 -0.025279 -8.137119
v -3.505450 0.054721 -8.137119
v -3.830240 -0.025279 -7.589788
v -3.830240 0.054721 -7.589788
v -3.813733 -0.025279 -7.614839
v -3.813733 0.054721 -7.614839
v -3.838781 -0.025279 -7.631347
v -3.838781 0.054721 -7.631347
v -3.855291 -0.025279 -7.606298
v -3.855291 0.054721 -7.606298
v -3.350760 -0.030000 -8.217368
v -3.350760 0.030000 -8.217368
v -3.868036 -0.030000 -7.432497
v -3.868036 0.030000 -7.432497
v -3.984932 -0.030000 -7.509537
v -3.984932 0.030000 -7.509537
v -3.467655 -0.030000 -8.294411
v -3.467655 0.030000 -8.294411
v -3.687891 -0.025279 -8.257831
v -3.687891 0.054721 -8.257831
v -3.703759 -0.025279 -8.232371
v -3.703759 0.054721 -8.232371
v -3.729218 -0.025279 -8.248239
v -3.729218 0.054721 -8.248239
v -3.713349 -0.025279 -8.273700
v -3.713349 0.054721 -8.273700
v -4.024169 -0.025279 -7.718317
v -4.024169 0.054721 -7.718317
v -4.008301 -0.025279 -7.743777
v -4.008301 0.054721 -7.743777
v -4.033760 -0.025279 -7.759645
v -4.033760 0.054721 -7.759645
v -4.049630 -0.025279 -7.734187
v -4.049630 0.054721 -7.734187
v -3.560741 -0.030000 -8.357842
v -3.560741 0.030000 -8.357842
v -4.057968 -0.030000 -7.560118
v -4.057968 0.030000 -7.560118
v -4.176779 -0.030000 -7.634172
v -4.176779 0.030000 -7.634172
v -3.679550 -0.030000 -8.431898
v -3.679550 0.030000 -8.431898
v -3.898789 -0.025279 -8.389750
v -3.898789 0.054721 -8.389750
v -3.914007 -0.025279 -8.363898
v -3.914007 0.054721 -8.363898
v -3.939859 -0.025279 -8.379114
v -3.939859 0.054721 -8.379114
v -3.924641 -0.025279 -8.404970
v -3.924641 0.054721 -8.404970
v -4.221292 -0.025279 -7.841891
v -4.221292 0.054721 -7.841891
v -4.206074 -0.025279 -7.867745
v -4.206074 0.054721 -7.867745
v -4.231926 -0.025279 -7.882964
v -4.231926 0.054721 -7.882964
v -4.247147 -0.025279 -7.857111
v -4.247147 0.054721 -7.857111
v -3.774213 -0.030000 -8.492952
v -3.774213 0.030000 -8.492952
v -4.251072 -0.030000 -7.682888
v -4.251072 0.030000 -7.682888
v -4.371721 -0.030000 -7.753908
v -4.371721 0.030000 -7.753908
v -3.894860 -0.030000 -8.563974
v -3.894860 0.030000 -8.563974
v -4.112961 -0.025279 -8.516286
v -4.112961 0.054721 -8.516286
v -4.127520 -0.025279 -8.490057
v -4.127520 0.054721 -8.490057
v -4.153749 -0.025279 -8.504612
v -4.153749 0.054721 -8.504612
v -4.139190 -0.025279 -8.530846
v -4.139190 0.054721 -8.530846
v -4.421482 -0.025279 -7.960433
v -4.421482 0.054721 -7.960433
v -4.406923 -0.025279 -7.986664
v -4.406923 0.054721 -7.986664
v -4.433154 -0.025279 -8.001223
v -4.433154 0.054721 -8.001223
v -4.447714 -0.025279 -7.974993
v -4.447714 0.054721 -7.974993
v -3.991040 -0.030000 -8.622610
v -3.991040 0.030000 -8.622610
v -4.447225 -0.030000 -7.800725
v -4.447225 0.030000 -7.800725
v -4.569633 -0.030000 -7.868667
v -4.569633 0.030000 -7.868667
v -4.113447 -0.030000 -8.690553
v -4.113447 0.030000 -8.690553
v -4.330270 -0.025279 -8.637355
v -4.330270 0.054721 -8.637355
v -4.344159 -0.025279 -8.610765
v -4.344159 0.054721 -8.610765
v -4.370749 -0.025279 -8.624652
v -4.370749 0.054721 -8.624652
v -4.356859 -0.025279 -8.651245
v -4.356859 0.054721 -8.651245
v -4.624610 -0.025279 -8.073864
v -4.624610 0.054721 -8.073864
v -4.610721 -0.025279 -8.100456
v -4.610721 0.054721 -8.100456
v -4.637311 -0.025279 -8.114346
v -4.637311 0.054721 -8.114346
v -4.651203 -0.025279 -8.087755
v -4.651203 0.054721 -8.087755
v -4.211082 -0.030000 -8.746734
v -4.211082 0.030000 -8.746734
v -4.646299 -0.030000 -7.913557
v -4.646299 0.030000 -7.913557
v -4.770390 -0.030000 -7.978375
v -4.770390 0.030000 -7.978375
v -4.335171 -0.030000 -8.811554
v -4.335171 0.030000 -8.811554
v -4.550577 -0.025279 -8.752881
v -4.550577 0.054721 -8.752881
v -4.563787 -0.025279 -8.725947
v -4.563787 0.054721 -8.725947
v -4.590720 -0.025279 -8.739156
v -4.590720 0.054721 -8.739156
v -4.577509 -0.025279 -8.766092
v -4.577509 0.054721 -8.766092
v -4.830548 -0.025279 -8.182114
v -4.830548 0.054721 -8.182114
v -4.817336 -0.025279 -8.209049
v -4.817336 0.054721 -8.209049
v -4.844270 -0.025279 -8.222260
v -4.844270 0.054721 -8.222260
v -4.857484 -0.025279 -8.195326
v -4.857484 0.054721 -8.195326
v -4.434197 -0.030000 -8.865244
v -4.434197 0.030000 -8.865244
v -4.848168 -0.030000 -8.021308
v -4.848168 0.030000 -8.021308
v -4.973862 -0.030000 -8.082963
v -4.973862 0.030000 -8.082963
v -4.559888 -0.030000 -8.926899
v -4.559888 0.030000 -8.926899
v -4.773738 -0.025279 -8.862788
v -4.773738 0.054721 -8.862788
v -4.786263 -0.025279 -8.835529
v -4.786263 0.054721 -8.835529
v -4.813521 -0.025279 -8.848050
v -4.813521 0.054721 -8.848050
v -4.800997 -0.025279 -8.875313
v -4.800997 0.054721 -8.875313
v -5.039161 -0.025279 -8.285112
v -5.039161 0.054721 -8.285112
v -5.026636 -0.025279 -8.312373
v -5.026636 0.054721 -8.312373
v -5.053895 -0.025279 -8.324898
v -5.053895 0.054721 -8.324898
v -5.066423 -0.025279 -8.297637
v -5.066423 0.054721 -8.297637
v -4.660243 -0.030000 -8.978064
v -4.660243 0.030000 -8.978064
v -5.052702 -0.030000 -8.123911
v -5.052702 0.030000 -8.123911
v -5.179917 -0.030000 -8.182362
v -5.179917 0.030000 -8.182362
v -4.787455 -0.030000 -9.036514
v -4.787455 0.030000 -9.036514
v -4.999613 -0.025279 -8.967008
v -4.999613 0.054721 -8.967008
v -5.011443 -0.025279 -8.939440
v -5.011443 0.054721 -8.939440
v -5.039010 -0.025279 -8.951266
v -5.039010 0.054721 -8.951266
v -5.027180 -0.025279 -8.978837
v -5.027180 0.054721 -8.978837
v -5.250316 -0.025279 -8.382792
v -5.250316 0.054721 -8.382792
v -5.238486 -0.025279 -8.410362
v -5.238486 0.054721 -8.410362
v -5.266054 -0.025279 -8.422193
v -5.266054 0.054721 -8.422193
v -5.277887 -0.025279 -8.394623
v -5.277887 0.054721 -8.394623
v -4.889075 -0.030000 -9.085120
v -4.889075 0.030000 -9.085120
v -5.259769 -0.030000 -8.221299
v -5.259769 0.030000 -8.221299
v -5.388425 -0.030000 -8.276509
v -5.388425 0.030000 -8.276509
v -5.017726 -0.030000 -9.140329
v -5.017726 0.030000 -9.140329
v -5.228055 -0.025279 -9.065472
v -5.228055 0.054721 -9.065472
v -5.239183 -0.025279 -9.037612
v -5.239183 0.054721 -9.037612
v -5.267041 -0.025279 -9.048737
v -5.267041 0.054721 -9.048737
v -5.255914 -0.025279 -9.076598
v -5.255914 0.054721 -9.076598
v -5.463879 -0.025279 -8.475092
v -5.463879 0.054721 -8.475092
v -5.452751 -0.025279 -8.502953
v -5.452751 0.054721 -8.502953
v -5.480609 -0.025279 -8.514081
v -5.480609 0.054721 -8.514081
v -5.491740 -0.025279 -8.486220
v -5.491740 0.054721 -8.486220
v -5.120545 -0.030000 -9.186346
v -5.120545 0.030000 -9.186346
v -5.469237 -0.030000 -8.313412
v -5.469237 0.030000 -8.313412
v -5.599250 -0.030000 -8.365344
v -5.599250 0.030000 -8.365344
v -5.250554 -0.030000 -9.238277
v -5.250554 0.030000 -9.238277
v -5.458919 -0.025279 -9.158115
v -5.458919 0.054721 -9.158115
v -5.469337 -0.025279 -9.129984
v -5.469337 0.054721 -9.129984
v -5.497468 -0.025279 -9.140399
v -5.497468 0.054721 -9.140399
v -5.487050 -0.025279 -9.168533
v -5.487050 0.054721 -9.168533
v -5.679710 -0.025279 -8.561952
v -5.679710 0.054721 -8.561952
v -5.669292 -0.025279 -8.590086
v -5.669292 0.054721 -8.590086
v -5.697424 -0.025279 -8.600505
v -5.697424 0.054721 -8.600505
v -5.707845 -0.025279 -8.572371
v -5.707845 0.054721 -8.572371
v -5.354505 -0.030000 -9.281675
v -5.354505 0.030000 -9.281675
v -5.680972 -0.030000 -8.400188
v -5.680972 0.030000 -8.400188
v -5.812259 -0.030000 -8.448810
v -5.812259 0.030000 -8.448810
v -5.485787 -0.030000 -9.330297
v -5.485787 0.030000 -9.330297
v -5.692055 -0.025279 -9.244882
v -5.692055 0.054721 -9.244882
v -5.701758 -0.025279 -9.216496
v -5.701758 0.054721 -9.216496
v -5.730143 -0.025279 -9.226194
v -5.730143 0.054721 -9.226194
v -5.720441 -0.025279 -9.254584
v -5.720441 0.054721 -9.254584
v -5.897674 -0.025279 -8.643316
v -5.897674 0.054721 -8.643316
v -5.887971 -0.025279 -8.671705
v -5.887971 0.054721 -8.671705
v -5.916358 -0.025279 -8.681408
v -5.916358 0.054721 -8.681408
v -5.926063 -0.025279 -8.653019
v -5.926063 0.054721 -8.653019
v -5.590805 -0.030000 -9.371048
v -5.590805 0.030000 -9.371048
v -5.894836 -0.030000 -8.481572
v -5.894836 0.030000 -8.481572
v -6.027313 -0.030000 -8.526853
v -6.027313 0.030000 -8.526853
v -5.723277 -0.030000 -9.416327
v -5.723277 0.030000 -9.416327
v -5.927314 -0.025279 -9.325714
v -5.927314 0.054721 -9.325714
v -5.936296 -0.025279 -9.297091
v -5.936296 0.054721 -9.297091
v -5.964917 -0.025279 -9.306067
v -5.964917 0.054721 -9.306067
v -5.955937 -0.025279 -9.334695
v -5.955937 0.054721 -9.334695
v -6.117628 -0.025279 -8.719133
v -6.117628 0.054721 -8.719133
v -6.108648 -0.025279 -8.747759
v -6.108648 0.054721 -8.747759
v -6.137271 -0.025279 -8.756740
v -6.137271 0.054721 -8.756740
v -6.146254 -0.025279 -8.728113
v -6.146254 0.054721 -8.728113
v -5.829292 -0.030000 -9.454406
v -5.829292 0.030000 -9.454406
v -6.110694 -0.030000 -8.557513
v -6.110694 0.030000 -8.557513
v -6.244275 -0.030000 -8.599423
v -6.244275 0.030000 -8.599423
v -5.962870 -0.030000 -9.496313
v -5.962870 0.030000 -9.496313
v -6.164546 -0.025279 -9.400561
v -6.164546 0.054721 -9.400561
v -6.172799 -0.025279 -9.371720
v -6.172799 0.054721 -9.371720
v -6.201639 -0.025279 -9.379969
v -6.201639 0.054721 -9.379969
v -6.193388 -0.025279 -9.408814
v -6.193388 0.054721 -9.408814
v -6.339433 -0.025279 -8.789353
v -6.339433 0.054721 -8.789353
v -6.331180 -0.025279 -8.818197
v -6.331180 0.054721 -8.818197
v -6.360022 -0.025279 -8.826450
v -6.360022 0.054721 -8.826450
v -6.368277 -0.025279 -8.797606
v -6.368277 0.054721 -8.797606
v -6.069816 -0.030000 -9.531695
v -6.069816 0.030000 -9.531695
v -6.328407 -0.030000 -8.627961
v -6.328407 0.030000 -8.627961
v -6.463006 -0.030000 -8.666473
v -6.463006 0.030000 -8.666473
v -6.204412 -0.030000 -9.570204
v -6.204412 0.030000 -9.570204
v -6.403597 -0.025279 -9.469375
v -6.403597 0.054721 -9.469375
v -6.411118 -0.025279 -9.440333
v -6.411118 0.054721 -9.440333
v -6.440157 -0.025279 -9.447849
v -6.440157 0.054721 -9.447849
v -6.432639 -0.025279 -9.476894
v -6.432639 0.054721 -9.476894
v -6.562945 -0.025279 -8.853932
v -6.562945 0.054721 -8.853932
v -6.555425 -0.025279 -8.882977
v -6.555425 0.054721 -8.882977
v -6.584467 -0.025279 -8.890496
v -6.584467 0.054721 -8.890496
v -6.591988 -0.025279 -8.861451
v -6.591988 0.054721 -8.861451
v -6.312220 -0.030000 -9.602867
v -6.312220 0.030000 -9.602867
v -6.547834 -0.030000 -8.692872
v -6.547834 0.030000 -8.692872
v -6.683366 -0.030000 -8.727962
v -6.683366 0.030000 -8.727962
v -6.447748 -0.030000 -9.637953
v -6.447748 0.030000 -9.637953
v -6.644315 -0.025279 -9.532110
v -6.644315 0.054721 -9.532110
v -6.651097 -0.025279 -9.502887
v -6.651097 0.054721 -9.502887
v -6.680318 -0.025279 -9.509665
v -6.680318 0.054721 -9.509665
v -6.673539 -0.025279 -9.538892
v -6.673539 0.054721 -9.538892
v -6.788021 -0.025279 -8.912828
v -6.788021 0.054721 -8.912828
v -6.781240 -0.025279 -8.942054
v -6.781240 0.054721 -8.942054
v -6.810462 -0.025279 -8.948835
v -6.810462 0.054721 -8.948835
v -6.817245 -0.025279 -8.919609
v -6.817245 0.054721 -8.919609
v -6.556349 -0.030000 -9.667874
v -6.556349 0.030000 -9.667874
v -6.768835 -0.030000 -8.752203
v -6.768835 0.030000 -8.752203
v -6.905212 -0.030000 -8.783848
v -6.905212 0.030000 -8.783848
v -6.692722 -0.030000 -9.699515
v -6.692722 0.030000 -9.699515
v -6.886545 -0.025279 -9.588727
v -6.886545 0.054721 -9.588727
v -6.892585 -0.025279 -9.559341
v -6.892585 0.054721 -9.559341
v -6.921968 -0.025279 -9.565378
v -6.921968 0.054721 -9.565378
v -6.915931 -0.025279 -9.594767
v -6.915931 0.054721 -9.594767
v -7.014517 -0.025279 -8.966004
v -7.014517 0.054721 -8.966004
v -7.008478 -0.025279 -8.995392
v -7.008478 0.054721 -8.995392
v -7.037864 -0.025279 -9.001431
v -7.037864 0.054721 -9.001431
v -7.043904 -0.025279 -8.972042
v -7.043904 0.054721 -8.972042
v -6.802047 -0.030000 -9.726677
v -6.802047 0.030000 -9.726677
v -6.991268 -0.030000 -8.805916
v -6.991268 0.030000 -8.805916
v -7.128404 -0.030000 -8.834096
v -7.128404 0.030000 -8.834096
v -6.939178 -0.030000 -9.754852
v -6.939178 0.030000 -9.754852
v -7.130132 -0.025279 -9.639190
v -7.130132 0.054721 -9.639190
v -7.135426 -0.025279 -9.609660
v -7.135426 0.054721 -9.609660
v -7.164952 -0.025279 -9.614951
v -7.164952 0.054721 -9.614951
v -7.159661 -0.025279 -9.644483
v -7.159661 0.054721 -9.644483
v -7.242287 -0.025279 -9.013425
v -7.242287 0.054721 -9.013425
v -7.236995 -0.025279 -9.042956
v -7.236995 0.054721 -9.042956
v -7.266524 -0.025279 -9.048249
v -7.266524 0.054721 -9.048249
v -7.271818 -0.025279 -9.018717
v -7.271818 0.054721 -9.018717
v -7.049155 -0.030000 -9.779236
v -7.049155 0.030000 -9.779236
v -7.214990 -0.030000 -8.853977
v -7.214990 0.030000 -8.853977
v -7.352797 -0.030000 -8.878674
v -7.352797 0.030000 -8.878674
v -7.186956 -0.030000 -9.803927
v -7.186956 0.030000 -9.803927
v -7.374918 -0.025279 -9.683465
v -7.374918 0.054721 -9.683465
v -7.379462 -0.025279 -9.653811
v -7.379462 0.054721 -9.653811
v -7.409114 -0.025279 -9.658353
v -7.409114 0.054721 -9.658353
v -7.404572 -0.025279 -9.688009
v -7.404572 0.054721 -9.688009
v -7.471185 -0.025279 -9.055060
v -7.471185 0.054721 -9.055060
v -7.466643 -0.025279 -9.084716
v -7.466643 0.054721 -9.084716
v -7.496297 -0.025279 -9.089259
v -7.496297 0.054721 -9.089259
v -7.500842 -0.025279 -9.059602
v -7.500842 0.054721 -9.059602
v -7.297516 -0.030000 -9.825518
v -7.297516 0.030000 -9.825518
v -7.439858 -0.030000 -8.896356
v -7.439858 0.030000 -8.896356
v -7.578246 -0.030000 -8.917552
v -7.578246 0.030000 -8.917552
v -7.435898 -0.030000 -9.846711
v -7.435898 0.030000 -9.846711
v -7.620749 -0.025279 -9.721526
v -7.620749 0.054721 -9.721526
v -7.624539 -0.025279 -9.691765
v -7.624539 0.054721 -9.691765
v -7.654296 -0.025279 -9.695555
v -7.654296 0.054721 -9.695555
v -7.650508 -0.025279 -9.725317
v -7.650508 0.054721 -9.725317
v -7.701064 -0.025279 -9.090884
v -7.701064 0.054721 -9.090884
v -7.697276 -0.025279 -9.120645
v -7.697276 0.054721 -9.120645
v -7.727036 -0.025279 -9.124435
v -7.727036 0.054721 -9.124435
v -7.730827 -0.025279 -9.094672
v -7.730827 0.054721 -9.094672
v -7.546969 -0.030000 -9.865494
v -7.546969 0.030000 -9.865494
v -7.665728 -0.030000 -8.933023
v -7.665728 0.030000 -8.933023
v -7.804607 -0.030000 -8.950707
v -7.804607 0.030000 -8.950707
v -7.685843 -0.030000 -9.883175
v -7.685843 0.030000 -9.883175
v -7.867464 -0.025279 -9.753347
v -7.867464 0.054721 -9.753347
v -7.870500 -0.025279 -9.723499
v -7.870500 0.054721 -9.723499
v -7.900343 -0.025279 -9.726534
v -7.900343 0.054721 -9.726534
v -7.897309 -0.025279 -9.756382
v -7.897309 0.054721 -9.756382
v -7.931778 -0.025279 -9.120872
v -7.931778 0.054721 -9.120872
v -7.928744 -0.025279 -9.150720
v -7.928744 0.054721 -9.150720
v -7.958591 -0.025279 -9.153755
v -7.958591 0.054721 -9.153755
v -7.961627 -0.025279 -9.123906
v -7.961627 0.054721 -9.123906
v -7.797356 -0.030000 -9.899137
v -7.797356 0.030000 -9.899137
v -7.892453 -0.030000 -8.963958
v -7.892453 0.030000 -8.963958
v -8.031736 -0.030000 -8.978118
v -8.031736 0.030000 -8.978118
v -7.936633 -0.030000 -9.913295
v -7.936633 0.030000 -9.913295
v -8.114906 -0.025279 -9.778908
v -8.114906 0.054721 -9.778908
v -8.117185 -0.025279 -9.748992
v -8.117185 0.054721 -9.748992
v -8.147096 -0.025279 -9.751270
v -8.147096 0.054721 -9.751270
v -8.144818 -0.025279 -9.781185
v -8.144818 0.054721 -9.781185
v -8.163177 -0.025279 -9.145007
v -8.163177 0.054721 -9.145007
v -8.160900 -0.025279 -9.174921
v -8.160900 0.054721 -9.174921
v -8.190814 -0.025279 -9.177199
v -8.190814 0.054721 -9.177199
v -8.193093 -0.025279 -9.147284
v -8.193093 0.054721 -9.147284
v -8.048514 -0.030000 -9.926426
v -8.048514 0.030000 -9.926426
v -8.119890 -0.030000 -8.989139
v -8.119890 0.030000 -8.989139
v -8.259487 -0.030000 -8.999765
v -8.259487 0.030000 -8.999765
v -8.188106 -0.030000 -9.937052
v -8.188106 0.030000 -9.937052
v -8.362917 -0.025279 -9.798191
v -8.362917 0.054721 -9.798191
v -8.364436 -0.025279 -9.768228
v -8.364436 0.054721 -9.768228
v -8.394396 -0.025279 -9.769748
v -8.394396 0.054721 -9.769748
v -8.392877 -0.025279 -9.799711
v -8.392877 0.054721 -9.799711
v -8.395113 -0.025279 -9.163272
v -8.395113 0.054721 -9.163272
v -8.393595 -0.025279 -9.193233
v -8.393595 0.054721 -9.193233
v -8.423556 -0.025279 -9.194754
v -8.423556 0.054721 -9.194754
v -8.425078 -0.025279 -9.164789
v -8.425078 0.054721 -9.164789
v -8.300282 -0.030000 -9.947345
v -8.300282 0.030000 -9.947345
v -8.347892 -0.030000 -9.008550
v -8.347892 0.030000 -9.008550
v -8.487713 -0.030000 -9.015637
v -8.487713 0.030000 -9.015637
v -8.440099 -0.030000 -9.954431
v -8.440099 0.030000 -9.954431
v -8.611336 -0.025279 -9.811186
v -8.611336 0.054721 -9.811186
v -8.612096 -0.025279 -9.781194
v -8.612096 0.054721 -9.781194
v -8.642085 -0.025279 -9.781954
v -8.642085 0.054721 -9.781954
v -8.641324 -0.025279 -9.811946
v -8.641324 0.054721 -9.811946
v -8.627439 -0.025279 -9.175655
v -8.627439 0.054721 -9.175655
v -8.626678 -0.025279 -9.205645
v -8.626678 0.054721 -9.205645
v -8.656670 -0.025279 -9.206406
v -8.656670 0.054721 -9.206406
v -8.657432 -0.025279 -9.176413
v -8.657432 0.054721 -9.176413
v -8.552500 -0.030000 -9.961879
v -8.552500 0.030000 -9.961879
v -8.576312 -0.030000 -9.022179
v -8.576312 0.030000 -9.022179
v -8.716268 -0.030000 -9.025722
v -8.716268 0.030000 -9.025722
v -8.692451 -0.030000 -9.965420
v -8.692451 0.030000 -9.965420
v -8.860004 -0.025279 -9.817883
v -8.860004 0.054721 -9.817883
v -8.860005 -0.025279 -9.787882
v -8.860005 0.054721 -9.787882
v -8.890003 -0.025279 -9.787882
v -8.890003 0.054721 -9.787882
v -8.890002 -0.025279 -9.817883
v -8.890002 0.054721 -9.817883
v -8.860002 -0.025279 -9.182149
v -8.860002 0.054721 -9.182149
v -8.860003 -0.025279 -9.212148
v -8.860003 0.054721 -9.212148
v -8.890003 -0.025279 -9.212149
v -8.890003 0.054721 -9.212149
v -8.890005 -0.025279 -9.182146
v -8.890005 0.054721 -9.182146
v -8.805005 -0.030000 -9.970018
v -8.805005 0.030000 -9.970018
v -8.805005 -0.030000 -9.030017
v -8.805005 0.030000 -9.030017
v -8.945004 -0.030000 -9.030013
v -8.945004 0.030000 -9.030013
v -8.945000 -0.030000 -9.970014
v -8.945000 0.030000 -9.970014
v 0.127793 0.025803 -0.462909
v 0.187716 0.025803 -0.465948
v 0.127793 0.041289 -0.462909
v 0.135893 0.085803 -0.463320
v 0.169994 0.071584 -0.465049
v 0.145515 0.041289 -0.463808
v 0.135893 0.071584 -0.463320
v 0.145515 0.071584 -0.463808
v 0.169994 0.041289 -0.465049
v 0.179615 0.071584 -0.465537
v 0.187716 0.041289 -0.465948
v 0.179615 0.085803 -0.465537
v 0.847822 0.025803 -0.499425
v 0.787899 0.025803 -0.496386
v 0.847822 0.041289 -0.499425
v 0.839721 0.085803 -0.499014
v 0.805621 0.071584 -0.497285
v 0.830099 0.041289 -0.498526
v 0.839721 0.071584 -0.499014
v 0.830099 0.071584 -0.498526
v 0.805621 0.041289 -0.497285
v 0.795999 0.071584 -0.496797
v 0.787899 0.041289 -0.496386
v 0.795999 0.085803 -0.496797
v 0.092632 0.025803 -0.924630
v 0.152324 0.025803 -0.930700
v 0.092632 0.041289 -0.924630
v 0.100701 0.085803 -0.925451
v 0.134670 0.071584 -0.928905
v 0.110286 0.041289 -0.926426
v 0.100701 0.071584 -0.925451
v 0.110286 0.071584 -0.926426
v 0.134670 0.041289 -0.928905
v 0.144255 0.071584 -0.929880
v 0.152324 0.041289 -0.930700
v 0.144255 0.085803 -0.929880
v 0.809887 0.025803 -0.997568
v 0.750195 0.025803 -0.991498
v 0.809887 0.041289 -0.997568
v 0.801817 0.085803 -0.996747
v 0.767849 0.071584 -0.993293
v 0.792233 0.041289 -0.995773
v 0.801817 0.071584 -0.996747
v 0.792233 0.071584 -0.995773
v 0.767849 0.041289 -0.993293
v 0.758264 0.071584 -0.992319
v 0.750195 0.041289 -0.991498
v 0.758264 0.085803 -0.992319
v 0.034130 0.025803 -1.383978
v 0.093438 0.025803 -1.393064
v 0.034130 0.041289 -1.383978
v 0.042148 0.085803 -1.385206
v 0.075898 0.071584 -1.390376
v 0.051670 0.041289 -1.386665
v 0.042148 0.071584 -1.385206
v 0.051670 0.071584 -1.386665
v 0.075898 0.041289 -1.390376
v 0.085421 0.071584 -1.391835
v 0.093438 0.041289 -1.393064
v 0.085421 0.085803 -1.391835
v 0.746770 0.025803 -1.493150
v 0.687462 0.025803 -1.484065
v 0.746770 0.041289 -1.493150
v 0.738753 0.085803 -1.491922
v 0.705003 0.071584 -1.486752
v 0.729230 0.041289 -1.490463
v 0.738753 0.071584 -1.491922
v 0.729230 0.071584 -1.490463
v 0.705003 0.041289 -1.486752
v 0.695480 0.071584 -1.485293
v 0.687462 0.041289 -1.484065
v 0.695480 0.085803 -1.485293
v -0.047562 0.025803 -1.839773
v 0.011210 0.025803 -1.851851
v -0.047562 0.041289 -1.839773
v -0.039617 0.085803 -1.841405
v -0.006172 0.071584 -1.848279
v -0.030180 0.041289 -1.843345
v -0.039617 0.071584 -1.841405
v -0.030180 0.071584 -1.843345
v -0.006172 0.041289 -1.848279
v 0.003265 0.071584 -1.850218
v 0.011210 0.041289 -1.851851
v 0.003265 0.085803 -1.850218
v 0.658634 0.025803 -1.984900
v 0.599862 0.025803 -1.972822
v 0.658634 0.041289 -1.984900
v 0.650689 0.085803 -1.983267
v 0.617244 0.071584 -1.976394
v 0.641252 0.041289 -1.981328
v 0.650689 0.071584 -1.983267
v 0.641252 0.071584 -1.981328
v 0.617244 0.041289 -1.976394
v 0.607807 0.071584 -1.974455
v 0.599862 0.041289 -1.972822
v 0.607807 0.085803 -1.974455
v -0.152235 0.025803 -2.290845
v -0.094151 0.025803 -2.305884
v -0.152235 0.041289 -2.290845
v -0.144383 0.085803 -2.292878
v -0.111329 0.071584 -2.301436
v -0.135057 0.041289 -2.295293
v -0.144383 0.071584 -2.292878
v -0.135057 0.071584 -2.295293
v -0.111329 0.041289 -2.301436
v -0.102003 0.071584 -2.303851
v -0.094151 0.041289 -2.305884
v -0.102003 0.085803 -2.303851
v 0.545704 0.025803 -2.471554
v 0.487619 0.025803 -2.456515
v 0.545704 0.041289 -2.471554
v 0.537852 0.085803 -2.469521
v 0.504798 0.071584 -2.460963
v 0.528525 0.041289 -2.467106
v 0.537852 0.071584 -2.469521
v 0.528525 0.071584 -2.467106
v 0.504798 0.041289 -2.460963
v 0.495471 0.071584 -2.458548
v 0.487619 0.041289 -2.456515
v 0.495471 0.085803 -2.458548
v -0.279620 0.025803 -2.736037
v -0.222372 0.025803 -2.753999
v -0.279620 0.041289 -2.736037
v -0.271881 0.085803 -2.738465
v -0.239303 0.071584 -2.748686
v -0.262689 0.041289 -2.741349
v -0.271881 0.071584 -2.738465
v -0.262689 0.071584 -2.741349
v -0.239303 0.041289 -2.748686
v -0.230111 0.071584 -2.751570
v -0.222372 0.041289 -2.753999
v -0.230111 0.085803 -2.751570
v 0.408270 0.025803 -2.951864
v 0.351022 0.025803 -2.933902
v 0.408270 0.041289 -2.951864
v 0.400531 0.085803 -2.949435
v 0.367953 0.071584 -2.939214
v 0.391339 0.041289 -2.946552
v 0.400531 0.071584 -2.949435
v 0.391339 0.071584 -2.946552
v 0.367953 0.041289 -2.939214
v 0.358761 0.071584 -2.936330
v 0.351022 0.041289 -2.933902
v 0.358761 0.085803 -2.936330
v -0.429390 0.025803 -3.174205
v -0.373125 0.025803 -3.195044
v -0.429390 0.041289 -3.174205
v -0.421784 0.085803 -3.177022
v -0.389766 0.071584 -3.188880
v -0.412750 0.041289 -3.180368
v -0.421784 0.071584 -3.177022
v -0.412750 0.071584 -3.180368
v -0.389766 0.041289 -3.188880
v -0.380731 0.071584 -3.192227
v -0.373125 0.041289 -3.195044
v -0.380731 0.085803 -3.192227
v 0.246686 0.025803 -3.424596
v 0.190421 0.025803 -3.403758
v 0.246686 0.041289 -3.424596
v 0.239080 0.085803 -3.421779
v 0.207061 0.071584 -3.409921
v 0.230045 0.041289 -3.418433
v 0.239080 0.071584 -3.421779
v 0.230045 0.071584 -3.418433
v 0.207061 0.041289 -3.409921
v 0.198027 0.071584 -3.406575
v 0.190421 0.041289 -3.403758
v 0.198027 0.085803 -3.406575
v -0.601161 0.025803 -3.604225
v -0.546024 0.025803 -3.627887
v -0.601161 0.041289 -3.604225
v -0.593708 0.085803 -3.607424
v -0.562331 0.071584 -3.620889
v -0.584854 0.041289 -3.611223
v -0.593708 0.071584 -3.607424
v -0.584854 0.071584 -3.611223
v -0.562331 0.041289 -3.620889
v -0.553477 0.071584 -3.624688
v -0.546024 0.041289 -3.627887
v -0.553477 0.085803 -3.624688
v 0.061365 0.025803 -3.888538
v 0.006228 0.025803 -3.864877
v 0.061365 0.041289 -3.888538
v 0.053912 0.085803 -3.885339
v 0.022535 0.071584 -3.871874
v 0.045058 0.041289 -3.881540
v 0.053912 0.071584 -3.885339
v 0.045058 0.071584 -3.881540
v 0.022535 0.041289 -3.871874
v 0.013681 0.071584 -3.868075
v 0.006228 0.041289 -3.864877
v 0.013681 0.085803 -3.868075
v -0.794492 0.025803 -4.024993
v -0.740624 0.025803 -4.051418
v -0.794492 0.041289 -4.024993
v -0.787210 0.085803 -4.028566
v -0.756555 0.071584 -4.043602
v -0.778560 0.041289 -4.032809
v -0.787210 0.071584 -4.028566
v -0.778560 0.071584 -4.032809
v -0.756555 0.041289 -4.043602
v -0.747905 0.071584 -4.047845
v -0.740624 0.041289 -4.051418
v -0.747905 0.085803 -4.047845
v -0.147216 0.025803 -4.342497
v -0.201084 0.025803 -4.316074
v -0.147216 0.041289 -4.342497
v -0.154498 0.085803 -4.338925
v -0.185153 0.071584 -4.323889
v -0.163147 0.041289 -4.334683
v -0.154498 0.071584 -4.338925
v -0.163147 0.071584 -4.334683
v -0.185153 0.041289 -4.323889
v -0.193802 0.071584 -4.319646
v -0.201084 0.041289 -4.316074
v -0.193802 0.085803 -4.319646
v -1.008885 0.025803 -4.435430
v -0.956425 0.025803 -4.464549
v -1.008885 0.041289 -4.435430
v -1.001794 0.085803 -4.439367
v -0.971940 0.071584 -4.455936
v -0.993371 0.041289 -4.444042
v -1.001794 0.071584 -4.439367
v -0.993371 0.071584 -4.444042
v -0.971940 0.041289 -4.455936
v -0.963517 0.071584 -4.460612
v -0.956425 0.041289 -4.464549
v -0.963517 0.085803 -4.460612
v -0.378522 0.025803 -4.785310
v -0.430983 0.025803 -4.756192
v -0.378522 0.041289 -4.785310
v -0.385614 0.085803 -4.781374
v -0.415468 0.071584 -4.764804
v -0.394037 0.041289 -4.776699
v -0.385614 0.071584 -4.781374
v -0.394037 0.071584 -4.776699
v -0.415468 0.041289 -4.764804
v -0.423891 0.071584 -4.760128
v -0.430983 0.041289 -4.756192
v -0.423891 0.085803 -4.760128
v -1.243793 0.025803 -4.834480
v -1.192874 0.025803 -4.866219
v -1.243793 0.041289 -4.834480
v -1.236909 0.085803 -4.838771
v -1.207933 0.071584 -4.856832
v -1.228734 0.041289 -4.843867
v -1.236909 0.071584 -4.838771
v -1.228734 0.071584 -4.843867
v -1.207933 0.041289 -4.856832
v -1.199758 0.071584 -4.861928
v -1.192874 0.041289 -4.866219
v -1.199758 0.085803 -4.861928
v -0.631959 0.025803 -5.215839
v -0.682878 0.025803 -5.184101
v -0.631959 0.041289 -5.215839
v -0.638842 0.085803 -5.211548
v -0.667819 0.071584 -5.193488
v -0.647018 0.041289 -5.206453
v -0.638842 0.071584 -5.211548
v -0.647018 0.071584 -5.206453
v -0.667819 0.041289 -5.193488
v -0.675995 0.071584 -5.188392
v -0.682878 0.041289 -5.184101
v -0.675995 0.085803 -5.188392
v -1.498610 0.025803 -5.221120
v -1.449364 0.025803 -5.255397
v -1.498610 0.041289 -5.221120
v -1.491953 0.085803 -5.225755
v -1.463928 0.071584 -5.245260
v -1.484045 0.041289 -5.231258
v -1.491953 0.071584 -5.225755
v -1.484045 0.071584 -5.231258
v -1.463928 0.041289 -5.245260
v -1.456021 0.071584 -5.250764
v -1.449364 0.041289 -5.255397
v -1.456021 0.085803 -5.250764
v -0.906877 0.025803 -5.632979
v -0.956123 0.025803 -5.598702
v -0.906877 0.041289 -5.632979
v -0.913534 0.085803 -5.628345
v -0.941558 0.071584 -5.608840
v -0.921442 0.041289 -5.622842
v -0.913534 0.071584 -5.628345
v -0.921442 0.071584 -5.622842
v -0.941558 0.041289 -5.608840
v -0.949466 0.071584 -5.603337
v -0.956123 0.041289 -5.598702
v -0.949466 0.085803 -5.603337
v -1.772683 0.025803 -5.594358
v -1.725236 0.025803 -5.631085
v -1.772683 0.041289 -5.594358
v -1.766269 0.085803 -5.599324
v -1.739269 0.071584 -5.620224
v -1.758651 0.041289 -5.605220
v -1.766269 0.071584 -5.599324
v -1.758651 0.071584 -5.605220
v -1.739269 0.041289 -5.620224
v -1.731651 0.071584 -5.626121
v -1.725236 0.041289 -5.631085
v -1.731651 0.085803 -5.626121
v -1.202570 0.025803 -6.035659
v -1.250016 0.025803 -5.998932
v -1.202570 0.041289 -6.035659
v -1.208984 0.085803 -6.030694
v -1.235984 0.071584 -6.009795
v -1.216602 0.041289 -6.024797
v -1.208984 0.071584 -6.030694
v -1.216602 0.071584 -6.024797
v -1.235984 0.041289 -6.009795
v -1.243603 0.071584 -6.003899
v -1.250016 0.041289 -5.998932
v -1.243603 0.085803 -6.003899
v -2.065308 0.025803 -5.953236
v -2.019783 0.025803 -5.992319
v -2.065308 0.041289 -5.953236
v -2.059154 0.085803 -5.958520
v -2.033247 0.071584 -5.980760
v -2.051844 0.041289 -5.964795
v -2.059154 0.071584 -5.958520
v -2.051844 0.071584 -5.964795
v -2.033247 0.041289 -5.980760
v -2.025938 0.071584 -5.987036
v -2.019783 0.041289 -5.992319
v -2.025938 0.085803 -5.987036
v -1.518279 0.025803 -6.422846
v -1.563804 0.025803 -6.383763
v -1.518279 0.041289 -6.422846
v -1.524433 0.085803 -6.417562
v -1.550340 0.071584 -6.395322
v -1.531743 0.041289 -6.411288
v -1.524433 0.071584 -6.417562
v -1.531743 0.071584 -6.411288
v -1.550340 0.041289 -6.395322
v -1.557650 0.071584 -6.389048
v -1.563804 0.041289 -6.383763
v -1.557650 0.085803 -6.389048
v -2.375735 0.025803 -6.296831
v -2.332248 0.025803 -6.338170
v -2.375735 0.041289 -6.296831
v -2.369856 0.085803 -6.302421
v -2.345109 0.071584 -6.325944
v -2.362874 0.041289 -6.309057
v -2.369856 0.071584 -6.302421
v -2.362874 0.071584 -6.309057
v -2.345109 0.041289 -6.325944
v -2.338127 0.071584 -6.332582
v -2.332248 0.041289 -6.338170
v -2.338127 0.085803 -6.332582
v -1.853193 0.025803 -6.793545
v -1.896680 0.025803 -6.752207
v -1.853193 0.041289 -6.793545
v -1.859071 0.085803 -6.787956
v -1.883819 0.071584 -6.764433
v -1.866054 0.041289 -6.781320
v -1.859071 0.071584 -6.787956
v -1.866054 0.071584 -6.781320
v -1.883819 0.041289 -6.764433
v -1.890802 0.071584 -6.757797
v -1.896680 0.041289 -6.752207
v -1.890802 0.085803 -6.757797
v -2.703166 0.025803 -6.624263
v -2.661829 0.025803 -6.667751
v -2.703166 0.041289 -6.624263
v -2.697578 0.085803 -6.630143
v -2.674054 0.071584 -6.654890
v -2.690941 0.041289 -6.637125
v -2.697578 0.071584 -6.630143
v -2.690941 0.071584 -6.637125
v -2.674054 0.041289 -6.654890
v -2.667417 0.071584 -6.661873
v -2.661829 0.041289 -6.667751
v -2.667417 0.085803 -6.661873
v -2.206453 0.025803 -7.146806
v -2.247790 0.025803 -7.103318
v -2.206453 0.041289 -7.146806
v -2.212041 0.085803 -7.140926
v -2.235565 0.071584 -7.116180
v -2.218678 0.041289 -7.133945
v -2.212041 0.071584 -7.140926
v -2.218678 0.071584 -7.133945
v -2.235565 0.041289 -7.116180
v -2.242203 0.071584 -7.109199
v -2.247790 0.041289 -7.103318
v -2.242203 0.085803 -7.109199
v -3.046762 0.025803 -6.934690
v -3.007679 0.025803 -6.980217
v -3.046762 0.041289 -6.934690
v -3.041478 0.085803 -6.940846
v -3.019238 0.071584 -6.966753
v -3.035203 0.041289 -6.948154
v -3.041478 0.071584 -6.940846
v -3.035203 0.071584 -6.948154
v -3.019238 0.041289 -6.966753
v -3.012963 0.071584 -6.974063
v -3.007679 0.041289 -6.980217
v -3.012963 0.085803 -6.974063
v -2.577152 0.025803 -7.481720
v -2.616234 0.025803 -7.436195
v -2.577152 0.041289 -7.481720
v -2.582435 0.085803 -7.475565
v -2.604676 0.071584 -7.449659
v -2.588710 0.041289 -7.468257
v -2.582435 0.071584 -7.475565
v -2.588710 0.071584 -7.468257
v -2.604676 0.041289 -7.449659
v -2.610951 0.071584 -7.442351
v -2.616234 0.041289 -7.436195
v -2.610951 0.085803 -7.442351
v -3.405639 0.025803 -7.227316
v -3.368912 0.025803 -7.274764
v -3.405639 0.041289 -7.227316
v -3.400674 0.085803 -7.233732
v -3.379775 0.071584 -7.260732
v -3.394777 0.041289 -7.241349
v -3.400674 0.071584 -7.233732
v -3.394777 0.071584 -7.241349
v -3.379775 0.041289 -7.260732
v -3.373878 0.071584 -7.268350
v -3.368912 0.041289 -7.274764
v -3.373878 0.085803 -7.268350
v -2.964338 0.025803 -7.797430
v -3.001064 0.025803 -7.749984
v -2.964338 0.041289 -7.797430
v -2.969302 0.085803 -7.791015
v -2.990203 0.071584 -7.764016
v -2.975200 0.041289 -7.783398
v -2.969302 0.071584 -7.791015
v -2.975200 0.071584 -7.783398
v -2.990203 0.041289 -7.764016
v -2.996100 0.071584 -7.756399
v -3.001064 0.041289 -7.749984
v -2.996100 0.085803 -7.756399
v -3.778876 0.025803 -7.501390
v -3.744600 0.025803 -7.550636
v -3.778876 0.041289 -7.501390
v -3.774243 0.085803 -7.508049
v -3.754738 0.071584 -7.536073
v -3.768739 0.041289 -7.515954
v -3.774243 0.071584 -7.508049
v -3.768739 0.071584 -7.515954
v -3.754738 0.041289 -7.536073
v -3.749234 0.071584 -7.543980
v -3.744600 0.041289 -7.550636
v -3.749234 0.085803 -7.543980
v -3.367018 0.025803 -8.093123
v -3.401294 0.025803 -8.043879
v -3.367018 0.041289 -8.093123
v -3.371651 0.085803 -8.086466
v -3.391157 0.071584 -8.058442
v -3.377155 0.041289 -8.078560
v -3.371651 0.071584 -8.086466
v -3.377155 0.071584 -8.078560
v -3.391157 0.041289 -8.058442
v -3.396661 0.071584 -8.050536
v -3.401294 0.041289 -8.043879
v -3.396661 0.085803 -8.050536
v -4.165516 0.025803 -7.756207
v -4.133779 0.025803 -7.807127
v -4.165516 0.041289 -7.756207
v -4.161226 0.085803 -7.763093
v -4.143166 0.071584 -7.792068
v -4.156130 0.041289 -7.771267
v -4.161226 0.071584 -7.763093
v -4.156130 0.071584 -7.771267
v -4.143166 0.041289 -7.792068
v -4.138070 0.071584 -7.800244
v -4.133779 0.041289 -7.807127
v -4.138070 0.085803 -7.800244
v -3.784158 0.025803 -8.368042
v -3.815895 0.025803 -8.317124
v -3.784158 0.041289 -8.368042
v -3.788447 0.085803 -8.361158
v -3.806509 0.071584 -8.332183
v -3.793544 0.041289 -8.352984
v -3.788447 0.071584 -8.361158
v -3.793544 0.071584 -8.352984
v -3.806509 0.041289 -8.332183
v -3.811605 0.071584 -8.324008
v -3.815895 0.041289 -8.317124
v -3.811605 0.085803 -8.324008
v -4.564567 0.025803 -7.991115
v -4.535449 0.025803 -8.043577
v -4.564567 0.041289 -7.991115
v -4.560631 0.085803 -7.998209
v -4.544061 0.071584 -8.028063
v -4.555955 0.041289 -8.006631
v -4.560631 0.071584 -7.998209
v -4.555955 0.071584 -8.006631
v -4.544061 0.041289 -8.028063
v -4.539385 0.071584 -8.036486
v -4.535449 0.041289 -8.043577
v -4.539385 0.085803 -8.036486
v -4.214686 0.025803 -8.621480
v -4.243804 0.025803 -8.569020
v -4.214686 0.041289 -8.621480
v -4.218621 0.085803 -8.614388
v -4.235193 0.071584 -8.584535
v -4.223299 0.041289 -8.605966
v -4.218621 0.071584 -8.614388
v -4.223299 0.071584 -8.605966
v -4.235193 0.041289 -8.584535
v -4.239869 0.071584 -8.576112
v -4.243804 0.041289 -8.569020
v -4.239869 0.085803 -8.576112
v -4.975002 0.025803 -8.205510
v -4.948579 0.025803 -8.259379
v -4.975002 0.041289 -8.205510
v -4.971431 0.085803 -8.212794
v -4.956395 0.071584 -8.243449
v -4.967187 0.041289 -8.221442
v -4.971431 0.071584 -8.212794
v -4.967187 0.071584 -8.221442
v -4.956395 0.041289 -8.243449
v -4.952152 0.071584 -8.252097
v -4.948579 0.041289 -8.259379
v -4.952152 0.085803 -8.252097
v -4.657499 0.025803 -8.852787
v -4.683922 0.025803 -8.798920
v -4.657499 0.041289 -8.852787
v -4.661069 0.085803 -8.845505
v -4.676108 0.071584 -8.814850
v -4.665314 0.041289 -8.836856
v -4.661069 0.071584 -8.845505
v -4.665314 0.071584 -8.836856
v -4.676108 0.041289 -8.814850
v -4.680351 0.071584 -8.806201
v -4.683922 0.041289 -8.798920
v -4.680351 0.085803 -8.806201
v -5.395771 0.025803 -8.398842
v -5.372110 0.025803 -8.453979
v -5.395771 0.041289 -8.398842
v -5.392573 0.085803 -8.406297
v -5.379108 0.071584 -8.437675
v -5.388772 0.041289 -8.415149
v -5.392573 0.071584 -8.406297
v -5.388772 0.071584 -8.415149
v -5.379108 0.041289 -8.437675
v -5.375309 0.071584 -8.446526
v -5.372110 0.041289 -8.453979
v -5.375309 0.085803 -8.446526
v -5.111458 0.025803 -9.061369
v -5.135119 0.025803 -9.006232
v -5.111458 0.041289 -9.061369
v -5.114656 0.085803 -9.053915
v -5.128123 0.071584 -9.022538
v -5.118457 0.041289 -9.045062
v -5.114656 0.071584 -9.053915
v -5.118457 0.071584 -9.045062
v -5.128123 0.041289 -9.022538
v -5.131922 0.071584 -9.013685
v -5.135119 0.041289 -9.006232
v -5.131922 0.085803 -9.013685
v -5.825791 0.025803 -8.570614
v -5.804953 0.025803 -8.626879
v -5.825791 0.041289 -8.570614
v -5.822975 0.085803 -8.578221
v -5.811117 0.071584 -8.610240
v -5.819628 0.041289 -8.587254
v -5.822975 0.071584 -8.578221
v -5.819628 0.071584 -8.587254
v -5.811117 0.041289 -8.610240
v -5.807771 0.071584 -8.619273
v -5.804953 0.041289 -8.626879
v -5.807771 0.085803 -8.619273
v -5.575400 0.025803 -9.246690
v -5.596238 0.025803 -9.190426
v -5.575400 0.041289 -9.246690
v -5.578216 0.085803 -9.239084
v -5.590076 0.071584 -9.207065
v -5.581563 0.041289 -9.230050
v -5.578216 0.071584 -9.239084
v -5.581563 0.071584 -9.230050
v -5.590076 0.041289 -9.207065
v -5.593422 0.071584 -9.198031
v -5.596238 0.041289 -9.190426
v -5.593422 0.085803 -9.198031
v -6.263959 0.025803 -8.720386
v -6.245998 0.025803 -8.777633
v -6.263959 0.041289 -8.720386
v -6.261532 0.085803 -8.728125
v -6.251311 0.071584 -8.760703
v -6.258647 0.041289 -8.737315
v -6.261532 0.071584 -8.728125
v -6.258647 0.071584 -8.737315
v -6.251311 0.041289 -8.760703
v -6.248427 0.071584 -8.769895
v -6.245998 0.041289 -8.777633
v -6.248427 0.085803 -8.769895
v -6.048132 0.025803 -9.408276
v -6.066094 0.025803 -9.351027
v -6.048132 0.041289 -9.408276
v -6.050560 0.085803 -9.400537
v -6.060782 0.071584 -9.367957
v -6.053445 0.041289 -9.391344
v -6.050560 0.071584 -9.400537
v -6.053445 0.071584 -9.391344
v -6.060782 0.041289 -9.367957
v -6.063667 0.071584 -9.358767
v -6.066094 0.041289 -9.351027
v -6.063667 0.085803 -9.358767
v -6.709151 0.025803 -8.847772
v -6.694112 0.025803 -8.905855
v -6.709151 0.041289 -8.847772
v -6.707119 0.085803 -8.855624
v -6.698561 0.071584 -8.888678
v -6.704703 0.041289 -8.864948
v -6.707119 0.071584 -8.855624
v -6.704703 0.071584 -8.864948
v -6.698561 0.041289 -8.888678
v -6.696146 0.071584 -8.898004
v -6.694112 0.041289 -8.905855
v -6.696146 0.085803 -8.898004
v -6.528442 0.025803 -9.545710
v -6.543481 0.025803 -9.487625
v -6.528442 0.041289 -9.545710
v -6.530475 0.085803 -9.537858
v -6.539034 0.071584 -9.504802
v -6.532890 0.041289 -9.528531
v -6.530475 0.071584 -9.537858
v -6.532890 0.071584 -9.528531
v -6.539034 0.041289 -9.504802
v -6.541449 0.071584 -9.495478
v -6.543481 0.041289 -9.487625
v -6.541449 0.085803 -9.495478
v -7.160224 0.025803 -8.952446
v -7.148146 0.025803 -9.011216
v -7.160224 0.041289 -8.952446
v -7.158592 0.085803 -8.960391
v -7.151718 0.071584 -8.993835
v -7.156651 0.041289 -8.969825
v -7.158592 0.071584 -8.960391
v -7.156651 0.071584 -8.969825
v -7.151718 0.041289 -8.993835
v -7.149779 0.071584 -9.003272
v -7.148146 0.041289 -9.011216
v -7.149779 0.085803 -9.003272
v -7.015096 0.025803 -9.658640
v -7.027175 0.025803 -9.599868
v -7.015096 0.041289 -9.658640
v -7.016728 0.085803 -9.650696
v -7.023602 0.071584 -9.617249
v -7.018669 0.041289 -9.641258
v -7.016728 0.071584 -9.650696
v -7.018669 0.071584 -9.641258
v -7.023602 0.041289 -9.617249
v -7.025542 0.071584 -9.607814
v -7.027175 0.041289 -9.599868
v -7.025542 0.085803 -9.607814
v -7.616019 0.025803 -9.034140
v -7.606933 0.025803 -9.093446
v -7.616019 0.041289 -9.034140
v -7.614792 0.085803 -9.042156
v -7.609620 0.071584 -9.075906
v -7.613331 0.041289 -9.051676
v -7.614792 0.071584 -9.042156
v -7.613331 0.071584 -9.051676
v -7.609620 0.041289 -9.075906
v -7.608162 0.071584 -9.085428
v -7.606933 0.041289 -9.093446
v -7.608162 0.085803 -9.085428
v -7.506845 0.025803 -9.746777
v -7.515932 0.025803 -9.687469
v -7.506845 0.041289 -9.746777
v -7.508074 0.085803 -9.738761
v -7.513245 0.071584 -9.705008
v -7.509533 0.041289 -9.729237
v -7.508074 0.071584 -9.738761
v -7.509533 0.071584 -9.729237
v -7.513245 0.041289 -9.705008
v -7.514704 0.071584 -9.695487
v -7.515932 0.041289 -9.687469
v -7.514704 0.085803 -9.695487
v -8.075367 0.025803 -9.092643
v -8.069296 0.025803 -9.152332
v -8.075367 0.041289 -9.092643
v -8.074547 0.085803 -9.100711
v -8.071092 0.071584 -9.134679
v -8.073570 0.041289 -9.110291
v -8.074547 0.071584 -9.100711
v -8.073570 0.071584 -9.110291
v -8.071092 0.041289 -9.134679
v -8.070118 0.071584 -9.144263
v -8.069296 0.041289 -9.152332
v -8.070118 0.085803 -9.144263
v -8.002427 0.025803 -9.809895
v -8.008499 0.025803 -9.750201
v -8.002427 0.041289 -9.809895
v -8.003249 0.085803 -9.801826
v -8.006703 0.071584 -9.767855
v -8.004224 0.041289 -9.792240
v -8.003249 0.071584 -9.801826
v -8.004224 0.071584 -9.792240
v -8.006703 0.041289 -9.767855
v -8.007679 0.071584 -9.758272
v -8.008499 0.041289 -9.750201
v -8.007679 0.085803 -9.758272
v -8.537088 0.025803 -9.127805
v -8.534048 0.025803 -9.187725
v -8.537088 0.041289 -9.127805
v -8.536677 0.085803 -9.135903
v -8.534947 0.071584 -9.170003
v -8.536188 0.041289 -9.145521
v -8.536677 0.071584 -9.135903
v -8.536188 0.071584 -9.145521
v -8.534947 0.041289 -9.170003
v -8.534460 0.071584 -9.179626
v -8.534048 0.041289 -9.187725
v -8.534460 0.085803 -9.179626
v -8.500570 0.025803 -9.847831
v -8.503611 0.025803 -9.787906
v -8.500570 0.041289 -9.847831
v -8.500982 0.085803 -9.839730
v -8.502712 0.071584 -9.805627
v -8.501471 0.041289 -9.830107
v -8.500982 0.071584 -9.839730
v -8.501471 0.071584 -9.830107
v -8.502712 0.041289 -9.805627
v -8.503201 0.071584 -9.796008
v -8.503611 0.041289 -9.787906
v -8.503201 0.085803 -9.796008
v -8.999998 0.025803 -9.139536
v -8.999997 0.025803 -9.199533
v -8.999998 0.041289 -9.139536
v -8.999997 0.085803 -9.147645
v -8.999997 0.071584 -9.181788
v -8.999996 0.041289 -9.157275
v -8.999997 0.071584 -9.147645
v -8.999996 0.071584 -9.157275
v -8.999997 0.041289 -9.181788
v -8.999997 0.071584 -9.191423
v -8.999997 0.041289 -9.199533
v -8.999997 0.085803 -9.191423
v -8.999995 0.025803 -9.860487
v -8.999997 0.025803 -9.800485
v -8.999995 0.041289 -9.860487
v -8.999996 0.085803 -9.852377
v -8.999997 0.071584 -9.818229
v -8.999997 0.041289 -9.842741
v -8.999996 0.071584 -9.852377
v -8.999997 0.071584 -9.842741
v -8.999997 0.041289 -9.818229
v -8.999997 0.071584 -9.808598
v -8.999997 0.041289 -9.800485
v -8.999997 0.085803 -9.808598
vn 0.9997 -0.0000 -0.0253
vn -0.0000 -1.0000 -0.0000
vn -0.0000 1.0000 -0.0000
vn -0.9997 -0.0000 0.0253
vn -0.0000 -0.0000 1.0000
vn 0.0253 -0.0000 0.9997
vn -0.0253 -0.0000 -0.9997
vn 0.0507 -0.0000 0.9987
vn -0.9987 -0.0000 0.0506
vn -0.0507 -0.0000 -0.9987
vn 0.9987 -0.0000 -0.0507
vn 0.0506 -0.0000 0.9987
vn -0.0506 -0.0000 -0.9987
vn -0.9987 -0.0000 0.0507
vn 0.9987 -0.0000 -0.0506
vn 0.0759 -0.0000 0.9971
vn -0.9971 -0.0000 0.0759
vn -0.0759 -0.0000 -0.9971
vn 0.9971 -0.0000 -0.0759
vn 0.1012 -0.0000 0.9949
vn -0.9949 -0.0000 0.1012
vn -0.1012 -0.0000 -0.9949
vn 0.9949 -0.0000 -0.1012
vn 0.1263 -0.0000 0.9920
vn -0.9920 -0.0000 0.1263
vn -0.1263 -0.0000 -0.9920
vn 0.9920 -0.0000 -0.1263
vn 0.1514 -0.0000 0.9885
vn -0.9885 -0.0000 0.1514
vn -0.1514 -0.0000 -0.9885
vn 0.9885 -0.0000 -0.1514
vn 0.1764 -0.0000 0.9843
vn -0.9843 -0.0000 0.1764
vn -0.1764 -0.0000 -0.9843
vn 0.9843 -0.0000 -0.1764
vn 0.2013 -0.0000 0.9795
vn -0.9795 -0.0000 0.2013
vn -0.2013 -0.0000 -0.9795
vn 0.9795 -0.0000 -0.2013
vn 0.2261 -0.0000 0.9741
vn -0.9741 -0.0000 0.2260
vn -0.2260 -0.0000 -0.9741
vn 0.9741 -0.0000 -0.2261
vn -0.9741 -0.0000 0.2261
vn 0.2260 -0.0000 0.9741
vn 0.9741 -0.0000 -0.2260
vn 0.2507 -0.0000 0.9681
vn -0.9681 -0.0000 0.2507
vn -0.2506 -0.0000 -0.9681
vn 0.9681 -0.0000 -0.2507
vn -0.2507 -0.0000 -0.9681
vn 0.2751 -0.0000 0.9614
vn -0.9614 -0.0000 0.2751
vn -0.2751 -0.0000 -0.9614
vn 0.9614 -0.0000 -0.2751
vn 0.2994 -0.0000 0.9541
vn -0.9541 -0.0000 0.2994
vn -0.2994 -0.0000 -0.9541
vn 0.9541 -0.0000 -0.2994
vn 0.3234 -0.0000 0.9462
vn -0.9462 -0.0000 0.3234
vn -0.3234 -0.0000 -0.9462
vn 0.9462 -0.0000 -0.3234
vn -0.3234 -0.0000 -0.9463
vn 0.3473 -0.0000 0.9378
vn -0.9378 -0.0000 0.3473
vn -0.3473 -0.0000 -0.9378
vn 0.9378 -0.0000 -0.3473
vn 0.3710 -0.0000 0.9287
vn -0.9287 -0.0000 0.3710
vn -0.3710 -0.0000 -0.9287
vn 0.9287 -0.0000 -0.3710
vn 0.3709 -0.0000 0.9287
vn -0.3709 -0.0000 -0.9287
vn -0.9287 -0.0000 0.3709
vn 0.9287 -0.0000 -0.3709
vn 0.3944 -0.0000 0.9190
vn -0.9190 -0.0000 0.3944
vn -0.3944 -0.0000 -0.9190
vn 0.9190 -0.0000 -0.3944
vn 0.3943 -0.0000 0.9190
vn -0.9190 -0.0000 0.3943
vn 0.4175 -0.0000 0.9087
vn -0.9087 -0.0000 0.4175
vn -0.4175 -0.0000 -0.9087
vn 0.9087 -0.0000 -0.4175
vn 0.4404 -0.0000 0.8978
vn -0.8978 -0.0000 0.4404
vn -0.4404 -0.0000 -0.8978
vn 0.8978 -0.0000 -0.4404
vn 0.4630 -0.0000 0.8864
vn -0.8864 -0.0000 0.4630
vn -0.4630 -0.0000 -0.8863
vn 0.8864 -0.0000 -0.4630
vn -0.4630 -0.0000 -0.8864
vn 0.4853 -0.0000 0.8743
vn -0.8743 -0.0000 0.4853
vn -0.4853 -0.0000 -0.8743
vn 0.8744 -0.0000 -0.4853
vn 0.8743 -0.0000 -0.4853
vn -0.8744 -0.0000 0.4853
vn 0.5073 -0.0000 0.8618
vn -0.8618 -0.0000 0.5073
vn -0.5073 -0.0000 -0.8618
vn 0.8618 -0.0000 -0.5073
vn 0.5290 -0.0000 0.8487
vn -0.8486 -0.0000 0.5290
vn -0.5290 -0.0000 -0.8486
vn 0.8486 -0.0000 -0.5290
vn 0.5290 -0.0000 0.8486
vn -0.8487 -0.0000 0.5289
vn 0.5503 -0.0000 0.8350
vn -0.8350 -0.0000 0.5503
vn -0.5503 -0.0000 -0.8350
vn 0.8350 -0.0000 -0.5503
vn 0.5503 -0.0000 0.8349
vn 0.5713 -0.0000 0.8208
vn -0.8207 -0.0000 0.5713
vn -0.5713 -0.0000 -0.8207
vn 0.8208 -0.0000 -0.5713
vn 0.5713 -0.0000 0.8207
vn 0.8207 -0.0000 -0.5713
vn -0.5713 -0.0000 -0.8208
vn -0.8208 -0.0000 0.5713
vn 0.5919 -0.0000 0.8060
vn -0.8060 -0.0000 0.5919
vn -0.5919 -0.0000 -0.8060
vn 0.8060 -0.0000 -0.5919
vn 0.6121 -0.0000 0.7908
vn -0.7908 -0.0000 0.6121
vn -0.6121 -0.0000 -0.7908
vn 0.7908 -0.0000 -0.6121
vn 0.6121 -0.0000 0.7907
vn 0.6319 -0.0000 0.7750
vn -0.7750 -0.0000 0.6320
vn -0.6320 -0.0000 -0.7750
vn 0.7750 -0.0000 -0.6319
vn 0.6320 -0.0000 0.7750
vn 0.7750 -0.0000 -0.6320
vn -0.6319 -0.0000 -0.7750
vn -0.7750 -0.0000 0.6319
vn 0.6514 -0.0000 0.7588
vn -0.7587 -0.0000 0.6514
vn -0.6514 -0.0000 -0.7587
vn 0.7588 -0.0000 -0.6514
vn 0.6514 -0.0000 0.7587
vn 0.7587 -0.0000 -0.6514
vn -0.6514 -0.0000 -0.7588
vn -0.7588 -0.0000 0.6514
vn 0.6704 -0.0000 0.7420
vn -0.7420 -0.0000 0.6704
vn -0.6704 -0.0000 -0.7420
vn 0.7420 -0.0000 -0.6704
vn 0.6890 -0.0000 0.7248
vn -0.7248 -0.0000 0.6890
vn -0.6890 -0.0000 -0.7248
vn 0.7248 -0.0000 -0.6890
vn 0.7071 -0.0000 0.7071
vn -0.7071 -0.0000 0.7071
vn -0.7071 -0.0000 -0.7071
vn 0.7071 -0.0000 -0.7071
vn 0.7248 -0.0000 0.6890
vn -0.6889 -0.0000 0.7248
vn -0.7248 -0.0000 -0.6889
vn 0.6890 -0.0000 -0.7248
vn 0.7248 -0.0000 0.6889
vn -0.7248 -0.0000 -0.6890
vn -0.6890 -0.0000 0.7248
vn 0.7420 -0.0000 0.6704
vn -0.6703 -0.0000 0.7421
vn -0.7420 -0.0000 -0.6704
vn 0.6704 -0.0000 -0.7420
vn 0.7420 -0.0000 0.6703
vn -0.6704 -0.0000 0.7420
vn 0.7588 -0.0000 0.6514
vn -0.6513 -0.0000 0.7588
vn -0.7588 -0.0000 -0.6514
vn 0.6514 -0.0000 -0.7588
vn 0.7588 -0.0000 0.6513
vn 0.6513 -0.0000 -0.7588
vn -0.7587 -0.0000 -0.6514
vn -0.6514 -0.0000 0.7587
vn -0.6514 -0.0000 0.7588
vn 0.7750 -0.0000 0.6319
vn -0.6319 -0.0000 0.7750
vn -0.7750 -0.0000 -0.6319
vn 0.6319 -0.0000 -0.7750
vn -0.7750 -0.0000 -0.6320
vn -0.6320 -0.0000 0.7750
vn 0.7908 -0.0000 0.6121
vn -0.6121 -0.0000 0.7908
vn -0.7908 -0.0000 -0.6121
vn 0.6121 -0.0000 -0.7908
vn -0.7907 -0.0000 -0.6122
vn 0.8060 -0.0000 0.5919
vn -0.5918 -0.0000 0.8061
vn -0.8060 -0.0000 -0.5919
vn 0.5919 -0.0000 -0.8060
vn 0.8061 -0.0000 0.5918
vn -0.5919 -0.0000 0.8060
vn 0.8208 -0.0000 0.5713
vn -0.5712 -0.0000 0.8208
vn -0.8208 -0.0000 -0.5713
vn 0.5713 -0.0000 -0.8207
vn 0.8208 -0.0000 0.5712
vn 0.5712 -0.0000 -0.8208
vn -0.8207 -0.0000 -0.5713
vn -0.5713 -0.0000 0.8208
vn 0.5713 -0.0000 -0.8208
vn 0.8350 -0.0000 0.5503
vn -0.5503 -0.0000 0.8350
vn -0.8350 -0.0000 -0.5503
vn 0.5503 -0.0000 -0.8349
vn 0.8350 -0.0000 0.5502
vn 0.5503 -0.0000 -0.8350
vn -0.8349 -0.0000 -0.5503
vn 0.8486 -0.0000 0.5290
vn -0.5289 -0.0000 0.8487
vn -0.8487 -0.0000 -0.5289
vn 0.5290 -0.0000 -0.8486
vn 0.8487 -0.0000 0.5289
vn -0.8486 -0.0000 -0.5290
vn -0.5290 -0.0000 0.8486
vn 0.8618 -0.0000 0.5073
vn -0.5072 -0.0000 0.8618
vn -0.8618 -0.0000 -0.5072
vn 0.5074 -0.0000 -0.8617
vn 0.5073 -0.0000 -0.8618
vn -0.8617 -0.0000 -0.5073
vn -0.5073 -0.0000 0.8618
vn -0.8618 -0.0000 -0.5073
vn 0.8743 -0.0000 0.4853
vn -0.4852 -0.0000 0.8744
vn -0.8744 -0.0000 -0.4852
vn 0.4854 -0.0000 -0.8743
vn 0.8744 -0.0000 0.4853
vn 0.4853 -0.0000 -0.8744
vn -0.8743 -0.0000 -0.4854
vn -0.4853 -0.0000 0.8743
vn -0.8743 -0.0000 -0.4853
vn 0.4853 -0.0000 -0.8743
vn 0.8864 -0.0000 0.4630
vn -0.4629 -0.0000 0.8864
vn -0.8864 -0.0000 -0.4630
vn 0.4630 -0.0000 -0.8863
vn 0.4630 -0.0000 -0.8864
vn -0.8863 -0.0000 -0.4630
vn -0.4630 -0.0000 0.8864
vn 0.8978 -0.0000 0.4404
vn -0.4403 -0.0000 0.8978
vn -0.8978 -0.0000 -0.4403
vn 0.4404 -0.0000 -0.8978
vn -0.8978 -0.0000 -0.4404
vn -0.4404 -0.0000 0.8978
vn 0.9087 -0.0000 0.4175
vn -0.4174 -0.0000 0.9087
vn -0.9087 -0.0000 -0.4175
vn 0.4175 -0.0000 -0.9087
vn -0.9086 -0.0000 -0.4176
vn -0.4175 -0.0000 0.9087
vn 0.9190 -0.0000 0.3944
vn -0.3943 -0.0000 0.9190
vn -0.9190 -0.0000 -0.3943
vn 0.3943 -0.0000 -0.9190
vn 0.9190 -0.0000 0.3943
vn -0.9189 -0.0000 -0.3944
vn -0.3944 -0.0000 0.9190
vn -0.9190 -0.0000 -0.3944
vn 0.3944 -0.0000 -0.9190
vn 0.9287 -0.0000 0.3709
vn -0.3709 -0.0000 0.9287
vn -0.9287 -0.0000 -0.3709
vn 0.3709 -0.0000 -0.9287
vn 0.3710 -0.0000 -0.9287
vn -0.9286 -0.0000 -0.3710
vn -0.9287 -0.0000 -0.3710
vn 0.9377 -0.0000 0.3473
vn -0.3472 -0.0000 0.9378
vn -0.9378 -0.0000 -0.3473
vn 0.3473 -0.0000 -0.9378
vn 0.9378 -0.0000 0.3473
vn -0.9377 -0.0000 -0.3473
vn -0.3473 -0.0000 0.9378
vn 0.9462 -0.0000 0.3235
vn -0.3233 -0.0000 0.9463
vn -0.9463 -0.0000 -0.3234
vn 0.3234 -0.0000 -0.9462
vn 0.9463 -0.0000 0.3234
vn 0.3235 -0.0000 -0.9462
vn -0.9462 -0.0000 -0.3235
vn -0.3234 -0.0000 0.9463
vn 0.9462 -0.0000 0.3234
vn -0.9462 -0.0000 -0.3234
vn 0.3234 -0.0000 -0.9463
vn 0.9541 -0.0000 0.2994
vn -0.2992 -0.0000 0.9542
vn -0.9542 -0.0000 -0.2993
vn 0.2994 -0.0000 -0.9541
vn 0.9542 -0.0000 0.2993
vn -0.9541 -0.0000 -0.2994
vn -0.2993 -0.0000 0.9541
vn -0.2994 -0.0000 0.9541
vn 0.2993 -0.0000 -0.9541
vn 0.9614 -0.0000 0.2751
vn -0.2750 -0.0000 0.9614
vn -0.9614 -0.0000 -0.2750
vn 0.2751 -0.0000 -0.9614
vn -0.9614 -0.0000 -0.2751
vn -0.2751 -0.0000 0.9614
vn 0.9681 -0.0000 0.2507
vn -0.2506 -0.0000 0.9681
vn -0.9681 -0.0000 -0.2506
vn 0.2507 -0.0000 -0.9681
vn 0.9681 -0.0000 0.2506
vn -0.9681 -0.0000 -0.2507
vn 0.2506 -0.0000 -0.9681
vn 0.9741 -0.0000 0.2261
vn -0.2260 -0.0000 0.9741
vn -0.9741 -0.0000 -0.2260
vn 0.2261 -0.0000 -0.9741
vn 0.9741 -0.0000 0.2260
vn -0.9741 -0.0000 -0.2261
vn 0.2260 -0.0000 -0.9741
vn 0.9795 -0.0000 0.2013
vn -0.2012 -0.0000 0.9795
vn -0.9795 -0.0000 -0.2012
vn 0.2014 -0.0000 -0.9795
vn 0.2013 -0.0000 -0.9795
vn -0.9795 -0.0000 -0.2013
vn -0.2013 -0.0000 0.9795
vn 0.9843 -0.0000 0.1765
vn -0.1764 -0.0000 0.9843
vn -0.9843 -0.0000 -0.1764
vn 0.1764 -0.0000 -0.9843
vn 0.9843 -0.0000 0.1764
vn 0.9885 -0.0000 0.1515
vn -0.1514 -0.0000 0.9885
vn -0.9885 -0.0000 -0.1514
vn 0.1515 -0.0000 -0.9885
vn 0.9885 -0.0000 0.1514
vn 0.1514 -0.0000 -0.9885
vn -0.9885 -0.0000 -0.1515
vn 0.9920 -0.0000 0.1264
vn -0.1263 -0.0000 0.9920
vn -0.9920 -0.0000 -0.1263
vn 0.1264 -0.0000 -0.9920
vn 0.9920 -0.0000 0.1263
vn -0.9920 -0.0000 -0.1264
vn -0.1262 -0.0000 0.9920
vn 0.1263 -0.0000 -0.9920
vn 0.9949 -0.0000 0.1012
vn -0.1012 -0.0000 0.9949
vn -0.9949 -0.0000 -0.1011
vn 0.1012 -0.0000 -0.9949
vn 0.9949 -0.0000 0.1011
vn -0.9949 -0.0000 -0.1012
vn -0.1011 -0.0000 0.9949
vn 0.1011 -0.0000 -0.9949
vn 0.9971 -0.0000 0.0759
vn -0.0759 -0.0000 0.9971
vn -0.9971 -0.0000 -0.0759
vn 0.0759 -0.0000 -0.9971
vn -0.9971 -0.0000 -0.0760
vn 0.9987 -0.0000 0.0506
vn -0.0507 -0.0000 0.9987
vn -0.9987 -0.0000 -0.0506
vn 0.0507 -0.0000 -0.9987
vn -0.9987 -0.0000 -0.0507
vn -0.0506 -0.0000 0.9987
vn 0.0506 -0.0000 -0.9987
vn 0.9997 -0.0000 0.0253
vn -0.0253 -0.0000 0.9997
vn -0.9997 -0.0000 -0.0254
vn 0.0254 -0.0000 -0.9997
vn -0.0252 -0.0000 0.9997
vn -0.9997 -0.0000 -0.0253
vn 0.0253 -0.0000 -0.9997
vn 1.0000 -0.0000 -0.0000
vn -1.0000 -0.0000 -0.0000
vn -0.0000 -0.0000 -1.0000
vn -1.0000 -0.0000 -0.0001
vn 0.0001 -0.0000 1.0000
vn -0.3710 -0.0000 0.9287
vn -0.3234 -0.0000 0.9462
vn -0.2261 -0.0000 0.9741
vn -1.0000 0.0001 -0.0000
vn -1.0000 -0.0001 -0.0000
vt 0.480160 0.048121
vt 0.905875 0.048121
vt 0.905875 0.062150
vt 0.480160 0.062150
vt 0.480672 0.321630
vt 0.906387 0.321630
vt 0.906387 0.312903
vt 0.480672 0.312903
vt 0.480672 0.330358
vt 0.906387 0.330358
vt 0.050395 0.297453
vt 0.476110 0.297453
vt 0.476110 0.281378
vt 0.050395 0.281378
vt 0.050395 0.259595
vt 0.476110 0.259595
vt 0.476110 0.219937
vt 0.050395 0.219937
vt 0.480038 0.156096
vt 0.905753 0.156096
vt 0.905753 0.210448
vt 0.480038 0.210448
vt 0.050195 0.048121
vt 0.475910 0.048121
vt 0.475910 0.034093
vt 0.050195 0.034093
vt 0.050395 0.312903
vt 0.476110 0.312903
vt 0.476110 0.296828
vt 0.050395 0.296828
vt 0.880076 0.000426
vt 0.919254 0.014785
vt 0.935707 0.014785
vt 0.935707 0.000426
vt 0.928706 0.043241
vt 0.919774 0.043241
vt 0.897049 0.043241
vt 0.928706 0.056424
vt 0.888116 0.056424
vt 0.888116 0.043241
vt 0.897049 0.015152
vt 0.919774 0.015152
vt 0.936227 0.015152
vt 0.936227 0.000793
vt 0.880596 0.000793
vt 0.880596 0.015152
vt 0.999050 0.183297
vt 0.939310 0.183297
vt 0.939310 0.342604
vt 0.999050 0.342604
vt 0.985655 0.132863
vt 0.939081 0.132863
vt 0.939081 0.179437
vt 0.985655 0.179437
vt 0.979692 0.781451
vt -0.000781 0.781451
vt -0.000781 0.844034
vt 0.979692 0.844034
vt 0.146184 0.656284
vt 0.000156 0.656284
vt 0.000156 0.718868
vt 0.146184 0.718868
vt 0.980629 0.718868
vt 0.000156 0.781451
vt 0.980629 0.781451
vt 0.302823 0.656284
vt 0.156795 0.656284
vt 0.156795 0.718868
vt 0.302823 0.718868
vt -0.000466 0.499582
vt 0.999534 0.499582
vt 0.999534 0.350646
vt -0.000466 0.350646
vt 0.998987 0.850355
vt 0.001647 0.850355
vt 0.001647 0.998895
vt 0.998987 0.998895
vt 0.999534 0.505675
vt -0.000466 0.505675
vt -0.000466 0.654611
vt 0.999534 0.654611
vt 0.999534 0.350646
vt -0.000466 0.350646
vt -0.000466 0.499582
vt 0.999534 0.499582
vt -0.000466 0.654611
vt 0.999534 0.654611
vt 0.999534 0.505675
vt -0.000466 0.505675
vt 0.475910 0.121202
vt 0.050195 0.121202
vt 0.050195 0.093759
vt 0.475910 0.093759
vt 0.905875 0.012881
vt 0.480160 0.012881
vt 0.480160 0.000000
vt 0.905875 0.000000
vt 0.905875 0.089593
vt 0.480160 0.089593
vt 0.050195 0.012881
vt 0.475910 0.012881
vt 0.475910 0.025761
vt 0.050195 0.025761
vt 0.918900 0.014240
vt 0.881172 0.000413
vt 0.881172 0.014240
vt 0.897016 0.014240
vt 0.934744 0.014240
vt 0.934744 0.000413
vt 0.897016 0.041289
vt 0.927502 0.053985
vt 0.927502 0.041289
vt 0.918900 0.041289
vt 0.888414 0.041289
vt 0.888414 0.053985
vt 0.896528 0.014785
vt 0.880076 0.014785
vt 0.896528 0.042874
vt 0.919254 0.042874
vt 0.928186 0.042874
vt 0.887596 0.056057
vt 0.928186 0.056057
vt 0.887596 0.042874
s 0
f 13/1/1 1525/2/1 1527/3/1 15/4/1
f 7/5/2 1519/6/2 1520/7/2 8/8/2
f 5/9/2 1517/10/2 1522/6/2 10/5/2
f 15/11/3 1527/12/3 1530/13/3 18/14/3
f 16/15/3 1528/16/3 1536/17/3 24/18/3
f 6/14/3 1518/13/3 1515/12/3 3/11/3
f 14/19/2 1526/20/2 1525/21/2 13/22/2
f 23/23/4 1535/24/4 1526/25/4 14/26/4
f 21/27/3 1533/28/3 1535/29/3 23/30/3
f 2/26/1 1514/25/1 1523/24/1 11/23/1
f 2/31/5 6/32/5 3/33/5 1/34/5
f 22/35/5 17/36/5 20/37/5 24/38/5
f 16/39/5 24/38/5 20/37/5 19/40/5
f 18/41/5 20/37/5 17/36/5 21/42/5
f 21/42/5 23/43/5 14/44/5 18/41/5
f 14/44/5 13/45/5 15/46/5 18/41/5
f 27/47/6 25/48/6 26/49/6 28/50/6
f 29/47/4 27/48/4 28/49/4 30/50/4
f 31/47/7 29/48/7 30/49/7 32/50/7
f 25/47/1 31/48/1 32/49/1 26/50/1
f 28/51/3 26/52/3 32/53/3 30/54/3
f 34/49/6 33/48/6 35/47/6 36/50/6
f 36/49/1 35/48/1 37/47/1 38/50/1
f 38/49/7 37/48/7 39/47/7 40/50/7
f 40/49/4 39/48/4 33/47/4 34/50/4
f 40/53/3 34/52/3 36/51/3 38/54/3
f 43/55/6 41/56/6 42/57/6 44/58/6
f 45/59/4 43/60/4 44/61/4 46/62/4
f 47/63/7 45/61/7 46/64/7 48/65/7
f 41/66/1 47/67/1 48/68/1 42/69/1
f 44/70/3 42/71/3 48/72/3 46/73/3
f 45/74/2 47/75/2 41/76/2 43/77/2
f 51/47/8 49/48/8 50/49/8 52/50/8
f 53/47/9 51/48/9 52/49/9 54/50/9
f 55/47/10 53/48/10 54/49/10 56/50/10
f 49/47/11 55/48/11 56/49/11 50/50/11
f 52/51/3 50/52/3 56/53/3 54/54/3
f 58/49/12 57/48/12 59/47/12 60/50/12
f 60/49/11 59/48/11 61/47/11 62/50/11
f 62/49/13 61/48/13 63/47/13 64/50/13
f 64/49/14 63/48/14 57/47/14 58/50/14
f 64/53/3 58/52/3 60/51/3 62/54/3
f 67/55/12 65/56/12 66/57/12 68/58/12
f 69/59/9 67/60/9 68/61/9 70/62/9
f 71/63/13 69/61/13 70/64/13 72/65/13
f 65/66/15 71/67/15 72/68/15 66/69/15
f 68/78/3 66/79/3 72/80/3 70/81/3
f 69/74/2 71/75/2 65/76/2 67/77/2
f 75/47/16 73/48/16 74/49/16 76/50/16
f 77/47/17 75/48/17 76/49/17 78/50/17
f 79/47/18 77/48/18 78/49/18 80/50/18
f 73/47/19 79/48/19 80/49/19 74/50/19
f 76/51/3 74/52/3 80/53/3 78/54/3
f 82/49/16 81/48/16 83/47/16 84/50/16
f 84/49/19 83/48/19 85/47/19 86/50/19
f 86/49/18 85/48/18 87/47/18 88/50/18
f 88/49/17 87/48/17 81/47/17 82/50/17
f 88/53/3 82/52/3 84/51/3 86/54/3
f 91/55/16 89/56/16 90/57/16 92/58/16
f 93/59/17 91/60/17 92/61/17 94/62/17
f 95/63/18 93/61/18 94/64/18 96/65/18
f 89/66/19 95/67/19 96/68/19 90/69/19
f 92/70/3 90/71/3 96/72/3 94/73/3
f 93/74/2 95/75/2 89/76/2 91/77/2
f 99/47/20 97/48/20 98/49/20 100/50/20
f 101/47/21 99/48/21 100/49/21 102/50/21
f 103/47/22 101/48/22 102/49/22 104/50/22
f 97/47/23 103/48/23 104/49/23 98/50/23
f 100/51/3 98/52/3 104/53/3 102/54/3
f 106/49/20 105/48/20 107/47/20 108/50/20
f 108/49/23 107/48/23 109/47/23 110/50/23
f 110/49/22 109/48/22 111/47/22 112/50/22
f 112/49/21 111/48/21 105/47/21 106/50/21
f 112/53/3 106/52/3 108/51/3 110/54/3
f 115/55/20 113/56/20 114/57/20 116/58/20
f 117/59/21 115/60/21 116/61/21 118/62/21
f 119/63/22 117/61/22 118/64/22 120/65/22
f 113/66/23 119/67/23 120/68/23 114/69/23
f 116/78/3 114/79/3 120/80/3 118/81/3
f 117/74/2 119/75/2 113/76/2 115/77/2
f 123/47/24 121/48/24 122/49/24 124/50/24
f 125/47/25 123/48/25 124/49/25 126/50/25
f 127/47/26 125/48/26 126/49/26 128/50/26
f 121/47/27 127/48/27 128/49/27 122/50/27
f 124/51/3 122/52/3 128/53/3 126/54/3
f 130/49/24 129/48/24 131/47/24 132/50/24
f 132/49/27 131/48/27 133/47/27 134/50/27
f 134/49/26 133/48/26 135/47/26 136/50/26
f 136/49/25 135/48/25 129/47/25 130/50/25
f 136/53/3 130/52/3 132/51/3 134/54/3
f 139/55/24 137/56/24 138/57/24 140/58/24
f 141/59/25 139/60/25 140/61/25 142/62/25
f 143/63/26 141/61/26 142/64/26 144/65/26
f 137/66/27 143/67/27 144/68/27 138/69/27
f 140/82/3 138/83/3 144/84/3 142/85/3
f 141/74/2 143/75/2 137/76/2 139/77/2
f 147/47/28 145/48/28 146/49/28 148/50/28
f 149/47/29 147/48/29 148/49/29 150/50/29
f 151/47/30 149/48/30 150/49/30 152/50/30
f 145/47/31 151/48/31 152/49/31 146/50/31
f 148/51/3 146/52/3 152/53/3 150/54/3
f 154/49/28 153/48/28 155/47/28 156/50/28
f 156/49/31 155/48/31 157/47/31 158/50/31
f 158/49/30 157/48/30 159/47/30 160/50/30
f 160/49/29 159/48/29 153/47/29 154/50/29
f 160/53/3 154/52/3 156/51/3 158/54/3
f 163/55/28 161/56/28 162/57/28 164/58/28
f 165/59/29 163/60/29 164/61/29 166/62/29
f 167/63/30 165/61/30 166/64/30 168/65/30
f 161/66/31 167/67/31 168/68/31 162/69/31
f 164/86/3 162/87/3 168/88/3 166/89/3
f 165/74/2 167/75/2 161/76/2 163/77/2
f 171/47/32 169/48/32 170/49/32 172/50/32
f 173/47/33 171/48/33 172/49/33 174/50/33
f 175/47/34 173/48/34 174/49/34 176/50/34
f 169/47/35 175/48/35 176/49/35 170/50/35
f 172/51/3 170/52/3 176/53/3 174/54/3
f 178/49/32 177/48/32 179/47/32 180/50/32
f 180/49/35 179/48/35 181/47/35 182/50/35
f 182/49/34 181/48/34 183/47/34 184/50/34
f 184/49/33 183/48/33 177/47/33 178/50/33
f 184/53/3 178/52/3 180/51/3 182/54/3
f 187/55/32 185/56/32 186/57/32 188/58/32
f 189/59/33 187/60/33 188/61/33 190/62/33
f 191/63/34 189/61/34 190/64/34 192/65/34
f 185/66/35 191/67/35 192/68/35 186/69/35
f 188/86/3 186/87/3 192/88/3 190/89/3
f 189/74/2 191/75/2 185/76/2 187/77/2
f 195/47/36 193/48/36 194/49/36 196/50/36
f 197/47/37 195/48/37 196/49/37 198/50/37
f 199/47/38 197/48/38 198/49/38 200/50/38
f 193/47/39 199/48/39 200/49/39 194/50/39
f 196/51/3 194/52/3 200/53/3 198/54/3
f 202/49/36 201/48/36 203/47/36 204/50/36
f 204/49/39 203/48/39 205/47/39 206/50/39
f 206/49/38 205/48/38 207/47/38 208/50/38
f 208/49/37 207/48/37 201/47/37 202/50/37
f 208/53/3 202/52/3 204/51/3 206/54/3
f 211/55/36 209/56/36 210/57/36 212/58/36
f 213/59/37 211/60/37 212/61/37 214/62/37
f 215/63/38 213/61/38 214/64/38 216/65/38
f 209/66/39 215/67/39 216/68/39 210/69/39
f 212/82/3 210/83/3 216/84/3 214/85/3
f 213/74/2 215/75/2 209/76/2 211/77/2
f 219/47/40 217/48/40 218/49/40 220/50/40
f 221/47/41 219/48/41 220/49/41 222/50/41
f 223/47/42 221/48/42 222/49/42 224/50/42
f 217/47/43 223/48/43 224/49/43 218/50/43
f 220/51/3 218/52/3 224/53/3 222/54/3
f 226/49/40 225/48/40 227/47/40 228/50/40
f 228/49/43 227/48/43 229/47/43 230/50/43
f 230/49/42 229/48/42 231/47/42 232/50/42
f 232/49/44 231/48/44 225/47/44 226/50/44
f 232/53/3 226/52/3 228/51/3 230/54/3
f 235/55/45 233/56/45 234/57/45 236/58/45
f 237/59/41 235/60/41 236/61/41 238/62/41
f 239/63/42 237/61/42 238/64/42 240/65/42
f 233/66/46 239/67/46 240/68/46 234/69/46
f 236/86/3 234/87/3 240/88/3 238/89/3
f 237/74/2 239/75/2 233/76/2 235/77/2
f 243/47/47 241/48/47 242/49/47 244/50/47
f 245/47/48 243/48/48 244/49/48 246/50/48
f 247/47/49 245/48/49 246/49/49 248/50/49
f 241/47/50 247/48/50 248/49/50 242/50/50
f 244/51/3 242/52/3 248/53/3 246/54/3
f 250/49/47 249/48/47 251/47/47 252/50/47
f 252/49/50 251/48/50 253/47/50 254/50/50
f 254/49/51 253/48/51 255/47/51 256/50/51
f 256/49/48 255/48/48 249/47/48 250/50/48
f 256/53/3 250/52/3 252/51/3 254/54/3
f 259/55/47 257/56/47 258/57/47 260/58/47
f 261/59/48 259/60/48 260/61/48 262/62/48
f 263/63/51 261/61/51 262/64/51 264/65/51
f 257/66/50 263/67/50 264/68/50 258/69/50
f 260/86/3 258/87/3 264/88/3 262/89/3
f 261/74/2 263/75/2 257/76/2 259/77/2
f 267/47/52 265/48/52 266/49/52 268/50/52
f 269/47/53 267/48/53 268/49/53 270/50/53
f 271/47/54 269/48/54 270/49/54 272/50/54
f 265/47/55 271/48/55 272/49/55 266/50/55
f 268/51/3 266/52/3 272/53/3 270/54/3
f 274/49/52 273/48/52 275/47/52 276/50/52
f 276/49/55 275/48/55 277/47/55 278/50/55
f 278/49/54 277/48/54 279/47/54 280/50/54
f 280/49/53 279/48/53 273/47/53 274/50/53
f 280/53/3 274/52/3 276/51/3 278/54/3
f 283/55/52 281/56/52 282/57/52 284/58/52
f 285/59/53 283/60/53 284/61/53 286/62/53
f 287/63/54 285/61/54 286/64/54 288/65/54
f 281/66/55 287/67/55 288/68/55 282/69/55
f 284/82/3 282/83/3 288/84/3 286/85/3
f 285/74/2 287/75/2 281/76/2 283/77/2
f 291/47/56 289/48/56 290/49/56 292/50/56
f 293/47/57 291/48/57 292/49/57 294/50/57
f 295/47/58 293/48/58 294/49/58 296/50/58
f 289/47/59 295/48/59 296/49/59 290/50/59
f 292/51/3 290/52/3 296/53/3 294/54/3
f 298/49/56 297/48/56 299/47/56 300/50/56
f 300/49/59 299/48/59 301/47/59 302/50/59
f 302/49/58 301/48/58 303/47/58 304/50/58
f 304/49/57 303/48/57 297/47/57 298/50/57
f 304/53/3 298/52/3 300/51/3 302/54/3
f 307/55/56 305/56/56 306/57/56 308/58/56
f 309/59/57 307/60/57 308/61/57 310/62/57
f 311/63/58 309/61/58 310/64/58 312/65/58
f 305/66/59 311/67/59 312/68/59 306/69/59
f 308/70/3 306/71/3 312/72/3 310/73/3
f 309/74/2 311/75/2 305/76/2 307/77/2
f 315/47/60 313/48/60 314/49/60 316/50/60
f 317/47/61 315/48/61 316/49/61 318/50/61
f 319/47/62 317/48/62 318/49/62 320/50/62
f 313/47/63 319/48/63 320/49/63 314/50/63
f 316/51/3 314/52/3 320/53/3 318/54/3
f 322/49/60 321/48/60 323/47/60 324/50/60
f 324/49/63 323/48/63 325/47/63 326/50/63
f 326/49/64 325/48/64 327/47/64 328/50/64
f 328/49/61 327/48/61 321/47/61 322/50/61
f 328/53/3 322/52/3 324/51/3 326/54/3
f 331/55/60 329/56/60 330/57/60 332/58/60
f 333/59/61 331/60/61 332/61/61 334/62/61
f 335/63/62 333/61/62 334/64/62 336/65/62
f 329/66/63 335/67/63 336/68/63 330/69/63
f 332/78/3 330/79/3 336/80/3 334/81/3
f 333/74/2 335/75/2 329/76/2 331/77/2
f 339/47/65 337/48/65 338/49/65 340/50/65
f 341/47/66 339/48/66 340/49/66 342/50/66
f 343/47/67 341/48/67 342/49/67 344/50/67
f 337/47/68 343/48/68 344/49/68 338/50/68
f 340/51/3 338/52/3 344/53/3 342/54/3
f 346/49/65 345/48/65 347/47/65 348/50/65
f 348/49/68 347/48/68 349/47/68 350/50/68
f 350/49/67 349/48/67 351/47/67 352/50/67
f 352/49/66 351/48/66 345/47/66 346/50/66
f 352/53/3 346/52/3 348/51/3 350/54/3
f 355/55/65 353/56/65 354/57/65 356/58/65
f 357/59/66 355/60/66 356/61/66 358/62/66
f 359/63/67 357/61/67 358/64/67 360/65/67
f 353/66/68 359/67/68 360/68/68 354/69/68
f 356/70/3 354/71/3 360/72/3 358/73/3
f 357/74/2 359/75/2 353/76/2 355/77/2
f 363/47/69 361/48/69 362/49/69 364/50/69
f 365/47/70 363/48/70 364/49/70 366/50/70
f 367/47/71 365/48/71 366/49/71 368/50/71
f 361/47/72 367/48/72 368/49/72 362/50/72
f 364/51/3 362/52/3 368/53/3 366/54/3
f 370/49/73 369/48/73 371/47/73 372/50/73
f 372/49/72 371/48/72 373/47/72 374/50/72
f 374/49/74 373/48/74 375/47/74 376/50/74
f 376/49/75 375/48/75 369/47/75 370/50/75
f 376/53/3 370/52/3 372/51/3 374/54/3
f 379/55/73 377/56/73 378/57/73 380/58/73
f 381/59/75 379/60/75 380/61/75 382/62/75
f 383/63/74 381/61/74 382/64/74 384/65/74
f 377/66/76 383/67/76 384/68/76 378/69/76
f 380/78/3 378/79/3 384/80/3 382/81/3
f 381/74/2 383/75/2 377/76/2 379/77/2
f 387/47/77 385/48/77 386/49/77 388/50/77
f 389/47/78 387/48/78 388/49/78 390/50/78
f 391/47/79 389/48/79 390/49/79 392/50/79
f 385/47/80 391/48/80 392/49/80 386/50/80
f 388/51/3 386/52/3 392/53/3 390/54/3
f 394/49/81 393/48/81 395/47/81 396/50/81
f 396/49/80 395/48/80 397/47/80 398/50/80
f 398/49/79 397/48/79 399/47/79 400/50/79
f 400/49/82 399/48/82 393/47/82 394/50/82
f 400/53/3 394/52/3 396/51/3 398/54/3
f 403/55/77 401/56/77 402/57/77 404/58/77
f 405/59/78 403/60/78 404/61/78 406/62/78
f 407/63/79 405/61/79 406/64/79 408/65/79
f 401/66/80 407/67/80 408/68/80 402/69/80
f 404/86/3 402/87/3 408/88/3 406/89/3
f 405/74/2 407/75/2 401/76/2 403/77/2
f 411/47/83 409/48/83 410/49/83 412/50/83
f 413/47/84 411/48/84 412/49/84 414/50/84
f 415/47/85 413/48/85 414/49/85 416/50/85
f 409/47/86 415/48/86 416/49/86 410/50/86
f 412/51/3 410/52/3 416/53/3 414/54/3
f 418/49/83 417/48/83 419/47/83 420/50/83
f 420/49/86 419/48/86 421/47/86 422/50/86
f 422/49/85 421/48/85 423/47/85 424/50/85
f 424/49/84 423/48/84 417/47/84 418/50/84
f 424/53/3 418/52/3 420/51/3 422/54/3
f 427/55/83 425/56/83 426/57/83 428/58/83
f 429/59/84 427/60/84 428/61/84 430/62/84
f 431/63/85 429/61/85 430/64/85 432/65/85
f 425/66/86 431/67/86 432/68/86 426/69/86
f 428/82/3 426/83/3 432/84/3 430/85/3
f 429/74/2 431/75/2 425/76/2 427/77/2
f 435/47/87 433/48/87 434/49/87 436/50/87
f 437/47/88 435/48/88 436/49/88 438/50/88
f 439/47/89 437/48/89 438/49/89 440/50/89
f 433/47/90 439/48/90 440/49/90 434/50/90
f 436/51/3 434/52/3 440/53/3 438/54/3
f 442/49/87 441/48/87 443/47/87 444/50/87
f 444/49/90 443/48/90 445/47/90 446/50/90
f 446/49/89 445/48/89 447/47/89 448/50/89
f 448/49/88 447/48/88 441/47/88 442/50/88
f 448/53/3 442/52/3 444/51/3 446/54/3
f 451/55/87 449/56/87 450/57/87 452/58/87
f 453/59/88 451/60/88 452/61/88 454/62/88
f 455/63/89 453/61/89 454/64/89 456/65/89
f 449/66/90 455/67/90 456/68/90 450/69/90
f 452/82/3 450/83/3 456/84/3 454/85/3
f 453/74/2 455/75/2 449/76/2 451/77/2
f 459/47/91 457/48/91 458/49/91 460/50/91
f 461/47/92 459/48/92 460/49/92 462/50/92
f 463/47/93 461/48/93 462/49/93 464/50/93
f 457/47/94 463/48/94 464/49/94 458/50/94
f 460/51/3 458/52/3 464/53/3 462/54/3
f 466/49/91 465/48/91 467/47/91 468/50/91
f 468/49/94 467/48/94 469/47/94 470/50/94
f 470/49/95 469/48/95 471/47/95 472/50/95
f 472/49/92 471/48/92 465/47/92 466/50/92
f 472/53/3 466/52/3 468/51/3 470/54/3
f 475/55/91 473/56/91 474/57/91 476/58/91
f 477/59/92 475/60/92 476/61/92 478/62/92
f 479/63/95 477/61/95 478/64/95 480/65/95
f 473/66/94 479/67/94 480/68/94 474/69/94
f 476/86/3 474/87/3 480/88/3 478/89/3
f 477/74/2 479/75/2 473/76/2 475/77/2
f 483/47/96 481/48/96 482/49/96 484/50/96
f 485/47/97 483/48/97 484/49/97 486/50/97
f 487/47/98 485/48/98 486/49/98 488/50/98
f 481/47/99 487/48/99 488/49/99 482/50/99
f 484/51/3 482/52/3 488/53/3 486/54/3
f 490/49/96 489/48/96 491/47/96 492/50/96
f 492/49/100 491/48/100 493/47/100 494/50/100
f 494/49/98 493/48/98 495/47/98 496/50/98
f 496/49/101 495/48/101 489/47/101 490/50/101
f 496/53/3 490/52/3 492/51/3 494/54/3
f 499/55/96 497/56/96 498/57/96 500/58/96
f 501/59/97 499/60/97 500/61/97 502/62/97
f 503/63/98 501/61/98 502/64/98 504/65/98
f 497/66/100 503/67/100 504/68/100 498/69/100
f 500/82/3 498/83/3 504/84/3 502/85/3
f 501/74/2 503/75/2 497/76/2 499/77/2
f 507/47/102 505/48/102 506/49/102 508/50/102
f 509/47/103 507/48/103 508/49/103 510/50/103
f 511/47/104 509/48/104 510/49/104 512/50/104
f 505/47/105 511/48/105 512/49/105 506/50/105
f 508/51/3 506/52/3 512/53/3 510/54/3
f 514/49/102 513/48/102 515/47/102 516/50/102
f 516/49/105 515/48/105 517/47/105 518/50/105
f 518/49/104 517/48/104 519/47/104 520/50/104
f 520/49/103 519/48/103 513/47/103 514/50/103
f 520/53/3 514/52/3 516/51/3 518/54/3
f 523/55/102 521/56/102 522/57/102 524/58/102
f 525/59/103 523/60/103 524/61/103 526/62/103
f 527/63/104 525/61/104 526/64/104 528/65/104
f 521/66/105 527/67/105 528/68/105 522/69/105
f 524/86/3 522/87/3 528/88/3 526/89/3
f 525/74/2 527/75/2 521/76/2 523/77/2
f 531/47/106 529/48/106 530/49/106 532/50/106
f 533/47/107 531/48/107 532/49/107 534/50/107
f 535/47/108 533/48/108 534/49/108 536/50/108
f 529/47/109 535/48/109 536/49/109 530/50/109
f 532/51/3 530/52/3 536/53/3 534/54/3
f 538/49/110 537/48/110 539/47/110 540/50/110
f 540/49/109 539/48/109 541/47/109 542/50/109
f 542/49/108 541/48/108 543/47/108 544/50/108
f 544/49/111 543/48/111 537/47/111 538/50/111
f 544/53/3 538/52/3 540/51/3 542/54/3
f 547/55/110 545/56/110 546/57/110 548/58/110
f 549/59/107 547/60/107 548/61/107 550/62/107
f 551/63/108 549/61/108 550/64/108 552/65/108
f 545/66/109 551/67/109 552/68/109 546/69/109
f 548/70/3 546/71/3 552/72/3 550/73/3
f 549/74/2 551/75/2 545/76/2 547/77/2
f 555/47/112 553/48/112 554/49/112 556/50/112
f 557/47/113 555/48/113 556/49/113 558/50/113
f 559/47/114 557/48/114 558/49/114 560/50/114
f 553/47/115 559/48/115 560/49/115 554/50/115
f 556/51/3 554/52/3 560/53/3 558/54/3
f 562/49/116 561/48/116 563/47/116 564/50/116
f 564/49/115 563/48/115 565/47/115 566/50/115
f 566/49/114 565/48/114 567/47/114 568/50/114
f 568/49/113 567/48/113 561/47/113 562/50/113
f 568/53/3 562/52/3 564/51/3 566/54/3
f 571/55/112 569/56/112 570/57/112 572/58/112
f 573/59/113 571/60/113 572/61/113 574/62/113
f 575/63/114 573/61/114 574/64/114 576/65/114
f 569/66/115 575/67/115 576/68/115 570/69/115
f 572/78/3 570/79/3 576/80/3 574/81/3
f 573/74/2 575/75/2 569/76/2 571/77/2
f 579/47/117 577/48/117 578/49/117 580/50/117
f 581/47/118 579/48/118 580/49/118 582/50/118
f 583/47/119 581/48/119 582/49/119 584/50/119
f 577/47/120 583/48/120 584/49/120 578/50/120
f 580/51/3 578/52/3 584/53/3 582/54/3
f 586/49/121 585/48/121 587/47/121 588/50/121
f 588/49/122 587/48/122 589/47/122 590/50/122
f 590/49/123 589/48/123 591/47/123 592/50/123
f 592/49/124 591/48/124 585/47/124 586/50/124
f 592/53/3 586/52/3 588/51/3 590/54/3
f 595/55/117 593/56/117 594/57/117 596/58/117
f 597/59/124 595/60/124 596/61/124 598/62/124
f 599/63/123 597/61/123 598/64/123 600/65/123
f 593/66/120 599/67/120 600/68/120 594/69/120
f 596/70/3 594/71/3 600/72/3 598/73/3
f 597/74/2 599/75/2 593/76/2 595/77/2
f 603/47/125 601/48/125 602/49/125 604/50/125
f 605/47/126 603/48/126 604/49/126 606/50/126
f 607/47/127 605/48/127 606/49/127 608/50/127
f 601/47/128 607/48/128 608/49/128 602/50/128
f 604/51/3 602/52/3 608/53/3 606/54/3
f 610/49/125 609/48/125 611/47/125 612/50/125
f 612/49/128 611/48/128 613/47/128 614/50/128
f 614/49/127 613/48/127 615/47/127 616/50/127
f 616/49/126 615/48/126 609/47/126 610/50/126
f 616/53/3 610/52/3 612/51/3 614/54/3
f 619/55/125 617/56/125 618/57/125 620/58/125
f 621/59/126 619/60/126 620/61/126 622/62/126
f 623/63/127 621/61/127 622/64/127 624/65/127
f 617/66/128 623/67/128 624/68/128 618/69/128
f 620/86/3 618/87/3 624/88/3 622/89/3
f 621/74/2 623/75/2 617/76/2 619/77/2
f 627/47/129 625/48/129 626/49/129 628/50/129
f 629/47/130 627/48/130 628/49/130 630/50/130
f 631/47/131 629/48/131 630/49/131 632/50/131
f 625/47/132 631/48/132 632/49/132 626/50/132
f 628/51/3 626/52/3 632/53/3 630/54/3
f 634/49/133 633/48/133 635/47/133 636/50/133
f 636/49/132 635/48/132 637/47/132 638/50/132
f 638/49/131 637/48/131 639/47/131 640/50/131
f 640/49/130 639/48/130 633/47/130 634/50/130
f 640/53/3 634/52/3 636/51/3 638/54/3
f 643/55/129 641/56/129 642/57/129 644/58/129
f 645/59/130 643/60/130 644/61/130 646/62/130
f 647/63/131 645/61/131 646/64/131 648/65/131
f 641/66/132 647/67/132 648/68/132 642/69/132
f 644/78/3 642/79/3 648/80/3 646/81/3
f 645/74/2 647/75/2 641/76/2 643/77/2
f 651/47/134 649/48/134 650/49/134 652/50/134
f 653/47/135 651/48/135 652/49/135 654/50/135
f 655/47/136 653/48/136 654/49/136 656/50/136
f 649/47/137 655/48/137 656/49/137 650/50/137
f 652/51/3 650/52/3 656/53/3 654/54/3
f 658/49/138 657/48/138 659/47/138 660/50/138
f 660/49/139 659/48/139 661/47/139 662/50/139
f 662/49/140 661/48/140 663/47/140 664/50/140
f 664/49/141 663/48/141 657/47/141 658/50/141
f 664/53/3 658/52/3 660/51/3 662/54/3
f 667/55/134 665/56/134 666/57/134 668/58/134
f 669/59/141 667/60/141 668/61/141 670/62/141
f 671/63/140 669/61/140 670/64/140 672/65/140
f 665/66/137 671/67/137 672/68/137 666/69/137
f 668/82/3 666/83/3 672/84/3 670/85/3
f 669/74/2 671/75/2 665/76/2 667/77/2
f 675/47/142 673/48/142 674/49/142 676/50/142
f 677/47/143 675/48/143 676/49/143 678/50/143
f 679/47/144 677/48/144 678/49/144 680/50/144
f 673/47/145 679/48/145 680/49/145 674/50/145
f 676/51/3 674/52/3 680/53/3 678/54/3
f 682/49/146 681/48/146 683/47/146 684/50/146
f 684/49/147 683/48/147 685/47/147 686/50/147
f 686/49/148 685/48/148 687/47/148 688/50/148
f 688/49/149 687/48/149 681/47/149 682/50/149
f 688/53/3 682/52/3 684/51/3 686/54/3
f 691/55/142 689/56/142 690/57/142 692/58/142
f 693/59/149 691/60/149 692/61/149 694/62/149
f 695/63/148 693/61/148 694/64/148 696/65/148
f 689/66/145 695/67/145 696/68/145 690/69/145
f 692/82/3 690/83/3 696/84/3 694/85/3
f 693/74/2 695/75/2 689/76/2 691/77/2
f 699/47/150 697/48/150 698/49/150 700/50/150
f 701/47/151 699/48/151 700/49/151 702/50/151
f 703/47/152 701/48/152 702/49/152 704/50/152
f 697/47/153 703/48/153 704/49/153 698/50/153
f 700/51/3 698/52/3 704/53/3 702/54/3
f 706/49/150 705/48/150 707/47/150 708/50/150
f 708/49/153 707/48/153 709/47/153 710/50/153
f 710/49/152 709/48/152 711/47/152 712/50/152
f 712/49/151 711/48/151 705/47/151 706/50/151
f 712/53/3 706/52/3 708/51/3 710/54/3
f 715/55/150 713/56/150 714/57/150 716/58/150
f 717/59/151 715/60/151 716/61/151 718/62/151
f 719/63/152 717/61/152 718/64/152 720/65/152
f 713/66/153 719/67/153 720/68/153 714/69/153
f 716/78/3 714/79/3 720/80/3 718/81/3
f 717/74/2 719/75/2 713/76/2 715/77/2
f 723/47/154 721/48/154 722/49/154 724/50/154
f 725/47/155 723/48/155 724/49/155 726/50/155
f 727/47/156 725/48/156 726/49/156 728/50/156
f 721/47/157 727/48/157 728/49/157 722/50/157
f 724/51/3 722/52/3 728/53/3 726/54/3
f 730/49/154 729/48/154 731/47/154 732/50/154
f 732/49/157 731/48/157 733/47/157 734/50/157
f 734/49/156 733/48/156 735/47/156 736/50/156
f 736/49/155 735/48/155 729/47/155 730/50/155
f 736/53/3 730/52/3 732/51/3 734/54/3
f 739/55/154 737/56/154 738/57/154 740/58/154
f 741/59/155 739/60/155 740/61/155 742/62/155
f 743/63/156 741/61/156 742/64/156 744/65/156
f 737/66/157 743/67/157 744/68/157 738/69/157
f 740/86/3 738/87/3 744/88/3 742/89/3
f 741/74/2 743/75/2 737/76/2 739/77/2
f 747/47/158 745/48/158 746/49/158 748/50/158
f 749/47/159 747/48/159 748/49/159 750/50/159
f 751/47/160 749/48/160 750/49/160 752/50/160
f 745/47/161 751/48/161 752/49/161 746/50/161
f 748/51/3 746/52/3 752/53/3 750/54/3
f 754/49/158 753/48/158 755/47/158 756/50/158
f 756/49/161 755/48/161 757/47/161 758/50/161
f 758/49/160 757/48/160 759/47/160 760/50/160
f 760/49/159 759/48/159 753/47/159 754/50/159
f 760/53/3 754/52/3 756/51/3 758/54/3
f 763/55/158 761/56/158 762/57/158 764/58/158
f 765/59/159 763/60/159 764/61/159 766/62/159
f 767/63/160 765/61/160 766/64/160 768/65/160
f 761/66/161 767/67/161 768/68/161 762/69/161
f 764/82/3 762/83/3 768/84/3 766/85/3
f 765/74/2 767/75/2 761/76/2 763/77/2
f 771/47/162 769/48/162 770/49/162 772/50/162
f 773/47/163 771/48/163 772/49/163 774/50/163
f 775/47/164 773/48/164 774/49/164 776/50/164
f 769/47/165 775/48/165 776/49/165 770/50/165
f 772/51/3 770/52/3 776/53/3 774/54/3
f 778/49/166 777/48/166 779/47/166 780/50/166
f 780/49/165 779/48/165 781/47/165 782/50/165
f 782/49/167 781/48/167 783/47/167 784/50/167
f 784/49/168 783/48/168 777/47/168 778/50/168
f 784/53/3 778/52/3 780/51/3 782/54/3
f 787/55/162 785/56/162 786/57/162 788/58/162
f 789/59/168 787/60/168 788/61/168 790/62/168
f 791/63/167 789/61/167 790/64/167 792/65/167
f 785/66/165 791/67/165 792/68/165 786/69/165
f 788/78/3 786/79/3 792/80/3 790/81/3
f 789/74/2 791/75/2 785/76/2 787/77/2
f 795/47/169 793/48/169 794/49/169 796/50/169
f 797/47/170 795/48/170 796/49/170 798/50/170
f 799/47/171 797/48/171 798/49/171 800/50/171
f 793/47/172 799/48/172 800/49/172 794/50/172
f 796/51/3 794/52/3 800/53/3 798/54/3
f 802/49/173 801/48/173 803/47/173 804/50/173
f 804/49/172 803/48/172 805/47/172 806/50/172
f 806/49/171 805/48/171 807/47/171 808/50/171
f 808/49/174 807/48/174 801/47/174 802/50/174
f 808/53/3 802/52/3 804/51/3 806/54/3
f 811/55/169 809/56/169 810/57/169 812/58/169
f 813/59/174 811/60/174 812/61/174 814/62/174
f 815/63/171 813/61/171 814/64/171 816/65/171
f 809/66/172 815/67/172 816/68/172 810/69/172
f 812/70/3 810/71/3 816/72/3 814/73/3
f 813/74/2 815/75/2 809/76/2 811/77/2
f 819/47/175 817/48/175 818/49/175 820/50/175
f 821/47/176 819/48/176 820/49/176 822/50/176
f 823/47/177 821/48/177 822/49/177 824/50/177
f 817/47/178 823/48/178 824/49/178 818/50/178
f 820/51/3 818/52/3 824/53/3 822/54/3
f 826/49/179 825/48/179 827/47/179 828/50/179
f 828/49/180 827/48/180 829/47/180 830/50/180
f 830/49/181 829/48/181 831/47/181 832/50/181
f 832/49/182 831/48/182 825/47/182 826/50/182
f 832/53/3 826/52/3 828/51/3 830/54/3
f 835/55/175 833/56/175 834/57/175 836/58/175
f 837/59/183 835/60/183 836/61/183 838/62/183
f 839/63/177 837/61/177 838/64/177 840/65/177
f 833/66/178 839/67/178 840/68/178 834/69/178
f 836/78/3 834/79/3 840/80/3 838/81/3
f 837/74/2 839/75/2 833/76/2 835/77/2
f 843/47/184 841/48/184 842/49/184 844/50/184
f 845/47/185 843/48/185 844/49/185 846/50/185
f 847/47/186 845/48/186 846/49/186 848/50/186
f 841/47/187 847/48/187 848/49/187 842/50/187
f 844/51/3 842/52/3 848/53/3 846/54/3
f 850/49/184 849/48/184 851/47/184 852/50/184
f 852/49/187 851/48/187 853/47/187 854/50/187
f 854/49/188 853/48/188 855/47/188 856/50/188
f 856/49/189 855/48/189 849/47/189 850/50/189
f 856/53/3 850/52/3 852/51/3 854/54/3
f 859/55/184 857/56/184 858/57/184 860/58/184
f 861/59/185 859/60/185 860/61/185 862/62/185
f 863/63/186 861/61/186 862/64/186 864/65/186
f 857/66/187 863/67/187 864/68/187 858/69/187
f 860/82/3 858/83/3 864/84/3 862/85/3
f 861/74/2 863/75/2 857/76/2 859/77/2
f 867/47/190 865/48/190 866/49/190 868/50/190
f 869/47/191 867/48/191 868/49/191 870/50/191
f 871/47/192 869/48/192 870/49/192 872/50/192
f 865/47/193 871/48/193 872/49/193 866/50/193
f 868/51/3 866/52/3 872/53/3 870/54/3
f 874/49/190 873/48/190 875/47/190 876/50/190
f 876/49/193 875/48/193 877/47/193 878/50/193
f 878/49/194 877/48/194 879/47/194 880/50/194
f 880/49/191 879/48/191 873/47/191 874/50/191
f 880/53/3 874/52/3 876/51/3 878/54/3
f 883/55/190 881/56/190 882/57/190 884/58/190
f 885/59/191 883/60/191 884/61/191 886/62/191
f 887/63/192 885/61/192 886/64/192 888/65/192
f 881/66/193 887/67/193 888/68/193 882/69/193
f 884/70/3 882/71/3 888/72/3 886/73/3
f 885/74/2 887/75/2 881/76/2 883/77/2
f 891/47/195 889/48/195 890/49/195 892/50/195
f 893/47/196 891/48/196 892/49/196 894/50/196
f 895/47/197 893/48/197 894/49/197 896/50/197
f 889/47/198 895/48/198 896/49/198 890/50/198
f 892/51/3 890/52/3 896/53/3 894/54/3
f 898/49/199 897/48/199 899/47/199 900/50/199
f 900/49/198 899/48/198 901/47/198 902/50/198
f 902/49/197 901/48/197 903/47/197 904/50/197
f 904/49/200 903/48/200 897/47/200 898/50/200
f 904/53/3 898/52/3 900/51/3 902/54/3
f 907/55/195 905/56/195 906/57/195 908/58/195
f 909/59/200 907/60/200 908/61/200 910/62/200
f 911/63/197 909/61/197 910/64/197 912/65/197
f 905/66/198 911/67/198 912/68/198 906/69/198
f 908/86/3 906/87/3 912/88/3 910/89/3
f 909/74/2 911/75/2 905/76/2 907/77/2
f 915/47/201 913/48/201 914/49/201 916/50/201
f 917/47/202 915/48/202 916/49/202 918/50/202
f 919/47/203 917/48/203 918/49/203 920/50/203
f 913/47/204 919/48/204 920/49/204 914/50/204
f 916/51/3 914/52/3 920/53/3 918/54/3
f 922/49/205 921/48/205 923/47/205 924/50/205
f 924/49/206 923/48/206 925/47/206 926/50/206
f 926/49/207 925/48/207 927/47/207 928/50/207
f 928/49/208 927/48/208 921/47/208 922/50/208
f 928/53/3 922/52/3 924/51/3 926/54/3
f 931/55/201 929/56/201 930/57/201 932/58/201
f 933/59/208 931/60/208 932/61/208 934/62/208
f 935/63/203 933/61/203 934/64/203 936/65/203
f 929/66/209 935/67/209 936/68/209 930/69/209
f 932/78/3 930/79/3 936/80/3 934/81/3
f 933/74/2 935/75/2 929/76/2 931/77/2
f 939/47/210 937/48/210 938/49/210 940/50/210
f 941/47/211 939/48/211 940/49/211 942/50/211
f 943/47/212 941/48/212 942/49/212 944/50/212
f 937/47/213 943/48/213 944/49/213 938/50/213
f 940/51/3 938/52/3 944/53/3 942/54/3
f 946/49/214 945/48/214 947/47/214 948/50/214
f 948/49/215 947/48/215 949/47/215 950/50/215
f 950/49/216 949/48/216 951/47/216 952/50/216
f 952/49/211 951/48/211 945/47/211 946/50/211
f 952/53/3 946/52/3 948/51/3 950/54/3
f 955/55/210 953/56/210 954/57/210 956/58/210
f 957/59/211 955/60/211 956/61/211 958/62/211
f 959/63/212 957/61/212 958/64/212 960/65/212
f 953/66/215 959/67/215 960/68/215 954/69/215
f 956/70/3 954/71/3 960/72/3 958/73/3
f 957/74/2 959/75/2 953/76/2 955/77/2
f 963/47/217 961/48/217 962/49/217 964/50/217
f 965/47/218 963/48/218 964/49/218 966/50/218
f 967/47/219 965/48/219 966/49/219 968/50/219
f 961/47/220 967/48/220 968/49/220 962/50/220
f 964/51/3 962/52/3 968/53/3 966/54/3
f 970/49/221 969/48/221 971/47/221 972/50/221
f 972/49/220 971/48/220 973/47/220 974/50/220
f 974/49/222 973/48/222 975/47/222 976/50/222
f 976/49/223 975/48/223 969/47/223 970/50/223
f 976/53/3 970/52/3 972/51/3 974/54/3
f 979/55/217 977/56/217 978/57/217 980/58/217
f 981/59/223 979/60/223 980/61/223 982/62/223
f 983/63/222 981/61/222 982/64/222 984/65/222
f 977/66/220 983/67/220 984/68/220 978/69/220
f 980/86/3 978/87/3 984/88/3 982/89/3
f 981/74/2 983/75/2 977/76/2 979/77/2
f 987/47/224 985/48/224 986/49/224 988/50/224
f 989/47/225 987/48/225 988/49/225 990/50/225
f 991/47/226 989/48/226 990/49/226 992/50/226
f 985/47/227 991/48/227 992/49/227 986/50/227
f 988/51/3 986/52/3 992/53/3 990/54/3
f 994/49/224 993/48/224 995/47/224 996/50/224
f 996/49/228 995/48/228 997/47/228 998/50/228
f 998/49/229 997/48/229 999/47/229 1000/50/229
f 1000/49/230 999/48/230 993/47/230 994/50/230
f 1000/53/3 994/52/3 996/51/3 998/54/3
f 1003/55/224 1001/56/224 1002/57/224 1004/58/224
f 1005/59/230 1003/60/230 1004/61/230 1006/62/230
f 1007/63/231 1005/61/231 1006/64/231 1008/65/231
f 1001/66/228 1007/67/228 1008/68/228 1002/69/228
f 1004/82/3 1002/83/3 1008/84/3 1006/85/3
f 1005/74/2 1007/75/2 1001/76/2 1003/77/2
f 1011/47/232 1009/48/232 1010/49/232 1012/50/232
f 1013/47/233 1011/48/233 1012/49/233 1014/50/233
f 1015/47/234 1013/48/234 1014/49/234 1016/50/234
f 1009/47/235 1015/48/235 1016/49/235 1010/50/235
f 1012/51/3 1010/52/3 1016/53/3 1014/54/3
f 1018/49/236 1017/48/236 1019/47/236 1020/50/236
f 1020/49/237 1019/48/237 1021/47/237 1022/50/237
f 1022/49/238 1021/48/238 1023/47/238 1024/50/238
f 1024/49/239 1023/48/239 1017/47/239 1018/50/239
f 1024/53/3 1018/52/3 1020/51/3 1022/54/3
f 1027/55/232 1025/56/232 1026/57/232 1028/58/232
f 1029/59/239 1027/60/239 1028/61/239 1030/62/239
f 1031/63/240 1029/61/240 1030/64/240 1032/65/240
f 1025/66/241 1031/67/241 1032/68/241 1026/69/241
f 1028/82/3 1026/83/3 1032/84/3 1030/85/3
f 1029/74/2 1031/75/2 1025/76/2 1027/77/2
f 1035/47/242 1033/48/242 1034/49/242 1036/50/242
f 1037/47/243 1035/48/243 1036/49/243 1038/50/243
f 1039/47/244 1037/48/244 1038/49/244 1040/50/244
f 1033/47/245 1039/48/245 1040/49/245 1034/50/245
f 1036/51/3 1034/52/3 1040/53/3 1038/54/3
f 1042/49/242 1041/48/242 1043/47/242 1044/50/242
f 1044/49/246 1043/48/246 1045/47/246 1046/50/246
f 1046/49/247 1045/48/247 1047/47/247 1048/50/247
f 1048/49/248 1047/48/248 1041/47/248 1042/50/248
f 1048/53/3 1042/52/3 1044/51/3 1046/54/3
f 1051/55/242 1049/56/242 1050/57/242 1052/58/242
f 1053/59/248 1051/60/248 1052/61/248 1054/62/248
f 1055/63/244 1053/61/244 1054/64/244 1056/65/244
f 1049/66/246 1055/67/246 1056/68/246 1050/69/246
f 1052/78/3 1050/79/3 1056/80/3 1054/81/3
f 1053/74/2 1055/75/2 1049/76/2 1051/77/2
f 1059/47/249 1057/48/249 1058/49/249 1060/50/249
f 1061/47/250 1059/48/250 1060/49/250 1062/50/250
f 1063/47/251 1061/48/251 1062/49/251 1064/50/251
f 1057/47/252 1063/48/252 1064/49/252 1058/50/252
f 1060/51/3 1058/52/3 1064/53/3 1062/54/3
f 1066/49/249 1065/48/249 1067/47/249 1068/50/249
f 1068/49/252 1067/48/252 1069/47/252 1070/50/252
f 1070/49/253 1069/48/253 1071/47/253 1072/50/253
f 1072/49/254 1071/48/254 1065/47/254 1066/50/254
f 1072/53/3 1066/52/3 1068/51/3 1070/54/3
f 1075/55/249 1073/56/249 1074/57/249 1076/58/249
f 1077/59/254 1075/60/254 1076/61/254 1078/62/254
f 1079/63/253 1077/61/253 1078/64/253 1080/65/253
f 1073/66/252 1079/67/252 1080/68/252 1074/69/252
f 1076/70/3 1074/71/3 1080/72/3 1078/73/3
f 1077/74/2 1079/75/2 1073/76/2 1075/77/2
f 1083/47/255 1081/48/255 1082/49/255 1084/50/255
f 1085/47/256 1083/48/256 1084/49/256 1086/50/256
f 1087/47/257 1085/48/257 1086/49/257 1088/50/257
f 1081/47/258 1087/48/258 1088/49/258 1082/50/258
f 1084/51/3 1082/52/3 1088/53/3 1086/54/3
f 1090/49/255 1089/48/255 1091/47/255 1092/50/255
f 1092/49/258 1091/48/258 1093/47/258 1094/50/258
f 1094/49/259 1093/48/259 1095/47/259 1096/50/259
f 1096/49/260 1095/48/260 1089/47/260 1090/50/260
f 1096/53/3 1090/52/3 1092/51/3 1094/54/3
f 1099/55/255 1097/56/255 1098/57/255 1100/58/255
f 1101/59/260 1099/60/260 1100/61/260 1102/62/260
f 1103/63/257 1101/61/257 1102/64/257 1104/65/257
f 1097/66/258 1103/67/258 1104/68/258 1098/69/258
f 1100/82/3 1098/83/3 1104/84/3 1102/85/3
f 1101/74/2 1103/75/2 1097/76/2 1099/77/2
f 1107/47/261 1105/48/261 1106/49/261 1108/50/261
f 1109/47/262 1107/48/262 1108/49/262 1110/50/262
f 1111/47/263 1109/48/263 1110/49/263 1112/50/263
f 1105/47/264 1111/48/264 1112/49/264 1106/50/264
f 1108/51/3 1106/52/3 1112/53/3 1110/54/3
f 1114/49/265 1113/48/265 1115/47/265 1116/50/265
f 1116/49/264 1115/48/264 1117/47/264 1118/50/264
f 1118/49/266 1117/48/266 1119/47/266 1120/50/266
f 1120/49/262 1119/48/262 1113/47/262 1114/50/262
f 1120/53/3 1114/52/3 1116/51/3 1118/54/3
f 1123/55/261 1121/56/261 1122/57/261 1124/58/261
f 1125/59/267 1123/60/267 1124/61/267 1126/62/267
f 1127/63/268 1125/61/268 1126/64/268 1128/65/268
f 1121/66/269 1127/67/269 1128/68/269 1122/69/269
f 1124/78/3 1122/79/3 1128/80/3 1126/81/3
f 1125/74/2 1127/75/2 1121/76/2 1123/77/2
f 1131/47/270 1129/48/270 1130/49/270 1132/50/270
f 1133/47/271 1131/48/271 1132/49/271 1134/50/271
f 1135/47/272 1133/48/272 1134/49/272 1136/50/272
f 1129/47/273 1135/48/273 1136/49/273 1130/50/273
f 1132/51/3 1130/52/3 1136/53/3 1134/54/3
f 1138/49/270 1137/48/270 1139/47/270 1140/50/270
f 1140/49/274 1139/48/274 1141/47/274 1142/50/274
f 1142/49/275 1141/48/275 1143/47/275 1144/50/275
f 1144/49/271 1143/48/271 1137/47/271 1138/50/271
f 1144/53/3 1138/52/3 1140/51/3 1142/54/3
f 1147/55/270 1145/56/270 1146/57/270 1148/58/270
f 1149/59/271 1147/60/271 1148/61/271 1150/62/271
f 1151/63/276 1149/61/276 1150/64/276 1152/65/276
f 1145/66/273 1151/67/273 1152/68/273 1146/69/273
f 1148/86/3 1146/87/3 1152/88/3 1150/89/3
f 1149/74/2 1151/75/2 1145/76/2 1147/77/2
f 1155/47/277 1153/48/277 1154/49/277 1156/50/277
f 1157/47/278 1155/48/278 1156/49/278 1158/50/278
f 1159/47/279 1157/48/279 1158/49/279 1160/50/279
f 1153/47/280 1159/48/280 1160/49/280 1154/50/280
f 1156/51/3 1154/52/3 1160/53/3 1158/54/3
f 1162/49/281 1161/48/281 1163/47/281 1164/50/281
f 1164/49/280 1163/48/280 1165/47/280 1166/50/280
f 1166/49/282 1165/48/282 1167/47/282 1168/50/282
f 1168/49/283 1167/48/283 1161/47/283 1162/50/283
f 1168/53/3 1162/52/3 1164/51/3 1166/54/3
f 1171/55/281 1169/56/281 1170/57/281 1172/58/281
f 1173/59/283 1171/60/283 1172/61/283 1174/62/283
f 1175/63/279 1173/61/279 1174/64/279 1176/65/279
f 1169/66/280 1175/67/280 1176/68/280 1170/69/280
f 1172/70/3 1170/71/3 1176/72/3 1174/73/3
f 1173/74/2 1175/75/2 1169/76/2 1171/77/2
f 1179/47/284 1177/48/284 1178/49/284 1180/50/284
f 1181/47/285 1179/48/285 1180/49/285 1182/50/285
f 1183/47/286 1181/48/286 1182/49/286 1184/50/286
f 1177/47/287 1183/48/287 1184/49/287 1178/50/287
f 1180/51/3 1178/52/3 1184/53/3 1182/54/3
f 1186/49/288 1185/48/288 1187/47/288 1188/50/288
f 1188/49/289 1187/48/289 1189/47/289 1190/50/289
f 1190/49/290 1189/48/290 1191/47/290 1192/50/290
f 1192/49/291 1191/48/291 1185/47/291 1186/50/291
f 1192/53/3 1186/52/3 1188/51/3 1190/54/3
f 1195/55/292 1193/56/292 1194/57/292 1196/58/292
f 1197/59/291 1195/60/291 1196/61/291 1198/62/291
f 1199/63/293 1197/61/293 1198/64/293 1200/65/293
f 1193/66/294 1199/67/294 1200/68/294 1194/69/294
f 1196/82/3 1194/83/3 1200/84/3 1198/85/3
f 1197/74/2 1199/75/2 1193/76/2 1195/77/2
f 1203/47/295 1201/48/295 1202/49/295 1204/50/295
f 1205/47/296 1203/48/296 1204/49/296 1206/50/296
f 1207/47/297 1205/48/297 1206/49/297 1208/50/297
f 1201/47/298 1207/48/298 1208/49/298 1202/50/298
f 1204/51/3 1202/52/3 1208/53/3 1206/54/3
f 1210/49/299 1209/48/299 1211/47/299 1212/50/299
f 1212/49/298 1211/48/298 1213/47/298 1214/50/298
f 1214/49/300 1213/48/300 1215/47/300 1216/50/300
f 1216/49/301 1215/48/301 1209/47/301 1210/50/301
f 1216/53/3 1210/52/3 1212/51/3 1214/54/3
f 1219/55/295 1217/56/295 1218/57/295 1220/58/295
f 1221/59/302 1219/60/302 1220/61/302 1222/62/302
f 1223/63/300 1221/61/300 1222/64/300 1224/65/300
f 1217/66/303 1223/67/303 1224/68/303 1218/69/303
f 1220/86/3 1218/87/3 1224/88/3 1222/89/3
f 1221/74/2 1223/75/2 1217/76/2 1219/77/2
f 1227/47/304 1225/48/304 1226/49/304 1228/50/304
f 1229/47/305 1227/48/305 1228/49/305 1230/50/305
f 1231/47/306 1229/48/306 1230/49/306 1232/50/306
f 1225/47/307 1231/48/307 1232/49/307 1226/50/307
f 1228/51/3 1226/52/3 1232/53/3 1230/54/3
f 1234/49/304 1233/48/304 1235/47/304 1236/50/304
f 1236/49/307 1235/48/307 1237/47/307 1238/50/307
f 1238/49/308 1237/48/308 1239/47/308 1240/50/308
f 1240/49/309 1239/48/309 1233/47/309 1234/50/309
f 1240/53/3 1234/52/3 1236/51/3 1238/54/3
f 1243/55/304 1241/56/304 1242/57/304 1244/58/304
f 1245/59/309 1243/60/309 1244/61/309 1246/62/309
f 1247/63/308 1245/61/308 1246/64/308 1248/65/308
f 1241/66/307 1247/67/307 1248/68/307 1242/69/307
f 1244/70/3 1242/71/3 1248/72/3 1246/73/3
f 1245/74/2 1247/75/2 1241/76/2 1243/77/2
f 1251/47/310 1249/48/310 1250/49/310 1252/50/310
f 1253/47/311 1251/48/311 1252/49/311 1254/50/311
f 1255/47/312 1253/48/312 1254/49/312 1256/50/312
f 1249/47/313 1255/48/313 1256/49/313 1250/50/313
f 1252/51/3 1250/52/3 1256/53/3 1254/54/3
f 1258/49/314 1257/48/314 1259/47/314 1260/50/314
f 1260/49/313 1259/48/313 1261/47/313 1262/50/313
f 1262/49/315 1261/48/315 1263/47/315 1264/50/315
f 1264/49/311 1263/48/311 1257/47/311 1258/50/311
f 1264/53/3 1258/52/3 1260/51/3 1262/54/3
f 1267/55/310 1265/56/310 1266/57/310 1268/58/310
f 1269/59/311 1267/60/311 1268/61/311 1270/62/311
f 1271/63/315 1269/61/315 1270/64/315 1272/65/315
f 1265/66/316 1271/67/316 1272/68/316 1266/69/316
f 1268/78/3 1266/79/3 1272/80/3 1270/81/3
f 1269/74/2 1271/75/2 1265/76/2 1267/77/2
f 1275/47/317 1273/48/317 1274/49/317 1276/50/317
f 1277/47/318 1275/48/318 1276/49/318 1278/50/318
f 1279/47/319 1277/48/319 1278/49/319 1280/50/319
f 1273/47/320 1279/48/320 1280/49/320 1274/50/320
f 1276/51/3 1274/52/3 1280/53/3 1278/54/3
f 1282/49/321 1281/48/321 1283/47/321 1284/50/321
f 1284/49/320 1283/48/320 1285/47/320 1286/50/320
f 1286/49/322 1285/48/322 1287/47/322 1288/50/322
f 1288/49/318 1287/48/318 1281/47/318 1282/50/318
f 1288/53/3 1282/52/3 1284/51/3 1286/54/3
f 1291/55/321 1289/56/321 1290/57/321 1292/58/321
f 1293/59/318 1291/60/318 1292/61/318 1294/62/318
f 1295/63/322 1293/61/322 1294/64/322 1296/65/322
f 1289/66/323 1295/67/323 1296/68/323 1290/69/323
f 1292/86/3 1290/87/3 1296/88/3 1294/89/3
f 1293/74/2 1295/75/2 1289/76/2 1291/77/2
f 1299/47/324 1297/48/324 1298/49/324 1300/50/324
f 1301/47/325 1299/48/325 1300/49/325 1302/50/325
f 1303/47/326 1301/48/326 1302/49/326 1304/50/326
f 1297/47/327 1303/48/327 1304/49/327 1298/50/327
f 1300/51/3 1298/52/3 1304/53/3 1302/54/3
f 1306/49/324 1305/48/324 1307/47/324 1308/50/324
f 1308/49/328 1307/48/328 1309/47/328 1310/50/328
f 1310/49/329 1309/48/329 1311/47/329 1312/50/329
f 1312/49/330 1311/48/330 1305/47/330 1306/50/330
f 1312/53/3 1306/52/3 1308/51/3 1310/54/3
f 1315/55/324 1313/56/324 1314/57/324 1316/58/324
f 1317/59/330 1315/60/330 1316/61/330 1318/62/330
f 1319/63/329 1317/61/329 1318/64/329 1320/65/329
f 1313/66/328 1319/67/328 1320/68/328 1314/69/328
f 1316/82/3 1314/83/3 1320/84/3 1318/85/3
f 1317/74/2 1319/75/2 1313/76/2 1315/77/2
f 1323/47/331 1321/48/331 1322/49/331 1324/50/331
f 1325/47/332 1323/48/332 1324/49/332 1326/50/332
f 1327/47/333 1325/48/333 1326/49/333 1328/50/333
f 1321/47/334 1327/48/334 1328/49/334 1322/50/334
f 1324/51/3 1322/52/3 1328/53/3 1326/54/3
f 1330/49/335 1329/48/335 1331/47/335 1332/50/335
f 1332/49/334 1331/48/334 1333/47/334 1334/50/334
f 1334/49/333 1333/48/333 1335/47/333 1336/50/333
f 1336/49/332 1335/48/332 1329/47/332 1330/50/332
f 1336/53/3 1330/52/3 1332/51/3 1334/54/3
f 1339/55/335 1337/56/335 1338/57/335 1340/58/335
f 1341/59/332 1339/60/332 1340/61/332 1342/62/332
f 1343/63/333 1341/61/333 1342/64/333 1344/65/333
f 1337/66/334 1343/67/334 1344/68/334 1338/69/334
f 1340/82/3 1338/83/3 1344/84/3 1342/85/3
f 1341/74/2 1343/75/2 1337/76/2 1339/77/2
f 1347/47/336 1345/48/336 1346/49/336 1348/50/336
f 1349/47/337 1347/48/337 1348/49/337 1350/50/337
f 1351/47/338 1349/48/338 1350/49/338 1352/50/338
f 1345/47/339 1351/48/339 1352/49/339 1346/50/339
f 1348/51/3 1346/52/3 1352/53/3 1350/54/3
f 1354/49/340 1353/48/340 1355/47/340 1356/50/340
f 1356/49/341 1355/48/341 1357/47/341 1358/50/341
f 1358/49/342 1357/48/342 1359/47/342 1360/50/342
f 1360/49/337 1359/48/337 1353/47/337 1354/50/337
f 1360/53/3 1354/52/3 1356/51/3 1358/54/3
f 1363/55/340 1361/56/340 1362/57/340 1364/58/340
f 1365/59/337 1363/60/337 1364/61/337 1366/62/337
f 1367/63/338 1365/61/338 1366/64/338 1368/65/338
f 1361/66/341 1367/67/341 1368/68/341 1362/69/341
f 1364/78/3 1362/79/3 1368/80/3 1366/81/3
f 1365/74/2 1367/75/2 1361/76/2 1363/77/2
f 1371/47/343 1369/48/343 1370/49/343 1372/50/343
f 1373/47/344 1371/48/344 1372/49/344 1374/50/344
f 1375/47/345 1373/48/345 1374/49/345 1376/50/345
f 1369/47/346 1375/48/346 1376/49/346 1370/50/346
f 1372/51/3 1370/52/3 1376/53/3 1374/54/3
f 1378/49/347 1377/48/347 1379/47/347 1380/50/347
f 1380/49/346 1379/48/346 1381/47/346 1382/50/346
f 1382/49/348 1381/48/348 1383/47/348 1384/50/348
f 1384/49/349 1383/48/349 1377/47/349 1378/50/349
f 1384/53/3 1378/52/3 1380/51/3 1382/54/3
f 1387/55/347 1385/56/347 1386/57/347 1388/58/347
f 1389/59/344 1387/60/344 1388/61/344 1390/62/344
f 1391/63/345 1389/61/345 1390/64/345 1392/65/345
f 1385/66/350 1391/67/350 1392/68/350 1386/69/350
f 1388/78/3 1386/79/3 1392/80/3 1390/81/3
f 1389/74/2 1391/75/2 1385/76/2 1387/77/2
f 1395/47/351 1393/48/351 1394/49/351 1396/50/351
f 1397/47/352 1395/48/352 1396/49/352 1398/50/352
f 1399/47/353 1397/48/353 1398/49/353 1400/50/353
f 1393/47/354 1399/48/354 1400/49/354 1394/50/354
f 1396/51/3 1394/52/3 1400/53/3 1398/54/3
f 1402/49/355 1401/48/355 1403/47/355 1404/50/355
f 1404/49/354 1403/48/354 1405/47/354 1406/50/354
f 1406/49/356 1405/48/356 1407/47/356 1408/50/356
f 1408/49/357 1407/48/357 1401/47/357 1402/50/357
f 1408/53/3 1402/52/3 1404/51/3 1406/54/3
f 1411/55/351 1409/56/351 1410/57/351 1412/58/351
f 1413/59/357 1411/60/357 1412/61/357 1414/62/357
f 1415/63/356 1413/61/356 1414/64/356 1416/65/356
f 1409/66/358 1415/67/358 1416/68/358 1410/69/358
f 1412/78/3 1410/79/3 1416/80/3 1414/81/3
f 1413/74/2 1415/75/2 1409/76/2 1411/77/2
f 1419/47/359 1417/48/359 1418/49/359 1420/50/359
f 1421/47/360 1419/48/360 1420/49/360 1422/50/360
f 1423/47/361 1421/48/361 1422/49/361 1424/50/361
f 1417/47/362 1423/48/362 1424/49/362 1418/50/362
f 1420/51/3 1418/52/3 1424/53/3 1422/54/3
f 1426/49/359 1425/48/359 1427/47/359 1428/50/359
f 1428/49/362 1427/48/362 1429/47/362 1430/50/362
f 1430/49/363 1429/48/363 1431/47/363 1432/50/363
f 1432/49/360 1431/48/360 1425/47/360 1426/50/360
f 1432/53/3 1426/52/3 1428/51/3 1430/54/3
f 1435/55/359 1433/56/359 1434/57/359 1436/58/359
f 1437/59/360 1435/60/360 1436/61/360 1438/62/360
f 1439/63/361 1437/61/361 1438/64/361 1440/65/361
f 1433/66/362 1439/67/362 1440/68/362 1434/69/362
f 1436/86/3 1434/87/3 1440/88/3 1438/89/3
f 1437/74/2 1439/75/2 1433/76/2 1435/77/2
f 1443/47/364 1441/48/364 1442/49/364 1444/50/364
f 1445/47/365 1443/48/365 1444/49/365 1446/50/365
f 1447/47/366 1445/48/366 1446/49/366 1448/50/366
f 1441/47/367 1447/48/367 1448/49/367 1442/50/367
f 1444/51/3 1442/52/3 1448/53/3 1446/54/3
f 1450/49/364 1449/48/364 1451/47/364 1452/50/364
f 1452/49/367 1451/48/367 1453/47/367 1454/50/367
f 1454/49/368 1453/48/368 1455/47/368 1456/50/368
f 1456/49/369 1455/48/369 1449/47/369 1450/50/369
f 1456/53/3 1450/52/3 1452/51/3 1454/54/3
f 1459/55/364 1457/56/364 1458/57/364 1460/58/364
f 1461/59/369 1459/60/369 1460/61/369 1462/62/369
f 1463/63/368 1461/61/368 1462/64/368 1464/65/368
f 1457/66/370 1463/67/370 1464/68/370 1458/69/370
f 1460/82/3 1458/83/3 1464/84/3 1462/85/3
f 1461/74/2 1463/75/2 1457/76/2 1459/77/2
f 1467/47/371 1465/48/371 1466/49/371 1468/50/371
f 1469/47/372 1467/48/372 1468/49/372 1470/50/372
f 1471/47/373 1469/48/373 1470/49/373 1472/50/373
f 1465/47/374 1471/48/374 1472/49/374 1466/50/374
f 1468/51/3 1466/52/3 1472/53/3 1470/54/3
f 1474/49/371 1473/48/371 1475/47/371 1476/50/371
f 1476/49/374 1475/48/374 1477/47/374 1478/50/374
f 1478/49/373 1477/48/373 1479/47/373 1480/50/373
f 1480/49/375 1479/48/375 1473/47/375 1474/50/375
f 1480/53/3 1474/52/3 1476/51/3 1478/54/3
f 1483/55/371 1481/56/371 1482/57/371 1484/58/371
f 1485/59/372 1483/60/372 1484/61/372 1486/62/372
f 1487/63/376 1485/61/376 1486/64/376 1488/65/376
f 1481/66/377 1487/67/377 1488/68/377 1482/69/377
f 1484/70/3 1482/71/3 1488/72/3 1486/73/3
f 1485/74/2 1487/75/2 1481/76/2 1483/77/2
f 1491/47/378 1489/48/378 1490/49/378 1492/50/378
f 1493/47/5 1491/48/5 1492/49/5 1494/50/5
f 1495/47/379 1493/48/379 1494/49/379 1496/50/379
f 1489/47/380 1495/48/380 1496/49/380 1490/50/380
f 1492/51/3 1490/52/3 1496/53/3 1494/54/3
f 1498/49/378 1497/48/378 1499/47/378 1500/50/378
f 1500/49/380 1499/48/380 1501/47/380 1502/50/380
f 1502/49/381 1501/48/381 1503/47/381 1504/50/381
f 1504/49/382 1503/48/382 1497/47/382 1498/50/382
f 1504/53/3 1498/52/3 1500/51/3 1502/54/3
f 1507/55/378 1505/56/378 1506/57/378 1508/58/378
f 1509/59/5 1507/60/5 1508/61/5 1510/62/5
f 1511/63/379 1509/61/379 1510/64/379 1512/65/379
f 1505/66/380 1511/67/380 1512/68/380 1506/69/380
f 1508/78/3 1506/79/3 1512/80/3 1510/81/3
f 1509/74/2 1511/75/2 1505/76/2 1507/77/2
f 1514/25/19 1538/26/19 1547/23/19 1523/24/19
f 1529/90/17 1553/91/17 1557/92/17 1533/93/17
f 1515/3/17 1539/4/17 1537/1/17 1513/2/17
f 1516/94/17 1540/95/17 1543/96/17 1519/97/17
f 1525/2/19 1549/1/19 1551/4/19 1527/3/19
f 1528/16/3 1552/15/3 1560/18/3 1536/17/3
f 1513/21/2 1537/22/2 1538/19/2 1514/20/2
f 1520/98/17 1544/99/17 1542/4/17 1518/3/17
f 1526/20/2 1550/19/2 1549/22/2 1525/21/2
f 1535/24/17 1559/23/17 1550/26/17 1526/25/17
f 8/99/4 1520/98/4 1518/3/4 6/4/4
f 11/30/3 1523/29/3 1521/28/3 9/27/3
f 19/96/1 1531/97/1 1528/94/1 16/95/1
f 17/91/4 1529/90/4 1533/93/4 21/92/4
f 18/4/1 1530/3/1 1532/98/1 20/99/1
f 20/8/2 1532/7/2 1531/6/2 19/5/2
f 12/18/3 1524/17/3 1516/16/3 4/15/3
f 10/100/1 1522/101/1 1524/102/1 12/103/1
f 24/103/4 1536/102/4 1534/101/4 22/100/4
f 3/4/4 1515/3/4 1513/2/4 1/1/4
f 1/22/2 1513/21/2 1514/20/2 2/19/2
f 9/92/1 1521/93/1 1517/90/1 5/91/1
f 22/5/2 1534/6/2 1529/10/2 17/9/2
f 4/95/4 1516/94/4 1519/97/4 7/96/4
f 1546/100/27 1570/101/27 1572/102/27 1548/103/27
f 1558/5/2 1582/6/2 1577/10/2 1553/9/2
f 1543/5/2 1567/6/2 1568/7/2 1544/8/2
f 1547/30/3 1571/29/3 1569/28/3 1545/27/3
f 1554/4/27 1578/3/27 1580/98/27 1556/99/27
f 1545/92/27 1569/93/27 1565/90/27 1541/91/27
f 1541/9/2 1565/10/2 1570/6/2 1546/5/2
f 1551/11/3 1575/12/3 1578/13/3 1554/14/3
f 1556/8/2 1580/7/2 1579/6/2 1555/5/2
f 1548/18/3 1572/17/3 1564/16/3 1540/15/3
f 1536/102/17 1560/103/17 1558/100/17 1534/101/17
f 1531/97/19 1555/96/19 1552/95/19 1528/94/19
f 1524/17/3 1548/18/3 1540/15/3 1516/16/3
f 1532/7/2 1556/8/2 1555/5/2 1531/6/2
f 1527/12/3 1551/11/3 1554/14/3 1530/13/3
f 1517/10/2 1541/9/2 1546/5/2 1522/6/2
f 1521/93/19 1545/92/19 1541/91/19 1517/90/19
f 1530/3/19 1554/4/19 1556/99/19 1532/98/19
f 1523/29/3 1547/30/3 1545/27/3 1521/28/3
f 1519/6/2 1543/5/2 1544/8/2 1520/7/2
f 1534/6/2 1558/5/2 1553/9/2 1529/10/2
f 1522/101/19 1546/100/19 1548/103/19 1524/102/19
f 1518/13/3 1542/14/3 1539/11/3 1515/12/3
f 1533/28/3 1557/27/3 1559/30/3 1535/29/3
f 1584/102/33 1608/103/33 1606/100/33 1582/101/33
f 1562/25/35 1586/26/35 1595/23/35 1571/24/35
f 1577/90/33 1601/91/33 1605/92/33 1581/93/33
f 1563/3/33 1587/4/33 1585/1/33 1561/2/33
f 1564/94/33 1588/95/33 1591/96/33 1567/97/33
f 1573/2/35 1597/1/35 1599/4/35 1575/3/35
f 1576/16/3 1600/15/3 1608/18/3 1584/17/3
f 1561/21/2 1585/22/2 1586/19/2 1562/20/2
f 1568/98/33 1592/99/33 1590/4/33 1566/3/33
f 1574/20/2 1598/19/2 1597/22/2 1573/21/2
f 1542/14/3 1566/13/3 1563/12/3 1539/11/3
f 1557/27/3 1581/28/3 1583/29/3 1559/30/3
f 1559/23/25 1583/24/25 1574/25/25 1550/26/25
f 1550/19/2 1574/20/2 1573/21/2 1549/22/2
f 1544/99/25 1568/98/25 1566/3/25 1542/4/25
f 1537/22/2 1561/21/2 1562/20/2 1538/19/2
f 1552/15/3 1576/16/3 1584/17/3 1560/18/3
f 1549/1/27 1573/2/27 1575/3/27 1551/4/27
f 1540/95/25 1564/94/25 1567/97/25 1543/96/25
f 1539/4/25 1563/3/25 1561/2/25 1537/1/25
f 1553/91/25 1577/90/25 1581/93/25 1557/92/25
f 1538/26/27 1562/25/27 1571/24/27 1547/23/27
f 1560/103/25 1584/102/25 1582/101/25 1558/100/25
f 1555/96/27 1579/97/27 1576/94/27 1552/95/27
f 1590/14/3 1614/13/3 1611/12/3 1587/11/3
f 1594/100/46 1618/101/46 1620/102/46 1596/103/46
f 1606/5/2 1630/6/2 1625/10/2 1601/9/2
f 1591/5/2 1615/6/2 1616/7/2 1592/8/2
f 1595/30/3 1619/29/3 1617/28/3 1593/27/3
f 1602/4/46 1626/3/46 1628/98/46 1604/99/46
f 1593/92/46 1617/93/46 1613/90/46 1589/91/46
f 1589/9/2 1613/10/2 1618/6/2 1594/5/2
f 1599/11/3 1623/12/3 1626/13/3 1602/14/3
f 1604/8/2 1628/7/2 1627/6/2 1603/5/2
f 1579/97/35 1603/96/35 1600/95/35 1576/94/35
f 1572/17/3 1596/18/3 1588/15/3 1564/16/3
f 1580/7/2 1604/8/2 1603/5/2 1579/6/2
f 1575/12/3 1599/11/3 1602/14/3 1578/13/3
f 1565/10/2 1589/9/2 1594/5/2 1570/6/2
f 1569/93/35 1593/92/35 1589/91/35 1565/90/35
f 1578/3/35 1602/4/35 1604/99/35 1580/98/35
f 1571/29/3 1595/30/3 1593/27/3 1569/28/3
f 1567/6/2 1591/5/2 1592/8/2 1568/7/2
f 1582/6/2 1606/5/2 1601/9/2 1577/10/2
f 1570/101/35 1594/100/35 1596/103/35 1572/102/35
f 1566/13/3 1590/14/3 1587/11/3 1563/12/3
f 1581/28/3 1605/27/3 1607/30/3 1583/29/3
f 1583/24/33 1607/23/33 1598/26/33 1574/25/33
f 1627/97/55 1651/96/55 1648/95/55 1624/94/55
f 1632/102/53 1656/103/53 1654/100/53 1630/101/53
f 1610/25/55 1634/26/55 1643/23/55 1619/24/55
f 1625/90/53 1649/91/53 1653/92/53 1629/93/53
f 1611/3/53 1635/4/53 1633/1/53 1609/2/53
f 1612/94/53 1636/95/53 1639/96/53 1615/97/53
f 1621/2/55 1645/1/55 1647/4/55 1623/3/55
f 1624/16/3 1648/15/3 1656/18/3 1632/17/3
f 1609/21/2 1633/22/2 1634/19/2 1610/20/2
f 1616/98/53 1640/99/53 1638/4/53 1614/3/53
f 1605/27/3 1629/28/3 1631/29/3 1607/30/3
f 1607/23/41 1631/24/41 1622/25/41 1598/26/41
f 1598/19/2 1622/20/2 1621/21/2 1597/22/2
f 1592/99/41 1616/98/41 1614/3/41 1590/4/41
f 1585/22/2 1609/21/2 1610/20/2 1586/19/2
f 1600/15/3 1624/16/3 1632/17/3 1608/18/3
f 1597/1/46 1621/2/46 1623/3/46 1599/4/46
f 1588/95/41 1612/94/41 1615/97/41 1591/96/41
f 1587/4/41 1611/3/41 1609/2/41 1585/1/41
f 1601/91/41 1625/90/41 1629/93/41 1605/92/41
f 1586/26/46 1610/25/46 1619/24/46 1595/23/46
f 1608/103/41 1632/102/41 1630/101/41 1606/100/41
f 1603/96/46 1627/97/46 1624/94/46 1600/95/46
f 1596/18/3 1620/17/3 1612/16/3 1588/15/3
f 1638/14/3 1662/13/3 1659/12/3 1635/11/3
f 1642/100/63 1666/101/63 1668/102/63 1644/103/63
f 1654/5/2 1678/6/2 1673/10/2 1649/9/2
f 1639/5/2 1663/6/2 1664/7/2 1640/8/2
f 1643/30/3 1667/29/3 1665/28/3 1641/27/3
f 1650/4/63 1674/3/63 1676/98/63 1652/99/63
f 1641/92/63 1665/93/63 1661/90/63 1637/91/63
f 1637/9/2 1661/10/2 1666/6/2 1642/5/2
f 1647/11/3 1671/12/3 1674/13/3 1650/14/3
f 1652/8/2 1676/7/2 1675/6/2 1651/5/2
f 1620/17/3 1644/18/3 1636/15/3 1612/16/3
f 1628/7/2 1652/8/2 1651/5/2 1627/6/2
f 1623/12/3 1647/11/3 1650/14/3 1626/13/3
f 1613/10/2 1637/9/2 1642/5/2 1618/6/2
f 1617/93/55 1641/92/55 1637/91/55 1613/90/55
f 1626/3/55 1650/4/55 1652/99/55 1628/98/55
f 1619/29/3 1643/30/3 1641/27/3 1617/28/3
f 1615/6/2 1639/5/2 1640/8/2 1616/7/2
f 1630/6/2 1654/5/2 1649/9/2 1625/10/2
f 1618/101/55 1642/100/55 1644/103/55 1620/102/55
f 1614/13/3 1638/14/3 1635/11/3 1611/12/3
f 1629/28/3 1653/27/3 1655/30/3 1631/29/3
f 1631/24/53 1655/23/53 1646/26/53 1622/25/53
f 1622/20/2 1646/19/2 1645/22/2 1621/21/2
f 1668/17/3 1692/18/3 1684/15/3 1660/16/3
f 1675/97/76 1699/96/76 1696/95/76 1672/94/76
f 1680/102/75 1704/103/75 1702/100/75 1678/101/75
f 1658/25/76 1682/26/76 1691/23/76 1667/24/76
f 1673/90/75 1697/91/75 1701/92/75 1677/93/75
f 1659/3/75 1683/4/75 1681/1/75 1657/2/75
f 1660/94/75 1684/95/75 1687/96/75 1663/97/75
f 1669/2/76 1693/1/76 1695/4/76 1671/3/76
f 1672/16/3 1696/15/3 1704/18/3 1680/17/3
f 1657/21/2 1681/22/2 1682/19/2 1658/20/2
f 1653/27/3 1677/28/3 1679/29/3 1655/30/3
f 1655/23/61 1679/24/61 1670/25/61 1646/26/61
f 1646/19/2 1670/20/2 1669/21/2 1645/22/2
f 1640/99/61 1664/98/61 1662/3/61 1638/4/61
f 1633/22/2 1657/21/2 1658/20/2 1634/19/2
f 1648/15/3 1672/16/3 1680/17/3 1656/18/3
f 1645/1/63 1669/2/63 1671/3/63 1647/4/63
f 1636/95/61 1660/94/61 1663/97/61 1639/96/61
f 1635/4/61 1659/3/61 1657/2/61 1633/1/61
f 1649/91/61 1673/90/61 1677/93/61 1653/92/61
f 1634/26/63 1658/25/63 1667/24/63 1643/23/63
f 1656/103/61 1680/102/61 1678/101/61 1654/100/61
f 1651/96/63 1675/97/63 1672/94/63 1648/95/63
f 1644/18/3 1668/17/3 1660/16/3 1636/15/3
f 1701/27/3 1725/28/3 1727/29/3 1703/30/3
f 1686/14/3 1710/13/3 1707/12/3 1683/11/3
f 1690/100/86 1714/101/86 1716/102/86 1692/103/86
f 1702/5/2 1726/6/2 1721/10/2 1697/9/2
f 1687/5/2 1711/6/2 1712/7/2 1688/8/2
f 1691/30/3 1715/29/3 1713/28/3 1689/27/3
f 1698/4/86 1722/3/86 1724/98/86 1700/99/86
f 1689/92/86 1713/93/86 1709/90/86 1685/91/86
f 1685/9/2 1709/10/2 1714/6/2 1690/5/2
f 1695/11/3 1719/12/3 1722/13/3 1698/14/3
f 1676/7/2 1700/8/2 1699/5/2 1675/6/2
f 1671/12/3 1695/11/3 1698/14/3 1674/13/3
f 1661/10/2 1685/9/2 1690/5/2 1666/6/2
f 1665/93/76 1689/92/76 1685/91/76 1661/90/76
f 1674/3/76 1698/4/76 1700/99/76 1676/98/76
f 1667/29/3 1691/30/3 1689/27/3 1665/28/3
f 1663/6/2 1687/5/2 1688/8/2 1664/7/2
f 1678/6/2 1702/5/2 1697/9/2 1673/10/2
f 1666/101/76 1690/100/76 1692/103/76 1668/102/76
f 1662/13/3 1686/14/3 1683/11/3 1659/12/3
f 1677/28/3 1701/27/3 1703/30/3 1679/29/3
f 1679/24/75 1703/23/75 1694/26/75 1670/25/75
f 1670/20/2 1694/19/2 1693/22/2 1669/21/2
f 1664/98/75 1688/99/75 1686/4/75 1662/3/75
f 1724/7/2 1748/8/2 1747/5/2 1723/6/2
f 1716/17/3 1740/18/3 1732/15/3 1708/16/3
f 1723/97/94 1747/96/94 1744/95/94 1720/94/94
f 1728/102/92 1752/103/92 1750/100/92 1726/101/92
f 1706/25/94 1730/26/94 1739/23/94 1715/24/94
f 1721/90/92 1745/91/92 1749/92/92 1725/93/92
f 1707/3/92 1731/4/92 1729/1/92 1705/2/92
f 1708/94/92 1732/95/92 1735/96/92 1711/97/92
f 1717/2/94 1741/1/94 1743/4/94 1719/3/94
f 1720/16/3 1744/15/3 1752/18/3 1728/17/3
f 1703/23/84 1727/24/84 1718/25/84 1694/26/84
f 1694/19/2 1718/20/2 1717/21/2 1693/22/2
f 1688/99/84 1712/98/84 1710/3/84 1686/4/84
f 1681/22/2 1705/21/2 1706/20/2 1682/19/2
f 1696/15/3 1720/16/3 1728/17/3 1704/18/3
f 1693/1/86 1717/2/86 1719/3/86 1695/4/86
f 1684/95/84 1708/94/84 1711/97/84 1687/96/84
f 1683/4/84 1707/3/84 1705/2/84 1681/1/84
f 1697/91/84 1721/90/84 1725/93/84 1701/92/84
f 1682/26/86 1706/25/86 1715/24/86 1691/23/86
f 1704/103/84 1728/102/84 1726/101/84 1702/100/84
f 1699/96/86 1723/97/86 1720/94/86 1696/95/86
f 1692/18/3 1716/17/3 1708/16/3 1684/15/3
f 1700/8/2 1724/7/2 1723/6/2 1699/5/2
f 1751/23/103 1775/24/103 1766/25/103 1742/26/103
f 1749/27/3 1773/28/3 1775/29/3 1751/30/3
f 1734/14/3 1758/13/3 1755/12/3 1731/11/3
f 1738/100/105 1762/101/105 1764/102/105 1740/103/105
f 1750/5/2 1774/6/2 1769/10/2 1745/9/2
f 1735/5/2 1759/6/2 1760/7/2 1736/8/2
f 1739/30/3 1763/29/3 1761/28/3 1737/27/3
f 1746/4/105 1770/3/105 1772/98/105 1748/99/105
f 1737/92/105 1761/93/105 1757/90/105 1733/91/105
f 1733/9/2 1757/10/2 1762/6/2 1738/5/2
f 1719/12/3 1743/11/3 1746/14/3 1722/13/3
f 1709/10/2 1733/9/2 1738/5/2 1714/6/2
f 1713/93/94 1737/92/94 1733/91/94 1709/90/94
f 1722/3/94 1746/4/94 1748/99/94 1724/98/94
f 1715/29/3 1739/30/3 1737/27/3 1713/28/3
f 1711/6/2 1735/5/2 1736/8/2 1712/7/2
f 1726/6/2 1750/5/2 1745/9/2 1721/10/2
f 1714/101/94 1738/100/94 1740/103/94 1716/102/94
f 1710/13/3 1734/14/3 1731/11/3 1707/12/3
f 1725/28/3 1749/27/3 1751/30/3 1727/29/3
f 1727/24/92 1751/23/92 1742/26/92 1718/25/92
f 1718/20/2 1742/19/2 1741/22/2 1717/21/2
f 1712/98/92 1736/99/92 1734/4/92 1710/3/92
f 1705/21/2 1729/22/2 1730/19/2 1706/20/2
f 1767/12/3 1791/11/3 1794/14/3 1770/13/3
f 1772/7/2 1796/8/2 1795/5/2 1771/6/2
f 1764/17/3 1788/18/3 1780/15/3 1756/16/3
f 1771/97/115 1795/96/115 1792/95/115 1768/94/115
f 1776/102/113 1800/103/113 1798/100/113 1774/101/113
f 1754/25/115 1778/26/115 1787/23/115 1763/24/115
f 1769/90/113 1793/91/113 1797/92/113 1773/93/113
f 1755/3/113 1779/4/113 1777/1/113 1753/2/113
f 1756/94/113 1780/95/113 1783/96/113 1759/97/113
f 1765/2/115 1789/1/115 1791/4/115 1767/3/115
f 1742/19/2 1766/20/2 1765/21/2 1741/22/2
f 1736/99/103 1760/98/103 1758/3/103 1734/4/103
f 1729/22/2 1753/21/2 1754/20/2 1730/19/2
f 1744/15/3 1768/16/3 1776/17/3 1752/18/3
f 1741/1/105 1765/2/105 1767/3/105 1743/4/105
f 1732/95/103 1756/94/103 1759/97/103 1735/96/103
f 1731/4/103 1755/3/103 1753/2/103 1729/1/103
f 1745/91/103 1769/90/103 1773/93/103 1749/92/103
f 1730/26/105 1754/25/105 1763/24/105 1739/23/105
f 1752/103/103 1776/102/103 1774/101/103 1750/100/103
f 1747/96/105 1771/97/105 1768/94/105 1744/95/105
f 1740/18/3 1764/17/3 1756/16/3 1732/15/3
f 1748/8/2 1772/7/2 1771/6/2 1747/5/2
f 1743/11/3 1767/12/3 1770/13/3 1746/14/3
f 1790/19/2 1814/20/2 1813/21/2 1789/22/2
f 1799/23/126 1823/24/126 1814/25/126 1790/26/126
f 1797/27/3 1821/28/3 1823/29/3 1799/30/3
f 1782/14/3 1806/13/3 1803/12/3 1779/11/3
f 1786/100/128 1810/101/128 1812/102/128 1788/103/128
f 1798/5/2 1822/6/2 1817/10/2 1793/9/2
f 1783/5/2 1807/6/2 1808/7/2 1784/8/2
f 1787/30/3 1811/29/3 1809/28/3 1785/27/3
f 1794/4/128 1818/3/128 1820/98/128 1796/99/128
f 1785/92/128 1809/93/128 1805/90/128 1781/91/128
f 1757/10/2 1781/9/2 1786/5/2 1762/6/2
f 1761/93/115 1785/92/115 1781/91/115 1757/90/115
f 1770/3/115 1794/4/115 1796/99/115 1772/98/115
f 1763/29/3 1787/30/3 1785/27/3 1761/28/3
f 1759/6/2 1783/5/2 1784/8/2 1760/7/2
f 1774/6/2 1798/5/2 1793/9/2 1769/10/2
f 1762/101/115 1786/100/115 1788/103/115 1764/102/115
f 1758/13/3 1782/14/3 1779/11/3 1755/12/3
f 1773/28/3 1797/27/3 1799/30/3 1775/29/3
f 1775/24/113 1799/23/113 1790/26/113 1766/25/113
f 1766/20/2 1790/19/2 1789/22/2 1765/21/2
f 1760/98/113 1784/99/113 1782/4/113 1758/3/113
f 1753/21/2 1777/22/2 1778/19/2 1754/20/2
f 1768/16/3 1792/15/3 1800/18/3 1776/17/3
f 1815/12/3 1839/11/3 1842/14/3 1818/13/3
f 1820/7/2 1844/8/2 1843/5/2 1819/6/2
f 1812/17/3 1836/18/3 1828/15/3 1804/16/3
f 1819/97/137 1843/96/137 1840/95/137 1816/94/137
f 1824/102/141 1848/103/141 1846/100/141 1822/101/141
f 1802/25/137 1826/26/137 1835/23/137 1811/24/137
f 1817/90/141 1841/91/141 1845/92/141 1821/93/141
f 1803/3/141 1827/4/141 1825/1/141 1801/2/141
f 1804/94/141 1828/95/141 1831/96/141 1807/97/141
f 1813/2/137 1837/1/137 1839/4/137 1815/3/137
f 1784/99/126 1808/98/126 1806/3/126 1782/4/126
f 1777/22/2 1801/21/2 1802/20/2 1778/19/2
f 1792/15/3 1816/16/3 1824/17/3 1800/18/3
f 1789/1/128 1813/2/128 1815/3/128 1791/4/128
f 1780/95/126 1804/94/126 1807/97/126 1783/96/126
f 1779/4/126 1803/3/126 1801/2/126 1777/1/126
f 1793/91/126 1817/90/126 1821/93/126 1797/92/126
f 1778/26/128 1802/25/128 1811/24/128 1787/23/128
f 1800/103/126 1824/102/126 1822/101/126 1798/100/126
f 1795/96/128 1819/97/128 1816/94/128 1792/95/128
f 1788/18/3 1812/17/3 1804/16/3 1780/15/3
f 1796/8/2 1820/7/2 1819/6/2 1795/5/2
f 1791/11/3 1815/12/3 1818/13/3 1794/14/3
f 1781/9/2 1805/10/2 1810/6/2 1786/5/2
f 1832/99/151 1856/98/151 1854/3/151 1830/4/151
f 1838/19/2 1862/20/2 1861/21/2 1837/22/2
f 1847/23/151 1871/24/151 1862/25/151 1838/26/151
f 1845/27/3 1869/28/3 1871/29/3 1847/30/3
f 1830/14/3 1854/13/3 1851/12/3 1827/11/3
f 1834/100/153 1858/101/153 1860/102/153 1836/103/153
f 1846/5/2 1870/6/2 1865/10/2 1841/9/2
f 1831/5/2 1855/6/2 1856/7/2 1832/8/2
f 1835/30/3 1859/29/3 1857/28/3 1833/27/3
f 1842/4/153 1866/3/153 1868/98/153 1844/99/153
f 1805/10/2 1829/9/2 1834/5/2 1810/6/2
f 1809/93/137 1833/92/137 1829/91/137 1805/90/137
f 1818/3/137 1842/4/137 1844/99/137 1820/98/137
f 1811/29/3 1835/30/3 1833/27/3 1809/28/3
f 1807/6/2 1831/5/2 1832/8/2 1808/7/2
f 1822/6/2 1846/5/2 1841/9/2 1817/10/2
f 1810/101/137 1834/100/137 1836/103/137 1812/102/137
f 1806/13/3 1830/14/3 1827/11/3 1803/12/3
f 1821/28/3 1845/27/3 1847/30/3 1823/29/3
f 1823/24/141 1847/23/141 1838/26/141 1814/25/141
f 1814/20/2 1838/19/2 1837/22/2 1813/21/2
f 1808/98/141 1832/99/141 1830/4/141 1806/3/141
f 1801/21/2 1825/22/2 1826/19/2 1802/20/2
f 1816/16/3 1840/15/3 1848/18/3 1824/17/3
f 1869/28/3 1893/27/3 1895/30/3 1871/29/3
f 1854/13/3 1878/14/3 1875/11/3 1851/12/3
f 1858/101/161 1882/100/161 1884/103/161 1860/102/161
f 1870/6/2 1894/5/2 1889/9/2 1865/10/2
f 1855/6/2 1879/5/2 1880/8/2 1856/7/2
f 1859/29/3 1883/30/3 1881/27/3 1857/28/3
f 1866/3/161 1890/4/161 1892/99/161 1868/98/161
f 1857/93/161 1881/92/161 1877/91/161 1853/90/161
f 1853/10/2 1877/9/2 1882/5/2 1858/6/2
f 1863/12/3 1887/11/3 1890/14/3 1866/13/3
f 1825/22/2 1849/21/2 1850/20/2 1826/19/2
f 1840/15/3 1864/16/3 1872/17/3 1848/18/3
f 1837/1/153 1861/2/153 1863/3/153 1839/4/153
f 1828/95/151 1852/94/151 1855/97/151 1831/96/151
f 1827/4/151 1851/3/151 1849/2/151 1825/1/151
f 1841/91/151 1865/90/151 1869/93/151 1845/92/151
f 1826/26/153 1850/25/153 1859/24/153 1835/23/153
f 1848/103/151 1872/102/151 1870/101/151 1846/100/151
f 1843/96/153 1867/97/153 1864/94/153 1840/95/153
f 1836/18/3 1860/17/3 1852/16/3 1828/15/3
f 1844/8/2 1868/7/2 1867/6/2 1843/5/2
f 1839/11/3 1863/12/3 1866/13/3 1842/14/3
f 1829/9/2 1853/10/2 1858/6/2 1834/5/2
f 1833/92/153 1857/93/153 1853/90/153 1829/91/153
f 1892/8/2 1916/7/2 1915/6/2 1891/5/2
f 1884/18/3 1908/17/3 1900/16/3 1876/15/3
f 1891/96/172 1915/97/172 1912/94/172 1888/95/172
f 1896/103/174 1920/102/174 1918/101/174 1894/100/174
f 1874/26/172 1898/25/172 1907/24/172 1883/23/172
f 1889/91/174 1913/90/174 1917/93/174 1893/92/174
f 1875/4/174 1899/3/174 1897/2/174 1873/1/174
f 1876/95/174 1900/94/174 1903/97/174 1879/96/174
f 1885/1/172 1909/2/172 1911/3/172 1887/4/172
f 1888/15/3 1912/16/3 1920/17/3 1896/18/3
f 1871/24/159 1895/23/159 1886/26/159 1862/25/159
f 1862/20/2 1886/19/2 1885/22/2 1861/21/2
f 1856/98/159 1880/99/159 1878/4/159 1854/3/159
f 1849/21/2 1873/22/2 1874/19/2 1850/20/2
f 1864/16/3 1888/15/3 1896/18/3 1872/17/3
f 1861/2/161 1885/1/161 1887/4/161 1863/3/161
f 1852/94/159 1876/95/159 1879/96/159 1855/97/159
f 1851/3/159 1875/4/159 1873/1/159 1849/2/159
f 1865/90/159 1889/91/159 1893/92/159 1869/93/159
f 1850/25/161 1874/26/161 1883/23/161 1859/24/161
f 1872/102/159 1896/103/159 1894/100/159 1870/101/159
f 1867/97/161 1891/96/161 1888/95/161 1864/94/161
f 1860/17/3 1884/18/3 1876/15/3 1852/16/3
f 1868/7/2 1892/8/2 1891/5/2 1867/6/2
f 1919/24/185 1943/23/185 1934/26/185 1910/25/185
f 1917/28/3 1941/27/3 1943/30/3 1919/29/3
f 1902/13/3 1926/14/3 1923/11/3 1899/12/3
f 1906/101/187 1930/100/187 1932/103/187 1908/102/187
f 1918/6/2 1942/5/2 1937/9/2 1913/10/2
f 1903/6/2 1927/5/2 1928/8/2 1904/7/2
f 1907/29/3 1931/30/3 1929/27/3 1905/28/3
f 1914/3/187 1938/4/187 1940/99/187 1916/98/187
f 1905/93/187 1929/92/187 1925/91/187 1901/90/187
f 1901/10/2 1925/9/2 1930/5/2 1906/6/2
f 1887/11/3 1911/12/3 1914/13/3 1890/14/3
f 1877/9/2 1901/10/2 1906/6/2 1882/5/2
f 1881/92/172 1905/93/172 1901/90/172 1877/91/172
f 1890/4/172 1914/3/172 1916/98/172 1892/99/172
f 1883/30/3 1907/29/3 1905/28/3 1881/27/3
f 1879/5/2 1903/6/2 1904/7/2 1880/8/2
f 1894/5/2 1918/6/2 1913/10/2 1889/9/2
f 1882/100/172 1906/101/172 1908/102/172 1884/103/172
f 1878/14/3 1902/13/3 1899/12/3 1875/11/3
f 1893/27/3 1917/28/3 1919/29/3 1895/30/3
f 1895/23/174 1919/24/174 1910/25/174 1886/26/174
f 1886/19/2 1910/20/2 1909/21/2 1885/22/2
f 1880/99/174 1904/98/174 1902/3/174 1878/4/174
f 1873/22/2 1897/21/2 1898/20/2 1874/19/2
f 1935/11/3 1959/12/3 1962/13/3 1938/14/3
f 1940/8/2 1964/7/2 1963/6/2 1939/5/2
f 1932/18/3 1956/17/3 1948/16/3 1924/15/3
f 1939/96/198 1963/97/198 1960/94/198 1936/95/198
f 1944/103/200 1968/102/200 1966/101/200 1942/100/200
f 1922/26/198 1946/25/198 1955/24/198 1931/23/198
f 1937/91/200 1961/90/200 1965/93/200 1941/92/200
f 1923/4/200 1947/3/200 1945/2/200 1921/1/200
f 1924/95/200 1948/94/200 1951/97/200 1927/96/200
f 1933/1/198 1957/2/198 1959/3/198 1935/4/198
f 1910/20/2 1934/19/2 1933/22/2 1909/21/2
f 1904/98/185 1928/99/185 1926/4/185 1902/3/185
f 1897/21/2 1921/22/2 1922/19/2 1898/20/2
f 1912/16/3 1936/15/3 1944/18/3 1920/17/3
f 1909/2/187 1933/1/187 1935/4/187 1911/3/187
f 1900/94/185 1924/95/185 1927/96/185 1903/97/185
f 1899/3/185 1923/4/185 1921/1/185 1897/2/185
f 1913/90/185 1937/91/185 1941/92/185 1917/93/185
f 1898/25/187 1922/26/187 1931/23/187 1907/24/187
f 1920/102/185 1944/103/185 1942/100/185 1918/101/185
f 1915/97/187 1939/96/187 1936/95/187 1912/94/187
f 1908/17/3 1932/18/3 1924/15/3 1900/16/3
f 1916/7/2 1940/8/2 1939/5/2 1915/6/2
f 1911/12/3 1935/11/3 1938/14/3 1914/13/3
f 1958/20/2 1982/19/2 1981/22/2 1957/21/2
f 1967/24/211 1991/23/211 1982/26/211 1958/25/211
f 1965/28/3 1989/27/3 1991/30/3 1967/29/3
f 1950/13/3 1974/14/3 1971/11/3 1947/12/3
f 1954/101/215 1978/100/215 1980/103/215 1956/102/215
f 1966/6/2 1990/5/2 1985/9/2 1961/10/2
f 1951/6/2 1975/5/2 1976/8/2 1952/7/2
f 1955/29/3 1979/30/3 1977/27/3 1953/28/3
f 1962/3/215 1986/4/215 1988/99/215 1964/98/215
f 1953/93/215 1977/92/215 1973/91/215 1949/90/215
f 1925/9/2 1949/10/2 1954/6/2 1930/5/2
f 1929/92/198 1953/93/198 1949/90/198 1925/91/198
f 1938/4/198 1962/3/198 1964/98/198 1940/99/198
f 1931/30/3 1955/29/3 1953/28/3 1929/27/3
f 1927/5/2 1951/6/2 1952/7/2 1928/8/2
f 1942/5/2 1966/6/2 1961/10/2 1937/9/2
f 1930/100/198 1954/101/198 1956/102/198 1932/103/198
f 1926/14/3 1950/13/3 1947/12/3 1923/11/3
f 1941/27/3 1965/28/3 1967/29/3 1943/30/3
f 1943/23/200 1967/24/200 1958/25/200 1934/26/200
f 1934/19/2 1958/20/2 1957/21/2 1933/22/2
f 1928/99/200 1952/98/200 1950/3/200 1926/4/200
f 1921/22/2 1945/21/2 1946/20/2 1922/19/2
f 1936/15/3 1960/16/3 1968/17/3 1944/18/3
f 1983/11/3 2007/12/3 2010/13/3 1986/14/3
f 1988/8/2 2012/7/2 2011/6/2 1987/5/2
f 1980/18/3 2004/17/3 1996/16/3 1972/15/3
f 1987/96/228 2011/97/228 2008/94/228 1984/95/228
f 1992/103/230 2016/102/230 2014/101/230 1990/100/230
f 1970/26/228 1994/25/228 2003/24/228 1979/23/228
f 1985/91/230 2009/90/230 2013/93/230 1989/92/230
f 1971/4/230 1995/3/230 1993/2/230 1969/1/230
f 1972/95/230 1996/94/230 1999/97/230 1975/96/230
f 1981/1/228 2005/2/228 2007/3/228 1983/4/228
f 1952/98/211 1976/99/211 1974/4/211 1950/3/211
f 1945/21/2 1969/22/2 1970/19/2 1946/20/2
f 1960/16/3 1984/15/3 1992/18/3 1968/17/3
f 1957/2/215 1981/1/215 1983/4/215 1959/3/215
f 1948/94/211 1972/95/211 1975/96/211 1951/97/211
f 1947/3/211 1971/4/211 1969/1/211 1945/2/211
f 1961/90/211 1985/91/211 1989/92/211 1965/93/211
f 1946/25/215 1970/26/215 1979/23/215 1955/24/215
f 1968/102/211 1992/103/211 1990/100/211 1966/101/211
f 1963/97/215 1987/96/215 1984/95/215 1960/94/215
f 1956/17/3 1980/18/3 1972/15/3 1948/16/3
f 1964/7/2 1988/8/2 1987/5/2 1963/6/2
f 1959/12/3 1983/11/3 1986/14/3 1962/13/3
f 1949/10/2 1973/9/2 1978/5/2 1954/6/2
f 2000/98/248 2024/99/248 2022/4/248 1998/3/248
f 2006/20/2 2030/19/2 2029/22/2 2005/21/2
f 2015/24/248 2039/23/248 2030/26/248 2006/25/248
f 2013/28/3 2037/27/3 2039/30/3 2015/29/3
f 1998/13/3 2022/14/3 2019/11/3 1995/12/3
f 2002/101/246 2026/100/246 2028/103/246 2004/102/246
f 2014/6/2 2038/5/2 2033/9/2 2009/10/2
f 1999/6/2 2023/5/2 2024/8/2 2000/7/2
f 2003/29/3 2027/30/3 2025/27/3 2001/28/3
f 2010/3/246 2034/4/246 2036/99/246 2012/98/246
f 1973/9/2 1997/10/2 2002/6/2 1978/5/2
f 1977/92/228 2001/93/228 1997/90/228 1973/91/228
f 1986/4/228 2010/3/228 2012/98/228 1988/99/228
f 1979/30/3 2003/29/3 2001/28/3 1977/27/3
f 1975/5/2 1999/6/2 2000/7/2 1976/8/2
f 1990/5/2 2014/6/2 2009/10/2 1985/9/2
f 1978/100/228 2002/101/228 2004/102/228 1980/103/228
f 1974/14/3 1998/13/3 1995/12/3 1971/11/3
f 1989/27/3 2013/28/3 2015/29/3 1991/30/3
f 1991/23/230 2015/24/230 2006/25/230 1982/26/230
f 1982/19/2 2006/20/2 2005/21/2 1981/22/2
f 1976/99/230 2000/98/230 1998/3/230 1974/4/230
f 1969/22/2 1993/21/2 1994/20/2 1970/19/2
f 1984/15/3 2008/16/3 2016/17/3 1992/18/3
f 2021/9/2 2045/10/2 2050/6/2 2026/5/2
f 2031/11/3 2055/12/3 2058/13/3 2034/14/3
f 2036/8/2 2060/7/2 2059/6/2 2035/5/2
f 2028/18/3 2052/17/3 2044/16/3 2020/15/3
f 2035/96/258 2059/97/258 2056/94/258 2032/95/258
f 2040/103/260 2064/102/260 2062/101/260 2038/100/260
f 2018/26/258 2042/25/258 2051/24/258 2027/23/258
f 2033/91/260 2057/90/260 2061/93/260 2037/92/260
f 2019/4/260 2043/3/260 2041/2/260 2017/1/260
f 2020/95/260 2044/94/260 2047/97/260 2023/96/260
f 1993/21/2 2017/22/2 2018/19/2 1994/20/2
f 2008/16/3 2032/15/3 2040/18/3 2016/17/3
f 2005/2/246 2029/1/246 2031/4/246 2007/3/246
f 1996/94/248 2020/95/248 2023/96/248 1999/97/248
f 1995/3/248 2019/4/248 2017/1/248 1993/2/248
f 2009/90/248 2033/91/248 2037/92/248 2013/93/248
f 1994/25/246 2018/26/246 2027/23/246 2003/24/246
f 2016/102/248 2040/103/248 2038/100/248 2014/101/248
f 2011/97/246 2035/96/246 2032/95/246 2008/94/246
f 2004/17/3 2028/18/3 2020/15/3 1996/16/3
f 2012/7/2 2036/8/2 2035/5/2 2011/6/2
f 2007/12/3 2031/11/3 2034/14/3 2010/13/3
f 1997/10/2 2021/9/2 2026/5/2 2002/6/2
f 2001/93/246 2025/92/246 2021/91/246 1997/90/246
f 2048/98/383 2072/99/383 2070/4/383 2046/3/383
f 2054/20/2 2078/19/2 2077/22/2 2053/21/2
f 2063/24/383 2087/23/383 2078/26/383 2054/25/383
f 2061/28/3 2085/27/3 2087/30/3 2063/29/3
f 2046/13/3 2070/14/3 2067/11/3 2043/12/3
f 2050/101/274 2074/100/274 2076/103/274 2052/102/274
f 2062/6/2 2086/5/2 2081/9/2 2057/10/2
f 2047/6/2 2071/5/2 2072/8/2 2048/7/2
f 2051/29/3 2075/30/3 2073/27/3 2049/28/3
f 2058/3/274 2082/4/274 2084/99/274 2060/98/274
f 2025/92/258 2049/93/258 2045/90/258 2021/91/258
f 2034/4/258 2058/3/258 2060/98/258 2036/99/258
f 2027/30/3 2051/29/3 2049/28/3 2025/27/3
f 2023/5/2 2047/6/2 2048/7/2 2024/8/2
f 2038/5/2 2062/6/2 2057/10/2 2033/9/2
f 2026/100/258 2050/101/258 2052/102/258 2028/103/258
f 2022/14/3 2046/13/3 2043/12/3 2019/11/3
f 2037/27/3 2061/28/3 2063/29/3 2039/30/3
f 2039/23/260 2063/24/260 2054/25/260 2030/26/260
f 2030/19/2 2054/20/2 2053/21/2 2029/22/2
f 2024/99/260 2048/98/260 2046/3/260 2022/4/260
f 2017/22/2 2041/21/2 2042/20/2 2018/19/2
f 2032/15/3 2056/16/3 2064/17/3 2040/18/3
f 2029/1/258 2053/2/258 2055/3/258 2031/4/258
f 2069/9/2 2093/10/2 2098/6/2 2074/5/2
f 2079/11/3 2103/12/3 2106/13/3 2082/14/3
f 2084/8/2 2108/7/2 2107/6/2 2083/5/2
f 2076/18/3 2100/17/3 2092/16/3 2068/15/3
f 2083/96/287 2107/97/287 2104/94/287 2080/95/287
f 2088/103/384 2112/102/384 2110/101/384 2086/100/384
f 2066/26/287 2090/25/287 2099/24/287 2075/23/287
f 2081/91/384 2105/90/384 2109/93/384 2085/92/384
f 2067/4/384 2091/3/384 2089/2/384 2065/1/384
f 2068/95/384 2092/94/384 2095/97/384 2071/96/384
f 2041/21/2 2065/22/2 2066/19/2 2042/20/2
f 2056/16/3 2080/15/3 2088/18/3 2064/17/3
f 2053/2/274 2077/1/274 2079/4/274 2055/3/274
f 2044/94/383 2068/95/383 2071/96/383 2047/97/383
f 2043/3/383 2067/4/383 2065/1/383 2041/2/383
f 2057/90/271 2081/91/271 2085/92/271 2061/93/271
f 2042/25/274 2066/26/274 2075/23/274 2051/24/274
f 2064/102/271 2088/103/271 2086/100/271 2062/101/271
f 2059/97/274 2083/96/274 2080/95/274 2056/94/274
f 2052/17/3 2076/18/3 2068/15/3 2044/16/3
f 2060/7/2 2084/8/2 2083/5/2 2059/6/2
f 2055/12/3 2079/11/3 2082/14/3 2058/13/3
f 2045/10/2 2069/9/2 2074/5/2 2050/6/2
f 2049/93/273 2073/92/273 2069/91/273 2045/90/273
f 2096/98/309 2120/99/309 2118/4/309 2094/3/309
f 2102/20/2 2126/19/2 2125/22/2 2101/21/2
f 2111/24/309 2135/23/309 2126/26/309 2102/25/309
f 2109/28/3 2133/27/3 2135/30/3 2111/29/3
f 2094/13/3 2118/14/3 2115/11/3 2091/12/3
f 2098/101/307 2122/100/307 2124/103/307 2100/102/307
f 2110/6/2 2134/5/2 2129/9/2 2105/10/2
f 2095/6/2 2119/5/2 2120/8/2 2096/7/2
f 2099/29/3 2123/30/3 2121/27/3 2097/28/3
f 2106/3/307 2130/4/307 2132/99/307 2108/98/307
f 2073/92/287 2097/93/287 2093/90/287 2069/91/287
f 2082/4/287 2106/3/287 2108/98/287 2084/99/287
f 2075/30/3 2099/29/3 2097/28/3 2073/27/3
f 2071/5/2 2095/6/2 2096/7/2 2072/8/2
f 2086/5/2 2110/6/2 2105/10/2 2081/9/2
f 2074/100/287 2098/101/287 2100/102/287 2076/103/287
f 2070/14/3 2094/13/3 2091/12/3 2067/11/3
f 2085/27/3 2109/28/3 2111/29/3 2087/30/3
f 2087/23/384 2111/24/384 2102/25/384 2078/26/384
f 2078/19/2 2102/20/2 2101/21/2 2077/22/2
f 2072/99/384 2096/98/384 2094/3/384 2070/4/384
f 2065/22/2 2089/21/2 2090/20/2 2066/19/2
f 2080/15/3 2104/16/3 2112/17/3 2088/18/3
f 2077/1/287 2101/2/287 2103/3/287 2079/4/287
f 2121/92/323 2145/93/323 2141/90/323 2117/91/323
f 2117/9/2 2141/10/2 2146/6/2 2122/5/2
f 2127/11/3 2151/12/3 2154/13/3 2130/14/3
f 2132/8/2 2156/7/2 2155/6/2 2131/5/2
f 2124/18/3 2148/17/3 2140/16/3 2116/15/3
f 2131/96/320 2155/97/320 2152/94/320 2128/95/320
f 2136/103/318 2160/102/318 2158/101/318 2134/100/318
f 2114/26/323 2138/25/323 2147/24/323 2123/23/323
f 2129/91/318 2153/90/318 2157/93/318 2133/92/318
f 2115/4/385 2139/3/385 2137/2/385 2113/1/385
f 2089/21/2 2113/22/2 2114/19/2 2090/20/2
f 2104/16/3 2128/15/3 2136/18/3 2112/17/3
f 2101/2/307 2125/1/307 2127/4/307 2103/3/307
f 2092/94/309 2116/95/309 2119/96/309 2095/97/309
f 2091/3/309 2115/4/309 2113/1/309 2089/2/309
f 2105/90/309 2129/91/309 2133/92/309 2109/93/309
f 2090/25/307 2114/26/307 2123/23/307 2099/24/307
f 2112/102/309 2136/103/309 2134/100/309 2110/101/309
f 2107/97/307 2131/96/307 2128/95/307 2104/94/307
f 2100/17/3 2124/18/3 2116/15/3 2092/16/3
f 2108/7/2 2132/8/2 2131/5/2 2107/6/2
f 2103/12/3 2127/11/3 2130/14/3 2106/13/3
f 2093/10/2 2117/9/2 2122/5/2 2098/6/2
f 2097/93/307 2121/92/307 2117/91/307 2093/90/307
f 2137/21/2 2161/22/2 2162/19/2 2138/20/2
f 2144/98/332 2168/99/332 2166/4/332 2142/3/332
f 2150/20/2 2174/19/2 2173/22/2 2149/21/2
f 2159/24/332 2183/23/332 2174/26/332 2150/25/332
f 2157/28/3 2181/27/3 2183/30/3 2159/29/3
f 2142/13/3 2166/14/3 2163/11/3 2139/12/3
f 2146/101/334 2170/100/334 2172/103/334 2148/102/334
f 2158/6/2 2182/5/2 2177/9/2 2153/10/2
f 2143/6/2 2167/5/2 2168/8/2 2144/7/2
f 2147/29/3 2171/30/3 2169/27/3 2145/28/3
f 2130/4/323 2154/3/323 2156/98/323 2132/99/323
f 2123/30/3 2147/29/3 2145/28/3 2121/27/3
f 2119/5/2 2143/6/2 2144/7/2 2120/8/2
f 2134/5/2 2158/6/2 2153/10/2 2129/9/2
f 2122/100/323 2146/101/323 2148/102/323 2124/103/323
f 2118/14/3 2142/13/3 2139/12/3 2115/11/3
f 2133/27/3 2157/28/3 2159/29/3 2135/30/3
f 2135/23/318 2159/24/318 2150/25/318 2126/26/318
f 2126/19/2 2150/20/2 2149/21/2 2125/22/2
f 2120/99/318 2144/98/318 2142/3/318 2118/4/318
f 2113/22/2 2137/21/2 2138/20/2 2114/19/2
f 2128/15/3 2152/16/3 2160/17/3 2136/18/3
f 2125/1/323 2149/2/323 2151/3/323 2127/4/323
f 2116/95/318 2140/94/318 2143/97/318 2119/96/318
f 2178/4/350 2202/3/350 2204/98/350 2180/99/350
f 2169/92/350 2193/93/350 2189/90/350 2165/91/350
f 2165/9/2 2189/10/2 2194/6/2 2170/5/2
f 2175/11/3 2199/12/3 2202/13/3 2178/14/3
f 2180/8/2 2204/7/2 2203/6/2 2179/5/2
f 2172/18/3 2196/17/3 2188/16/3 2164/15/3
f 2179/96/350 2203/97/350 2200/94/350 2176/95/350
f 2184/103/344 2208/102/344 2206/101/344 2182/100/344
f 2162/26/350 2186/25/350 2195/24/350 2171/23/350
f 2177/91/344 2201/90/344 2205/93/344 2181/92/344
f 2152/16/3 2176/15/3 2184/18/3 2160/17/3
f 2149/2/334 2173/1/334 2175/4/334 2151/3/334
f 2140/94/332 2164/95/332 2167/96/332 2143/97/332
f 2139/3/332 2163/4/332 2161/1/332 2137/2/332
f 2153/90/332 2177/91/332 2181/92/332 2157/93/332
f 2138/25/334 2162/26/334 2171/23/334 2147/24/334
f 2160/102/332 2184/103/332 2182/100/332 2158/101/332
f 2155/97/334 2179/96/334 2176/95/334 2152/94/334
f 2148/17/3 2172/18/3 2164/15/3 2140/16/3
f 2156/7/2 2180/8/2 2179/5/2 2155/6/2
f 2151/12/3 2175/11/3 2178/14/3 2154/13/3
f 2141/10/2 2165/9/2 2170/5/2 2146/6/2
f 2145/93/334 2169/92/334 2165/91/334 2141/90/334
f 2154/3/334 2178/4/334 2180/99/334 2156/98/334
f 2200/16/3 2224/15/3 2232/18/3 2208/17/3
f 2185/21/2 2209/22/2 2210/19/2 2186/20/2
f 2192/98/360 2216/99/360 2214/4/360 2190/3/360
f 2198/20/2 2222/19/2 2221/22/2 2197/21/2
f 2207/24/360 2231/23/360 2222/26/360 2198/25/360
f 2205/28/3 2229/27/3 2231/30/3 2207/29/3
f 2190/13/3 2214/14/3 2211/11/3 2187/12/3
f 2194/101/362 2218/100/362 2220/103/362 2196/102/362
f 2206/6/2 2230/5/2 2225/9/2 2201/10/2
f 2191/6/2 2215/5/2 2216/8/2 2192/7/2
f 2171/30/3 2195/29/3 2193/28/3 2169/27/3
f 2167/5/2 2191/6/2 2192/7/2 2168/8/2
f 2182/5/2 2206/6/2 2201/10/2 2177/9/2
f 2170/100/350 2194/101/350 2196/102/350 2172/103/350
f 2166/14/3 2190/13/3 2187/12/3 2163/11/3
f 2181/27/3 2205/28/3 2207/29/3 2183/30/3
f 2183/23/344 2207/24/344 2198/25/344 2174/26/344
f 2174/19/2 2198/20/2 2197/21/2 2173/22/2
f 2168/99/344 2192/98/344 2190/3/344 2166/4/344
f 2161/22/2 2185/21/2 2186/20/2 2162/19/2
f 2176/15/3 2200/16/3 2208/17/3 2184/18/3
f 2173/1/350 2197/2/350 2199/3/350 2175/4/350
f 2164/95/344 2188/94/344 2191/97/344 2167/96/344
f 2163/4/344 2187/3/344 2185/2/344 2161/1/344
f 2219/30/3 2243/29/3 2241/28/3 2217/27/3
f 2226/4/377 2250/3/377 2252/98/377 2228/99/377
f 2217/92/377 2241/93/377 2237/90/377 2213/91/377
f 2213/9/2 2237/10/2 2242/6/2 2218/5/2
f 2223/11/3 2247/12/3 2250/13/3 2226/14/3
f 2228/8/2 2252/7/2 2251/6/2 2227/5/2
f 2220/18/3 2244/17/3 2236/16/3 2212/15/3
f 2227/96/377 2251/97/377 2248/94/377 2224/95/377
f 2232/103/372 2256/102/372 2254/101/372 2230/100/372
f 2210/26/377 2234/25/377 2243/24/377 2219/23/377
f 2197/2/362 2221/1/362 2223/4/362 2199/3/362
f 2188/94/360 2212/95/360 2215/96/360 2191/97/360
f 2187/3/360 2211/4/360 2209/1/360 2185/2/360
f 2201/90/360 2225/91/360 2229/92/360 2205/93/360
f 2186/25/362 2210/26/362 2219/23/362 2195/24/362
f 2208/102/360 2232/103/360 2230/100/360 2206/101/360
f 2203/97/362 2227/96/362 2224/95/362 2200/94/362
f 2196/17/3 2220/18/3 2212/15/3 2188/16/3
f 2204/7/2 2228/8/2 2227/5/2 2203/6/2
f 2199/12/3 2223/11/3 2226/14/3 2202/13/3
f 2189/10/2 2213/9/2 2218/5/2 2194/6/2
f 2193/93/362 2217/92/362 2213/91/362 2189/90/362
f 2202/3/362 2226/4/362 2228/99/362 2204/98/362
f 2195/29/3 2219/30/3 2217/27/3 2193/28/3
f 2241/104/386 2233/105/386 2235/106/386 2238/107/386
f 2233/105/379 2241/104/379 2243/108/379 2234/109/379
f 2240/110/379 2244/111/379 2242/112/379 2237/113/379
f 2244/111/387 2240/110/387 2239/114/387 2236/115/387
f 2238/107/379 2240/110/379 2237/113/379 2241/104/379
f 2246/109/379 2255/108/379 2253/104/379 2245/105/379
f 2247/106/379 2245/105/379 2253/104/379 2250/107/379
f 2251/114/379 2252/110/379 2249/113/379 2248/115/379
f 2256/111/386 2248/115/386 2249/113/386 2254/112/386
f 2252/110/379 2250/107/379 2253/104/379 2249/113/379
f 2215/5/2 2239/6/2 2240/7/2 2216/8/2
f 2230/5/2 2254/6/2 2249/10/2 2225/9/2
f 2218/100/377 2242/101/377 2244/102/377 2220/103/377
f 2214/14/3 2238/13/3 2235/12/3 2211/11/3
f 2229/27/3 2253/28/3 2255/29/3 2231/30/3
f 2231/23/372 2255/24/372 2246/25/372 2222/26/372
f 2222/19/2 2246/20/2 2245/21/2 2221/22/2
f 2216/99/372 2240/98/372 2238/3/372 2214/4/372
f 2209/22/2 2233/21/2 2234/20/2 2210/19/2
f 2224/15/3 2248/16/3 2256/17/3 2232/18/3
f 2221/1/377 2245/2/377 2247/3/377 2223/4/377
f 2212/95/372 2236/94/372 2239/97/372 2215/96/372
f 2211/4/372 2235/3/372 2233/2/372 2209/1/372
f 2225/91/372 2249/90/372 2253/93/372 2229/92/372
f 9/116/5 6/32/5 2/31/5 11/117/5
f 5/118/5 8/119/5 6/32/5 9/116/5
f 7/120/5 8/119/5 12/121/5 4/122/5
f 5/118/5 10/123/5 12/121/5 8/119/5
