# Blender v3.1.2 OBJ File: '10x2 N switch.blend'
# www.blender.org
mtllib crossover_10x2_right.mtl
o switch_track_normal.007
v 0.722844 0.070837 -5.937022
v 0.707219 0.094275 -5.937022
v 0.693176 0.094275 -5.874522
v 0.779796 0.094272 -6.364110
v 0.779796 0.025053 -6.364110
v 0.795421 0.025053 -6.364110
v 0.779796 0.025053 -6.426610
v 0.727586 0.025057 -5.938776
v 0.707212 0.025057 -5.937056
v 0.795421 0.070833 -6.364110
v 0.795421 0.070833 -6.442235
v 0.795421 0.025053 -6.442235
v 0.779796 0.094272 -6.426610
v 0.693176 0.025057 -5.874522
v 0.705291 0.070837 -5.858897
v 0.863227 0.070833 -6.364110
v 0.878850 0.094271 -6.363898
v 0.895545 0.094271 -6.426392
v 0.878850 0.025053 -6.363898
v 0.880897 0.094271 -5.922198
v 0.863227 0.025053 -5.923766
v 0.863227 0.025053 -6.364110
v 0.880897 0.025053 -5.922198
v 0.878851 0.094271 -5.859704
v 0.863227 0.070833 -5.923766
v 0.863227 0.070833 -5.844291
v 0.863227 0.025053 -5.844291
v 0.878851 0.025053 -5.859704
v 0.884096 0.070833 -6.442229
v 0.895545 0.025053 -6.426392
v 0.884096 0.025053 -6.442229
v 0.803230 0.025053 -5.923981
v 0.803230 0.063022 -5.923981
v 0.785883 0.063025 -5.925001
v 0.863227 0.063022 -6.364110
v 0.735481 0.070838 -5.936913
v 0.735480 0.085057 -5.936913
v 0.768963 0.070837 -6.132436
v 0.777988 0.085057 -5.926863
v 0.777988 0.070838 -5.926863
v 0.811252 0.070837 -6.122385
v 0.852366 0.085054 -5.923766
v 0.852366 0.070835 -5.923766
v 0.852351 0.070837 -6.121238
v 0.808588 0.085053 -5.923768
v 0.808588 0.070834 -5.923768
v 0.811252 0.056341 -6.122384
v 0.768963 0.056340 -6.132436
v 0.863227 0.063022 -5.923766
v 0.735481 0.063026 -5.936913
v 0.795421 0.063022 -6.364110
v 0.727572 0.063021 -5.938789
v 0.852366 0.063023 -5.923766
v 0.785883 0.025057 -5.925001
v 0.820972 0.063022 -6.364110
v 0.820972 0.025053 -6.364110
v 0.845482 0.063022 -6.364110
v 0.705291 0.025057 -5.858897
v 0.852351 0.056341 -6.121238
v 0.139523 0.025048 -0.000050
v 0.139523 0.040534 -0.000050
v 0.181778 0.040534 -0.000050
v 0.157268 0.040534 -0.000050
v 0.199523 0.025048 -0.000050
v 0.199523 0.040534 -0.000050
v 0.157268 0.070829 -0.000050
v 0.181778 0.070829 -0.000050
v 0.191412 0.070829 -0.000050
v 0.191412 0.085048 -0.000050
v 0.147634 0.085048 -0.000050
v 0.147634 0.070829 -0.000050
v 0.182133 0.053966 -0.140050
v 0.212133 0.053966 -0.140050
v 0.212133 -0.026034 -0.140050
v 0.182133 -0.026034 -0.140050
v 0.212133 0.053966 -0.110050
v 0.212133 -0.026034 -0.110050
v 0.182133 0.053966 -0.110050
v 0.182133 -0.026034 -0.110050
v 0.030000 -0.030755 -0.195050
v 0.030000 0.027719 -0.195050
v 0.970000 0.027719 -0.195050
v 0.970000 -0.030755 -0.195050
v 0.030000 -0.030755 -0.055050
v 0.030000 0.027719 -0.055050
v 0.970000 -0.030755 -0.055050
v 0.970000 0.027719 -0.055050
v 0.182133 0.053966 -0.390050
v 0.212133 0.053966 -0.390050
v 0.212133 -0.026034 -0.390050
v 0.182133 -0.026034 -0.390050
v 0.212133 0.053966 -0.360050
v 0.212133 -0.026034 -0.360050
v 0.182133 0.053966 -0.360050
v 0.182133 -0.026034 -0.360050
v 0.030000 -0.030755 -0.445050
v 0.030000 0.027287 -0.445050
v 0.030000 -0.030755 -0.305050
v 0.030000 0.027287 -0.305050
v 0.182133 0.053966 -0.640050
v 0.212133 0.053966 -0.640050
v 0.212133 -0.026034 -0.640050
v 0.182133 -0.026034 -0.640050
v 0.212133 0.053966 -0.610050
v 0.212133 -0.026034 -0.610050
v 0.182133 0.053966 -0.610050
v 0.182133 -0.026034 -0.610050
v 0.030000 -0.030755 -0.695050
v 0.030000 0.027287 -0.695050
v 0.030000 -0.030755 -0.555050
v 0.030000 0.027287 -0.555050
v 0.157268 0.070829 -1.000050
v 0.191412 0.070829 -1.000050
v 0.147634 0.070829 -1.000050
v 0.139523 0.025048 -1.000050
v 0.139523 0.040534 -1.000050
v 0.181778 0.040534 -1.000050
v 0.199523 0.040534 -1.000050
v 0.182133 0.053966 -0.890050
v 0.212133 0.053966 -0.890050
v 0.212133 -0.026034 -0.890050
v 0.182133 -0.026034 -0.890050
v 0.212133 0.053966 -0.860050
v 0.212133 -0.026034 -0.860050
v 0.182133 0.053966 -0.860050
v 0.182133 -0.026034 -0.860050
v 0.030000 -0.030755 -0.945050
v 0.030000 0.027287 -0.945050
v 0.970000 0.027287 -0.945050
v 0.970000 -0.030755 -0.945050
v 0.030000 -0.030755 -0.805050
v 0.030000 0.027287 -0.805050
v 0.970000 -0.030755 -0.805050
v 0.970000 0.027287 -0.805050
v 0.157268 0.040534 -1.000050
v 0.199523 0.025048 -1.000050
v 0.181778 0.070829 -1.000050
v 0.191412 0.085048 -1.000050
v 0.147634 0.085048 -1.000050
v 0.182133 0.053966 -1.140050
v 0.212133 0.053966 -1.140050
v 0.212133 -0.026034 -1.140050
v 0.182133 -0.026034 -1.140050
v 0.212133 0.053966 -1.110050
v 0.212133 -0.026034 -1.110050
v 0.182133 0.053966 -1.110050
v 0.182133 -0.026034 -1.110050
v 0.030000 -0.030755 -1.195050
v 0.030000 0.027287 -1.195050
v 0.970000 0.027287 -1.195050
v 0.970000 -0.030755 -1.195050
v 0.030000 -0.030755 -1.055050
v 0.030000 0.027287 -1.055050
v 0.970000 -0.030755 -1.055050
v 0.970000 0.027287 -1.055050
v 0.182133 0.053966 -1.390050
v 0.212133 0.053966 -1.390050
v 0.212133 -0.026034 -1.390050
v 0.182133 -0.026034 -1.390050
v 0.212133 0.053966 -1.360050
v 0.212133 -0.026034 -1.360050
v 0.182133 0.053966 -1.360050
v 0.182133 -0.026034 -1.360050
v 0.030000 -0.030755 -1.445050
v 0.030000 0.027287 -1.445050
v 0.970000 0.027287 -1.445050
v 0.970000 -0.030755 -1.445050
v 0.030000 -0.030755 -1.305050
v 0.030000 0.027287 -1.305050
v 0.970000 -0.030755 -1.305050
v 0.970000 0.027287 -1.305050
v 0.182133 0.053966 -1.640050
v 0.212133 0.053966 -1.640050
v 0.212133 -0.026034 -1.640050
v 0.182133 -0.026034 -1.640050
v 0.212133 0.053966 -1.610050
v 0.212133 -0.026034 -1.610050
v 0.182133 0.053966 -1.610050
v 0.182133 -0.026034 -1.610050
v 0.030000 -0.030755 -1.695050
v 0.030000 0.027287 -1.695050
v 0.970000 0.027287 -1.695050
v 0.970000 -0.030755 -1.695050
v 0.030000 -0.030755 -1.555050
v 0.030000 0.027287 -1.555050
v 0.970000 -0.030755 -1.555050
v 0.970000 0.027287 -1.555050
v 0.157268 0.070829 -2.000050
v 0.191412 0.070829 -2.000050
v 0.181778 0.070829 -2.000050
v 0.147634 0.070829 -2.000050
v 0.139523 0.025048 -2.000050
v 0.139523 0.040534 -2.000050
v 0.157268 0.040534 -2.000050
v 0.181778 0.040534 -2.000050
v 0.199523 0.040534 -2.000050
v 0.182133 0.053966 -1.890050
v 0.212133 0.053966 -1.890050
v 0.212133 -0.026034 -1.890050
v 0.182133 -0.026034 -1.890050
v 0.212133 0.053966 -1.860050
v 0.212133 -0.026034 -1.860050
v 0.182133 0.053966 -1.860050
v 0.182133 -0.026034 -1.860050
v 0.030000 -0.030755 -1.945050
v 0.030000 0.027287 -1.945050
v 0.970000 0.027287 -1.945050
v 0.970000 -0.030755 -1.945050
v 0.030000 -0.030755 -1.805050
v 0.030000 0.027287 -1.805050
v 0.970000 -0.030755 -1.805050
v 0.970000 0.027287 -1.805050
v 0.199523 0.025048 -2.000050
v 0.191412 0.085048 -2.000050
v 0.147634 0.085048 -2.000050
v 0.182133 0.053966 -2.140050
v 0.212133 0.053966 -2.140050
v 0.212133 -0.026034 -2.140050
v 0.182133 -0.026034 -2.140050
v 0.212133 0.053966 -2.110050
v 0.212133 -0.026034 -2.110050
v 0.182133 0.053966 -2.110050
v 0.182133 -0.026034 -2.110050
v 0.030000 -0.030755 -2.195050
v 0.030000 0.027287 -2.195050
v 0.970000 0.027287 -2.195050
v 0.970000 -0.030755 -2.195050
v 0.030000 -0.030755 -2.055050
v 0.030000 0.027287 -2.055050
v 0.970000 -0.030755 -2.055050
v 0.970000 0.027287 -2.055050
v 0.182133 0.053966 -2.390050
v 0.212133 0.053966 -2.390050
v 0.212133 -0.026034 -2.390050
v 0.182133 -0.026034 -2.390050
v 0.212133 0.053966 -2.360050
v 0.212133 -0.026034 -2.360050
v 0.182133 0.053966 -2.360050
v 0.182133 -0.026034 -2.360050
v 0.030000 -0.030755 -2.445050
v 0.030000 0.027287 -2.445050
v 0.970000 0.027287 -2.445050
v 0.970000 -0.030755 -2.445050
v 0.030000 -0.030755 -2.305050
v 0.030000 0.027287 -2.305050
v 0.970000 -0.030755 -2.305050
v 0.970000 0.027287 -2.305050
v 0.182133 0.053966 -2.640050
v 0.212133 0.053966 -2.640050
v 0.212133 -0.026034 -2.640050
v 0.182133 -0.026034 -2.640050
v 0.212133 0.053966 -2.610050
v 0.212133 -0.026034 -2.610050
v 0.182133 0.053966 -2.610050
v 0.182133 -0.026034 -2.610050
v 0.030000 -0.030755 -2.695050
v 0.030000 0.027287 -2.695050
v 0.970000 0.027287 -2.695050
v 0.970000 -0.030755 -2.695050
v 0.030000 0.027287 -2.555050
v 0.970000 -0.030755 -2.555050
v 0.970000 0.027287 -2.555050
v 0.157268 0.070829 -3.000050
v 0.191412 0.070829 -3.000050
v 0.181778 0.070829 -3.000050
v 0.147634 0.070829 -3.000050
v 0.139523 0.040534 -3.000050
v 0.157268 0.040534 -3.000050
v 0.181778 0.040534 -3.000050
v 0.199523 0.040534 -3.000050
v 0.182133 0.053966 -2.890050
v 0.212133 0.053966 -2.890050
v 0.212133 -0.026034 -2.890050
v 0.182133 -0.026034 -2.890050
v 0.212133 0.053966 -2.860050
v 0.212133 -0.026034 -2.860050
v 0.182133 0.053966 -2.860050
v 0.182133 -0.026034 -2.860050
v 0.030000 -0.030755 -2.945050
v 0.030000 0.027287 -2.945050
v 0.970000 0.027287 -2.945050
v 0.970000 -0.030755 -2.945050
v 0.030000 0.027287 -2.805050
v 0.970000 -0.030755 -2.805050
v 0.970000 0.027287 -2.805050
v 0.139523 0.025048 -3.000050
v 0.199523 0.025048 -3.000050
v 0.191412 0.085048 -3.000050
v 0.147634 0.085048 -3.000050
v 0.182133 0.053966 -3.140050
v 0.212133 0.053966 -3.140050
v 0.212133 -0.026034 -3.140050
v 0.182133 -0.026034 -3.140050
v 0.212133 0.053966 -3.110050
v 0.212133 -0.026034 -3.110050
v 0.182133 0.053966 -3.110050
v 0.182133 -0.026034 -3.110050
v 0.030000 -0.030755 -3.195050
v 0.030000 0.027287 -3.195050
v 0.970000 0.027287 -3.195050
v 0.970000 -0.030755 -3.195050
v 0.030000 0.027287 -3.055050
v 0.970000 -0.030755 -3.055050
v 0.970000 0.027287 -3.055050
v 0.182133 0.053966 -3.390050
v 0.212133 0.053966 -3.390050
v 0.212133 -0.026034 -3.390050
v 0.182133 -0.026034 -3.390050
v 0.212133 0.053966 -3.360050
v 0.212133 -0.026034 -3.360050
v 0.182133 0.053966 -3.360050
v 0.182133 -0.026034 -3.360050
v 0.030000 -0.030755 -3.445050
v 0.030000 0.027287 -3.445050
v 0.970000 0.027287 -3.445050
v 0.970000 -0.030755 -3.445050
v 0.030000 -0.030755 -3.305050
v 0.030000 0.027287 -3.305050
v 0.970000 -0.030755 -3.305050
v 0.970000 0.027287 -3.305050
v 0.182133 0.053966 -3.640050
v 0.212133 0.053966 -3.640050
v 0.212133 -0.026034 -3.640050
v 0.182133 -0.026034 -3.640050
v 0.212133 0.053966 -3.610050
v 0.212133 -0.026034 -3.610050
v 0.182133 0.053966 -3.610050
v 0.182133 -0.026034 -3.610050
v 0.030000 -0.030755 -3.695050
v 0.030000 0.027287 -3.695050
v 0.970000 0.027287 -3.695050
v 0.970000 -0.030755 -3.695050
v 0.030000 -0.030755 -3.555050
v 0.030000 0.027287 -3.555050
v 0.970000 -0.030755 -3.555050
v 0.970000 0.027287 -3.555050
v 0.157268 0.070829 -4.000051
v 0.191412 0.070829 -4.000051
v 0.181778 0.070829 -4.000051
v 0.147634 0.070829 -4.000051
v 0.139523 0.025048 -4.000051
v 0.139523 0.040534 -4.000051
v 0.157268 0.040534 -4.000051
v 0.181778 0.040534 -4.000051
v 0.199523 0.040534 -4.000051
v 0.182133 0.053966 -3.890050
v 0.212133 0.053966 -3.890050
v 0.212133 -0.026034 -3.890050
v 0.182133 -0.026034 -3.890050
v 0.212133 0.053966 -3.860050
v 0.212133 -0.026034 -3.860050
v 0.182133 0.053966 -3.860050
v 0.182133 -0.026034 -3.860050
v 0.030000 -0.030755 -3.945050
v 0.030000 0.027287 -3.945050
v 0.970000 0.027287 -3.945050
v 0.970000 -0.030755 -3.945050
v 0.030000 -0.030755 -3.805050
v 0.030000 0.027287 -3.805050
v 0.970000 -0.030755 -3.805050
v 0.970000 0.027287 -3.805050
v 0.199523 0.025048 -4.000051
v 0.191412 0.085048 -4.000051
v 0.147634 0.085048 -4.000051
v 0.182133 0.053966 -4.140050
v 0.212133 0.053966 -4.140050
v 0.212133 -0.026034 -4.140050
v 0.182133 -0.026034 -4.140050
v 0.212133 0.053966 -4.110051
v 0.212133 -0.026034 -4.110051
v 0.182133 0.053966 -4.110051
v 0.182133 -0.026034 -4.110051
v 0.030000 -0.030755 -4.195051
v 0.030000 0.027287 -4.195051
v 0.970000 0.027287 -4.195051
v 0.970000 -0.030755 -4.195051
v 0.030000 -0.030755 -4.055050
v 0.030000 0.027287 -4.055050
v 0.970000 -0.030755 -4.055050
v 0.970000 0.027287 -4.055050
v 0.182133 0.053966 -4.390050
v 0.212133 0.053966 -4.390050
v 0.212133 -0.026034 -4.390050
v 0.182133 -0.026034 -4.390050
v 0.212133 0.053966 -4.360051
v 0.212133 -0.026034 -4.360051
v 0.182133 0.053966 -4.360051
v 0.182133 -0.026034 -4.360051
v 0.030000 -0.030755 -4.445051
v 0.030000 0.027287 -4.445051
v 0.970000 0.027287 -4.445051
v 0.970000 -0.030755 -4.445051
v 0.030000 -0.030755 -4.305050
v 0.030000 0.027287 -4.305050
v 0.970000 -0.030755 -4.305050
v 0.970000 0.027287 -4.305050
v 0.182133 0.053966 -4.640050
v 0.212133 0.053966 -4.640050
v 0.212133 -0.026034 -4.640050
v 0.182133 -0.026034 -4.640050
v 0.212133 0.053966 -4.610051
v 0.212133 -0.026034 -4.610051
v 0.182133 0.053966 -4.610051
v 0.182133 -0.026034 -4.610051
v 0.030000 -0.030755 -4.695051
v 0.030000 0.027287 -4.695051
v 0.970000 0.027287 -4.695051
v 0.970000 -0.030755 -4.695051
v 0.030000 -0.030755 -4.555050
v 0.030000 0.027287 -4.555050
v 0.970000 -0.030755 -4.555050
v 0.970000 0.027287 -4.555050
v 0.182133 0.053966 -4.890050
v 0.212133 0.053966 -4.890050
v 0.212133 -0.026034 -4.890050
v 0.182133 -0.026034 -4.890050
v 0.212133 0.053966 -4.860051
v 0.212133 -0.026034 -4.860051
v 0.182133 0.053966 -4.860051
v 0.182133 -0.026034 -4.860051
v 0.030000 -0.030755 -4.945051
v 0.030000 0.027287 -4.945051
v 0.970000 0.027287 -4.945051
v 0.970000 -0.030755 -4.945051
v 0.030000 -0.030755 -4.805050
v 0.030000 0.027287 -4.805050
v 0.970000 -0.030755 -4.805050
v 0.970000 0.027287 -4.805050
v 0.139523 0.025048 -5.000051
v 0.139523 0.040534 -5.000051
v 0.181778 0.040534 -5.000051
v 0.157268 0.040534 -5.000051
v 0.199523 0.025048 -5.000051
v 0.199523 0.040534 -5.000051
v 0.157268 0.070829 -5.000051
v 0.181778 0.070829 -5.000051
v 0.191412 0.070829 -5.000051
v 0.191412 0.085048 -5.000051
v 0.147634 0.085048 -5.000051
v 0.147634 0.070829 -5.000051
v 0.182133 0.053966 -5.140050
v 0.212133 0.053966 -5.140050
v 0.212133 -0.026034 -5.140050
v 0.182133 -0.026034 -5.140050
v 0.212133 0.053966 -5.110051
v 0.212133 -0.026034 -5.110051
v 0.182133 0.053966 -5.110051
v 0.182133 -0.026034 -5.110051
v 0.030000 -0.030755 -5.195051
v 0.030000 0.027287 -5.195051
v 0.970000 0.027287 -5.195051
v 0.970000 -0.030755 -5.195051
v 0.030000 -0.030755 -5.055050
v 0.030000 0.027287 -5.055050
v 0.970000 -0.030755 -5.055050
v 0.970000 0.027287 -5.055050
v 0.182133 0.053966 -5.390050
v 0.212133 0.053966 -5.390050
v 0.212133 -0.026034 -5.390050
v 0.182133 -0.026034 -5.390050
v 0.212133 0.053966 -5.360051
v 0.212133 -0.026034 -5.360051
v 0.182133 0.053966 -5.360051
v 0.182133 -0.026034 -5.360051
v 0.030000 -0.030755 -5.445051
v 0.030000 0.027287 -5.445051
v 0.970000 0.027287 -5.445051
v 0.970000 -0.030755 -5.445051
v 0.030000 -0.030755 -5.305050
v 0.030000 0.027287 -5.305050
v 0.970000 -0.030755 -5.305050
v 0.970000 0.027287 -5.305050
v 0.182133 0.053966 -5.640050
v 0.212133 0.053966 -5.640050
v 0.212133 -0.026034 -5.640050
v 0.182133 -0.026034 -5.640050
v 0.212133 0.053966 -5.610051
v 0.212133 -0.026034 -5.610051
v 0.182133 0.053966 -5.610051
v 0.182133 -0.026034 -5.610051
v 0.030000 -0.030755 -5.695051
v 0.030000 0.027287 -5.695051
v 0.970000 0.027287 -5.695051
v 0.970000 -0.030755 -5.695051
v 0.030000 -0.030755 -5.555050
v 0.030000 0.027287 -5.555050
v 0.970000 -0.030755 -5.555050
v 0.970000 0.027287 -5.555050
v 0.157268 0.070829 -6.000051
v 0.191412 0.070829 -6.000051
v 0.181778 0.070829 -6.000051
v 0.147634 0.070829 -6.000051
v 0.139523 0.040534 -6.000051
v 0.157268 0.040534 -6.000051
v 0.181778 0.040534 -6.000051
v 0.199523 0.040534 -6.000051
v 0.182133 0.053966 -5.890050
v 0.212133 0.053966 -5.890050
v 0.212133 -0.026034 -5.890050
v 0.182133 -0.026034 -5.890050
v 0.212133 0.053966 -5.860051
v 0.212133 -0.026034 -5.860051
v 0.182133 0.053966 -5.860051
v 0.182133 -0.026034 -5.860051
v 0.030000 -0.030755 -5.945051
v 0.030000 0.027287 -5.945051
v 0.970000 0.027287 -5.945051
v 0.970000 -0.030755 -5.945051
v 0.030000 -0.030755 -5.805050
v 0.030000 0.027287 -5.805050
v 0.970000 -0.030755 -5.805050
v 0.970000 0.027287 -5.805050
v 0.139523 0.025048 -6.000051
v 0.199523 0.025048 -6.000051
v 0.191412 0.085048 -6.000051
v 0.147634 0.085048 -6.000051
v 0.808589 0.070829 -6.363777
v 0.842732 0.070829 -6.363777
v 0.860477 0.024617 -6.363777
v 0.800478 0.024617 -6.363777
v 0.182133 0.053966 -6.140050
v 0.212133 0.053966 -6.140050
v 0.212133 -0.026034 -6.140050
v 0.182133 -0.026034 -6.140050
v 0.212133 0.053966 -6.110051
v 0.212133 -0.026034 -6.110051
v 0.182133 0.053966 -6.110051
v 0.182133 -0.026034 -6.110051
v 0.030000 -0.030755 -6.195051
v 0.030000 0.027287 -6.195051
v 0.970000 0.027287 -6.195051
v 0.970000 -0.030755 -6.195051
v 0.030000 -0.030755 -6.055050
v 0.030000 0.027287 -6.055050
v 0.970000 -0.030755 -6.055050
v 0.970000 0.027287 -6.055050
v 0.808589 0.070829 -6.500051
v 0.852366 0.085048 -6.500051
v 0.852366 0.070829 -6.500051
v 0.860477 0.040103 -6.363777
v 0.818222 0.040103 -6.363777
v 0.800477 0.040103 -6.363777
v 0.842732 0.040103 -6.363777
v 0.852366 0.070829 -6.363777
v 0.818222 0.070829 -6.363777
v 0.808588 0.085048 -6.363777
v 0.182133 0.053966 -6.390050
v 0.212133 0.053966 -6.390050
v 0.212133 -0.026034 -6.390050
v 0.182133 -0.026034 -6.390050
v 0.212133 0.053966 -6.360051
v 0.212133 -0.026034 -6.360051
v 0.182133 0.053966 -6.360051
v 0.182133 -0.026034 -6.360051
v 0.030000 -0.030755 -6.445051
v 0.030001 0.027287 -6.445051
v 0.970000 0.027287 -6.445051
v 0.970000 -0.030755 -6.445051
v 0.030001 -0.030755 -6.305050
v 0.030000 0.027287 -6.305050
v 0.970000 -0.030755 -6.305050
v 0.970000 0.027287 -6.305050
v 0.860477 0.025048 -6.500051
v 0.860477 0.040534 -6.500051
v 0.800477 0.025048 -6.500051
v 0.818222 0.040534 -6.500051
v 0.800477 0.040534 -6.500051
v 0.842732 0.040534 -6.500051
v 0.818222 0.070829 -6.500051
v 0.842732 0.070829 -6.500051
v 0.808588 0.085048 -6.500051
v 0.787867 -0.026034 -6.640050
v 0.787868 0.053966 -6.640050
v 0.817868 0.053966 -6.640050
v 0.817867 -0.026034 -6.640050
v 0.787867 -0.026034 -6.610051
v 0.787868 0.053966 -6.610051
v 0.817867 -0.026034 -6.610051
v 0.817868 0.053966 -6.610051
v 0.182133 0.053966 -6.640050
v 0.212133 0.053966 -6.640050
v 0.212133 -0.026034 -6.640050
v 0.182133 -0.026034 -6.640050
v 0.212133 0.053966 -6.610051
v 0.212133 -0.026034 -6.610051
v 0.182133 0.053966 -6.610051
v 0.182133 -0.026034 -6.610051
v 0.030001 -0.030755 -6.695051
v 0.030001 0.028814 -6.695051
v 0.970001 0.028814 -6.695051
v 0.970000 -0.030755 -6.695051
v 0.030001 -0.030755 -6.555050
v 0.030001 0.028814 -6.555050
v 0.970000 -0.030755 -6.555050
v 0.970000 0.028814 -6.555050
v 0.157269 0.070829 -7.000051
v 0.191413 0.070829 -7.000051
v 0.181779 0.070829 -7.000051
v 0.147635 0.070829 -7.000051
v 0.139524 0.040534 -7.000051
v 0.181779 0.040534 -7.000051
v 0.199524 0.040534 -7.000051
v 0.808589 0.070829 -7.000051
v 0.842733 0.070829 -7.000051
v 0.818223 0.070829 -7.000051
v 0.852367 0.085048 -7.000051
v 0.860478 0.025048 -7.000051
v 0.787867 -0.026034 -6.890050
v 0.787868 0.053966 -6.890050
v 0.817868 0.053966 -6.890050
v 0.817868 -0.026034 -6.890050
v 0.787867 -0.026034 -6.860051
v 0.787868 0.053966 -6.860051
v 0.817868 -0.026034 -6.860051
v 0.817868 0.053966 -6.860051
v 0.182134 0.053966 -6.890050
v 0.212134 0.053966 -6.890050
v 0.212134 -0.026034 -6.890050
v 0.182134 -0.026034 -6.890050
v 0.212134 0.053966 -6.860051
v 0.212134 -0.026034 -6.860051
v 0.182134 0.053966 -6.860051
v 0.182134 -0.026034 -6.860051
v 0.030001 -0.030755 -6.945051
v 0.030001 0.028814 -6.945051
v 0.970001 0.028814 -6.945051
v 0.970001 -0.030755 -6.945051
v 0.030001 -0.030755 -6.805050
v 0.030001 0.028814 -6.805050
v 0.970001 -0.030755 -6.805050
v 0.970001 0.028814 -6.805050
v 0.139524 0.025048 -7.000051
v 0.157269 0.040534 -7.000051
v 0.199524 0.025048 -7.000051
v 0.191413 0.085048 -7.000051
v 0.147635 0.085048 -7.000051
v 0.860478 0.040534 -7.000051
v 0.800477 0.025048 -7.000051
v 0.818222 0.040534 -7.000051
v 0.800477 0.040534 -7.000051
v 0.842732 0.040534 -7.000051
v 0.852367 0.070829 -7.000051
v 0.808589 0.085048 -7.000051
v 0.787867 -0.026034 -7.140050
v 0.787868 0.053966 -7.140050
v 0.817868 0.053966 -7.140050
v 0.817868 -0.026034 -7.140050
v 0.787867 -0.026034 -7.110051
v 0.787868 0.053966 -7.110051
v 0.817868 -0.026034 -7.110051
v 0.817868 0.053966 -7.110051
v 0.182134 0.053966 -7.140050
v 0.212134 0.053966 -7.140050
v 0.212134 -0.026034 -7.140050
v 0.182134 -0.026034 -7.140050
v 0.212134 0.053966 -7.110051
v 0.212134 -0.026034 -7.110051
v 0.182134 0.053966 -7.110051
v 0.182134 -0.026034 -7.110051
v 0.030001 -0.030755 -7.195051
v 0.030001 0.028814 -7.195051
v 0.970001 0.028814 -7.195051
v 0.970001 -0.030755 -7.195051
v 0.030001 -0.030755 -7.055050
v 0.030001 0.028814 -7.055050
v 0.970001 -0.030755 -7.055050
v 0.970001 0.028814 -7.055050
v 0.787867 -0.026034 -7.390050
v 0.787868 0.053966 -7.390050
v 0.817868 0.053966 -7.390050
v 0.817868 -0.026034 -7.390050
v 0.787867 -0.026034 -7.360051
v 0.787868 0.053966 -7.360051
v 0.817868 -0.026034 -7.360051
v 0.817868 0.053966 -7.360051
v 0.182134 0.053966 -7.390050
v 0.212134 0.053966 -7.390050
v 0.212134 -0.026034 -7.390050
v 0.182134 -0.026034 -7.390050
v 0.212134 0.053966 -7.360051
v 0.212134 -0.026034 -7.360051
v 0.182134 0.053966 -7.360051
v 0.182134 -0.026034 -7.360051
v 0.030001 -0.030755 -7.445051
v 0.030001 0.028814 -7.445051
v 0.970001 0.028814 -7.445051
v 0.970001 -0.030755 -7.445051
v 0.030001 -0.030755 -7.305050
v 0.030001 0.028814 -7.305050
v 0.970001 -0.030755 -7.305050
v 0.970001 0.028814 -7.305050
v 0.787868 -0.026034 -7.640050
v 0.787868 0.053966 -7.640050
v 0.817868 0.053966 -7.640050
v 0.817868 -0.026034 -7.640050
v 0.787868 -0.026034 -7.610051
v 0.787868 0.053966 -7.610051
v 0.817868 -0.026034 -7.610051
v 0.817868 0.053966 -7.610051
v 0.182134 0.053966 -7.640050
v 0.212134 0.053966 -7.640050
v 0.212134 -0.026034 -7.640050
v 0.182134 -0.026034 -7.640050
v 0.212134 0.053966 -7.610051
v 0.212134 -0.026034 -7.610051
v 0.182134 0.053966 -7.610051
v 0.182134 -0.026034 -7.610051
v 0.030001 -0.030755 -7.695051
v 0.030001 0.028814 -7.695051
v 0.970001 0.028814 -7.695051
v 0.970001 -0.030755 -7.695051
v 0.030001 -0.030755 -7.555050
v 0.030001 0.028814 -7.555050
v 0.970001 -0.030755 -7.555050
v 0.970001 0.028814 -7.555050
v 0.157269 0.070829 -8.000051
v 0.181779 0.070829 -8.000051
v 0.147635 0.070829 -8.000051
v 0.139524 0.025048 -8.000051
v 0.139524 0.040534 -8.000051
v 0.181779 0.040534 -8.000051
v 0.808589 0.070829 -8.000051
v 0.852367 0.085048 -8.000051
v 0.860478 0.040534 -8.000051
v 0.860478 0.025048 -8.000051
v 0.787868 -0.026034 -7.890050
v 0.787868 0.053966 -7.890050
v 0.817868 0.053966 -7.890050
v 0.817868 -0.026034 -7.890050
v 0.787868 -0.026034 -7.860051
v 0.787868 0.053966 -7.860051
v 0.817868 -0.026034 -7.860051
v 0.817868 0.053966 -7.860051
v 0.182134 0.053966 -7.890050
v 0.212134 0.053966 -7.890050
v 0.212134 -0.026034 -7.890050
v 0.182134 -0.026034 -7.890050
v 0.212134 0.053966 -7.860051
v 0.212134 -0.026034 -7.860051
v 0.182134 0.053966 -7.860051
v 0.182134 -0.026034 -7.860051
v 0.030001 -0.030755 -7.945051
v 0.030001 0.029245 -7.945051
v 0.970001 0.029245 -7.945051
v 0.970001 -0.030755 -7.945051
v 0.030001 -0.030755 -7.805050
v 0.030001 0.029245 -7.805050
v 0.970001 -0.030755 -7.805050
v 0.970001 0.029245 -7.805050
v 0.157269 0.040534 -8.000051
v 0.199524 0.025048 -8.000051
v 0.199524 0.040534 -8.000051
v 0.191413 0.070829 -8.000051
v 0.191413 0.085048 -8.000051
v 0.147635 0.085048 -8.000051
v 0.800478 0.025048 -8.000051
v 0.818223 0.040534 -8.000051
v 0.800478 0.040534 -8.000051
v 0.842733 0.040534 -8.000051
v 0.852367 0.070829 -8.000051
v 0.818223 0.070829 -8.000051
v 0.842733 0.070829 -8.000051
v 0.808589 0.085048 -8.000051
v 0.787868 -0.026034 -8.140051
v 0.787868 0.053966 -8.140051
v 0.817868 0.053966 -8.140051
v 0.817868 -0.026034 -8.140051
v 0.787868 -0.026034 -8.110051
v 0.787868 0.053966 -8.110051
v 0.817868 -0.026034 -8.110051
v 0.817868 0.053966 -8.110051
v 0.182134 0.053966 -8.140051
v 0.212134 0.053966 -8.140051
v 0.212134 -0.026034 -8.140051
v 0.182134 -0.026034 -8.140051
v 0.212134 0.053966 -8.110051
v 0.212134 -0.026034 -8.110051
v 0.182134 0.053966 -8.110051
v 0.182134 -0.026034 -8.110051
v 0.030001 -0.030755 -8.195051
v 0.030001 0.029245 -8.195051
v 0.970001 0.029245 -8.195051
v 0.970001 -0.030755 -8.195051
v 0.030001 -0.030755 -8.055051
v 0.030001 0.029245 -8.055051
v 0.970001 -0.030755 -8.055051
v 0.970001 0.029245 -8.055051
v 0.787868 -0.026034 -8.390051
v 0.787868 0.053966 -8.390051
v 0.817868 0.053966 -8.390051
v 0.817868 -0.026034 -8.390051
v 0.787868 -0.026034 -8.360051
v 0.787868 0.053966 -8.360051
v 0.817868 -0.026034 -8.360051
v 0.817868 0.053966 -8.360051
v 0.182134 0.053966 -8.390051
v 0.212134 0.053966 -8.390051
v 0.212134 -0.026034 -8.390051
v 0.182134 -0.026034 -8.390051
v 0.212134 0.053966 -8.360051
v 0.212134 -0.026034 -8.360051
v 0.182134 0.053966 -8.360051
v 0.182134 -0.026034 -8.360051
v 0.030001 -0.030755 -8.445051
v 0.030001 0.029245 -8.445051
v 0.970001 0.029245 -8.445051
v 0.970001 -0.030755 -8.445051
v 0.030001 -0.030755 -8.305051
v 0.030001 0.029245 -8.305051
v 0.970001 -0.030755 -8.305051
v 0.970001 0.029245 -8.305051
v 0.787868 -0.026034 -8.640051
v 0.787868 0.053966 -8.640051
v 0.817868 0.053966 -8.640051
v 0.817868 -0.026034 -8.640051
v 0.787868 -0.026034 -8.610051
v 0.787868 0.053966 -8.610051
v 0.817868 -0.026034 -8.610051
v 0.817868 0.053966 -8.610051
v 0.182134 0.053966 -8.640051
v 0.212134 0.053966 -8.640051
v 0.212134 -0.026034 -8.640051
v 0.182134 -0.026034 -8.640051
v 0.212134 0.053966 -8.610051
v 0.212134 -0.026034 -8.610051
v 0.182134 0.053966 -8.610051
v 0.182134 -0.026034 -8.610051
v 0.030001 -0.030755 -8.695051
v 0.030001 0.029245 -8.695051
v 0.970001 0.029245 -8.695051
v 0.970001 -0.030755 -8.695051
v 0.030001 -0.030755 -8.555051
v 0.030001 0.029245 -8.555051
v 0.970001 -0.030755 -8.555051
v 0.970001 0.029245 -8.555051
v 0.157269 0.070829 -9.000051
v 0.191413 0.070829 -9.000051
v 0.181779 0.070829 -9.000051
v 0.139524 0.040534 -9.000051
v 0.181779 0.040534 -9.000051
v 0.808589 0.070829 -9.000051
v 0.852367 0.085048 -9.000051
v 0.860478 0.040534 -9.000051
v 0.860478 0.025048 -9.000051
v 0.800478 0.025048 -9.000051
v 0.800478 0.040534 -9.000051
v 0.787868 -0.026034 -8.890051
v 0.787868 0.053966 -8.890051
v 0.817868 0.053966 -8.890051
v 0.817868 -0.026034 -8.890051
v 0.787868 -0.026034 -8.860051
v 0.787868 0.053966 -8.860051
v 0.817868 -0.026034 -8.860051
v 0.817868 0.053966 -8.860051
v 0.182134 0.053966 -8.890051
v 0.212134 0.053966 -8.890051
v 0.212134 -0.026034 -8.890051
v 0.182134 -0.026034 -8.890051
v 0.212134 0.053966 -8.860051
v 0.212134 -0.026034 -8.860051
v 0.182134 0.053966 -8.860051
v 0.182134 -0.026034 -8.860051
v 0.030001 -0.030755 -8.945051
v 0.030001 0.029245 -8.945051
v 0.970001 0.029245 -8.945051
v 0.970001 -0.030755 -8.945051
v 0.030001 -0.030755 -8.805051
v 0.030001 0.029245 -8.805051
v 0.970001 -0.030755 -8.805051
v 0.970001 0.029245 -8.805051
v 0.139524 0.025048 -9.000051
v 0.157269 0.040534 -9.000051
v 0.199524 0.025048 -9.000051
v 0.199524 0.040534 -9.000051
v 0.191413 0.085048 -9.000051
v 0.147635 0.085048 -9.000051
v 0.147635 0.070829 -9.000051
v 0.818223 0.040534 -9.000051
v 0.842733 0.040534 -9.000051
v 0.852367 0.070829 -9.000051
v 0.818223 0.070829 -9.000051
v 0.842733 0.070829 -9.000051
v 0.808589 0.085048 -9.000051
v 0.787868 -0.026034 -9.140051
v 0.787868 0.053966 -9.140051
v 0.817868 0.053966 -9.140051
v 0.817868 -0.026034 -9.140051
v 0.787868 -0.026034 -9.110051
v 0.787868 0.053966 -9.110051
v 0.817868 -0.026034 -9.110051
v 0.817868 0.053966 -9.110051
v 0.182134 0.053966 -9.140051
v 0.212134 0.053966 -9.140051
v 0.212134 -0.026034 -9.140051
v 0.182134 -0.026034 -9.140051
v 0.212134 0.053966 -9.110051
v 0.212134 -0.026034 -9.110051
v 0.182134 0.053966 -9.110051
v 0.182134 -0.026034 -9.110051
v 0.030001 -0.030755 -9.195051
v 0.030001 0.029245 -9.195051
v 0.970001 0.029245 -9.195051
v 0.970001 -0.030755 -9.195051
v 0.030001 -0.030755 -9.055051
v 0.030001 0.029245 -9.055051
v 0.970001 -0.030755 -9.055051
v 0.970001 0.029245 -9.055051
v 0.787868 -0.026034 -9.390051
v 0.787868 0.053966 -9.390051
v 0.817868 0.053966 -9.390051
v 0.817868 -0.026034 -9.390051
v 0.787868 -0.026034 -9.360051
v 0.787868 0.053966 -9.360051
v 0.817868 -0.026034 -9.360051
v 0.817868 0.053966 -9.360051
v 0.182134 0.053966 -9.390051
v 0.212134 0.053966 -9.390051
v 0.212134 -0.026034 -9.390051
v 0.182134 -0.026034 -9.390051
v 0.212134 0.053966 -9.360051
v 0.212134 -0.026034 -9.360051
v 0.182134 0.053966 -9.360051
v 0.182134 -0.026034 -9.360051
v 0.030001 -0.030755 -9.445051
v 0.030001 0.029245 -9.445051
v 0.970001 0.029245 -9.445051
v 0.970001 -0.030755 -9.445051
v 0.030001 -0.030755 -9.305051
v 0.030001 0.029245 -9.305051
v 0.970001 -0.030755 -9.305051
v 0.970001 0.029245 -9.305051
v 0.787868 -0.026034 -9.640051
v 0.787868 0.053966 -9.640051
v 0.817868 0.053966 -9.640051
v 0.817868 -0.026034 -9.640051
v 0.787868 -0.026034 -9.610051
v 0.787868 0.053966 -9.610051
v 0.817868 -0.026034 -9.610051
v 0.817868 0.053966 -9.610051
v 0.182134 0.053966 -9.640051
v 0.212134 0.053966 -9.640051
v 0.212134 -0.026034 -9.640051
v 0.182134 -0.026034 -9.640051
v 0.212134 0.053966 -9.610051
v 0.212134 -0.026034 -9.610051
v 0.182134 0.053966 -9.610051
v 0.182134 -0.026034 -9.610051
v 0.030001 -0.030755 -9.695051
v 0.030001 0.029245 -9.695051
v 0.970001 0.029245 -9.695051
v 0.970001 -0.030755 -9.695051
v 0.030001 -0.030755 -9.555051
v 0.030001 0.029245 -9.555051
v 0.970001 -0.030755 -9.555051
v 0.970001 0.029245 -9.555051
v 0.157269 0.070829 -10.000051
v 0.191413 0.085048 -10.000051
v 0.191413 0.070829 -10.000051
v 0.181779 0.070829 -10.000051
v 0.147635 0.070829 -10.000051
v 0.147635 0.085048 -10.000051
v 0.199524 0.025048 -10.000051
v 0.139524 0.025048 -10.000051
v 0.139524 0.040534 -10.000051
v 0.157269 0.040534 -10.000051
v 0.181779 0.040534 -10.000051
v 0.199524 0.040534 -10.000051
v 0.808589 0.070829 -10.000051
v 0.808589 0.085048 -10.000051
v 0.842733 0.070829 -10.000051
v 0.818223 0.070829 -10.000051
v 0.852367 0.085048 -10.000051
v 0.852367 0.070829 -10.000051
v 0.860478 0.040534 -10.000051
v 0.860478 0.025048 -10.000051
v 0.818223 0.040534 -10.000051
v 0.842733 0.040534 -10.000051
v 0.800478 0.025048 -10.000051
v 0.800478 0.040534 -10.000051
v 0.787868 -0.026034 -9.890051
v 0.787868 0.053966 -9.890051
v 0.817868 0.053966 -9.890051
v 0.817868 -0.026034 -9.890051
v 0.787868 -0.026034 -9.860051
v 0.787868 0.053966 -9.860051
v 0.817868 -0.026034 -9.860051
v 0.817868 0.053966 -9.860051
v 0.182134 0.053966 -9.890051
v 0.212134 0.053966 -9.890051
v 0.212134 -0.026034 -9.890051
v 0.182134 -0.026034 -9.890051
v 0.212134 0.053966 -9.860051
v 0.212134 -0.026034 -9.860051
v 0.182134 0.053966 -9.860051
v 0.182134 -0.026034 -9.860051
v 0.030001 -0.030755 -9.945051
v 0.030001 0.029245 -9.945051
v 0.970001 0.029245 -9.945051
v 0.970001 -0.030755 -9.945051
v 0.030001 -0.030755 -9.805051
v 0.030001 0.029245 -9.805051
v 0.970001 -0.030755 -9.805051
v 0.970001 0.029245 -9.805051
v 1.669689 0.070829 -10.091433
v 1.660405 0.070829 -10.094004
v 1.710413 0.025048 -10.080160
v 1.652588 0.025048 -10.096167
v 1.652588 0.040534 -10.096167
v 1.669689 0.040534 -10.091433
v 1.710413 0.040534 -10.080160
v 1.659716 0.040534 -9.964094
v 1.636086 0.040534 -9.970604
v 1.676823 0.025048 -9.959380
v 1.636086 0.070829 -9.970604
v 1.669003 0.070829 -9.961535
v 1.626798 0.085048 -9.973163
v 2.297404 0.085048 -9.917675
v 2.330310 0.070829 -9.908566
v 2.306689 0.070829 -9.915106
v 2.339595 0.085048 -9.905996
v 2.339595 0.070829 -9.905996
v 2.306689 0.040534 -9.915106
v 2.330310 0.040534 -9.908566
v 2.289587 0.025048 -9.919840
v 2.256191 0.040534 -9.799761
v 2.306216 0.085048 -9.785978
v 2.273299 0.070829 -9.795047
v 2.277352 0.053966 -9.922907
v 2.306256 0.053966 -9.914873
v 2.306256 -0.026034 -9.914873
v 2.273344 -0.026034 -9.908496
v 2.273344 0.053966 -9.908496
v 2.302250 -0.026034 -9.900466
v 2.302250 0.053966 -9.900466
v 1.693743 0.053966 -10.085126
v 1.718617 0.053966 -10.062600
v 1.718617 -0.026034 -10.062600
v 1.689712 0.053966 -10.070630
v 1.689712 -0.026034 -10.070630
v 1.528260 -0.030755 -10.057880
v 1.528259 0.029245 -10.057880
v 2.434228 -0.030755 -9.807240
v 2.434228 0.029245 -9.807240
v 1.669003 0.085048 -9.961535
v 1.659716 0.070829 -9.964094
v 1.626798 0.070829 -9.973163
v 1.618978 0.025048 -9.975317
v 1.618978 0.040534 -9.975317
v 1.676823 0.040534 -9.959380
v 2.264010 0.070829 -9.797606
v 2.264010 0.085048 -9.797606
v 2.296928 0.070829 -9.788537
v 2.306216 0.070829 -9.785978
v 2.314036 0.040534 -9.783824
v 2.314036 0.025048 -9.783824
v 2.273299 0.040534 -9.795047
v 2.296928 0.040534 -9.788537
v 2.256191 0.025048 -9.799761
v 2.214722 -0.026034 -9.697722
v 2.214722 0.053966 -9.697722
v 2.243661 0.053966 -9.689816
v 2.243661 -0.026034 -9.689816
v 2.206728 -0.026034 -9.668982
v 2.206728 0.053966 -9.668982
v 2.235672 -0.026034 -9.661091
v 2.235672 0.053966 -9.661091
v 1.630405 0.053966 -9.857369
v 1.659344 0.053966 -9.849463
v 1.659344 -0.026034 -9.849463
v 1.630405 -0.026034 -9.857369
v 1.651262 0.053966 -9.820398
v 1.651262 -0.026034 -9.820398
v 1.622318 0.053966 -9.828289
v 1.622318 -0.026034 -9.828289
v 1.498520 -0.030755 -9.950937
v 1.498520 0.029245 -9.950937
v 2.405020 0.029245 -9.702227
v 2.405020 -0.030755 -9.702227
v 1.460673 -0.030755 -9.814828
v 1.460673 0.029245 -9.814828
v 2.367844 -0.030755 -9.568574
v 2.367844 0.029245 -9.568574
v 1.524940 0.040534 -9.479405
v 1.501249 0.040534 -9.485686
v 1.491936 0.070829 -9.488155
v 2.122978 0.040534 -9.320850
v 2.163821 0.040534 -9.310021
v 2.173134 0.070829 -9.307552
v 2.130818 0.085048 -9.318771
v 2.148100 -0.026034 -9.458208
v 2.148100 0.053966 -9.458208
v 2.177077 0.053966 -9.450441
v 2.177077 -0.026034 -9.450441
v 2.140105 -0.026034 -9.429467
v 2.140105 0.053966 -9.429467
v 2.169087 -0.026034 -9.421718
v 2.169087 0.053966 -9.421718
v 1.563017 0.053966 -9.615026
v 1.591995 0.053966 -9.607260
v 1.591995 -0.026034 -9.607260
v 1.563017 -0.026034 -9.615026
v 1.583913 0.053966 -9.578196
v 1.583913 -0.026034 -9.578197
v 1.554931 0.053966 -9.585946
v 1.554931 -0.026034 -9.585946
v 1.430938 -0.030755 -9.707885
v 1.430938 0.029245 -9.707885
v 2.338631 0.029245 -9.463563
v 2.338631 -0.030755 -9.463563
v 1.393096 -0.030755 -9.571773
v 1.393096 0.029245 -9.571773
v 2.301448 -0.030755 -9.329911
v 2.301448 0.029245 -9.329911
v 1.501249 0.070829 -9.485686
v 1.534252 0.085048 -9.476936
v 1.534252 0.070829 -9.476936
v 1.524940 0.070829 -9.479405
v 1.491936 0.085048 -9.488155
v 1.542093 0.025048 -9.474857
v 1.484096 0.025048 -9.490233
v 1.484096 0.040534 -9.490233
v 1.542093 0.040534 -9.474857
v 2.130818 0.070829 -9.318771
v 2.163821 0.070829 -9.310021
v 2.140130 0.070829 -9.316302
v 2.173134 0.085048 -9.307552
v 2.180974 0.040534 -9.305474
v 2.180974 0.025048 -9.305474
v 2.140130 0.040534 -9.316302
v 2.122978 0.025048 -9.320850
v 2.081471 -0.026034 -9.218697
v 2.081471 0.053966 -9.218697
v 2.110486 0.053966 -9.211070
v 2.110486 -0.026034 -9.211070
v 2.073476 -0.026034 -9.189955
v 2.073476 0.053966 -9.189955
v 2.102494 -0.026034 -9.182345
v 2.102494 0.053966 -9.182345
v 1.495637 0.053966 -9.372682
v 1.524651 0.053966 -9.365055
v 1.524651 -0.026034 -9.365055
v 1.495637 -0.026034 -9.372682
v 1.516570 0.053966 -9.335991
v 1.516570 -0.026034 -9.335991
v 1.487552 0.053966 -9.343600
v 1.487552 -0.026034 -9.343600
v 1.363366 -0.030755 -9.464828
v 1.363366 0.029245 -9.464828
v 2.272230 0.029245 -9.224901
v 2.272230 -0.030755 -9.224901
v 1.325531 -0.030755 -9.328716
v 1.325531 0.029245 -9.328716
v 2.235042 -0.030755 -9.091251
v 2.235042 0.029245 -9.091251
v 1.357144 0.040534 -9.001917
v 1.374354 0.040534 -8.997589
v 1.415333 0.025048 -8.987285
v 1.374354 0.070829 -8.997589
v 1.398124 0.070829 -8.991612
v 1.365010 0.085048 -8.999939
v 2.056333 0.025048 -8.826105
v 1.998145 0.025048 -8.840736
v 1.998145 0.040534 -8.840736
v 2.018517 -0.026034 -8.978639
v 2.018517 0.053966 -8.978639
v 2.047579 0.053966 -8.971192
v 2.047579 -0.026034 -8.971192
v 2.011532 -0.026034 -8.949746
v 2.011532 0.053966 -8.949746
v 2.040600 -0.026034 -8.942328
v 2.040600 0.053966 -8.942328
v 1.431737 0.053966 -9.128979
v 1.460798 0.053966 -9.121533
v 1.460798 -0.026034 -9.121533
v 1.431737 -0.026034 -9.128979
v 1.453676 0.053966 -9.092107
v 1.453676 -0.026034 -9.092107
v 1.424607 0.053966 -9.099524
v 1.424607 -0.026034 -9.099524
v 1.297503 -0.030755 -9.220996
v 1.297503 0.029245 -9.220996
v 2.207678 0.029245 -8.986091
v 2.207678 -0.030755 -8.986091
v 1.264063 -0.030755 -9.082884
v 1.264063 0.029245 -9.082884
v 2.175280 -0.030755 -8.852055
v 2.175280 0.029245 -8.852055
v 1.407467 0.085048 -8.989263
v 1.407467 0.070829 -8.989263
v 1.365010 0.070829 -8.999939
v 1.357144 0.025048 -9.001917
v 1.398124 0.040534 -8.991612
v 1.415333 0.040534 -8.987285
v 2.006011 0.070829 -8.838758
v 2.006011 0.085048 -8.838758
v 2.039124 0.070829 -8.830433
v 2.015354 0.070829 -8.836410
v 2.048467 0.085048 -8.828083
v 2.048467 0.070829 -8.828083
v 2.056333 0.040534 -8.826105
v 2.015354 0.040534 -8.836410
v 2.039124 0.040534 -8.830433
v 1.960295 -0.026034 -8.737879
v 1.960295 0.053966 -8.737879
v 1.989415 0.053966 -8.730665
v 1.989415 -0.026034 -8.730665
v 1.953307 -0.026034 -8.708987
v 1.953307 0.053966 -8.708987
v 1.982434 -0.026034 -8.701801
v 1.982434 0.053966 -8.701801
v 1.372332 0.053966 -8.883525
v 1.401452 0.053966 -8.876312
v 1.401452 -0.026034 -8.876312
v 1.372332 -0.026034 -8.883525
v 1.394332 0.053966 -8.846885
v 1.394332 -0.026034 -8.846885
v 1.365205 0.053966 -8.854071
v 1.365205 -0.026034 -8.854071
v 1.237795 -0.030755 -8.974366
v 1.237795 0.029245 -8.974366
v 2.149818 0.029245 -8.746741
v 2.149818 -0.030755 -8.746741
v 1.204370 -0.030755 -8.836249
v 1.204370 0.029245 -8.836249
v 2.117404 -0.030755 -8.612707
v 2.117404 0.029245 -8.612707
v 1.238215 0.040534 -8.510338
v 1.296630 0.025048 -8.496637
v 1.255492 0.070829 -8.506286
v 1.246112 0.085048 -8.508486
v 1.881710 0.025048 -8.359423
v 1.932228 0.085048 -8.347574
v 1.889607 0.085048 -8.357571
v 1.902055 -0.026034 -8.497122
v 1.902055 0.053966 -8.497122
v 1.931232 0.053966 -8.490142
v 1.931232 -0.026034 -8.490142
v 1.895065 -0.026034 -8.468232
v 1.895065 0.053966 -8.468232
v 1.924248 -0.026034 -8.461280
v 1.924248 0.053966 -8.461280
v 1.312947 0.053966 -8.638066
v 1.342124 0.053966 -8.631086
v 1.342124 -0.026034 -8.631086
v 1.312947 -0.026034 -8.638066
v 1.335005 0.053966 -8.601659
v 1.335005 -0.026034 -8.601659
v 1.305822 0.053966 -8.608611
v 1.305822 -0.026034 -8.608611
v 1.178115 -0.030755 -8.727727
v 1.178115 0.029245 -8.727727
v 2.091929 0.029245 -8.507398
v 2.091929 -0.030755 -8.507398
v 1.144707 -0.030755 -8.589606
v 1.144707 0.029245 -8.589606
v 2.059498 -0.030755 -8.373369
v 2.059498 0.029245 -8.373369
v 1.288734 0.085048 -8.498489
v 1.288734 0.070829 -8.498489
v 1.279354 0.070829 -8.500690
v 1.246112 0.070829 -8.508486
v 1.238215 0.025048 -8.510338
v 1.255492 0.040534 -8.506286
v 1.279354 0.040534 -8.500690
v 1.296630 0.040534 -8.496637
v 1.889607 0.070829 -8.357571
v 1.922849 0.070829 -8.349774
v 1.898986 0.070829 -8.355371
v 1.932228 0.070829 -8.347574
v 1.940125 0.040534 -8.345722
v 1.940125 0.025048 -8.345722
v 1.898986 0.040534 -8.355371
v 1.922849 0.040534 -8.349774
v 1.881710 0.040534 -8.359423
v 1.843797 -0.026034 -8.256371
v 1.843797 0.053966 -8.256371
v 1.873029 0.053966 -8.249624
v 1.873029 -0.026034 -8.249624
v 1.836805 -0.026034 -8.227481
v 1.836805 0.053966 -8.227481
v 1.866043 -0.026034 -8.220762
v 1.866043 0.053966 -8.220762
v 1.253582 0.053966 -8.392603
v 1.282813 0.053966 -8.385857
v 1.282813 -0.026034 -8.385857
v 1.253582 -0.026034 -8.392603
v 1.275697 0.053966 -8.356428
v 1.275697 -0.026034 -8.356429
v 1.246459 0.053966 -8.363148
v 1.246459 -0.026034 -8.363148
v 1.118465 -0.030755 -8.481082
v 1.118465 0.029245 -8.481082
v 2.034010 0.029245 -8.268062
v 2.034010 -0.030755 -8.268062
v 1.085074 -0.030755 -8.342957
v 1.085074 0.029245 -8.342957
v 2.001563 -0.030755 -8.134036
v 2.001563 0.029245 -8.134036
v 1.185737 0.040534 -8.004766
v 1.177815 0.070829 -8.006506
v 1.177815 0.085048 -8.006506
v 1.823387 0.085048 -7.864743
v 1.813977 0.070829 -7.866809
v 1.789219 -0.026034 -8.014525
v 1.789219 0.053966 -8.014525
v 1.818498 0.053966 -8.007987
v 1.818498 -0.026034 -8.007987
v 1.783041 -0.026034 -7.985394
v 1.783041 0.053966 -7.985394
v 1.812325 -0.026034 -7.978878
v 1.812325 0.053966 -7.978878
v 1.198049 0.053966 -8.146556
v 1.227328 0.053966 -8.140018
v 1.227328 -0.026034 -8.140018
v 1.198049 -0.026034 -8.146556
v 1.221055 0.053966 -8.110456
v 1.221055 -0.026034 -8.110456
v 1.191771 0.053966 -8.116973
v 1.191771 -0.026034 -8.116973
v 1.061131 -0.030755 -8.234163
v 1.061131 0.029245 -8.234163
v 1.978242 0.029245 -8.027987
v 1.978242 -0.030755 -8.027987
v 1.031714 -0.030755 -8.095572
v 1.031714 0.029245 -8.095572
v 1.949555 -0.030755 -7.892672
v 1.949555 0.029245 -7.892672
v 1.144465 0.070829 -8.013829
v 1.168405 0.070829 -8.008572
v 1.135056 0.070829 -8.015895
v 1.135056 0.085048 -8.015895
v 1.185737 0.025048 -8.004766
v 1.127133 0.025048 -8.017635
v 1.127133 0.040534 -8.017635
v 1.144465 0.040534 -8.013829
v 1.168405 0.040534 -8.008572
v 1.780628 0.070829 -7.874132
v 1.780628 0.085048 -7.874132
v 1.790038 0.070829 -7.872066
v 1.823387 0.070829 -7.864743
v 1.831309 0.040534 -7.863003
v 1.831309 0.025048 -7.863003
v 1.790038 0.040534 -7.872066
v 1.813977 0.040534 -7.866809
v 1.772706 0.025048 -7.875872
v 1.772706 0.040534 -7.875872
v 1.737735 -0.026034 -7.771760
v 1.737735 0.053966 -7.771760
v 1.767055 0.053966 -7.765409
v 1.767055 -0.026034 -7.765409
v 1.731556 -0.026034 -7.742629
v 1.731556 0.053966 -7.742629
v 1.760880 -0.026034 -7.736299
v 1.760880 0.053966 -7.736299
v 1.145735 0.053966 -7.900020
v 1.175055 0.053966 -7.893667
v 1.175055 -0.026034 -7.893667
v 1.145735 -0.026034 -7.900020
v 1.168783 0.053966 -7.864105
v 1.168783 -0.026034 -7.864105
v 1.139458 0.053966 -7.870434
v 1.139458 -0.026034 -7.870434
v 1.008605 -0.030755 -7.986679
v 1.008605 0.029245 -7.986679
v 1.927011 0.029245 -7.786354
v 1.927011 -0.030755 -7.786354
v 0.979198 -0.030755 -7.848086
v 0.979198 0.029245 -7.848086
v 1.898314 -0.030755 -7.651042
v 1.898314 0.029245 -7.651042
v 1.022419 0.040534 -7.524024
v 1.063803 0.040534 -7.515488
v 1.039798 0.040534 -7.520439
v 1.063803 0.070829 -7.515488
v 1.073238 0.085048 -7.513541
v 1.030363 0.085048 -7.522385
v 1.728509 0.025048 -7.378383
v 1.669747 0.040534 -7.390504
v 1.686239 -0.026034 -7.528997
v 1.686239 0.053966 -7.528997
v 1.715599 0.053966 -7.522832
v 1.715599 -0.026034 -7.522832
v 1.680059 -0.026034 -7.499866
v 1.680059 0.053966 -7.499866
v 1.709423 -0.026034 -7.493723
v 1.709423 0.053966 -7.493723
v 1.093434 0.053966 -7.653479
v 1.122794 0.053966 -7.647314
v 1.122794 -0.026034 -7.647314
v 1.093434 -0.026034 -7.653479
v 1.116523 0.053966 -7.617752
v 1.116523 -0.026034 -7.617752
v 1.087158 0.053966 -7.623894
v 1.087158 -0.026034 -7.623894
v 0.956097 -0.030755 -7.739191
v 0.956097 0.029245 -7.739191
v 1.875762 0.029245 -7.544725
v 1.875762 -0.030755 -7.544725
v 0.926701 -0.030755 -7.600596
v 0.926701 0.029245 -7.600596
v 1.847054 -0.030755 -7.409415
v 1.847054 0.029245 -7.409415
v 1.039798 0.070829 -7.520439
v 1.073238 0.070829 -7.513541
v 1.030363 0.070829 -7.522385
v 1.081182 0.025048 -7.511903
v 1.022419 0.025048 -7.524024
v 1.081182 0.040534 -7.511903
v 1.677690 0.070829 -7.388865
v 1.677690 0.085048 -7.388865
v 1.711130 0.070829 -7.381968
v 1.687126 0.070829 -7.386919
v 1.720566 0.085048 -7.380022
v 1.720566 0.070829 -7.380022
v 1.728509 0.040534 -7.378383
v 1.687126 0.040534 -7.386919
v 1.711130 0.040534 -7.381968
v 1.669747 0.025048 -7.390504
v 1.634732 -0.026034 -7.286237
v 1.634732 0.053966 -7.286237
v 1.664130 0.053966 -7.280259
v 1.664130 -0.026034 -7.280259
v 1.628550 -0.026034 -7.257106
v 1.628550 0.053966 -7.257106
v 1.657953 -0.026034 -7.251151
v 1.657953 0.053966 -7.251151
v 1.041145 0.053966 -7.406937
v 1.070544 0.053966 -7.400959
v 1.070544 -0.026034 -7.400959
v 1.041145 -0.026034 -7.406937
v 1.064274 0.053966 -7.371396
v 1.064274 -0.026034 -7.371396
v 1.034871 0.053966 -7.377351
v 1.034871 -0.026034 -7.377351
v 0.903608 -0.030755 -7.491700
v 0.903608 0.029245 -7.491700
v 1.824494 0.029245 -7.303102
v 1.824494 -0.030755 -7.303102
v 0.874222 -0.030755 -7.353103
v 0.874222 0.029245 -7.353103
v 1.795776 -0.030755 -7.167793
v 1.795776 0.029245 -7.167793
v 0.923431 0.040534 -7.029552
v 0.940851 0.040534 -7.026175
v 0.982335 0.025048 -7.018137
v 0.982335 0.040534 -7.018137
v 0.940851 0.070829 -7.026175
v 0.964914 0.070829 -7.021513
v 0.974372 0.070829 -7.019680
v 0.974372 0.085048 -7.019680
v 0.931394 0.085048 -7.028008
v 0.931394 0.070829 -7.028008
v 1.631216 0.025048 -6.892386
v 1.631216 0.040534 -6.892386
v 1.613795 0.040534 -6.895762
v 1.623253 0.070829 -6.893929
v 1.623253 0.085048 -6.893929
v 1.580275 0.070829 -6.902258
v 1.585364 -0.026034 -7.042964
v 1.585364 0.053966 -7.042964
v 1.614798 0.053966 -7.037166
v 1.614798 -0.026034 -7.037166
v 1.579914 -0.026034 -7.013658
v 1.579914 0.053966 -7.013658
v 1.609352 -0.026034 -7.007878
v 1.609352 0.053966 -7.007878
v 0.991054 0.053966 -7.160052
v 1.020488 0.053966 -7.154253
v 1.020488 -0.026034 -7.154253
v 0.991054 -0.026034 -7.160052
v 1.014965 0.053966 -7.124571
v 1.014965 -0.026034 -7.124571
v 0.985527 0.053966 -7.130351
v 0.985527 -0.026034 -7.130351
v 0.851959 -0.030755 -7.244094
v 0.851959 0.029245 -7.244094
v 1.774009 0.029245 -7.061269
v 1.774009 -0.030755 -7.061269
v 0.826075 -0.030755 -7.105024
v 0.826075 0.029245 -7.105024
v 1.748687 -0.030755 -6.925059
v 1.748688 0.029245 -6.925059
v 0.923431 0.025048 -7.029552
v 0.964914 0.040534 -7.021513
v 1.580275 0.085048 -6.902258
v 1.613795 0.070829 -6.895762
v 1.589733 0.070829 -6.900425
v 1.589733 0.040534 -6.900425
v 1.572312 0.025048 -6.903801
v 1.572312 0.040534 -6.903801
v 1.539949 -0.026034 -6.798745
v 1.539949 0.053966 -6.798745
v 1.569415 0.053966 -6.793108
v 1.569415 -0.026034 -6.793108
v 1.534498 -0.026034 -6.769439
v 1.534498 0.053966 -6.769439
v 1.563968 -0.026034 -6.763823
v 1.563968 0.053966 -6.763823
v 0.945000 0.053966 -6.912539
v 0.974465 0.053966 -6.906904
v 0.974465 -0.026034 -6.906904
v 0.945000 -0.026034 -6.912539
v 0.968943 0.053966 -6.877222
v 0.968943 -0.026034 -6.877222
v 0.939474 0.053966 -6.882838
v 0.939474 -0.026034 -6.882838
v 0.805741 -0.030755 -6.995755
v 0.805741 0.029245 -6.995755
v 1.728789 0.029245 -6.818038
v 1.728789 -0.030755 -6.818038
v 0.779866 -0.030755 -6.856684
v 0.779866 0.029245 -6.856684
v 1.703460 -0.030755 -6.681831
v 1.703460 0.029245 -6.681831
v 0.860477 0.025048 -6.691164
v 0.890282 0.040534 -6.523298
v 0.872825 0.070829 -6.526481
v 0.882303 0.085048 -6.524753
v 1.540516 0.040534 -6.404742
v 1.481490 0.040534 -6.415504
v 1.532537 0.070829 -6.406197
v 1.532537 0.085048 -6.406197
v 1.498947 0.070829 -6.412322
v 1.494525 -0.026034 -6.554528
v 1.494525 0.053966 -6.554528
v 1.524022 0.053966 -6.549055
v 1.524022 -0.026034 -6.549055
v 1.489074 -0.026034 -6.525221
v 1.489074 0.053966 -6.525221
v 1.518574 -0.026034 -6.519768
v 1.518574 0.053966 -6.519768
v 0.898955 0.053966 -6.665027
v 0.928452 0.053966 -6.659554
v 0.928452 -0.026034 -6.659554
v 0.898955 -0.026034 -6.665027
v 0.922930 0.053966 -6.629871
v 0.922930 -0.026034 -6.629871
v 0.893430 0.053966 -6.635324
v 0.893430 -0.026034 -6.635324
v 0.759538 -0.030755 -6.747414
v 0.759538 0.029245 -6.747414
v 1.683555 0.029245 -6.574812
v 1.683555 -0.030755 -6.574812
v 0.733670 -0.030755 -6.608341
v 0.733670 0.029245 -6.608341
v 1.658218 -0.030755 -6.438606
v 1.658218 0.029245 -6.438606
v 0.852366 0.070829 -6.550523
v 0.882303 0.070829 -6.524753
v 0.852366 0.085048 -6.603205
v 0.890282 0.025048 -6.523298
v 0.872825 0.040534 -6.526481
v 0.860477 0.040534 -6.691164
v 0.860477 0.040534 -6.459722
v 0.860477 0.025048 -6.363777
v 0.852366 0.070829 -6.415866
v 0.852366 0.085048 -6.363777
v 1.489469 0.070829 -6.414050
v 1.489469 0.085048 -6.414050
v 1.523059 0.070829 -6.407925
v 1.540516 0.025048 -6.404742
v 1.498947 0.040534 -6.412322
v 1.523059 0.040534 -6.407925
v 1.481490 0.025048 -6.415504
v 1.449093 -0.026034 -6.310312
v 1.449093 0.053966 -6.310312
v 1.478619 0.053966 -6.305003
v 1.478619 -0.026034 -6.305003
v 1.443640 -0.026034 -6.281006
v 1.443640 0.053966 -6.281006
v 1.473170 -0.026034 -6.275716
v 1.473170 0.053966 -6.275716
v 0.842732 0.040534 -6.363778
v 0.713348 -0.030755 -6.499070
v 0.713348 0.029245 -6.499070
v 1.638307 0.029245 -6.331588
v 1.638307 -0.030755 -6.331588
v 0.687488 -0.030755 -6.359996
v 0.687488 0.029245 -6.359996
v 1.612962 -0.030755 -6.195384
v 1.612962 0.029245 -6.195384
v 0.852366 0.070829 -6.603205
v 0.860477 0.040534 -6.594129
v 0.860477 0.040534 -6.363777
v 1.401638 0.085048 -5.925268
v 1.403652 -0.026034 -6.066097
v 1.403652 0.053966 -6.066097
v 1.433207 0.053966 -6.060951
v 1.433207 -0.026034 -6.060951
v 1.398672 -0.026034 -6.036701
v 1.398672 0.053966 -6.036701
v 1.428231 -0.026034 -6.031574
v 1.428231 0.053966 -6.031574
v 0.667173 -0.030755 -6.250723
v 0.667173 0.029245 -6.250723
v 1.593045 0.029245 -6.088366
v 1.593045 -0.030755 -6.088366
v 0.643077 -0.030755 -6.111392
v 0.643077 0.029245 -6.111392
v 1.569432 -0.030755 -5.951811
v 1.569432 0.029245 -5.951811
v 1.401638 0.070829 -5.925268
v 1.435293 0.070829 -5.919509
v 1.411134 0.070829 -5.923643
v 1.444789 0.085048 -5.917885
v 1.444789 0.070829 -5.917885
v 1.452784 0.040534 -5.916517
v 1.452784 0.025048 -5.916517
v 1.411134 0.040534 -5.923643
v 1.435293 0.040534 -5.919509
v 1.393643 0.025048 -5.926635
v 1.393643 0.040534 -5.926635
v 1.363754 -0.026034 -5.820823
v 1.363754 0.053966 -5.820823
v 1.393336 0.053966 -5.815832
v 1.393336 -0.026034 -5.815832
v 1.358992 -0.026034 -5.791386
v 1.358992 0.053966 -5.791386
v 1.388577 -0.026034 -5.786413
v 1.388577 0.053966 -5.786413
v 0.625326 -0.030755 -6.001745
v 0.625326 0.029245 -6.001745
v 1.552043 0.029245 -5.844283
v 1.552043 -0.030755 -5.844283
v 0.602736 -0.030755 -5.862193
v 0.602736 0.029245 -5.862193
v 1.529908 -0.030755 -5.707429
v 1.529908 0.029245 -5.707429
v 1.331811 0.040534 -5.433325
v 1.356011 0.040534 -5.429443
v 1.356011 0.070829 -5.429443
v 1.324067 -0.026034 -5.575509
v 1.324067 0.053966 -5.575509
v 1.353674 0.053966 -5.570671
v 1.353674 -0.026034 -5.570671
v 1.319304 -0.026034 -5.546071
v 1.319304 0.053966 -5.546071
v 1.348914 -0.026034 -5.541252
v 1.348914 0.053966 -5.541252
v 0.584991 -0.030755 -5.752546
v 0.584991 0.029245 -5.752546
v 1.512514 0.029245 -5.599902
v 1.512514 -0.030755 -5.599902
v 0.562409 -0.030755 -5.612993
v 0.562409 0.029245 -5.612993
v 1.490373 -0.030755 -5.463049
v 1.490372 0.029245 -5.463049
v 1.322298 0.070829 -5.434851
v 1.322298 0.085048 -5.434851
v 1.331811 0.070829 -5.433325
v 1.365524 0.085048 -5.427917
v 1.365524 0.070829 -5.427917
v 1.373532 0.040534 -5.426633
v 1.373532 0.025048 -5.426633
v 1.314290 0.025048 -5.436136
v 1.314290 0.040534 -5.436136
v 1.284372 -0.026034 -5.330195
v 1.284372 0.053966 -5.330195
v 1.314005 0.053966 -5.325511
v 1.314005 -0.026034 -5.325511
v 1.279608 -0.026034 -5.300758
v 1.279608 0.053966 -5.300758
v 1.309244 -0.026034 -5.296093
v 1.309244 0.053966 -5.296093
v 0.544668 -0.030755 -5.503345
v 0.544668 0.029245 -5.503345
v 1.472973 0.029245 -5.355523
v 1.472973 -0.030755 -5.355523
v 0.522093 -0.030755 -5.363791
v 0.522093 0.029245 -5.363791
v 1.450824 -0.030755 -5.218671
v 1.450824 0.029245 -5.218671
v 1.235132 0.025048 -4.945608
v 1.286449 0.085048 -4.937922
v 1.276922 0.070829 -4.939350
v 1.244670 -0.026034 -5.084883
v 1.244670 0.053966 -5.084883
v 1.274326 0.053966 -5.080354
v 1.274326 -0.026034 -5.080354
v 1.239905 -0.026034 -5.055447
v 1.239905 0.053966 -5.055447
v 1.269564 -0.026034 -5.050935
v 1.269564 0.053966 -5.050935
v 0.504359 -0.030755 -5.254141
v 0.504359 0.029245 -5.254141
v 1.433419 0.029245 -5.111145
v 1.433419 -0.030755 -5.111145
v 0.481791 -0.030755 -5.114586
v 0.481791 0.029245 -5.114586
v 1.411263 -0.030755 -4.974295
v 1.411263 0.029245 -4.974295
v 1.243154 0.070829 -4.944407
v 1.243154 0.085048 -4.944407
v 1.252682 0.070829 -4.942980
v 1.286449 0.070829 -4.937922
v 1.294471 0.040534 -4.936721
v 1.294471 0.025048 -4.936721
v 1.252682 0.040534 -4.942980
v 1.276922 0.040534 -4.939350
v 1.235132 0.040534 -4.945608
v 1.207701 -0.026034 -4.839170
v 1.207701 0.053966 -4.839170
v 1.237380 0.053966 -4.834795
v 1.237380 -0.026034 -4.834795
v 1.203621 -0.026034 -4.809631
v 1.203621 0.053966 -4.809631
v 1.233303 -0.026034 -4.805275
v 1.233303 0.053966 -4.805275
v 0.465544 -0.030755 -5.004707
v 0.465544 0.029245 -5.004707
v 1.395337 0.029245 -4.866555
v 1.395337 -0.030755 -4.866555
v 0.446178 -0.030755 -4.864657
v 0.446178 0.029245 -4.864657
v 1.376373 -0.030755 -4.729240
v 1.376373 0.029245 -4.729240
v 1.226565 0.040534 -4.445176
v 1.167137 0.025048 -4.453439
v 1.184713 0.040534 -4.450995
v 1.208989 0.040534 -4.447620
v 1.218531 0.070829 -4.446293
v 1.218531 0.085048 -4.446293
v 1.208989 0.070829 -4.447620
v 1.175170 0.085048 -4.452322
v 1.173694 -0.026034 -4.593019
v 1.173694 0.053966 -4.593019
v 1.203396 0.053966 -4.588800
v 1.203396 -0.026034 -4.588800
v 1.169613 -0.026034 -4.563481
v 1.169613 0.053966 -4.563481
v 1.199317 -0.026034 -4.559281
v 1.199317 0.053966 -4.559281
v 0.430964 -0.030755 -4.754618
v 0.430964 0.029245 -4.754618
v 1.361470 0.029245 -4.621351
v 1.361470 -0.030755 -4.621351
v 0.411605 -0.030755 -4.614567
v 0.411605 0.029245 -4.614567
v 1.342499 -0.030755 -4.484037
v 1.342498 0.029245 -4.484037
v 1.175170 0.070829 -4.452322
v 1.184713 0.070829 -4.450995
v 1.226565 0.025048 -4.445176
v 1.167137 0.040534 -4.453439
v 1.139679 -0.026034 -4.346870
v 1.139679 0.053966 -4.346870
v 1.169403 0.053966 -4.342807
v 1.169403 -0.026034 -4.342807
v 1.135597 -0.026034 -4.317333
v 1.135597 0.053966 -4.317333
v 1.165323 -0.026034 -4.313289
v 1.165323 0.053966 -4.313289
v 0.396397 -0.030755 -4.504527
v 0.396397 0.029245 -4.504527
v 1.327590 0.029245 -4.376148
v 1.327590 -0.030755 -4.376148
v 0.377046 -0.030755 -4.364475
v 0.377046 0.029245 -4.364475
v 1.308611 -0.030755 -4.238836
v 1.308611 0.029245 -4.238836
v 1.158620 0.025048 -3.953636
v 1.150575 0.085048 -3.954669
v 1.105657 -0.026034 -4.100721
v 1.105657 0.053966 -4.100721
v 1.135401 0.053966 -4.096815
v 1.135401 -0.026034 -4.096815
v 1.101574 -0.026034 -4.071184
v 1.101574 0.053966 -4.071184
v 1.131321 -0.026034 -4.067297
v 1.131321 0.053966 -4.067297
v 0.361843 -0.030755 -4.254435
v 0.361843 0.029245 -4.254435
v 1.293697 0.029245 -4.130948
v 1.293697 -0.030755 -4.130948
v 0.342499 -0.030755 -4.114382
v 0.342499 0.029245 -4.114382
v 1.274711 -0.030755 -3.993637
v 1.274711 0.029245 -3.993637
v 1.107153 0.070829 -3.960242
v 1.107153 0.085048 -3.960242
v 1.141019 0.070829 -3.955895
v 1.116709 0.070829 -3.959015
v 1.150575 0.070829 -3.954669
v 1.158620 0.040534 -3.953636
v 1.116709 0.040534 -3.959015
v 1.141019 0.040534 -3.955895
v 1.099108 0.025048 -3.961274
v 1.099108 0.040534 -3.961274
v 1.071705 -0.026034 -3.854567
v 1.071705 0.053966 -3.854567
v 1.101470 0.053966 -3.850817
v 1.101470 -0.026034 -3.850817
v 1.068332 -0.026034 -3.824956
v 1.068332 0.053966 -3.824956
v 1.098099 -0.026034 -3.821226
v 1.098099 0.053966 -3.821226
v 0.327302 -0.030755 -4.004341
v 0.327302 0.029245 -4.004341
v 1.259791 0.029245 -3.885750
v 1.259791 -0.030755 -3.885750
v 0.310043 -0.030755 -3.863946
v 0.310043 0.029245 -3.863946
v 1.242896 -0.030755 -3.748252
v 1.242896 0.029245 -3.748253
v 1.057995 0.070829 -3.466100
v 1.082339 0.070829 -3.463253
v 1.048426 0.085048 -3.467219
v 1.043592 -0.026034 -3.607809
v 1.043592 0.053966 -3.607809
v 1.073378 0.053966 -3.604229
v 1.073378 -0.026034 -3.604229
v 1.040218 -0.026034 -3.578199
v 1.040218 0.053966 -3.578199
v 1.070006 -0.026034 -3.574639
v 1.070006 0.053966 -3.574639
v 0.297441 -0.030755 -3.753480
v 0.297441 0.029245 -3.753481
v 1.230582 0.029245 -3.640135
v 1.230582 -0.030755 -3.640135
v 0.281406 -0.030755 -3.612886
v 0.281406 0.029245 -3.612886
v 1.214906 -0.030755 -3.502530
v 1.214906 0.029245 -3.502530
v 1.048426 0.070829 -3.467219
v 1.091908 0.085048 -3.462134
v 1.091908 0.070829 -3.462134
v 1.099964 0.040534 -3.461192
v 1.099964 0.025048 -3.461192
v 1.057995 0.040534 -3.466100
v 1.082339 0.040534 -3.463253
v 1.040370 0.025048 -3.468161
v 1.040370 0.040534 -3.468161
v 1.015471 -0.026034 -3.361053
v 1.015471 0.053966 -3.361053
v 1.045276 0.053966 -3.357644
v 1.045276 -0.026034 -3.357644
v 1.012095 -0.026034 -3.331442
v 1.012095 0.053966 -3.331442
v 1.041903 -0.026034 -3.328053
v 1.041903 0.053966 -3.328053
v 0.268811 -0.030755 -3.502419
v 0.268811 0.029245 -3.502419
v 1.202585 0.029245 -3.394412
v 1.202585 -0.030755 -3.394412
v 0.252784 -0.030755 -3.361825
v 0.252784 0.029245 -3.361825
v 1.186900 -0.030755 -3.256808
v 1.186900 0.029245 -3.256808
v 0.984122 0.025048 -2.974794
v 1.001770 0.040534 -2.972935
v 0.984122 0.040534 -2.974794
v 1.026145 0.040534 -2.970366
v 1.001770 0.070829 -2.972934
v 1.026145 0.070829 -2.970366
v 0.992189 0.085048 -2.973944
v 0.987339 -0.026034 -3.114297
v 0.987339 0.053966 -3.114297
v 1.017164 0.053966 -3.111058
v 1.017164 -0.026034 -3.111058
v 0.983963 -0.026034 -3.084687
v 0.983963 0.053966 -3.084687
v 1.013790 -0.026034 -3.081469
v 1.013790 0.053966 -3.081469
v 0.240196 -0.030755 -3.251357
v 0.240196 0.029245 -3.251357
v 1.174572 0.029245 -3.148692
v 1.174572 -0.030755 -3.148692
v 0.224178 -0.030755 -3.110761
v 0.224178 0.029245 -3.110761
v 1.158879 -0.030755 -3.011089
v 1.158879 0.029245 -3.011089
v 0.992189 0.070829 -2.973944
v 1.035726 0.085048 -2.969357
v 1.035726 0.070829 -2.969357
v 1.043792 0.040534 -2.968507
v 1.043792 0.025048 -2.968507
v 0.959199 -0.026034 -2.867543
v 0.959199 0.053966 -2.867543
v 0.989041 0.053966 -2.864475
v 0.989042 -0.026034 -2.864475
v 0.955821 -0.026034 -2.837933
v 0.955821 0.053966 -2.837933
v 0.985666 -0.026034 -2.834885
v 0.985666 0.053966 -2.834885
v 0.211596 -0.030755 -3.000293
v 0.211596 0.029245 -3.000293
v 1.146545 0.029245 -2.902973
v 1.146545 -0.030755 -2.902973
v 0.195649 -0.030755 -2.859685
v 0.195649 0.029245 -2.859685
v 1.130905 -0.030755 -2.765369
v 1.130905 0.029245 -2.765369
v 0.995523 0.025048 -2.475479
v 0.953448 0.040534 -2.479373
v 0.935779 0.040534 -2.481008
v 0.935374 -0.026034 -2.620551
v 0.935374 0.053966 -2.620551
v 0.965236 0.053966 -2.617674
v 0.965236 -0.026034 -2.617674
v 0.932771 -0.026034 -2.590898
v 0.932771 0.053966 -2.590898
v 0.962635 -0.026034 -2.588045
v 0.962635 0.053966 -2.588045
v 0.185883 -0.030755 -2.748721
v 0.185883 0.029245 -2.748721
v 1.121415 0.029245 -2.657178
v 1.121415 -0.030755 -2.657178
v 0.173459 -0.030755 -2.607492
v 0.173459 0.029245 -2.607492
v 1.109330 -0.030755 -2.519482
v 1.109330 0.029245 -2.519482
v 0.943855 0.070829 -2.480261
v 0.943855 0.085048 -2.480261
v 0.977854 0.070829 -2.477114
v 0.953448 0.070829 -2.479373
v 0.987447 0.085048 -2.476227
v 0.987447 0.070829 -2.476227
v 0.995523 0.040534 -2.475479
v 0.977854 0.040534 -2.477114
v 0.935779 0.025048 -2.481008
v 0.913671 -0.026034 -2.373443
v 0.913671 0.053966 -2.373443
v 0.943552 0.053966 -2.370767
v 0.943552 -0.026034 -2.370767
v 0.911066 -0.026034 -2.343790
v 0.911066 0.053966 -2.343790
v 0.940949 -0.026034 -2.341138
v 0.940949 0.053966 -2.341138
v 0.163702 -0.030755 -2.496526
v 0.163702 0.029245 -2.496526
v 1.099830 0.029245 -2.411291
v 1.099830 -0.030755 -2.411291
v 0.151290 -0.030755 -2.355297
v 0.151290 0.029245 -2.355297
v 1.087733 -0.030755 -2.273596
v 1.087733 0.029245 -2.273596
v 0.952173 0.025048 -1.982240
v 0.952173 0.040534 -1.982240
v 0.892359 0.040534 -1.986963
v 0.944087 0.085048 -1.982878
v 0.934483 0.070829 -1.983637
v 0.900445 0.085048 -1.986325
v 0.891955 -0.026034 -2.126336
v 0.891955 0.053966 -2.126336
v 0.921853 0.053966 -2.123861
v 0.921853 -0.026034 -2.123861
v 0.889348 -0.026034 -2.096682
v 0.889348 0.053966 -2.096682
v 0.919248 -0.026034 -2.094232
v 0.919248 0.053966 -2.094232
v 0.141543 -0.030755 -2.244330
v 0.141543 0.029245 -2.244330
v 1.078224 0.029245 -2.165406
v 1.078224 -0.030755 -2.165406
v 0.129143 -0.030755 -2.103100
v 0.129143 0.029245 -2.103100
v 1.066115 -0.030755 -2.027712
v 1.066115 0.029245 -2.027712
v 0.900445 0.070829 -1.986325
v 0.910049 0.070829 -1.985566
v 0.944087 0.070829 -1.982878
v 0.910049 0.040534 -1.985566
v 0.934483 0.040534 -1.983637
v 0.892359 0.025048 -1.986963
v 0.870226 -0.026034 -1.879229
v 0.870226 0.053966 -1.879229
v 0.900140 0.053966 -1.876956
v 0.900140 -0.026034 -1.876956
v 0.867618 -0.026034 -1.849576
v 0.867618 0.053966 -1.849576
v 0.897533 -0.026034 -1.847327
v 0.897533 0.053966 -1.847327
v 0.119405 -0.030755 -1.992133
v 0.119405 0.029245 -1.992133
v 1.056597 0.029245 -1.919523
v 1.056597 -0.030755 -1.919523
v 0.107017 -0.030755 -1.850902
v 0.107017 0.029245 -1.850902
v 1.044476 -0.030755 -1.781830
v 1.044476 0.029245 -1.781830
v 0.917033 0.025048 -1.489180
v 0.908938 0.085048 -1.489692
v 0.874862 0.070829 -1.491848
v 0.899323 0.070829 -1.490300
v 0.865247 0.070829 -1.492456
v 0.852594 -0.026034 -1.632133
v 0.852594 0.053966 -1.632133
v 0.882524 0.053966 -1.630094
v 0.882524 -0.026034 -1.630094
v 0.850874 -0.026034 -1.602482
v 0.850874 0.053966 -1.602482
v 0.880807 -0.026034 -1.600474
v 0.880807 0.053966 -1.600474
v 0.099730 -0.030755 -1.739451
v 0.099730 0.029245 -1.739451
v 1.037432 0.029245 -1.673765
v 1.037432 -0.030755 -1.673765
v 0.091459 -0.030755 -1.597410
v 0.091459 0.029245 -1.597410
v 1.029469 -0.030755 -1.536278
v 1.029469 0.029245 -1.536278
v 0.865247 0.085048 -1.492456
v 0.908938 0.070829 -1.489692
v 0.917033 0.040534 -1.489180
v 0.874862 0.040534 -1.491848
v 0.899323 0.040534 -1.490300
v 0.857153 0.025048 -1.492968
v 0.857153 0.040534 -1.492968
v 0.838257 -0.026034 -1.385046
v 0.838257 0.053966 -1.385046
v 0.868204 0.053966 -1.383266
v 0.868204 -0.026034 -1.383266
v 0.836535 -0.026034 -1.355395
v 0.836535 0.053966 -1.355395
v 0.866484 -0.026034 -1.353646
v 0.866484 0.053966 -1.353646
v 0.084967 -0.030755 -1.485804
v 0.084967 0.029245 -1.485804
v 1.023204 0.029245 -1.428253
v 1.023204 -0.030755 -1.428253
v 0.076716 -0.030755 -1.343761
v 0.076716 0.029245 -1.343761
v 1.015221 -0.030755 -1.290768
v 1.015221 0.029245 -1.290768
v 0.888382 0.025048 -0.996265
v 0.828445 0.025048 -0.999014
v 0.846172 0.040534 -0.998201
v 0.828445 0.040534 -0.999014
v 0.880280 0.085048 -0.996637
v 0.870656 0.070829 -0.997078
v 0.836548 0.085048 -0.998642
v 0.823899 -0.026034 -1.137959
v 0.823899 0.053966 -1.137959
v 0.853860 0.053966 -1.136440
v 0.853860 -0.026034 -1.136440
v 0.822174 -0.026034 -1.108309
v 0.822174 0.053966 -1.108309
v 0.852137 -0.026034 -1.106820
v 0.852137 0.053966 -1.106820
v 0.070240 -0.030755 -1.232154
v 0.070240 0.029245 -1.232154
v 1.008941 0.029245 -1.182744
v 1.008941 -0.030755 -1.182744
v 0.062008 -0.030755 -1.090110
v 0.062008 0.029245 -1.090110
v 1.000937 -0.030755 -1.045260
v 1.000937 0.029245 -1.045260
v 0.836548 0.070829 -0.998642
v 0.846172 0.070829 -0.998201
v 0.880280 0.070829 -0.996637
v 0.888382 0.040534 -0.996265
v 0.870656 0.040534 -0.997078
v 0.809519 -0.026034 -0.890874
v 0.809519 0.053966 -0.890874
v 0.839492 0.053966 -0.889615
v 0.839492 -0.026034 -0.889615
v 0.807792 -0.026034 -0.861224
v 0.807792 0.053966 -0.861224
v 0.837767 -0.026034 -0.859995
v 0.837767 0.053966 -0.859995
v 0.055548 -0.030755 -0.978503
v 0.055548 0.029245 -0.978503
v 0.994642 0.029245 -0.937237
v 0.994642 -0.030755 -0.937237
v 0.048270 -0.030755 -0.836581
v 0.048270 0.029245 -0.836581
v 0.987541 -0.030755 -0.799556
v 0.987541 0.029245 -0.799556
v 0.811546 0.025048 -0.503267
v 0.863407 0.085048 -0.501562
v 0.829282 0.070829 -0.502684
v 0.819653 0.085048 -0.503000
v 0.819653 0.070829 -0.503000
v 0.801977 -0.026034 -0.642786
v 0.801977 0.053966 -0.642786
v 0.831958 0.053966 -0.641710
v 0.831958 -0.026034 -0.641710
v 0.801327 -0.026034 -0.612977
v 0.801327 0.053966 -0.612977
v 0.831308 -0.026034 -0.611921
v 0.831308 0.053966 -0.611921
v 0.985176 0.029245 -0.690688
v 0.985176 -0.030755 -0.690688
v 0.982163 -0.030755 -0.552130
v 0.982163 0.029245 -0.552130
v 0.853779 0.070829 -0.501878
v 0.863407 0.070829 -0.501562
v 0.871514 0.040534 -0.501295
v 0.871514 0.025048 -0.501295
v 0.829282 0.040534 -0.502684
v 0.853779 0.040534 -0.501878
v 0.811546 0.040534 -0.503267
v 0.796558 -0.026034 -0.394385
v 0.796558 0.053966 -0.394385
v 0.826544 0.053966 -0.393470
v 0.826544 -0.026034 -0.393470
v 0.795907 -0.026034 -0.364577
v 0.795907 0.053966 -0.364577
v 0.825893 -0.026034 -0.363681
v 0.825893 0.053966 -0.363681
v 0.979792 0.029245 -0.443262
v 0.979792 -0.030755 -0.443262
v 0.976771 -0.030755 -0.304704
v 0.976771 0.029245 -0.304704
v 0.860477 0.025048 -0.000050
v 0.860477 0.040534 -0.000050
v 0.800477 0.025048 -0.000050
v 0.818222 0.040534 -0.000050
v 0.800477 0.040534 -0.000050
v 0.842732 0.040534 -0.000050
v 0.852366 0.070829 -0.000050
v 0.852366 0.085048 -0.000050
v 0.818222 0.070829 -0.000050
v 0.842732 0.070829 -0.000050
v 0.808588 0.085048 -0.000050
v 0.808588 0.070829 -0.000050
v 0.791130 -0.026034 -0.145985
v 0.791130 0.053966 -0.145985
v 0.821121 0.053966 -0.145230
v 0.821121 -0.026034 -0.145230
v 0.790478 -0.026034 -0.116176
v 0.790478 0.053966 -0.116176
v 0.820469 -0.026034 -0.115441
v 0.820469 0.053966 -0.115441
v 0.842732 0.040534 -6.498730
v 0.842732 0.070829 -6.498729
v 2.452899 0.029245 -9.874373
v 2.452899 -0.030755 -9.874373
v 2.347412 0.025048 -9.903833
v 2.347412 0.040534 -9.903833
v 2.297404 0.070829 -9.917675
v 2.289587 0.040534 -9.919840
v 2.277352 -0.026034 -9.922907
v 1.722648 0.053966 -10.077091
v 1.722648 -0.026034 -10.077091
v 1.693743 -0.026034 -10.085126
v 1.693311 0.040534 -10.084894
v 1.693311 0.070829 -10.084894
v 1.702596 0.070829 -10.082324
v 1.702596 0.085048 -10.082324
v 1.660405 0.085048 -10.094004
v 1.547101 0.029245 -10.125628
v 1.547101 -0.030755 -10.125628
v 0.030000 -0.030755 -2.555050
v 0.030000 -0.030755 -2.805050
v 0.030000 -0.030755 -3.055050
v 0.661679 0.040534 -5.540822
v 0.703400 0.040534 -5.534130
v 0.679200 0.040534 -5.538012
v 0.712913 0.070829 -5.532603
v 0.679200 0.070829 -5.538012
v 0.712913 0.085048 -5.532603
v 0.703400 0.070829 -5.534130
v 0.669687 0.070829 -5.539537
v 0.669687 0.085048 -5.539537
v 0.720921 0.025048 -5.531319
v 0.661679 0.025048 -5.540822
v 0.720921 0.040534 -5.531319
v 0.581469 0.025048 -5.043504
v 0.599018 0.070829 -5.040876
v 0.589490 0.085048 -5.042303
v 0.632785 0.085048 -5.035819
v 0.632785 0.070829 -5.035819
v 0.623257 0.070829 -5.037246
v 0.589490 0.070829 -5.042303
v 0.640807 0.025048 -5.034617
v 0.581469 0.040534 -5.043504
v 0.599018 0.040534 -5.040876
v 0.623257 0.040534 -5.037246
v 0.640807 0.040534 -5.034617
v 0.512480 0.040534 -4.544464
v 0.571909 0.040534 -4.536201
v 0.554333 0.070829 -4.538645
v 0.563875 0.085048 -4.537318
v 0.530056 0.070829 -4.542020
v 0.563875 0.070829 -4.537318
v 0.520514 0.070829 -4.543347
v 0.520514 0.085048 -4.543347
v 0.571909 0.025048 -4.536201
v 0.512480 0.025048 -4.544464
v 0.530056 0.040534 -4.542020
v 0.554333 0.040534 -4.538645
v 0.485443 0.070829 -4.040039
v 0.451577 0.085048 -4.044385
v 0.461133 0.070829 -4.043159
v 0.494999 0.085048 -4.038812
v 0.494999 0.070829 -4.038812
v 0.451577 0.070829 -4.044385
v 0.503044 0.025048 -4.037779
v 0.443532 0.025048 -4.045418
v 0.443532 0.040534 -4.045418
v 0.461133 0.040534 -4.043159
v 0.485443 0.040534 -4.040039
v 0.503044 0.040534 -4.037779
v 0.424681 0.040534 -3.540495
v 0.400325 0.040534 -3.543235
v 0.400325 0.070829 -3.543235
v 0.434255 0.085048 -3.539418
v 0.434255 0.070829 -3.539418
v 0.424681 0.070829 -3.540495
v 0.390751 0.070829 -3.544312
v 0.390751 0.085048 -3.544312
v 0.442315 0.025048 -3.538511
v 0.382691 0.025048 -3.545219
v 0.382691 0.040534 -3.545219
v 0.442315 0.040534 -3.538511
v 0.331617 0.025048 -3.044307
v 0.331617 0.040534 -3.044307
v 0.391357 0.040534 -3.038729
v 0.373689 0.070829 -3.040379
v 0.383281 0.070829 -3.039483
v 0.383281 0.085048 -3.039483
v 0.339693 0.085048 -3.043553
v 0.349285 0.070829 -3.042657
v 0.339693 0.070829 -3.043553
v 0.391357 0.025048 -3.038729
v 0.349285 0.040534 -3.042657
v 0.373689 0.040534 -3.040379
v 0.306106 0.040534 -2.540199
v 0.348225 0.040534 -2.536805
v 0.306106 0.070829 -2.540199
v 0.330537 0.070829 -2.538230
v 0.340140 0.085048 -2.537456
v 0.340140 0.070829 -2.537456
v 0.296503 0.070829 -2.540972
v 0.296503 0.085048 -2.540972
v 0.348225 0.025048 -2.536805
v 0.288418 0.025048 -2.541624
v 0.288418 0.040534 -2.541624
v 0.330537 0.040534 -2.538230
v 0.297600 0.070829 -2.035449
v 0.307213 0.070829 -2.034804
v 0.273145 0.070829 -2.037087
v 0.307213 0.085048 -2.034804
v 0.263533 0.070829 -2.037732
v 0.263533 0.085048 -2.037732
v 0.315305 0.025048 -2.034262
v 0.255440 0.025048 -2.038274
v 0.255440 0.040534 -2.038274
v 0.273145 0.040534 -2.037087
v 0.297600 0.040534 -2.035449
v 0.315305 0.040534 -2.034262
v 0.277126 0.040534 -1.531527
v 0.252648 0.070829 -1.532783
v 0.277126 0.070829 -1.531527
v 0.243027 0.070829 -1.533277
v 0.286747 0.085048 -1.531033
v 0.286747 0.070829 -1.531033
v 0.243027 0.085048 -1.533277
v 0.294847 0.025048 -1.530617
v 0.234926 0.025048 -1.533693
v 0.234926 0.040534 -1.533693
v 0.252648 0.040534 -1.532783
v 0.294847 0.040534 -1.530617
v 0.744304 0.070838 -5.934828
v 0.768484 0.070838 -5.928438
v 0.777988 0.070838 -5.926863
v 0.777988 0.085057 -5.926863
v 0.735481 0.070838 -5.936913
v 0.735480 0.085057 -5.936913
v 0.785990 0.025057 -5.925536
v 0.726798 0.025057 -5.938966
v 0.726798 0.040543 -5.938966
v 0.744304 0.040543 -5.934828
v 0.768484 0.040543 -5.928438
v 0.785990 0.040543 -5.925536
v 0.808588 0.070829 -1.550308
v 0.842732 0.040534 -1.550308
v 0.860477 0.025048 -1.550308
v 0.860477 0.040534 -1.550308
v 0.800477 0.025048 -1.550308
v 0.818222 0.040534 -1.550308
v 0.800477 0.040534 -1.550308
v 0.852366 0.070829 -1.550308
v 0.852366 0.085048 -1.550308
v 0.818222 0.070829 -1.550308
v 0.842732 0.070829 -1.550308
v 0.808588 0.085048 -1.550308
v 0.808588 0.070829 -2.000050
v 0.842732 0.070829 -2.000050
v 0.818222 0.070829 -2.000050
v 0.800477 0.040534 -2.000050
v 0.860477 0.025048 -2.000050
v 0.860477 0.040534 -2.000050
v 0.800477 0.025048 -2.000050
v 0.818222 0.040534 -2.000050
v 0.842732 0.040534 -2.000050
v 0.852366 0.070829 -2.000050
v 0.852366 0.085048 -2.000050
v 0.808588 0.085048 -2.000050
v 0.808588 0.070829 -3.000050
v 0.860477 0.040534 -3.000050
v 0.860477 0.025048 -3.000050
v 0.800477 0.025048 -3.000050
v 0.818222 0.040534 -3.000050
v 0.800477 0.040534 -3.000050
v 0.842732 0.040534 -3.000050
v 0.852366 0.070829 -3.000050
v 0.852366 0.085048 -3.000050
v 0.818222 0.070829 -3.000050
v 0.842732 0.070829 -3.000050
v 0.808588 0.085048 -3.000050
v 0.808588 0.070829 -4.000051
v 0.860477 0.040534 -4.000051
v 0.860477 0.025048 -4.000051
v 0.800477 0.025048 -4.000051
v 0.800477 0.040534 -4.000051
v 0.818222 0.040534 -4.000051
v 0.842732 0.040534 -4.000051
v 0.852366 0.070829 -4.000051
v 0.852366 0.085048 -4.000051
v 0.818222 0.070829 -4.000051
v 0.842732 0.070829 -4.000051
v 0.808588 0.085048 -4.000051
v 0.860477 0.025048 -5.000051
v 0.860477 0.040534 -5.000051
v 0.800477 0.025048 -5.000051
v 0.818222 0.040534 -5.000051
v 0.800477 0.040534 -5.000051
v 0.842732 0.040534 -5.000051
v 0.852366 0.070829 -5.000051
v 0.852366 0.085048 -5.000051
v 0.818222 0.070829 -5.000051
v 0.842732 0.070829 -5.000051
v 0.808588 0.085048 -5.000051
v 0.808588 0.070829 -5.000051
v 0.808588 0.070829 -5.923766
v 0.842732 0.070829 -5.923766
v 0.852366 0.085048 -5.923766
v 0.860477 0.040534 -5.923766
v 0.800477 0.040534 -5.923766
v 0.860477 0.024617 -5.923766
v 0.800477 0.024617 -5.923766
v 0.818222 0.040534 -5.923766
v 0.842732 0.040534 -5.923766
v 0.852366 0.070829 -5.923766
v 0.818222 0.070829 -5.923766
v 0.808588 0.085048 -5.923766
vt 0.228742 0.264454
vt 0.314864 0.264396
vt 0.314864 0.264396
vt 0.375080 0.210354
vt 0.375120 0.197720
vt 0.733145 0.200186
vt 0.228742 0.264454
vt 0.228742 0.264454
vt 0.078125 0.210230
vt 0.078125 0.196202
vt 0.078125 0.196202
vt 0.228742 0.264454
vt 0.228742 0.264454
vt 0.203456 0.201954
vt 0.207518 0.201954
vt 0.207518 0.201954
vt 0.828325 0.209562
vt 0.827628 0.210448
vt 0.827628 0.210448
vt 0.906250 0.205078
vt 0.906450 0.207609
vt 0.905753 0.210448
vt 0.203076 0.268184
vt 0.203076 0.268184
vt 0.203076 0.268184
vt 0.356810 0.204172
vt 0.815548 0.202266
vt 0.815548 0.202891
vt 0.044059 0.201922
vt 0.039879 0.203943
vt 0.039879 0.203943
vt 0.203076 0.268184
vt 0.203076 0.268184
vt 0.011699 0.197557
vt 0.015991 0.208983
vt 0.015991 0.208983
vt 0.203076 0.268184
vt 0.203076 0.268184
vt 0.924696 0.196226
vt 0.924696 0.196226
vt 0.924704 0.206497
vt 0.889692 0.193233
vt 0.889704 0.208997
vt 0.889704 0.208997
vt 0.886597 0.302580
vt 0.890450 0.296828
vt 0.888672 0.309840
vt 0.352813 0.229425
vt 0.355913 0.238715
vt 0.767190 0.232499
vt 0.905875 0.000000
vt 0.905875 0.012881
vt 0.905875 0.000000
vt 0.000200 0.219937
vt 0.000200 0.259595
vt 0.000200 0.259595
vt 0.906387 0.321630
vt 0.000200 0.219937
vt 0.906075 0.259595
vt 0.000512 0.321630
vt 0.906075 0.259595
vt 0.906075 0.219937
vt 0.906075 0.219937
vt 0.905875 0.012881
vt 0.905875 0.025761
vt 0.905875 0.012881
vt 0.906075 0.219937
vt 0.000200 0.259595
vt 0.905875 0.012881
vt 0.006059 0.204312
vt 0.007950 0.202489
vt 0.006059 0.204312
vt 0.000000 0.000000
vt 0.000000 0.000000
vt 0.000000 0.000000
vt 0.000000 0.000000
vt 0.000000 0.000000
vt 0.228742 0.264454
vt 0.000000 0.000000
vt 0.000000 0.000000
vt 0.352813 0.229425
vt 0.355913 0.238715
vt 0.767190 0.232499
vt 0.000000 0.000000
vt 0.000000 0.000000
vt 0.000000 0.000000
vt 0.000000 0.000000
vt 0.000000 0.000000
vt 0.000000 0.034093
vt 0.000000 0.048121
vt 0.000000 0.048121
vt 0.894668 0.325536
vt 0.890625 0.330078
vt 0.894668 0.325536
vt 0.000000 0.000000
vt 0.000000 0.000000
vt 0.000000 0.000000
vt 0.000000 0.000000
vt 0.000000 0.000000
vt 0.000000 0.000000
vt 0.000000 0.000000
vt 0.228742 0.264454
vt 0.733878 0.210448
vt 0.228742 0.264454
vt 0.078125 0.210230
vt 0.203456 0.201954
vt 0.828325 0.209562
vt 0.906250 0.205078
vt 0.203076 0.268184
vt 0.362796 0.202697
vt 0.044059 0.201922
vt 0.011699 0.197557
vt 0.924704 0.206497
vt 0.889692 0.193233
vt 0.888672 0.295812
vt 0.352813 0.229425
vt 0.100706 0.228778
vt 0.906075 0.259595
vt 0.000200 0.219937
vt 0.905875 0.012881
vt 0.007950 0.202489
vt 0.000000 0.000000
vt 0.228742 0.264454
vt -0.000122 0.210448
vt 0.000000 0.000000
vt 0.000000 0.000000
vt 0.890625 0.330078
vt 0.000000 0.000000
vt 0.000000 0.000000
vt 0.000000 0.000000
vt 0.956520 0.048016
vt 0.938812 0.048016
vt 0.938812 0.032562
vt 0.980980 0.048016
vt 0.980980 0.078248
vt 0.998688 0.032562
vt 0.998688 0.048016
vt 0.999050 0.342604
vt 0.939310 0.183297
vt 0.939310 0.342604
vt 0.999050 0.342604
vt 0.939310 0.183297
vt 0.939310 0.342604
vt 0.939310 0.342604
vt 0.999050 0.183297
vt 0.939310 0.183297
vt 0.999050 0.342604
vt 0.939310 0.183297
vt 0.939310 0.342604
vt 0.985655 0.179437
vt 0.939081 0.132863
vt 0.939081 0.179437
vt 0.979692 0.844034
vt -0.000781 0.781451
vt 0.979692 0.781451
vt 0.145247 0.718868
vt -0.000781 0.656284
vt 0.145247 0.656284
vt 0.979692 0.781451
vt -0.000781 0.718868
vt 0.979692 0.718868
vt 0.302823 0.718868
vt 0.156795 0.656284
vt 0.302823 0.656284
vt 1.000000 1.000000
vt 0.000000 0.851064
vt 1.000000 0.851064
vt 0.998987 0.652658
vt 0.001647 0.504118
vt 0.998987 0.504118
vt 0.999050 0.342604
vt 0.939310 0.183297
vt 0.939310 0.342604
vt 0.999050 0.342604
vt 0.939310 0.183297
vt 0.939310 0.342604
vt 0.939310 0.342604
vt 0.999050 0.183297
vt 0.939310 0.183297
vt 0.999050 0.342604
vt 0.939310 0.183297
vt 0.939310 0.342604
vt 0.939081 0.179437
vt 0.985655 0.132863
vt 0.939081 0.132863
vt 0.979692 0.844034
vt -0.000781 0.781451
vt 0.979692 0.781451
vt 0.145247 0.718868
vt -0.000781 0.656284
vt 0.145247 0.656284
vt 0.979692 0.781451
vt -0.000781 0.718868
vt 0.979692 0.718868
vt 1.000000 1.000000
vt 0.000000 0.851064
vt 1.000000 0.851064
vt 0.998987 0.652658
vt 0.001647 0.504118
vt 0.998987 0.504118
vt 0.999050 0.342604
vt 0.939310 0.183297
vt 0.939310 0.342604
vt 0.999050 0.342604
vt 0.939310 0.183297
vt 0.939310 0.342604
vt 0.939310 0.342604
vt 0.999050 0.183297
vt 0.939310 0.183297
vt 0.999050 0.342604
vt 0.939310 0.183297
vt 0.939310 0.342604
vt 0.985655 0.179437
vt 0.939081 0.132863
vt 0.939081 0.179437
vt 0.979692 0.781451
vt -0.000781 0.844034
vt -0.000781 0.781451
vt 0.145247 0.718868
vt -0.000781 0.656284
vt 0.145247 0.656284
vt 0.302823 0.718868
vt 0.156795 0.656284
vt 0.302823 0.656284
vt 0.998987 0.652658
vt 0.001647 0.504118
vt 0.998987 0.504118
vt 0.000000 0.048121
vt 0.905875 0.062150
vt 0.000000 0.062150
vt 0.000000 0.034093
vt 0.905875 0.048121
vt 0.000000 0.048121
vt 0.000200 0.259595
vt 0.906075 0.219937
vt 0.906075 0.259595
vt -0.000122 0.210448
vt 0.905753 0.156096
vt 0.905753 0.210448
vt 0.000000 0.121202
vt 0.905875 0.093759
vt 0.905875 0.121202
vt 0.000000 0.025761
vt 0.905875 0.012881
vt 0.905875 0.025761
vt 0.000512 0.330358
vt 0.906387 0.321630
vt 0.906387 0.330358
vt 0.906075 0.296828
vt 0.000200 0.312903
vt 0.000200 0.296828
vt 0.000000 0.089593
vt 0.905875 0.062150
vt 0.905875 0.089593
vt 0.905875 0.012881
vt 0.000000 0.000000
vt 0.905875 0.000000
vt 0.000512 0.321630
vt 0.906387 0.312903
vt 0.906387 0.321630
vt 0.906075 0.281378
vt 0.000200 0.297453
vt 0.000200 0.281378
vt 0.999050 0.342604
vt 0.939310 0.183297
vt 0.939310 0.342604
vt 0.999050 0.342604
vt 0.939310 0.183297
vt 0.939310 0.342604
vt 0.939310 0.342604
vt 0.999050 0.183297
vt 0.939310 0.183297
vt 0.999050 0.342604
vt 0.939310 0.183297
vt 0.939310 0.342604
vt 0.985655 0.179437
vt 0.939081 0.132863
vt 0.939081 0.179437
vt 0.979692 0.781451
vt -0.000781 0.844034
vt -0.000781 0.781451
vt 0.145247 0.718868
vt -0.000781 0.656284
vt 0.145247 0.656284
vt 0.979692 0.781451
vt -0.000781 0.718868
vt 0.979692 0.718868
vt 0.302823 0.718868
vt 0.156795 0.656284
vt 0.302823 0.656284
vt 1.000000 1.000000
vt 0.000000 0.851064
vt 1.000000 0.851064
vt 0.998987 0.652658
vt 0.001647 0.504118
vt 0.998987 0.504118
vt 0.999050 0.342604
vt 0.939310 0.183297
vt 0.939310 0.342604
vt 0.999050 0.342604
vt 0.939310 0.183297
vt 0.939310 0.342604
vt 0.939310 0.342604
vt 0.999050 0.183297
vt 0.939310 0.183297
vt 0.999050 0.342604
vt 0.939310 0.183297
vt 0.939310 0.342604
vt 0.985655 0.179437
vt 0.939081 0.132863
vt 0.939081 0.179437
vt 0.979692 0.844034
vt -0.000781 0.781451
vt 0.979692 0.781451
vt 0.145247 0.718868
vt -0.000781 0.656284
vt 0.145247 0.656284
vt 0.979692 0.781451
vt -0.000781 0.718868
vt 0.979692 0.718868
vt 0.302823 0.718868
vt 0.156795 0.656284
vt 0.302823 0.656284
vt 1.000000 1.000000
vt 0.000000 0.851064
vt 1.000000 0.851064
vt 0.998987 0.652658
vt 0.001647 0.504118
vt 0.998987 0.504118
vt 0.999050 0.342604
vt 0.939310 0.183297
vt 0.939310 0.342604
vt 0.999050 0.342604
vt 0.939310 0.183297
vt 0.939310 0.342604
vt 0.939310 0.342604
vt 0.999050 0.183297
vt 0.939310 0.183297
vt 0.999050 0.342604
vt 0.939310 0.183297
vt 0.939310 0.342604
vt 0.985655 0.179437
vt 0.939081 0.132863
vt 0.939081 0.179437
vt 0.979692 0.844034
vt -0.000781 0.781451
vt 0.979692 0.781451
vt 0.145247 0.718868
vt -0.000781 0.656284
vt 0.145247 0.656284
vt 0.979692 0.781451
vt -0.000781 0.718868
vt 0.979692 0.718868
vt 0.302823 0.718868
vt 0.156795 0.656284
vt 0.302823 0.656284
vt 1.000000 1.000000
vt 0.000000 0.851064
vt 1.000000 0.851064
vt 0.998987 0.652658
vt 0.001647 0.504118
vt 0.998987 0.504118
vt 0.999050 0.342604
vt 0.939310 0.183297
vt 0.939310 0.342604
vt 0.999050 0.342604
vt 0.939310 0.183297
vt 0.939310 0.342604
vt 0.939310 0.342604
vt 0.999050 0.183297
vt 0.939310 0.183297
vt 0.999050 0.342604
vt 0.939310 0.183297
vt 0.939310 0.342604
vt 0.985655 0.179437
vt 0.939081 0.132863
vt 0.939081 0.179437
vt 0.979692 0.781451
vt -0.000781 0.844034
vt -0.000781 0.781451
vt 0.145247 0.718868
vt -0.000781 0.656284
vt 0.145247 0.656284
vt 0.979692 0.781451
vt -0.000781 0.718868
vt 0.979692 0.718868
vt 0.302823 0.718868
vt 0.156795 0.656284
vt 0.302823 0.656284
vt 1.000000 1.000000
vt 0.000000 0.851064
vt 1.000000 0.851064
vt 0.998987 0.652658
vt 0.001647 0.504118
vt 0.998987 0.504118
vt 0.000000 0.062150
vt 0.905875 0.048121
vt 0.905875 0.062150
vt 0.000000 0.034093
vt 0.905875 0.048121
vt 0.000000 0.048121
vt 0.000200 0.219937
vt 0.906075 0.259595
vt 0.000200 0.259595
vt -0.000122 0.210448
vt 0.905753 0.156096
vt 0.905753 0.210448
vt 0.000000 0.121202
vt 0.905875 0.093759
vt 0.905875 0.121202
vt 0.000000 0.025761
vt 0.905875 0.012881
vt 0.905875 0.025761
vt 0.000512 0.330358
vt 0.906387 0.321630
vt 0.906387 0.330358
vt 0.000200 0.296828
vt 0.906075 0.312903
vt 0.000200 0.312903
vt 0.000000 0.089593
vt 0.905875 0.062150
vt 0.905875 0.089593
vt 0.905875 0.012881
vt 0.000000 0.000000
vt 0.905875 0.000000
vt 0.000512 0.321630
vt 0.906387 0.312903
vt 0.906387 0.321630
vt 0.906075 0.281378
vt 0.000200 0.297453
vt 0.000200 0.281378
vt 0.999050 0.342604
vt 0.939310 0.183297
vt 0.939310 0.342604
vt 0.999050 0.342604
vt 0.939310 0.183297
vt 0.939310 0.342604
vt 0.939310 0.342604
vt 0.999050 0.183297
vt 0.939310 0.183297
vt 0.999050 0.342604
vt 0.939310 0.183297
vt 0.939310 0.342604
vt 0.985655 0.179437
vt 0.939081 0.132863
vt 0.939081 0.179437
vt 0.979692 0.844034
vt -0.000781 0.781451
vt 0.979692 0.781451
vt 0.145247 0.718868
vt -0.000781 0.656284
vt 0.145247 0.656284
vt 0.979692 0.781451
vt -0.000781 0.718868
vt 0.979692 0.718868
vt 0.302823 0.718868
vt 0.156795 0.656284
vt 0.302823 0.656284
vt 1.000000 1.000000
vt 0.000000 0.851064
vt 1.000000 0.851064
vt 0.998987 0.652658
vt 0.001647 0.504118
vt 0.998987 0.504118
vt 0.999050 0.342604
vt 0.939310 0.183297
vt 0.939310 0.342604
vt 0.999050 0.342604
vt 0.939310 0.183297
vt 0.939310 0.342604
vt 0.939310 0.342604
vt 0.999050 0.183297
vt 0.939310 0.183297
vt 0.939310 0.342604
vt 0.999050 0.183297
vt 0.939310 0.183297
vt 0.985655 0.179437
vt 0.939081 0.132863
vt 0.939081 0.179437
vt 0.979692 0.844034
vt -0.000781 0.781451
vt 0.979692 0.781451
vt 0.145247 0.718868
vt -0.000781 0.656284
vt 0.145247 0.656284
vt 0.979692 0.781451
vt -0.000781 0.718868
vt 0.979692 0.718868
vt 0.302823 0.718868
vt 0.156795 0.656284
vt 0.302823 0.656284
vt 1.000000 1.000000
vt 0.000000 0.851064
vt 1.000000 0.851064
vt 0.998987 0.652658
vt 0.001647 0.504118
vt 0.998987 0.504118
vt 0.999050 0.342604
vt 0.939310 0.183297
vt 0.939310 0.342604
vt 0.999050 0.342604
vt 0.939310 0.183297
vt 0.939310 0.342604
vt 0.939310 0.342604
vt 0.999050 0.183297
vt 0.939310 0.183297
vt 0.939310 0.342604
vt 0.999050 0.183297
vt 0.939310 0.183297
vt 0.985655 0.179437
vt 0.939081 0.132863
vt 0.939081 0.179437
vt 0.979692 0.781451
vt -0.000781 0.844034
vt -0.000781 0.781451
vt 0.145247 0.718868
vt -0.000781 0.656284
vt 0.145247 0.656284
vt 0.979692 0.781451
vt -0.000781 0.718868
vt 0.979692 0.718868
vt 0.302823 0.718868
vt 0.156795 0.656284
vt 0.302823 0.656284
vt 1.000000 1.000000
vt 0.000000 0.851064
vt 1.000000 0.851064
vt 0.998987 0.652658
vt 0.001647 0.504118
vt 0.998987 0.504118
vt 0.999050 0.342604
vt 0.939310 0.183297
vt 0.939310 0.342604
vt 0.999050 0.342604
vt 0.939310 0.183297
vt 0.939310 0.342604
vt 0.939310 0.342604
vt 0.999050 0.183297
vt 0.939310 0.183297
vt 0.939310 0.342604
vt 0.999050 0.183297
vt 0.939310 0.183297
vt 0.985655 0.179437
vt 0.939081 0.132863
vt 0.939081 0.179437
vt 0.979692 0.781451
vt -0.000781 0.844034
vt -0.000781 0.781451
vt 0.000000 1.000000
vt 1.000000 1.000000
vt 0.156795 0.656284
vt 0.302823 0.718868
vt 0.302823 0.656284
vt 0.000000 0.851064
vt 1.000000 0.851064
vt 0.000000 0.048121
vt 0.905875 0.062150
vt 0.000000 0.062150
vt 0.000000 0.034093
vt 0.905875 0.048121
vt 0.000000 0.048121
vt 0.000200 0.219937
vt 0.906075 0.259595
vt 0.000200 0.259595
vt -0.000122 0.210448
vt 0.905753 0.156096
vt 0.905753 0.210448
vt 0.000000 0.121202
vt 0.905875 0.093759
vt 0.905875 0.121202
vt 0.000000 0.025761
vt 0.905875 0.012881
vt 0.905875 0.025761
vt 0.000512 0.330358
vt 0.906387 0.321630
vt 0.906387 0.330358
vt 0.906075 0.296828
vt 0.000200 0.312903
vt 0.000200 0.296828
vt 0.000000 0.089593
vt 0.905875 0.062150
vt 0.905875 0.089593
vt 0.000000 0.012881
vt 0.905875 0.000000
vt 0.905875 0.012881
vt 0.000512 0.321630
vt 0.906387 0.312903
vt 0.906387 0.321630
vt 0.906075 0.281378
vt 0.000200 0.297453
vt 0.000200 0.281378
vt 0.999050 0.342604
vt 0.939310 0.183297
vt 0.939310 0.342604
vt 0.999050 0.342604
vt 0.939310 0.183297
vt 0.939310 0.342604
vt 0.939310 0.342604
vt 0.999050 0.183297
vt 0.939310 0.183297
vt 0.939310 0.342604
vt 0.999050 0.183297
vt 0.939310 0.183297
vt 0.985655 0.179437
vt 0.939081 0.132863
vt 0.939081 0.179437
vt 0.979692 0.844034
vt -0.000781 0.781451
vt 0.979692 0.781451
vt -0.000781 0.656284
vt 0.000000 0.000000
vt 0.302823 0.718868
vt 0.156795 0.656284
vt 0.302823 0.656284
vt 1.000000 1.000000
vt 0.000000 0.851064
vt 1.000000 0.851064
vt 0.145247 0.718868
vt -0.000781 0.656284
vt 0.000000 0.000000
vt 0.999050 0.342604
vt 0.939310 0.183297
vt 0.939310 0.342604
vt 0.999050 0.342604
vt 0.939310 0.183297
vt 0.939310 0.342604
vt 0.939310 0.342604
vt 0.999050 0.183297
vt 0.939310 0.183297
vt 0.939310 0.342604
vt 0.999050 0.183297
vt 0.939310 0.183297
vt 0.985655 0.179437
vt 0.939081 0.132863
vt 0.939081 0.179437
vt 0.979692 0.781451
vt -0.000781 0.844034
vt -0.000781 0.781451
vt 0.302823 0.718868
vt 0.156795 0.656284
vt 0.302823 0.656284
vt 1.000000 1.000000
vt 0.000000 0.851064
vt 1.000000 0.851064
vt 0.999050 0.342604
vt 0.939310 0.183297
vt 0.939310 0.342604
vt 0.999050 0.342604
vt 0.939310 0.183297
vt 0.939310 0.342604
vt 0.939310 0.342604
vt 0.999050 0.183297
vt 0.939310 0.183297
vt 0.939310 0.342604
vt 0.999050 0.183297
vt 0.939310 0.183297
vt 0.985655 0.179437
vt 0.939081 0.132863
vt 0.939081 0.179437
vt 0.979692 0.781451
vt -0.000781 0.844034
vt -0.000781 0.781451
vt 0.145247 0.718868
vt -0.000781 0.656284
vt 0.145247 0.656284
vt 0.979692 0.781451
vt -0.000781 0.718868
vt 0.979692 0.718868
vt 0.302823 0.718868
vt 0.156795 0.656284
vt 0.302823 0.656284
vt 1.000000 1.000000
vt 0.000000 0.851064
vt 1.000000 0.851064
vt 0.998987 0.652658
vt 0.001647 0.504118
vt 0.998987 0.504118
vt 0.999050 0.342604
vt 0.939310 0.183297
vt 0.939310 0.342604
vt 0.999050 0.342604
vt 0.939310 0.183297
vt 0.939310 0.342604
vt 0.939310 0.342604
vt 0.999050 0.183297
vt 0.939310 0.183297
vt 0.939310 0.342604
vt 0.999050 0.183297
vt 0.939310 0.183297
vt 0.985655 0.179437
vt 0.939081 0.132863
vt 0.939081 0.179437
vt 0.979692 0.844034
vt -0.000781 0.781451
vt 0.979692 0.781451
vt 0.145247 0.718868
vt -0.000781 0.656284
vt 0.145247 0.656284
vt 0.979692 0.781451
vt -0.000781 0.718868
vt 0.979692 0.718868
vt 0.302823 0.718868
vt 0.156795 0.656284
vt 0.302823 0.656284
vt 1.000000 1.000000
vt 0.000000 0.851064
vt 1.000000 0.851064
vt 0.998987 0.652658
vt 0.001647 0.504118
vt 0.998987 0.504118
vt 0.000000 0.062150
vt 0.905875 0.048121
vt 0.905875 0.062150
vt 0.000000 0.034093
vt 0.905875 0.048121
vt 0.000000 0.048121
vt 0.000200 0.219937
vt 0.906075 0.259595
vt 0.000200 0.259595
vt -0.000122 0.210448
vt 0.905753 0.156096
vt 0.905753 0.210448
vt 0.000000 0.121202
vt 0.905875 0.093759
vt 0.905875 0.121202
vt 0.000000 0.025761
vt 0.905875 0.012881
vt 0.905875 0.025761
vt 0.000512 0.330358
vt 0.906387 0.321630
vt 0.906387 0.330358
vt 0.906075 0.296828
vt 0.000200 0.312903
vt 0.000200 0.296828
vt 0.000000 0.089593
vt 0.905875 0.062150
vt 0.905875 0.089593
vt 0.000000 0.012881
vt 0.905875 0.000000
vt 0.905875 0.012881
vt 0.000512 0.321630
vt 0.906387 0.312903
vt 0.906387 0.321630
vt 0.906075 0.281378
vt 0.000200 0.297453
vt 0.000200 0.281378
vt 0.999050 0.342604
vt 0.939310 0.183297
vt 0.939310 0.342604
vt 0.999050 0.342604
vt 0.939310 0.183297
vt 0.939310 0.342604
vt 0.939310 0.342604
vt 0.999050 0.183297
vt 0.939310 0.183297
vt 0.939310 0.342604
vt 0.999050 0.183297
vt 0.939310 0.183297
vt 0.985655 0.179437
vt 0.939081 0.132863
vt 0.939081 0.179437
vt 0.979692 0.781451
vt -0.000781 0.844034
vt -0.000781 0.781451
vt 0.145247 0.718868
vt -0.000781 0.656284
vt 0.145247 0.656284
vt 0.979692 0.781451
vt -0.000781 0.718868
vt 0.979692 0.718868
vt 0.302823 0.718868
vt 0.156795 0.656284
vt 0.302823 0.656284
vt 1.000000 1.000000
vt 0.000000 0.851064
vt 1.000000 0.851064
vt 0.998987 0.652658
vt 0.001647 0.504118
vt 0.998987 0.504118
vt 0.999050 0.342604
vt 0.939310 0.183297
vt 0.939310 0.342604
vt 0.999050 0.342604
vt 0.939310 0.183297
vt 0.939310 0.342604
vt 0.939310 0.342604
vt 0.999050 0.183297
vt 0.939310 0.183297
vt 0.999050 0.342604
vt 0.939310 0.183297
vt 0.939310 0.342604
vt 0.985655 0.179437
vt 0.939081 0.132863
vt 0.939081 0.179437
vt 0.979692 0.781451
vt -0.000781 0.844034
vt -0.000781 0.781451
vt 0.145247 0.656284
vt -0.000781 0.718868
vt -0.000781 0.656284
vt 0.979692 0.781451
vt -0.000781 0.718868
vt 0.979692 0.718868
vt 0.302823 0.718868
vt 0.156795 0.656284
vt 0.302823 0.656284
vt 1.000000 1.000000
vt 0.000000 0.851064
vt 1.000000 0.851064
vt 0.998987 0.652658
vt 0.001647 0.504118
vt 0.998987 0.504118
vt 0.999050 0.342604
vt 0.939310 0.183297
vt 0.939310 0.342604
vt 0.999050 0.342604
vt 0.939310 0.183297
vt 0.939310 0.342604
vt 0.939310 0.342604
vt 0.999050 0.183297
vt 0.939310 0.183297
vt 0.999050 0.342604
vt 0.939310 0.183297
vt 0.939310 0.342604
vt 0.985655 0.179437
vt 0.939081 0.132863
vt 0.939081 0.179437
vt 0.979692 0.844034
vt -0.000781 0.781451
vt 0.979692 0.781451
vt 0.145247 0.656284
vt -0.000781 0.718868
vt -0.000781 0.656284
vt 0.979692 0.781451
vt -0.000781 0.718868
vt 0.979692 0.718868
vt 0.302823 0.718868
vt 0.156795 0.656284
vt 0.302823 0.656284
vt 1.000000 1.000000
vt 0.000000 0.851064
vt 1.000000 0.851064
vt 0.998987 0.652658
vt 0.001647 0.504118
vt 0.998987 0.504118
vt 0.999050 0.342604
vt 0.939310 0.183297
vt 0.939310 0.342604
vt 0.999050 0.342604
vt 0.939310 0.183297
vt 0.939310 0.342604
vt 0.939310 0.342604
vt 0.999050 0.183297
vt 0.939310 0.183297
vt 0.999050 0.342604
vt 0.939310 0.183297
vt 0.939310 0.342604
vt 0.985655 0.179437
vt 0.939081 0.132863
vt 0.939081 0.179437
vt 0.979692 0.781451
vt -0.000781 0.844034
vt -0.000781 0.781451
vt 0.145247 0.656284
vt -0.000781 0.718868
vt -0.000781 0.656284
vt 0.979692 0.781451
vt -0.000781 0.718868
vt 0.979692 0.718868
vt 0.302823 0.718868
vt 0.156795 0.656284
vt 0.302823 0.656284
vt 1.000000 1.000000
vt 0.000000 0.851064
vt 1.000000 0.851064
vt 0.998987 0.652658
vt 0.001647 0.504118
vt 0.998987 0.504118
vt 0.000000 0.048121
vt 0.905875 0.062150
vt 0.000000 0.062150
vt 0.000000 0.048121
vt 0.905875 0.034093
vt 0.905875 0.048121
vt 0.000200 0.219937
vt 0.906075 0.259595
vt 0.000200 0.259595
vt -0.000122 0.210448
vt 0.905753 0.156096
vt 0.905753 0.210448
vt 0.000000 0.121202
vt 0.905875 0.093759
vt 0.905875 0.121202
vt 0.000000 0.025761
vt 0.905875 0.012881
vt 0.905875 0.025761
vt 0.000512 0.330358
vt 0.906387 0.321630
vt 0.906387 0.330358
vt 0.906075 0.296828
vt 0.000200 0.312903
vt 0.000200 0.296828
vt 0.000000 0.089593
vt 0.905875 0.062150
vt 0.905875 0.089593
vt 0.000000 0.012881
vt 0.905875 0.000000
vt 0.905875 0.012881
vt 0.000512 0.321630
vt 0.906387 0.312903
vt 0.906387 0.321630
vt 0.906075 0.281378
vt 0.000200 0.297453
vt 0.000200 0.281378
vt 0.999050 0.342604
vt 0.939310 0.183297
vt 0.939310 0.342604
vt 0.999050 0.342604
vt 0.939310 0.183297
vt 0.939310 0.342604
vt 0.939310 0.342604
vt 0.999050 0.183297
vt 0.939310 0.183297
vt 0.999050 0.342604
vt 0.939310 0.183297
vt 0.939310 0.342604
vt 0.985655 0.179437
vt 0.939081 0.132863
vt 0.939081 0.179437
vt 0.979692 0.781451
vt -0.000781 0.844034
vt -0.000781 0.781451
vt 0.145247 0.656284
vt -0.000781 0.718868
vt -0.000781 0.656284
vt 0.979692 0.781451
vt -0.000781 0.718868
vt 0.979692 0.718868
vt 0.302823 0.718868
vt 0.156795 0.656284
vt 0.302823 0.656284
vt 1.000000 1.000000
vt 0.000000 0.851064
vt 1.000000 0.851064
vt 0.998987 0.652658
vt 0.001647 0.504118
vt 0.998987 0.504118
vt 0.999050 0.342604
vt 0.939310 0.183297
vt 0.939310 0.342604
vt 0.999050 0.342604
vt 0.939310 0.183297
vt 0.939310 0.342604
vt 0.939310 0.342604
vt 0.999050 0.183297
vt 0.939310 0.183297
vt 0.999050 0.342604
vt 0.939310 0.183297
vt 0.939310 0.342604
vt 0.985655 0.179437
vt 0.939081 0.132863
vt 0.939081 0.179437
vt 0.979692 0.844034
vt -0.000781 0.781451
vt 0.979692 0.781451
vt 0.145247 0.656284
vt -0.000781 0.718868
vt -0.000781 0.656284
vt 0.979692 0.781451
vt -0.000781 0.718868
vt 0.979692 0.718868
vt 0.302823 0.718868
vt 0.156795 0.656284
vt 0.302823 0.656284
vt 1.000000 1.000000
vt 0.000000 0.851064
vt 1.000000 0.851064
vt 0.998987 0.652658
vt 0.001647 0.504118
vt 0.998987 0.504118
vt 0.999050 0.342604
vt 0.939310 0.183297
vt 0.939310 0.342604
vt 0.999050 0.342604
vt 0.939310 0.183297
vt 0.939310 0.342604
vt 0.939310 0.342604
vt 0.999050 0.183297
vt 0.939310 0.183297
vt 0.999050 0.342604
vt 0.939310 0.183297
vt 0.939310 0.342604
vt 0.985655 0.179437
vt 0.939081 0.132863
vt 0.939081 0.179437
vt 0.979692 0.781451
vt -0.000781 0.844034
vt -0.000781 0.781451
vt 0.145247 0.656284
vt -0.000781 0.718868
vt -0.000781 0.656284
vt 0.979692 0.781451
vt -0.000781 0.718868
vt 0.979692 0.718868
vt 0.302823 0.718868
vt 0.156795 0.656284
vt 0.302823 0.656284
vt 1.000000 1.000000
vt 0.000000 0.851064
vt 1.000000 0.851064
vt 0.998987 0.652658
vt 0.001647 0.504118
vt 0.998987 0.504118
vt 0.999050 0.342604
vt 0.939310 0.183297
vt 0.939310 0.342604
vt 0.999050 0.342604
vt 0.939310 0.183297
vt 0.939310 0.342604
vt 0.939310 0.342604
vt 0.999050 0.183297
vt 0.939310 0.183297
vt 0.999050 0.342604
vt 0.939310 0.183297
vt 0.939310 0.342604
vt 0.985655 0.179437
vt 0.939081 0.132863
vt 0.939081 0.179437
vt 0.979692 0.781451
vt -0.000781 0.844034
vt -0.000781 0.781451
vt 0.145247 0.656284
vt -0.000781 0.718868
vt -0.000781 0.656284
vt 0.979692 0.781451
vt -0.000781 0.718868
vt 0.979692 0.718868
vt 0.302823 0.718868
vt 0.156795 0.656284
vt 0.302823 0.656284
vt 1.000000 1.000000
vt 0.000000 0.851064
vt 1.000000 0.851064
vt 0.998987 0.652658
vt 0.001647 0.504118
vt 0.998987 0.504118
vt 0.000000 0.048121
vt 0.905875 0.062150
vt 0.000000 0.062150
vt 0.000000 0.034093
vt 0.905875 0.048121
vt 0.000000 0.048121
vt 0.000200 0.219937
vt 0.906075 0.259595
vt 0.000200 0.259595
vt -0.000122 0.210448
vt 0.905753 0.156096
vt 0.905753 0.210448
vt 0.000000 0.121202
vt 0.905875 0.093759
vt 0.905875 0.121202
vt 0.000000 0.025761
vt 0.905875 0.012881
vt 0.905875 0.025761
vt 0.000512 0.330358
vt 0.906387 0.321630
vt 0.906387 0.330358
vt 0.906075 0.296828
vt 0.000200 0.312903
vt 0.000200 0.296828
vt 0.000000 0.089593
vt 0.905875 0.062150
vt 0.905875 0.089593
vt 0.000000 0.012881
vt 0.905875 0.000000
vt 0.905875 0.012881
vt 0.000512 0.321630
vt 0.906387 0.312903
vt 0.906387 0.321630
vt 0.906075 0.281378
vt 0.000200 0.297453
vt 0.000200 0.281378
vt 0.999050 0.342604
vt 0.939310 0.183297
vt 0.939310 0.342604
vt 0.999050 0.342604
vt 0.939310 0.183297
vt 0.939310 0.342604
vt 0.939310 0.342604
vt 0.999050 0.183297
vt 0.939310 0.183297
vt 0.999050 0.342604
vt 0.939310 0.183297
vt 0.939310 0.342604
vt 0.985655 0.179437
vt 0.939081 0.132863
vt 0.939081 0.179437
vt 0.979692 0.844034
vt -0.000781 0.781451
vt 0.979692 0.781451
vt 0.145247 0.656284
vt -0.000781 0.718868
vt -0.000781 0.656284
vt 0.979692 0.781451
vt -0.000781 0.718868
vt 0.979692 0.718868
vt 0.302823 0.718868
vt 0.156795 0.656284
vt 0.302823 0.656284
vt 1.000000 1.000000
vt 0.000000 0.851064
vt 1.000000 0.851064
vt 0.998987 0.652658
vt 0.001647 0.504118
vt 0.998987 0.504118
vt 0.999050 0.342604
vt 0.939310 0.183297
vt 0.939310 0.342604
vt 0.999050 0.342604
vt 0.939310 0.183297
vt 0.939310 0.342604
vt 0.939310 0.342604
vt 0.999050 0.183297
vt 0.939310 0.183297
vt 0.999050 0.342604
vt 0.939310 0.183297
vt 0.939310 0.342604
vt 0.985655 0.179437
vt 0.939081 0.132863
vt 0.939081 0.179437
vt 0.979692 0.781451
vt -0.000781 0.844034
vt -0.000781 0.781451
vt 0.145247 0.656284
vt -0.000781 0.718868
vt -0.000781 0.656284
vt 0.979692 0.781451
vt -0.000781 0.718868
vt 0.979692 0.718868
vt 0.302823 0.718868
vt 0.156795 0.656284
vt 0.302823 0.656284
vt 1.000000 1.000000
vt 0.000000 0.851064
vt 1.000000 0.851064
vt 0.998987 0.652658
vt 0.001647 0.504118
vt 0.998987 0.504118
vt 0.000000 0.048121
vt 0.905875 0.062150
vt 0.905875 0.048121
vt 0.905875 0.034093
vt 0.000000 0.048121
vt 0.905875 0.048121
vt 0.000200 0.219937
vt 0.214669 0.259595
vt 0.214669 0.219937
vt -0.000122 0.210448
vt 0.905753 0.156096
vt -0.000122 0.156096
vt 0.000000 0.121202
vt 0.905875 0.093759
vt 0.000000 0.093759
vt 0.000000 0.025761
vt 0.905875 0.012881
vt 0.000000 0.012881
vt 0.000512 0.330358
vt 0.906387 0.321630
vt 0.000512 0.321630
vt 0.906075 0.296828
vt 0.000200 0.312903
vt 0.906075 0.312903
vt 0.000000 0.062150
vt 0.905875 0.089593
vt 0.905875 0.062150
vt 0.000000 0.012881
vt 0.905875 0.000000
vt 0.000000 0.000000
vt 0.000512 0.321630
vt 0.906387 0.312903
vt 0.000512 0.312903
vt 0.906075 0.281378
vt 0.000200 0.297453
vt 0.906075 0.297453
vt 0.999050 0.342604
vt 0.939310 0.183297
vt 0.939310 0.342604
vt 0.999050 0.342604
vt 0.939310 0.183297
vt 0.939310 0.342604
vt 0.939310 0.342604
vt 0.999050 0.183297
vt 0.939310 0.183297
vt 0.999050 0.342604
vt 0.939310 0.183297
vt 0.939310 0.342604
vt 0.985655 0.179437
vt 0.939081 0.132863
vt 0.939081 0.179437
vt 0.979692 0.781451
vt -0.000781 0.844034
vt -0.000781 0.781451
vt 0.145247 0.656284
vt -0.000781 0.718868
vt -0.000781 0.656284
vt 0.979692 0.781451
vt -0.000781 0.718868
vt 0.979692 0.718868
vt 0.302823 0.718868
vt 0.156795 0.656284
vt 0.302823 0.656284
vt 1.000000 1.000000
vt 0.000000 0.851064
vt 1.000000 0.851064
vt 0.998987 0.652658
vt 0.001647 0.504118
vt 0.998987 0.504118
vt 0.000000 0.048121
vt 0.905875 0.062150
vt 0.905875 0.048121
vt 0.000000 0.034093
vt 0.905875 0.048121
vt 0.905875 0.034093
vt 0.906075 0.219937
vt 0.000200 0.259595
vt 0.906075 0.259595
vt -0.000122 0.156096
vt 0.905753 0.210448
vt 0.905753 0.156096
vt 0.000000 0.121202
vt 0.905875 0.093759
vt 0.000000 0.093759
vt 0.000000 0.025761
vt 0.905875 0.012881
vt 0.000000 0.012881
vt 0.000512 0.330358
vt 0.906387 0.321630
vt 0.000512 0.321630
vt 0.906075 0.296828
vt 0.000200 0.312903
vt 0.906075 0.312903
vt -0.905875 0.089593
vt 0.905875 0.062150
vt 0.000000 0.062150
vt 0.000000 0.012881
vt 0.905875 0.000000
vt 0.000000 0.000000
vt 0.000512 0.321630
vt 0.906387 0.312903
vt -0.905363 0.312903
vt 0.906075 0.281378
vt 0.000200 0.297453
vt 0.906075 0.297453
vt 0.999050 0.342604
vt 0.939310 0.183297
vt 0.999050 0.183297
vt 0.999050 0.342604
vt 0.939310 0.183297
vt 0.999050 0.183297
vt 0.999050 0.183297
vt 0.939310 0.342604
vt 0.939310 0.183297
vt 0.999050 0.342604
vt 0.939310 0.183297
vt 0.999050 0.183297
vt 0.985655 0.179437
vt 0.939081 0.132863
vt 0.985655 0.132863
vt 0.999050 0.342604
vt 0.939310 0.183297
vt 0.939310 0.342604
vt 0.999050 0.342604
vt 0.939310 0.183297
vt 0.939310 0.342604
vt 0.939310 0.342604
vt 0.999050 0.183297
vt 0.939310 0.183297
vt 0.999050 0.342604
vt 0.939310 0.183297
vt 0.939310 0.342604
vt 0.985655 0.179437
vt 0.939081 0.132863
vt 0.939081 0.179437
vt 0.979692 0.781451
vt -0.000781 0.844034
vt -0.000781 0.781451
vt 0.145247 0.656284
vt -0.000781 0.718868
vt -0.000781 0.656284
vt 0.979692 0.781451
vt -0.000781 0.718868
vt 0.979692 0.718868
vt 0.302823 0.718868
vt 0.156795 0.656284
vt 0.302823 0.656284
vt 1.000000 1.000000
vt 0.000000 0.851064
vt 1.000000 0.851064
vt 0.998987 0.652658
vt 0.001647 0.504118
vt 0.998987 0.504118
vt 0.000000 0.048121
vt 0.905875 0.062150
vt 0.000000 0.062150
vt 0.000000 0.034093
vt 0.905875 0.048121
vt 0.000000 0.048121
vt 0.000200 0.219937
vt 0.906075 0.259595
vt 0.000200 0.259595
vt -0.000122 0.210448
vt 0.905753 0.156096
vt 0.905753 0.210448
vt 0.000000 0.121202
vt 0.905875 0.093759
vt 0.905875 0.121202
vt 0.000000 0.025761
vt 0.905875 0.012881
vt 0.905875 0.025761
vt 0.000512 0.330358
vt 0.906387 0.321630
vt 0.906387 0.330358
vt 0.906075 0.296828
vt 0.000200 0.312903
vt 0.000200 0.296828
vt 0.000000 0.089593
vt 0.905875 0.062150
vt 0.905875 0.089593
vt 0.000000 0.012881
vt 0.905875 0.000000
vt 0.905875 0.012881
vt 0.000512 0.321630
vt 0.906387 0.312903
vt 0.906387 0.321630
vt 0.906075 0.281378
vt 0.000200 0.297453
vt 0.000200 0.281378
vt 0.999050 0.342604
vt 0.939310 0.183297
vt 0.999050 0.183297
vt 0.999050 0.342604
vt 0.939310 0.183297
vt 0.999050 0.183297
vt 0.999050 0.183297
vt 0.939310 0.342604
vt 0.939310 0.183297
vt 0.999050 0.342604
vt 0.939310 0.183297
vt 0.999050 0.183297
vt 0.985655 0.179437
vt 0.939081 0.132863
vt 0.985655 0.132863
vt 0.999050 0.342604
vt 0.939310 0.183297
vt 0.939310 0.342604
vt 0.999050 0.342604
vt 0.939310 0.183297
vt 0.939310 0.342604
vt 0.939310 0.342604
vt 0.999050 0.183297
vt 0.939310 0.183297
vt 0.999050 0.342604
vt 0.939310 0.183297
vt 0.939310 0.342604
vt 0.985655 0.179437
vt 0.939081 0.132863
vt 0.939081 0.179437
vt 0.979692 0.844034
vt -0.000781 0.781451
vt 0.979692 0.781451
vt 0.145247 0.656284
vt -0.000781 0.718868
vt -0.000781 0.656284
vt 0.979692 0.781451
vt -0.000781 0.718868
vt 0.979692 0.718868
vt 0.302823 0.718868
vt 0.156795 0.656284
vt 0.302823 0.656284
vt 1.000000 1.000000
vt 0.000000 0.851064
vt 1.000000 0.851064
vt 0.998987 0.652658
vt 0.001647 0.504118
vt 0.998987 0.504118
vt 0.000000 0.048121
vt 0.905875 0.062150
vt 0.905875 0.048121
vt 0.000000 0.034093
vt 0.905875 0.048121
vt 0.905875 0.034093
vt 0.000200 0.219937
vt 0.906075 0.259595
vt 0.906075 0.219937
vt -0.000122 0.156096
vt 0.905753 0.210448
vt 0.905753 0.156096
vt 0.000000 0.121202
vt 0.905875 0.093759
vt 0.000000 0.093759
vt 0.000000 0.025761
vt 0.905875 0.012881
vt 0.000000 0.012881
vt 0.000512 0.330358
vt 0.906387 0.321630
vt 0.000512 0.321630
vt 0.906075 0.296828
vt 0.000200 0.312903
vt 0.906075 0.312903
vt 0.000000 0.089593
vt 0.905875 0.062150
vt 0.000000 0.062150
vt 0.000000 0.012881
vt 0.905875 0.000000
vt 0.000000 0.000000
vt 0.000512 0.321630
vt 0.906387 0.312903
vt 0.000512 0.312903
vt 0.906075 0.281378
vt 0.000200 0.297453
vt 0.906075 0.297453
vt 0.999050 0.342604
vt 0.939310 0.183297
vt 0.999050 0.183297
vt 0.999050 0.342604
vt 0.939310 0.183297
vt 0.999050 0.183297
vt 0.999050 0.183297
vt 0.939310 0.342604
vt 0.939310 0.183297
vt 0.999050 0.342604
vt 0.939310 0.183297
vt 0.999050 0.183297
vt 0.985655 0.179437
vt 0.939081 0.132863
vt 0.985655 0.132863
vt 0.999050 0.342604
vt 0.939310 0.183297
vt 0.939310 0.342604
vt 0.999050 0.342604
vt 0.939310 0.183297
vt 0.939310 0.342604
vt 0.939310 0.342604
vt 0.999050 0.183297
vt 0.939310 0.183297
vt 0.999050 0.342604
vt 0.939310 0.183297
vt 0.939310 0.342604
vt 0.985655 0.179437
vt 0.939081 0.132863
vt 0.939081 0.179437
vt 0.979692 0.844034
vt -0.000781 0.781451
vt 0.979692 0.781451
vt 0.145247 0.656284
vt -0.000781 0.718868
vt -0.000781 0.656284
vt 0.979692 0.781451
vt -0.000781 0.718868
vt 0.979692 0.718868
vt 0.302823 0.718868
vt 0.156795 0.656284
vt 0.302823 0.656284
vt 1.000000 1.000000
vt 0.000000 0.851064
vt 1.000000 0.851064
vt 0.998987 0.652658
vt 0.001647 0.504118
vt 0.998987 0.504118
vt 0.999050 0.342604
vt 0.939310 0.183297
vt 0.999050 0.183297
vt 0.999050 0.342604
vt 0.939310 0.183297
vt 0.999050 0.183297
vt 0.999050 0.183297
vt 0.939310 0.342604
vt 0.939310 0.183297
vt 0.999050 0.342604
vt 0.939310 0.183297
vt 0.999050 0.183297
vt 0.985655 0.132863
vt 0.939081 0.179437
vt 0.939081 0.132863
vt 0.999050 0.342604
vt 0.939310 0.183297
vt 0.939310 0.342604
vt 0.999050 0.342604
vt 0.939310 0.183297
vt 0.939310 0.342604
vt 0.939310 0.342604
vt 0.999050 0.183297
vt 0.939310 0.183297
vt 0.999050 0.342604
vt 0.939310 0.183297
vt 0.939310 0.342604
vt 0.985655 0.179437
vt 0.939081 0.132863
vt 0.939081 0.179437
vt 0.979692 0.781451
vt -0.000781 0.844034
vt -0.000781 0.781451
vt 0.145247 0.656284
vt -0.000781 0.718868
vt -0.000781 0.656284
vt 0.979692 0.781451
vt -0.000781 0.718868
vt 0.979692 0.718868
vt 0.302823 0.718868
vt 0.156795 0.656284
vt 0.302823 0.656284
vt 1.000000 1.000000
vt 0.000000 0.851064
vt 1.000000 0.851064
vt 0.998987 0.652658
vt 0.001647 0.504118
vt 0.998987 0.504118
vt 0.999050 0.342604
vt 0.939310 0.183297
vt 0.999050 0.183297
vt 0.999050 0.342604
vt 0.939310 0.183297
vt 0.999050 0.183297
vt 0.999050 0.183297
vt 0.939310 0.342604
vt 0.939310 0.183297
vt 0.999050 0.342604
vt 0.939310 0.183297
vt 0.999050 0.183297
vt 0.985655 0.179437
vt 0.939081 0.132863
vt 0.985655 0.132863
vt 0.999050 0.342604
vt 0.939310 0.183297
vt 0.939310 0.342604
vt 0.999050 0.342604
vt 0.939310 0.183297
vt 0.939310 0.342604
vt 0.939310 0.342604
vt 0.999050 0.183297
vt 0.939310 0.183297
vt 0.999050 0.342604
vt 0.939310 0.183297
vt 0.939310 0.342604
vt 0.985655 0.179437
vt 0.939081 0.132863
vt 0.939081 0.179437
vt 0.979692 0.844034
vt -0.000781 0.781451
vt 0.979692 0.781451
vt 0.145247 0.656284
vt -0.000781 0.718868
vt -0.000781 0.656284
vt 0.979692 0.781451
vt -0.000781 0.718868
vt 0.979692 0.718868
vt 0.302823 0.718868
vt 0.156795 0.656284
vt 0.302823 0.656284
vt 1.000000 1.000000
vt 0.000000 0.851064
vt 1.000000 0.851064
vt 0.998987 0.652658
vt 0.001647 0.504118
vt 0.998987 0.504118
vt 0.000000 0.062150
vt 0.905875 0.048121
vt 0.905875 0.062150
vt 0.000000 0.048121
vt 0.905875 0.034093
vt 0.905875 0.048121
vt 0.000200 0.219937
vt 0.906075 0.259595
vt 0.000200 0.259595
vt -0.000122 0.210448
vt 0.905753 0.156096
vt 0.905753 0.210448
vt 0.000000 0.121202
vt 0.905875 0.093759
vt 0.905875 0.121202
vt 0.000000 0.025761
vt 0.905875 0.012881
vt 0.905875 0.025761
vt 0.000512 0.330358
vt 0.906387 0.321630
vt 0.906387 0.330358
vt 0.000200 0.296828
vt 0.906075 0.312903
vt 0.000200 0.312903
vt 0.000000 0.089593
vt 0.905875 0.062150
vt 0.905875 0.089593
vt 0.905875 0.012881
vt 0.000000 0.000000
vt 0.905875 0.000000
vt 0.000512 0.321630
vt 0.906387 0.312903
vt 0.906387 0.321630
vt 0.000200 0.281378
vt 0.906075 0.297453
vt 0.000200 0.297453
vt 0.999050 0.342604
vt 0.939310 0.183297
vt 0.999050 0.183297
vt 0.999050 0.342604
vt 0.939310 0.183297
vt 0.999050 0.183297
vt 0.999050 0.183297
vt 0.939310 0.342604
vt 0.939310 0.183297
vt 0.999050 0.342604
vt 0.939310 0.183297
vt 0.999050 0.183297
vt 0.985655 0.179437
vt 0.939081 0.132863
vt 0.985655 0.132863
vt 0.999050 0.342604
vt 0.939310 0.183297
vt 0.939310 0.342604
vt 0.999050 0.342604
vt 0.939310 0.183297
vt 0.939310 0.342604
vt 0.939310 0.342604
vt 0.999050 0.183297
vt 0.939310 0.183297
vt 0.999050 0.342604
vt 0.939310 0.183297
vt 0.939310 0.342604
vt 0.985655 0.179437
vt 0.939081 0.132863
vt 0.939081 0.179437
vt 0.979692 0.781451
vt -0.000781 0.844034
vt -0.000781 0.781451
vt 0.145247 0.718868
vt -0.000781 0.656284
vt 0.145247 0.656284
vt 0.979692 0.781451
vt -0.000781 0.718868
vt 0.979692 0.718868
vt 0.302823 0.718868
vt 0.156795 0.656284
vt 0.302823 0.656284
vt 1.000000 1.000000
vt 0.000000 0.851064
vt 1.000000 0.851064
vt 0.998987 0.652658
vt 0.001647 0.504118
vt 0.998987 0.504118
vt 0.999050 0.342604
vt 0.939310 0.183297
vt 0.999050 0.183297
vt 0.999050 0.342604
vt 0.939310 0.183297
vt 0.999050 0.183297
vt 0.999050 0.183297
vt 0.939310 0.342604
vt 0.939310 0.183297
vt 0.999050 0.342604
vt 0.939310 0.183297
vt 0.999050 0.183297
vt 0.985655 0.179437
vt 0.939081 0.132863
vt 0.985655 0.132863
vt 0.999050 0.342604
vt 0.939310 0.183297
vt 0.939310 0.342604
vt 0.999050 0.342604
vt 0.939310 0.183297
vt 0.939310 0.342604
vt 0.939310 0.342604
vt 0.999050 0.183297
vt 0.939310 0.183297
vt 0.999050 0.342604
vt 0.939310 0.183297
vt 0.939310 0.342604
vt 0.985655 0.179437
vt 0.939081 0.132863
vt 0.939081 0.179437
vt 0.979692 0.781451
vt -0.000781 0.844034
vt -0.000781 0.781451
vt 0.145247 0.718868
vt -0.000781 0.656284
vt 0.145247 0.656284
vt 0.979692 0.781451
vt -0.000781 0.718868
vt 0.979692 0.718868
vt 0.302823 0.718868
vt 0.156795 0.656284
vt 0.302823 0.656284
vt 1.000000 1.000000
vt 0.000000 0.851064
vt 1.000000 0.851064
vt 0.998987 0.652658
vt 0.001647 0.504118
vt 0.998987 0.504118
vt 0.999050 0.342604
vt 0.939310 0.183297
vt 0.999050 0.183297
vt 0.999050 0.342604
vt 0.939310 0.183297
vt 0.999050 0.183297
vt 0.999050 0.183297
vt 0.939310 0.342604
vt 0.939310 0.183297
vt 0.999050 0.342604
vt 0.939310 0.183297
vt 0.999050 0.183297
vt 0.985655 0.179437
vt 0.939081 0.132863
vt 0.985655 0.132863
vt 0.999050 0.342604
vt 0.939310 0.183297
vt 0.939310 0.342604
vt 0.999050 0.342604
vt 0.939310 0.183297
vt 0.939310 0.342604
vt 0.939310 0.342604
vt 0.999050 0.183297
vt 0.939310 0.183297
vt 0.999050 0.342604
vt 0.939310 0.183297
vt 0.939310 0.342604
vt 0.985655 0.179437
vt 0.939081 0.132863
vt 0.939081 0.179437
vt 0.979692 0.781451
vt -0.000781 0.844034
vt -0.000781 0.781451
vt 0.145247 0.718868
vt -0.000781 0.656284
vt 0.145247 0.656284
vt 0.979692 0.781451
vt -0.000781 0.718868
vt 0.979692 0.718868
vt 0.302823 0.718868
vt 0.156795 0.656284
vt 0.302823 0.656284
vt 1.000000 1.000000
vt 0.000000 0.851064
vt 1.000000 0.851064
vt 0.998987 0.652658
vt 0.001647 0.504118
vt 0.998987 0.504118
vt 0.999050 0.342604
vt 0.939310 0.183297
vt 0.999050 0.183297
vt 0.999050 0.342604
vt 0.939310 0.183297
vt 0.999050 0.183297
vt 0.999050 0.183297
vt 0.939310 0.342604
vt 0.939310 0.183297
vt 0.999050 0.342604
vt 0.939310 0.183297
vt 0.999050 0.183297
vt 0.985655 0.179437
vt 0.939081 0.132863
vt 0.985655 0.132863
vt 0.999050 0.342604
vt 0.939310 0.183297
vt 0.939310 0.342604
vt 0.999050 0.342604
vt 0.939310 0.183297
vt 0.939310 0.342604
vt 0.939310 0.342604
vt 0.999050 0.183297
vt 0.939310 0.183297
vt 0.999050 0.342604
vt 0.939310 0.183297
vt 0.939310 0.342604
vt 0.985655 0.179437
vt 0.939081 0.132863
vt 0.939081 0.179437
vt 0.979692 0.781451
vt -0.000781 0.844034
vt -0.000781 0.781451
vt 0.145247 0.718868
vt -0.000781 0.656284
vt 0.145247 0.656284
vt 0.979692 0.781451
vt -0.000781 0.718868
vt 0.979692 0.718868
vt 0.302823 0.718868
vt 0.156795 0.656284
vt 0.302823 0.656284
vt 1.000000 1.000000
vt 0.000000 0.851064
vt 1.000000 0.851064
vt 0.998987 0.652658
vt 0.001647 0.504118
vt 0.998987 0.504118
vt 0.000000 0.048121
vt 0.905875 0.062150
vt 0.000000 0.062150
vt 0.000000 0.048121
vt 0.905875 0.034093
vt 0.905875 0.048121
vt 0.000200 0.219937
vt 0.906075 0.259595
vt 0.000200 0.259595
vt -0.000122 0.210448
vt 0.905753 0.156096
vt 0.905753 0.210448
vt 0.000000 0.121202
vt 0.905875 0.093759
vt 0.905875 0.121202
vt 0.000000 0.025761
vt 0.905875 0.012881
vt 0.905875 0.025761
vt 0.000512 0.330358
vt 0.906387 0.321630
vt 0.906387 0.330358
vt 0.906075 0.296828
vt 0.000200 0.312903
vt 0.000200 0.296828
vt 0.000000 0.089593
vt 0.905875 0.062150
vt 0.905875 0.089593
vt 0.000000 0.012881
vt 0.905875 0.000000
vt 0.905875 0.012881
vt 0.000512 0.321630
vt 0.906387 0.312903
vt 0.906387 0.321630
vt 0.906075 0.281378
vt 0.000200 0.297453
vt 0.000200 0.281378
vt 0.000000 0.048121
vt 0.905875 0.062150
vt 0.905875 0.048121
vt 0.000000 0.034093
vt 0.905875 0.048121
vt 0.905875 0.034093
vt 0.000200 0.219937
vt 0.906075 0.259595
vt 0.906075 0.219937
vt -0.000122 0.210448
vt 0.905753 0.156096
vt -0.000122 0.156096
vt 0.000000 0.121202
vt 0.905875 0.093759
vt 0.000000 0.093759
vt 0.000000 0.025761
vt 0.905875 0.012881
vt 0.000000 0.012881
vt 0.000512 0.330358
vt 0.906387 0.321630
vt 0.000512 0.321630
vt 0.906075 0.296828
vt 0.000200 0.312903
vt 0.906075 0.312903
vt 0.000000 0.089593
vt 0.905875 0.062150
vt 0.000000 0.062150
vt 0.000000 0.012881
vt 0.905875 0.000000
vt 0.000000 0.000000
vt 0.000512 0.321630
vt 0.906387 0.312903
vt 0.000512 0.312903
vt 0.906075 0.281378
vt 0.000200 0.297453
vt 0.906075 0.297453
vt 0.999050 0.342604
vt 0.939310 0.183297
vt 0.999050 0.183297
vt 0.999050 0.342604
vt 0.939310 0.183297
vt 0.999050 0.183297
vt 0.999050 0.183297
vt 0.939310 0.342604
vt 0.939310 0.183297
vt 0.999050 0.342604
vt 0.939310 0.183297
vt 0.999050 0.183297
vt 0.985655 0.179437
vt 0.939081 0.132863
vt 0.985655 0.132863
vt 0.999050 0.342604
vt 0.939310 0.183297
vt 0.939310 0.342604
vt 0.999050 0.342604
vt 0.939310 0.183297
vt 0.939310 0.342604
vt 0.939310 0.342604
vt 0.999050 0.183297
vt 0.939310 0.183297
vt 0.999050 0.342604
vt 0.939310 0.183297
vt 0.939310 0.342604
vt 0.985655 0.179437
vt 0.939081 0.132863
vt 0.939081 0.179437
vt 0.979692 0.781451
vt -0.000781 0.844034
vt -0.000781 0.781451
vt 0.145247 0.718868
vt -0.000781 0.656284
vt 0.145247 0.656284
vt 0.979692 0.781451
vt -0.000781 0.718868
vt 0.979692 0.718868
vt 0.302823 0.718868
vt 0.156795 0.656284
vt 0.302823 0.656284
vt 1.000000 1.000000
vt 0.000000 0.851064
vt 1.000000 0.851064
vt 0.998987 0.652658
vt 0.001647 0.504118
vt 0.998987 0.504118
vt 0.999050 0.342604
vt 0.939310 0.183297
vt 0.999050 0.183297
vt 0.999050 0.342604
vt 0.939310 0.183297
vt 0.999050 0.183297
vt 0.999050 0.183297
vt 0.939310 0.342604
vt 0.939310 0.183297
vt 0.999050 0.342604
vt 0.939310 0.183297
vt 0.999050 0.183297
vt 0.985655 0.179437
vt 0.939081 0.132863
vt 0.985655 0.132863
vt 0.999050 0.342604
vt 0.939310 0.183297
vt 0.939310 0.342604
vt 0.999050 0.342604
vt 0.939310 0.183297
vt 0.939310 0.342604
vt 0.939310 0.342604
vt 0.999050 0.183297
vt 0.939310 0.183297
vt 0.999050 0.342604
vt 0.939310 0.183297
vt 0.939310 0.342604
vt 0.985655 0.179437
vt 0.939081 0.132863
vt 0.939081 0.179437
vt 0.979692 0.781451
vt -0.000781 0.844034
vt -0.000781 0.781451
vt 0.145247 0.718868
vt -0.000781 0.656284
vt 0.145247 0.656284
vt 0.979692 0.781451
vt -0.000781 0.718868
vt 0.979692 0.718868
vt 0.302823 0.718868
vt 0.156795 0.656284
vt 0.302823 0.656284
vt 1.000000 1.000000
vt 0.000000 0.851064
vt 1.000000 0.851064
vt 0.998987 0.652658
vt 0.001647 0.504118
vt 0.998987 0.504118
vt 0.999050 0.342604
vt 0.939310 0.183297
vt 0.999050 0.183297
vt 0.999050 0.342604
vt 0.939310 0.183297
vt 0.999050 0.183297
vt 0.999050 0.183297
vt 0.939310 0.342604
vt 0.939310 0.183297
vt 0.999050 0.342604
vt 0.939310 0.183297
vt 0.999050 0.183297
vt 0.985655 0.179437
vt 0.939081 0.132863
vt 0.985655 0.132863
vt 0.999050 0.342604
vt 0.939310 0.183297
vt 0.939310 0.342604
vt 0.999050 0.342604
vt 0.939310 0.183297
vt 0.939310 0.342604
vt 0.939310 0.342604
vt 0.999050 0.183297
vt 0.939310 0.183297
vt 0.999050 0.342604
vt 0.939310 0.183297
vt 0.939310 0.342604
vt 0.985655 0.179437
vt 0.939081 0.132863
vt 0.939081 0.179437
vt 0.979692 0.781451
vt -0.000781 0.844034
vt -0.000781 0.781451
vt 0.145247 0.718868
vt -0.000781 0.656284
vt 0.145247 0.656284
vt 0.979692 0.781451
vt -0.000781 0.718868
vt 0.979692 0.718868
vt 0.302823 0.718868
vt 0.156795 0.656284
vt 0.302823 0.656284
vt 1.000000 1.000000
vt 0.000000 0.851064
vt 1.000000 0.851064
vt 0.998987 0.652658
vt 0.001647 0.504118
vt 0.998987 0.504118
vt 0.999050 0.342604
vt 0.939310 0.183297
vt 0.999050 0.183297
vt 0.999050 0.342604
vt 0.939310 0.183297
vt 0.999050 0.183297
vt 0.999050 0.183297
vt 0.939310 0.342604
vt 0.939310 0.183297
vt 0.999050 0.342604
vt 0.939310 0.183297
vt 0.999050 0.183297
vt 0.985655 0.179437
vt 0.939081 0.132863
vt 0.985655 0.132863
vt 0.999050 0.342604
vt 0.939310 0.183297
vt 0.939310 0.342604
vt 0.999050 0.342604
vt 0.939310 0.183297
vt 0.939310 0.342604
vt 0.939310 0.342604
vt 0.999050 0.183297
vt 0.939310 0.183297
vt 0.999050 0.342604
vt 0.939310 0.183297
vt 0.939310 0.342604
vt 0.985655 0.179437
vt 0.939081 0.132863
vt 0.939081 0.179437
vt 0.979692 0.781451
vt -0.000781 0.844034
vt -0.000781 0.781451
vt 0.145247 0.718868
vt -0.000781 0.656284
vt 0.145247 0.656284
vt 0.979692 0.781451
vt -0.000781 0.718868
vt 0.979692 0.718868
vt 0.302823 0.718868
vt 0.156795 0.656284
vt 0.302823 0.656284
vt 1.000000 1.000000
vt 0.000000 0.851064
vt 1.000000 0.851064
vt 0.998987 0.652658
vt 0.001647 0.504118
vt 0.998987 0.504118
vt 0.989577 0.077516
vt 0.989577 0.091045
vt 0.980410 0.077516
vt 0.000000 0.062150
vt 0.905875 0.048121
vt 0.905875 0.062150
vt 0.000000 0.034093
vt 0.905875 0.048121
vt 0.000000 0.048121
vt 0.000200 0.219937
vt 0.906075 0.259595
vt 0.000200 0.259595
vt -0.000122 0.210448
vt 0.905753 0.156096
vt 0.905753 0.210448
vt 0.000000 0.121202
vt 0.905875 0.093759
vt 0.905875 0.121202
vt 0.000000 0.025761
vt 0.905875 0.012881
vt 0.905875 0.025761
vt 0.000512 0.330358
vt 0.906387 0.321630
vt 0.906387 0.330358
vt 0.906075 0.296828
vt 0.000200 0.312903
vt 0.000200 0.296828
vt 0.000000 0.089593
vt 0.905875 0.062150
vt 0.905875 0.089593
vt 0.000000 0.012881
vt 0.905875 0.000000
vt 0.905875 0.012881
vt 0.000512 0.321630
vt 0.906387 0.312903
vt 0.906387 0.321630
vt 0.906075 0.281378
vt 0.000200 0.297453
vt 0.000200 0.281378
vt 0.980871 0.078111
vt 0.990402 0.078111
vt 0.990402 0.092176
vt 0.000000 0.048121
vt 0.905875 0.062150
vt 0.905875 0.048121
vt 0.000000 0.034093
vt 0.905875 0.048121
vt 0.905875 0.034093
vt 0.000200 0.219937
vt 0.906075 0.259595
vt 0.906075 0.219937
vt -0.000122 0.156096
vt 0.905753 0.210448
vt 0.905753 0.156096
vt 0.000000 0.121202
vt 0.905875 0.093759
vt 0.000000 0.093759
vt 0.000000 0.025761
vt 0.905875 0.012881
vt 0.000000 0.012881
vt 0.000512 0.330358
vt 0.906387 0.321630
vt 0.000512 0.321630
vt 0.906075 0.296828
vt 0.000200 0.312903
vt 0.906075 0.312903
vt 0.000000 0.089593
vt 0.905875 0.062150
vt 0.000000 0.062150
vt 0.000000 0.012881
vt 0.905875 0.000000
vt 0.000000 0.000000
vt 0.000512 0.321630
vt 0.906387 0.312903
vt 0.000512 0.312903
vt 0.906075 0.281378
vt 0.000200 0.297453
vt 0.906075 0.297453
vt 0.999050 0.342604
vt 0.939310 0.183297
vt 0.999050 0.183297
vt 0.999050 0.342604
vt 0.939310 0.183297
vt 0.999050 0.183297
vt 0.999050 0.183297
vt 0.939310 0.342604
vt 0.939310 0.183297
vt 0.999050 0.342604
vt 0.939310 0.183297
vt 0.999050 0.183297
vt 0.985655 0.179437
vt 0.939081 0.132863
vt 0.985655 0.132863
vt 0.999050 0.342604
vt 0.939310 0.183297
vt 0.939310 0.342604
vt 0.999050 0.342604
vt 0.939310 0.183297
vt 0.939310 0.342604
vt 0.939310 0.342604
vt 0.999050 0.183297
vt 0.939310 0.183297
vt 0.999050 0.342604
vt 0.939310 0.183297
vt 0.939310 0.342604
vt 0.985655 0.179437
vt 0.939081 0.132863
vt 0.939081 0.179437
vt 0.979692 0.781451
vt -0.000781 0.844034
vt -0.000781 0.781451
vt 0.145247 0.718868
vt -0.000781 0.656284
vt 0.145247 0.656284
vt 0.979692 0.781451
vt -0.000781 0.718868
vt 0.979692 0.718868
vt 0.302823 0.718868
vt 0.156795 0.656284
vt 0.302823 0.656284
vt 1.000000 1.000000
vt 0.000000 0.851064
vt 1.000000 0.851064
vt 0.998987 0.652658
vt 0.001647 0.504118
vt 0.998987 0.504118
vt 0.906387 0.321630
vt 0.905875 0.012881
vt 0.000000 0.000000
vt 0.000200 0.281378
vt 0.956520 0.078248
vt 0.990594 0.078248
vt 0.990594 0.092438
vt 0.946906 0.092438
vt 0.946906 0.078248
vt 0.957089 0.077516
vt 0.947923 0.091045
vt 0.947923 0.077516
vt 0.980410 0.048690
vt 0.957089 0.048690
vt 0.997294 0.048690
vt 0.997294 0.033955
vt 0.940205 0.033955
vt 0.940205 0.048690
vt 0.956626 0.078111
vt 0.947096 0.092177
vt 0.947096 0.078111
vt 0.980871 0.048142
vt 0.956626 0.048142
vt 0.998425 0.048142
vt 0.998425 0.032823
vt 0.939072 0.032823
vt 0.939072 0.048142
vt 0.939955 0.033705
vt 0.956987 0.048569
vt 0.939955 0.048569
vt 0.980513 0.048569
vt 0.980512 0.077647
vt 0.997545 0.048569
vt 0.997545 0.033705
vt 0.000000 0.062150
vt 0.905875 0.048121
vt 0.905875 0.062150
vt 0.000000 0.034093
vt 0.452938 0.048121
vt 0.000000 0.048121
vt 0.000200 0.219937
vt 0.453137 0.259595
vt 0.000200 0.259595
vt -0.000122 0.210448
vt 0.905753 0.156096
vt 0.905753 0.210448
vt 0.000000 0.121202
vt 0.905875 0.093759
vt 0.452938 0.121202
vt 0.452938 0.025761
vt 0.000000 0.012881
vt 0.905875 0.012881
vt 0.000512 0.330358
vt 0.906387 0.321630
vt 0.906387 0.330358
vt 0.000200 0.296828
vt 0.453137 0.312903
vt 0.000200 0.312903
vt 0.000000 0.089593
vt 0.905875 0.062150
vt 0.905875 0.089593
vt 0.000000 0.012881
vt 0.905875 0.000000
vt 0.905875 0.012881
vt 0.000512 0.321630
vt 0.906387 0.312903
vt 0.906387 0.321630
vt 0.000200 0.281378
vt 0.453137 0.297453
vt 0.000200 0.297453
vt 0.939004 0.032752
vt 0.956599 0.048107
vt 0.939004 0.048106
vt 0.980901 0.048106
vt 0.980901 0.078145
vt 0.998496 0.048106
vt 0.998496 0.032752
vt 0.000000 0.048121
vt 0.905875 0.062150
vt 0.905875 0.048121
vt 0.000000 0.034093
vt 0.905875 0.048121
vt 0.452938 0.034093
vt 0.453137 0.219937
vt 0.000200 0.259595
vt 0.906075 0.259595
vt -0.000122 0.156096
vt 0.905753 0.210448
vt 0.905753 0.156096
vt 0.000000 0.121202
vt 0.452938 0.093759
vt 0.000000 0.093759
vt 0.000000 0.025761
vt 0.452938 0.012881
vt 0.000000 0.012881
vt 0.000512 0.321630
vt 0.906387 0.330358
vt 0.906387 0.321630
vt 0.453137 0.296828
vt 0.000200 0.312903
vt 0.906075 0.312903
vt 0.452938 0.089593
vt 0.905875 0.062150
vt 0.000000 0.062150
vt 0.452938 0.012881
vt 0.905875 0.000000
vt 0.000000 0.000000
vt 0.000512 0.312903
vt 0.906387 0.321630
vt 0.906387 0.312903
vt 0.453137 0.281378
vt 0.000200 0.297453
vt 0.906075 0.297453
vt 0.999050 0.342604
vt 0.939310 0.183297
vt 0.999050 0.183297
vt 0.999050 0.342604
vt 0.969180 0.183297
vt 0.999050 0.183297
vt 0.999050 0.342604
vt 0.939310 0.183297
vt 0.999050 0.183297
vt 0.969180 0.342604
vt 0.939310 0.183297
vt 0.999050 0.183297
vt 0.985655 0.156150
vt 0.939081 0.179437
vt 0.939081 0.132863
vt 0.939310 0.342604
vt 0.999050 0.183297
vt 0.939310 0.183297
vt 0.999050 0.342604
vt 0.939310 0.183297
vt 0.969180 0.342604
vt 0.999050 0.342604
vt 0.939310 0.183297
vt 0.939310 0.342604
vt 0.999050 0.342604
vt 0.939310 0.183297
vt 0.939310 0.342604
vt 0.985655 0.179437
vt 0.939081 0.156150
vt 0.939081 0.179437
vt 0.979692 0.844034
vt -0.000781 0.781451
vt 0.979692 0.781451
vt 0.145247 0.718868
vt 0.072233 0.656284
vt 0.145247 0.656284
vt 0.979692 0.781451
vt -0.000781 0.718868
vt 0.979692 0.718868
vt 0.229809 0.718868
vt 0.156795 0.656284
vt 0.302823 0.656284
vt 1.000000 0.925532
vt 0.000000 1.000000
vt 0.000000 0.851064
vt 0.998987 0.652658
vt 0.001647 0.504118
vt 0.998987 0.504118
vt 0.999050 0.183297
vt 0.939310 0.342604
vt 0.939310 0.183297
vt 0.999050 0.342604
vt 0.939310 0.183297
vt 0.999050 0.183297
vt 0.999050 0.183297
vt 0.939310 0.342604
vt 0.939310 0.183297
vt 0.999050 0.183297
vt 0.939310 0.342604
vt 0.939310 0.183297
vt 0.985655 0.132863
vt 0.939081 0.179437
vt 0.939081 0.132863
vt 0.999050 0.342604
vt 0.939310 0.183297
vt 0.939310 0.342604
vt 0.939310 0.342604
vt 0.999050 0.183297
vt 0.939310 0.183297
vt 0.999050 0.342604
vt 0.939310 0.183297
vt 0.939310 0.342604
vt 0.939310 0.342604
vt 0.999050 0.183297
vt 0.939310 0.183297
vt 0.985655 0.179437
vt 0.939081 0.132863
vt 0.939081 0.179437
vt 0.979692 0.844034
vt -0.000781 0.781451
vt 0.979692 0.781451
vt 0.145247 0.718868
vt -0.000781 0.656284
vt 0.145247 0.656284
vt 0.979692 0.781451
vt -0.000781 0.718868
vt 0.979692 0.718868
vt 0.302823 0.718868
vt 0.156795 0.656284
vt 0.302823 0.656284
vt 1.000000 0.851064
vt 0.000000 1.000000
vt 0.000000 0.851064
vt 0.998987 0.652658
vt 0.001647 0.504118
vt 0.998987 0.504118
vt 0.000000 0.048121
vt 0.905875 0.062150
vt 0.000000 0.062150
vt 0.000000 0.034093
vt 0.905875 0.048121
vt 0.000000 0.048121
vt 0.000200 0.219937
vt 0.906075 0.259595
vt 0.000200 0.259595
vt -0.000122 0.210448
vt 0.905753 0.156096
vt 0.905753 0.210448
vt 0.000000 0.121202
vt 0.905875 0.093759
vt 0.905875 0.121202
vt 0.000000 0.025761
vt 0.905875 0.012881
vt 0.905875 0.025761
vt 0.000512 0.330358
vt 0.906387 0.321630
vt 0.906387 0.330358
vt 0.000200 0.296828
vt 0.906075 0.312903
vt 0.000200 0.312903
vt 0.000000 0.089593
vt 0.905875 0.062150
vt 0.905875 0.089593
vt 0.000000 0.012881
vt 0.905875 0.000000
vt 0.905875 0.012881
vt 0.000512 0.321630
vt 0.906387 0.312903
vt 0.906387 0.321630
vt 0.000200 0.281378
vt 0.906075 0.297453
vt 0.000200 0.297453
vt 0.000000 0.048121
vt 0.905875 0.062150
vt 0.905875 0.048121
vt 0.000000 0.034093
vt 0.905875 0.048121
vt 0.905875 0.034093
vt 0.906075 0.219937
vt 0.000200 0.259595
vt 0.906075 0.259595
vt -0.000122 0.156096
vt 0.905753 0.210448
vt 0.905753 0.156096
vt 0.000000 0.121202
vt 0.905875 0.093759
vt 0.000000 0.093759
vt 0.000000 0.025761
vt 0.905875 0.012881
vt 0.000000 0.012881
vt 0.000512 0.321630
vt 0.906387 0.330358
vt 0.906387 0.321630
vt 0.906075 0.296828
vt 0.000200 0.312903
vt 0.906075 0.312903
vt 0.000000 0.089593
vt 0.905875 0.062150
vt 0.000000 0.062150
vt 0.000000 0.012881
vt 0.905875 0.000000
vt 0.000000 0.000000
vt 0.000512 0.312903
vt 0.906387 0.321630
vt 0.906387 0.312903
vt 0.906075 0.281378
vt 0.000200 0.297453
vt 0.906075 0.297453
vt 0.999050 0.342604
vt 0.939310 0.183297
vt 0.999050 0.183297
vt 0.999050 0.342604
vt 0.939310 0.183297
vt 0.999050 0.183297
vt 0.999050 0.183297
vt 0.939310 0.342604
vt 0.939310 0.183297
vt 0.999050 0.183297
vt 0.939310 0.342604
vt 0.939310 0.183297
vt 0.985655 0.132863
vt 0.939081 0.179437
vt 0.939081 0.132863
vt 0.999050 0.342604
vt 0.939310 0.183297
vt 0.939310 0.342604
vt 0.939310 0.342604
vt 0.999050 0.183297
vt 0.939310 0.183297
vt 0.999050 0.342604
vt 0.939310 0.183297
vt 0.939310 0.342604
vt 0.999050 0.342604
vt 0.939310 0.183297
vt 0.939310 0.342604
vt 0.985655 0.179437
vt 0.939081 0.132863
vt 0.939081 0.179437
vt 0.979692 0.844034
vt -0.000781 0.781451
vt 0.979692 0.781451
vt 0.145247 0.718868
vt -0.000781 0.656284
vt 0.145247 0.656284
vt 0.979692 0.781451
vt -0.000781 0.718868
vt 0.979692 0.718868
vt 0.302823 0.656284
vt 0.156795 0.718868
vt 0.156795 0.656284
vt 1.000000 0.851064
vt 0.000000 1.000000
vt 0.000000 0.851064
vt 0.998987 0.652658
vt 0.001647 0.504118
vt 0.998987 0.504118
vt 0.999050 0.342604
vt 0.939310 0.183297
vt 0.999050 0.183297
vt 0.999050 0.342604
vt 0.939310 0.183297
vt 0.999050 0.183297
vt 0.999050 0.342604
vt 0.939310 0.183297
vt 0.999050 0.183297
vt 0.999050 0.183297
vt 0.939310 0.342604
vt 0.939310 0.183297
vt 0.985655 0.132863
vt 0.939081 0.179437
vt 0.939081 0.132863
vt 0.999050 0.342604
vt 0.939310 0.183297
vt 0.939310 0.342604
vt 0.999050 0.342604
vt 0.939310 0.183297
vt 0.939310 0.342604
vt 0.999050 0.342604
vt 0.939310 0.183297
vt 0.939310 0.342604
vt 0.939310 0.342604
vt 0.999050 0.183297
vt 0.939310 0.183297
vt 0.985655 0.179437
vt 0.939081 0.132863
vt 0.939081 0.179437
vt 0.979692 0.844034
vt -0.000781 0.781451
vt 0.979692 0.781451
vt 0.145247 0.656284
vt -0.000781 0.718868
vt -0.000781 0.656284
vt 0.979692 0.781451
vt -0.000781 0.718868
vt 0.979692 0.718868
vt 0.302823 0.656284
vt 0.156795 0.718868
vt 0.156795 0.656284
vt 1.000000 0.851064
vt 0.000000 1.000000
vt 0.000000 0.851064
vt 0.998987 0.652658
vt 0.001647 0.504118
vt 0.998987 0.504118
vt 0.000000 0.048121
vt 0.905875 0.062150
vt 0.000000 0.062150
vt 0.000000 0.034093
vt 0.905875 0.048121
vt 0.000000 0.048121
vt 0.000200 0.259595
vt 0.906075 0.219937
vt 0.906075 0.259595
vt 0.905753 0.210448
vt -0.000122 0.156096
vt 0.905753 0.156096
vt 0.000000 0.121202
vt 0.905875 0.093759
vt 0.905875 0.121202
vt 0.000000 0.025761
vt 0.905875 0.012881
vt 0.905875 0.025761
vt 0.906387 0.330358
vt 0.000512 0.321630
vt 0.906387 0.321630
vt 0.906075 0.296828
vt 0.000200 0.312903
vt 0.000200 0.296828
vt 0.000000 0.089593
vt 0.905875 0.062150
vt 0.905875 0.089593
vt 0.000000 0.012881
vt 0.905875 0.000000
vt 0.905875 0.012881
vt 0.906387 0.321630
vt 0.000512 0.312903
vt 0.906387 0.312903
vt 0.906075 0.281378
vt 0.000200 0.297453
vt 0.000200 0.281378
vt 0.905875 0.048121
vt 0.000000 0.062150
vt 0.905875 0.062150
vt 0.000000 0.034093
vt 0.905875 0.048121
vt 0.905875 0.034093
vt 0.000200 0.219937
vt 0.906075 0.259595
vt 0.906075 0.219937
vt -0.000122 0.210448
vt 0.905753 0.156096
vt -0.000122 0.156096
vt 0.000000 0.121202
vt 0.905875 0.093759
vt 0.000000 0.093759
vt 0.000000 0.025761
vt 0.905875 0.012881
vt 0.000000 0.012881
vt 0.000512 0.330358
vt 0.906387 0.321630
vt 0.000512 0.321630
vt 0.906075 0.312903
vt 0.000200 0.296828
vt 0.000200 0.312903
vt 0.000000 0.089593
vt 0.905875 0.062150
vt 0.000000 0.062150
vt 0.000000 0.012881
vt 0.905875 0.000000
vt 0.000000 0.000000
vt 0.000512 0.321630
vt 0.906387 0.312903
vt 0.000512 0.312903
vt 0.906075 0.297453
vt 0.000200 0.281378
vt 0.000200 0.297453
vt 0.999050 0.183297
vt 0.939310 0.342604
vt 0.939310 0.183297
vt 0.999050 0.183297
vt 0.939310 0.342604
vt 0.939310 0.183297
vt 0.999050 0.342604
vt 0.939310 0.183297
vt 0.999050 0.183297
vt 0.999050 0.342604
vt 0.939310 0.183297
vt 0.999050 0.183297
vt 0.985655 0.179437
vt 0.939081 0.132863
vt 0.985655 0.132863
vt 0.999050 0.342604
vt 0.939310 0.183297
vt 0.939310 0.342604
vt 0.999050 0.342604
vt 0.939310 0.183297
vt 0.939310 0.342604
vt 0.999050 0.342604
vt 0.939310 0.183297
vt 0.939310 0.342604
vt 0.999050 0.342604
vt 0.939310 0.183297
vt 0.939310 0.342604
vt 0.939081 0.179437
vt 0.985655 0.132863
vt 0.939081 0.132863
vt 0.979692 0.781451
vt -0.000781 0.844034
vt -0.000781 0.781451
vt 0.145247 0.718868
vt -0.000781 0.656284
vt 0.145247 0.656284
vt 0.979692 0.781451
vt -0.000781 0.718868
vt 0.979692 0.718868
vt 0.302823 0.718868
vt 0.156795 0.656284
vt 0.302823 0.656284
vt 1.000000 1.000000
vt 0.000000 0.851064
vt 1.000000 0.851064
vt 0.998987 0.504118
vt 0.001647 0.652658
vt 0.001647 0.504118
vt 0.999050 0.342604
vt 0.939310 0.183297
vt 0.999050 0.183297
vt 0.999050 0.342604
vt 0.939310 0.183297
vt 0.999050 0.183297
vt 0.999050 0.342604
vt 0.939310 0.183297
vt 0.999050 0.183297
vt 0.999050 0.183297
vt 0.939310 0.342604
vt 0.939310 0.183297
vt 0.985655 0.179437
vt 0.939081 0.132863
vt 0.985655 0.132863
vt 0.999050 0.342604
vt 0.939310 0.183297
vt 0.939310 0.342604
vt 0.999050 0.342604
vt 0.939310 0.183297
vt 0.939310 0.342604
vt 0.999050 0.342604
vt 0.939310 0.183297
vt 0.939310 0.342604
vt 0.939310 0.342604
vt 0.999050 0.183297
vt 0.939310 0.183297
vt 0.939081 0.179437
vt 0.985655 0.132863
vt 0.939081 0.132863
vt 0.979692 0.844034
vt -0.000781 0.781451
vt 0.979692 0.781451
vt 0.145247 0.718868
vt -0.000781 0.656284
vt 0.145247 0.656284
vt 0.979692 0.781451
vt -0.000781 0.718868
vt 0.979692 0.718868
vt 0.302823 0.718868
vt 0.156795 0.656284
vt 0.302823 0.656284
vt 1.000000 1.000000
vt 0.000000 0.851064
vt 1.000000 0.851064
vt 0.998987 0.504118
vt 0.001647 0.652658
vt 0.001647 0.504118
vt 0.000000 0.048121
vt 0.905875 0.062150
vt 0.000000 0.062150
vt 0.000000 0.034093
vt 0.905875 0.048121
vt 0.000000 0.048121
vt 0.000200 0.219937
vt 0.906075 0.259595
vt 0.000200 0.259595
vt -0.000122 0.210448
vt 0.905753 0.156096
vt 0.905753 0.210448
vt 0.000000 0.121202
vt 0.905875 0.093759
vt 0.905875 0.121202
vt 0.000000 0.025761
vt 0.905875 0.012881
vt 0.905875 0.025761
vt 0.000512 0.330358
vt 0.906387 0.321630
vt 0.906387 0.330358
vt 0.000200 0.296828
vt 0.906075 0.312903
vt 0.000200 0.312903
vt 0.000000 0.089593
vt 0.905875 0.062150
vt 0.905875 0.089593
vt 0.000000 0.012881
vt 0.905875 0.000000
vt 0.905875 0.012881
vt 0.000512 0.321630
vt 0.906387 0.312903
vt 0.906387 0.321630
vt 0.000200 0.281378
vt 0.906075 0.297453
vt 0.000200 0.297453
vt 0.000000 0.048121
vt 0.905875 0.062150
vt 0.905875 0.048121
vt 0.000000 0.034093
vt 0.905875 0.048121
vt 0.905875 0.034093
vt 0.906075 0.219937
vt 0.000200 0.259595
vt 0.906075 0.259595
vt -0.000122 0.156096
vt 0.905753 0.210448
vt 0.905753 0.156096
vt 0.000000 0.121202
vt 0.905875 0.093759
vt 0.000000 0.093759
vt 0.000000 0.025761
vt 0.905875 0.012881
vt 0.000000 0.012881
vt 0.000512 0.321630
vt 0.906387 0.330358
vt 0.906387 0.321630
vt 0.906075 0.296828
vt 0.000200 0.312903
vt 0.906075 0.312903
vt 0.000000 0.089593
vt 0.905875 0.062150
vt 0.000000 0.062150
vt 0.000000 0.012881
vt 0.905875 0.000000
vt 0.000000 0.000000
vt 0.000512 0.312903
vt 0.906387 0.321630
vt 0.906387 0.312903
vt 0.906075 0.281378
vt 0.000200 0.297453
vt 0.906075 0.297453
vt 0.999050 0.342604
vt 0.939310 0.183297
vt 0.999050 0.183297
vt 0.999050 0.183297
vt 0.939310 0.342604
vt 0.939310 0.183297
vt 0.999050 0.342604
vt 0.939310 0.183297
vt 0.999050 0.183297
vt 0.999050 0.342604
vt 0.939310 0.183297
vt 0.999050 0.183297
vt 0.985655 0.132863
vt 0.939081 0.179437
vt 0.939081 0.132863
vt 0.939310 0.342604
vt 0.999050 0.183297
vt 0.939310 0.183297
vt 0.999050 0.342604
vt 0.939310 0.183297
vt 0.939310 0.342604
vt 0.999050 0.342604
vt 0.939310 0.183297
vt 0.939310 0.342604
vt 0.939310 0.342604
vt 0.999050 0.183297
vt 0.939310 0.183297
vt 0.985655 0.179437
vt 0.939081 0.132863
vt 0.939081 0.179437
vt 0.979692 0.844034
vt -0.000781 0.781451
vt 0.979692 0.781451
vt 0.145247 0.656284
vt -0.000781 0.718868
vt -0.000781 0.656284
vt 0.979692 0.781451
vt -0.000781 0.718868
vt 0.979692 0.718868
vt 0.302823 0.718868
vt 0.156795 0.656284
vt 0.302823 0.656284
vt 1.000000 0.851064
vt 0.000000 1.000000
vt 0.000000 0.851064
vt 0.998987 0.652658
vt 0.001647 0.504118
vt 0.998987 0.504118
vt 0.999050 0.342604
vt 0.939310 0.183297
vt 0.999050 0.183297
vt 0.999050 0.183297
vt 0.939310 0.342604
vt 0.939310 0.183297
vt 0.999050 0.342604
vt 0.939310 0.183297
vt 0.999050 0.183297
vt 0.999050 0.342604
vt 0.939310 0.183297
vt 0.999050 0.183297
vt 0.985655 0.132863
vt 0.939081 0.179437
vt 0.939081 0.132863
vt 0.999050 0.342604
vt 0.939310 0.183297
vt 0.939310 0.342604
vt 0.939310 0.342604
vt 0.999050 0.183297
vt 0.939310 0.183297
vt 0.999050 0.342604
vt 0.939310 0.183297
vt 0.939310 0.342604
vt 0.939310 0.342604
vt 0.999050 0.183297
vt 0.939310 0.183297
vt 0.985655 0.179437
vt 0.939081 0.132863
vt 0.939081 0.179437
vt 0.979692 0.844034
vt -0.000781 0.781451
vt 0.979692 0.781451
vt 0.145247 0.718868
vt -0.000781 0.656284
vt 0.145247 0.656284
vt 0.979692 0.781451
vt -0.000781 0.718868
vt 0.979692 0.718868
vt 0.302823 0.718868
vt 0.156795 0.656284
vt 0.302823 0.656284
vt 1.000000 0.851064
vt 0.000000 1.000000
vt 0.000000 0.851064
vt 0.998987 0.652658
vt 0.001647 0.504118
vt 0.998987 0.504118
vt 0.000000 0.048121
vt 0.905875 0.062150
vt 0.000000 0.062150
vt 0.000000 0.034093
vt 0.905875 0.048121
vt 0.000000 0.048121
vt 0.000200 0.259595
vt 0.906075 0.219937
vt 0.906075 0.259595
vt 0.905753 0.210448
vt -0.000122 0.156096
vt 0.905753 0.156096
vt 0.000000 0.121202
vt 0.905875 0.093759
vt 0.905875 0.121202
vt 0.000000 0.025761
vt 0.905875 0.012881
vt 0.905875 0.025761
vt 0.906387 0.330358
vt 0.000512 0.321630
vt 0.906387 0.321630
vt 0.906075 0.296828
vt 0.000200 0.312903
vt 0.000200 0.296828
vt 0.000000 0.089593
vt 0.905875 0.062150
vt 0.905875 0.089593
vt 0.000000 0.012881
vt 0.905875 0.000000
vt 0.905875 0.012881
vt 0.906387 0.321630
vt 0.000512 0.312903
vt 0.906387 0.312903
vt 0.906075 0.281378
vt 0.000200 0.297453
vt 0.000200 0.281378
vt 0.000000 0.048121
vt 0.905875 0.062150
vt 0.905875 0.048121
vt 0.000000 0.034093
vt 0.905875 0.048121
vt 0.905875 0.034093
vt 0.000200 0.219937
vt 0.906075 0.259595
vt 0.906075 0.219937
vt -0.000122 0.210448
vt 0.905753 0.156096
vt -0.000122 0.156096
vt 0.000000 0.121202
vt 0.905875 0.093759
vt 0.000000 0.093759
vt 0.000000 0.025761
vt 0.905875 0.012881
vt 0.000000 0.012881
vt 0.000512 0.330358
vt 0.906387 0.321630
vt 0.000512 0.321630
vt 0.906075 0.312903
vt 0.000200 0.296828
vt 0.000200 0.312903
vt 0.000000 0.089593
vt 0.905875 0.062150
vt 0.000000 0.062150
vt 0.000000 0.000000
vt 0.905875 0.012881
vt 0.905875 0.000000
vt 0.000512 0.321630
vt 0.906387 0.312903
vt 0.000512 0.312903
vt 0.906075 0.297453
vt 0.000200 0.281378
vt 0.000200 0.297453
vt 0.999050 0.342604
vt 0.939310 0.183297
vt 0.999050 0.183297
vt 0.999050 0.183297
vt 0.939310 0.342604
vt 0.939310 0.183297
vt 0.999050 0.342604
vt 0.939310 0.183297
vt 0.999050 0.183297
vt 0.999050 0.342604
vt 0.939310 0.183297
vt 0.999050 0.183297
vt 0.985655 0.179437
vt 0.939081 0.132863
vt 0.985655 0.132863
vt 0.999050 0.342604
vt 0.939310 0.183297
vt 0.939310 0.342604
vt 0.999050 0.342604
vt 0.939310 0.183297
vt 0.939310 0.342604
vt 0.939310 0.342604
vt 0.999050 0.183297
vt 0.939310 0.183297
vt 0.999050 0.342604
vt 0.939310 0.183297
vt 0.939310 0.342604
vt 0.939081 0.179437
vt 0.985655 0.132863
vt 0.939081 0.132863
vt 0.979692 0.844034
vt -0.000781 0.781451
vt 0.979692 0.781451
vt 0.145247 0.718868
vt -0.000781 0.656284
vt 0.145247 0.656284
vt 0.979692 0.781451
vt -0.000781 0.718868
vt 0.979692 0.718868
vt 0.302823 0.718868
vt 0.156795 0.656284
vt 0.302823 0.656284
vt 1.000000 1.000000
vt 0.000000 0.851064
vt 1.000000 0.851064
vt 0.998987 0.504118
vt 0.001647 0.652658
vt 0.001647 0.504118
vt 0.999050 0.342604
vt 0.939310 0.183297
vt 0.999050 0.183297
vt 0.999050 0.342604
vt 0.939310 0.183297
vt 0.999050 0.183297
vt 0.999050 0.183297
vt 0.939310 0.342604
vt 0.939310 0.183297
vt 0.999050 0.183297
vt 0.939310 0.342604
vt 0.939310 0.183297
vt 0.985655 0.179437
vt 0.939081 0.132863
vt 0.985655 0.132863
vt 0.999050 0.342604
vt 0.939310 0.183297
vt 0.939310 0.342604
vt 0.999050 0.342604
vt 0.939310 0.183297
vt 0.939310 0.342604
vt 0.939310 0.342604
vt 0.999050 0.183297
vt 0.939310 0.183297
vt 0.999050 0.342604
vt 0.939310 0.183297
vt 0.939310 0.342604
vt 0.939081 0.179437
vt 0.985655 0.132863
vt 0.939081 0.132863
vt 0.979692 0.844034
vt -0.000781 0.781451
vt 0.979692 0.781451
vt 0.145247 0.718868
vt -0.000781 0.656284
vt 0.145247 0.656284
vt 0.979692 0.781451
vt -0.000781 0.718868
vt 0.979692 0.718868
vt 0.302823 0.718868
vt 0.156795 0.656284
vt 0.302823 0.656284
vt 1.000000 1.000000
vt 0.000000 0.851064
vt 1.000000 0.851064
vt 0.998987 0.504118
vt 0.001647 0.652658
vt 0.001647 0.504118
vt 0.000000 0.048121
vt 0.905875 0.062150
vt 0.000000 0.062150
vt 0.000000 0.034093
vt 0.905875 0.048121
vt 0.000000 0.048121
vt 0.000200 0.219937
vt 0.906075 0.259595
vt 0.000200 0.259595
vt -0.000122 0.210448
vt 0.905753 0.156096
vt 0.905753 0.210448
vt 0.000000 0.121202
vt 0.905875 0.093759
vt 0.905875 0.121202
vt 0.000000 0.025761
vt 0.905875 0.012881
vt 0.905875 0.025761
vt 0.000512 0.330358
vt 0.906387 0.321630
vt 0.906387 0.330358
vt 0.000200 0.296828
vt 0.906075 0.312903
vt 0.000200 0.312903
vt 0.000000 0.089593
vt 0.905875 0.062150
vt 0.905875 0.089593
vt 0.000000 0.012881
vt 0.905875 0.000000
vt 0.905875 0.012881
vt 0.000512 0.321630
vt 0.906387 0.312903
vt 0.906387 0.321630
vt 0.000200 0.281378
vt 0.906075 0.297453
vt 0.000200 0.297453
vt 0.000000 0.048121
vt 0.905875 0.062150
vt 0.905875 0.048121
vt 0.000000 0.034093
vt 0.905875 0.048121
vt 0.905875 0.034093
vt 0.906075 0.219937
vt 0.000200 0.259595
vt 0.906075 0.259595
vt -0.000122 0.156096
vt 0.905753 0.210448
vt 0.905753 0.156096
vt 0.000000 0.121202
vt 0.905875 0.093759
vt 0.000000 0.093759
vt 0.000000 0.025761
vt 0.905875 0.012881
vt 0.000000 0.012881
vt 0.000512 0.321630
vt 0.906387 0.330358
vt 0.906387 0.321630
vt 0.906075 0.296828
vt 0.000200 0.312903
vt 0.906075 0.312903
vt 0.000000 0.089593
vt 0.905875 0.062150
vt 0.000000 0.062150
vt 0.000000 0.012881
vt 0.905875 0.000000
vt 0.000000 0.000000
vt 0.000512 0.312903
vt 0.906387 0.321630
vt 0.906387 0.312903
vt 0.906075 0.281378
vt 0.000200 0.297453
vt 0.906075 0.297453
vt 0.999050 0.183297
vt 0.939310 0.342604
vt 0.939310 0.183297
vt 0.999050 0.342604
vt 0.939310 0.183297
vt 0.999050 0.183297
vt 0.999050 0.342604
vt 0.939310 0.183297
vt 0.999050 0.183297
vt 0.999050 0.342604
vt 0.939310 0.183297
vt 0.999050 0.183297
vt 0.985655 0.132863
vt 0.939081 0.179437
vt 0.939081 0.132863
vt 0.999050 0.342604
vt 0.939310 0.183297
vt 0.939310 0.342604
vt 0.939310 0.342604
vt 0.999050 0.183297
vt 0.939310 0.183297
vt 0.939310 0.342604
vt 0.999050 0.183297
vt 0.939310 0.183297
vt 0.999050 0.342604
vt 0.939310 0.183297
vt 0.939310 0.342604
vt 0.985655 0.179437
vt 0.939081 0.132863
vt 0.939081 0.179437
vt 0.979692 0.844034
vt -0.000781 0.781451
vt 0.979692 0.781451
vt 0.145247 0.718868
vt -0.000781 0.656284
vt 0.145247 0.656284
vt 0.979692 0.781451
vt -0.000781 0.718868
vt 0.979692 0.718868
vt 0.302823 0.718868
vt 0.156795 0.656284
vt 0.302823 0.656284
vt 1.000000 0.851064
vt 0.000000 1.000000
vt 0.000000 0.851064
vt 0.998987 0.652658
vt 0.001647 0.504118
vt 0.998987 0.504118
vt 0.999050 0.183297
vt 0.939310 0.342604
vt 0.939310 0.183297
vt 0.999050 0.183297
vt 0.939310 0.342604
vt 0.939310 0.183297
vt 0.999050 0.342604
vt 0.939310 0.183297
vt 0.999050 0.183297
vt 0.999050 0.342604
vt 0.939310 0.183297
vt 0.999050 0.183297
vt 0.985655 0.132863
vt 0.939081 0.179437
vt 0.939081 0.132863
vt 0.999050 0.342604
vt 0.939310 0.183297
vt 0.939310 0.342604
vt 0.999050 0.342604
vt 0.939310 0.183297
vt 0.939310 0.342604
vt 0.939310 0.342604
vt 0.999050 0.183297
vt 0.939310 0.183297
vt 0.939310 0.342604
vt 0.999050 0.183297
vt 0.939310 0.183297
vt 0.985655 0.179437
vt 0.939081 0.132863
vt 0.939081 0.179437
vt 0.979692 0.844034
vt -0.000781 0.781451
vt 0.979692 0.781451
vt 0.145247 0.656284
vt -0.000781 0.718868
vt -0.000781 0.656284
vt 0.979692 0.781451
vt -0.000781 0.718868
vt 0.979692 0.718868
vt 0.302823 0.718868
vt 0.156795 0.656284
vt 0.302823 0.656284
vt 1.000000 0.851064
vt 0.000000 1.000000
vt 0.000000 0.851064
vt 0.998987 0.652658
vt 0.001647 0.504118
vt 0.998987 0.504118
vt 0.000000 0.048121
vt 0.905875 0.062150
vt 0.000000 0.062150
vt 0.000000 0.048121
vt 0.905875 0.034093
vt 0.905875 0.048121
vt 0.000200 0.259595
vt 0.906075 0.219937
vt 0.906075 0.259595
vt 0.905753 0.210448
vt -0.000122 0.156096
vt 0.905753 0.156096
vt 0.905875 0.121202
vt 0.000000 0.093759
vt 0.905875 0.093759
vt 0.000000 0.025761
vt 0.905875 0.012881
vt 0.905875 0.025761
vt 0.906387 0.330358
vt 0.000512 0.321630
vt 0.906387 0.321630
vt 0.906075 0.296828
vt 0.000200 0.312903
vt 0.000200 0.296828
vt 0.000000 0.089593
vt 0.905875 0.062150
vt 0.905875 0.089593
vt 0.000000 0.012881
vt 0.905875 0.000000
vt 0.905875 0.012881
vt 0.906387 0.321630
vt 0.000512 0.312903
vt 0.906387 0.312903
vt 0.906075 0.281378
vt 0.000200 0.297453
vt 0.000200 0.281378
vt 0.000000 0.048121
vt 0.905875 0.062150
vt 0.905875 0.048121
vt 0.000000 0.034093
vt 0.905875 0.048121
vt 0.905875 0.034093
vt 0.000200 0.219937
vt 0.906075 0.259595
vt 0.906075 0.219937
vt -0.000122 0.210448
vt 0.905753 0.156096
vt -0.000122 0.156096
vt 0.000000 0.121202
vt 0.905875 0.093759
vt 0.000000 0.093759
vt 0.000000 0.012881
vt 0.905875 0.025761
vt 0.905875 0.012881
vt 0.000512 0.330358
vt 0.906387 0.321630
vt 0.000512 0.321630
vt 0.906075 0.312903
vt 0.000200 0.296828
vt 0.000200 0.312903
vt 0.000000 0.062150
vt 0.905875 0.089593
vt 0.905875 0.062150
vt 0.000000 0.000000
vt 0.905875 0.012881
vt 0.905875 0.000000
vt 0.000512 0.321630
vt 0.906387 0.312903
vt 0.000512 0.312903
vt 0.906075 0.297453
vt 0.000200 0.281378
vt 0.000200 0.297453
vt 0.999050 0.342604
vt 0.939310 0.183297
vt 0.999050 0.183297
vt 0.999050 0.183297
vt 0.939310 0.342604
vt 0.939310 0.183297
vt 0.999050 0.342604
vt 0.939310 0.183297
vt 0.999050 0.183297
vt 0.999050 0.342604
vt 0.939310 0.183297
vt 0.999050 0.183297
vt 0.985655 0.179437
vt 0.939081 0.132863
vt 0.985655 0.132863
vt 0.999050 0.342604
vt 0.939310 0.183297
vt 0.939310 0.342604
vt 0.999050 0.342604
vt 0.939310 0.183297
vt 0.939310 0.342604
vt 0.939310 0.342604
vt 0.999050 0.183297
vt 0.939310 0.183297
vt 0.939310 0.342604
vt 0.999050 0.183297
vt 0.939310 0.183297
vt 0.939081 0.179437
vt 0.985655 0.132863
vt 0.939081 0.132863
vt 0.979692 0.844034
vt -0.000781 0.781451
vt 0.979692 0.781451
vt 0.145247 0.718868
vt -0.000781 0.656284
vt 0.145247 0.656284
vt 0.979692 0.718868
vt -0.000781 0.781451
vt -0.000781 0.718868
vt 0.302823 0.718868
vt 0.156795 0.656284
vt 0.302823 0.656284
vt 1.000000 1.000000
vt 0.000000 0.851064
vt 1.000000 0.851064
vt 0.998987 0.504118
vt 0.001647 0.652658
vt 0.001647 0.504118
vt 0.999050 0.342604
vt 0.939310 0.183297
vt 0.999050 0.183297
vt 0.999050 0.183297
vt 0.939310 0.342604
vt 0.939310 0.183297
vt 0.999050 0.342604
vt 0.939310 0.183297
vt 0.999050 0.183297
vt 0.999050 0.342604
vt 0.939310 0.183297
vt 0.999050 0.183297
vt 0.985655 0.179437
vt 0.939081 0.132863
vt 0.985655 0.132863
vt 0.939310 0.342604
vt 0.999050 0.183297
vt 0.939310 0.183297
vt 0.999050 0.342604
vt 0.939310 0.183297
vt 0.939310 0.342604
vt 0.999050 0.342604
vt 0.939310 0.183297
vt 0.939310 0.342604
vt 0.999050 0.342604
vt 0.939310 0.183297
vt 0.939310 0.342604
vt 0.939081 0.179437
vt 0.985655 0.132863
vt 0.939081 0.132863
vt 0.979692 0.844034
vt -0.000781 0.781451
vt 0.979692 0.781451
vt 0.145247 0.656284
vt -0.000781 0.718868
vt -0.000781 0.656284
vt 0.979692 0.781451
vt -0.000781 0.718868
vt 0.979692 0.718868
vt 0.302823 0.718868
vt 0.156795 0.656284
vt 0.302823 0.656284
vt 1.000000 1.000000
vt 0.000000 0.851064
vt 1.000000 0.851064
vt 0.998987 0.504118
vt 0.001647 0.652658
vt 0.001647 0.504118
vt 0.000000 0.048121
vt 0.905875 0.062150
vt 0.000000 0.062150
vt 0.000000 0.034093
vt 0.905875 0.048121
vt 0.000000 0.048121
vt 0.474075 0.259595
vt 0.906075 0.219937
vt 0.906075 0.259595
vt 0.905753 0.210448
vt -0.000122 0.156096
vt 0.905753 0.156096
vt 0.000000 0.121202
vt 0.905875 0.093759
vt 0.905875 0.121202
vt 0.000000 0.025761
vt 0.905875 0.012881
vt 0.905875 0.025761
vt 0.000512 0.330358
vt 0.906387 0.321630
vt 0.906387 0.330358
vt 0.000200 0.296828
vt 0.906075 0.312903
vt 0.000200 0.312903
vt 0.000000 0.089593
vt 0.905875 0.062150
vt 0.905875 0.089593
vt 0.000000 0.012881
vt 0.905875 0.000000
vt 0.905875 0.012881
vt 0.906387 0.321630
vt 0.000512 0.312903
vt 0.906387 0.312903
vt 0.906075 0.281378
vt 0.000200 0.297453
vt 0.000200 0.281378
vt 0.000000 0.048121
vt 0.905875 0.062150
vt 0.905875 0.048121
vt 0.000000 0.034093
vt 0.905875 0.048121
vt 0.905875 0.034093
vt 0.906075 0.219937
vt 0.000200 0.259595
vt 0.906075 0.259595
vt -0.000122 0.156096
vt 0.905753 0.210448
vt 0.905753 0.156096
vt 0.000000 0.121202
vt 0.905875 0.093759
vt 0.000000 0.093759
vt 0.000000 0.012881
vt 0.905875 0.025761
vt 0.905875 0.012881
vt 0.000512 0.321630
vt 0.906387 0.330358
vt 0.906387 0.321630
vt 0.906075 0.296828
vt 0.000200 0.312903
vt 0.906075 0.312903
vt 0.000000 0.089593
vt 0.905875 0.062150
vt 0.000000 0.062150
vt 0.000000 0.012881
vt 0.905875 0.000000
vt 0.000000 0.000000
vt 0.000512 0.312903
vt 0.906387 0.321630
vt 0.906387 0.312903
vt 0.906075 0.281378
vt 0.000200 0.297453
vt 0.906075 0.297453
vt 0.999050 0.183297
vt 0.939310 0.342604
vt 0.939310 0.183297
vt 0.999050 0.183297
vt 0.939310 0.342604
vt 0.939310 0.183297
vt 0.999050 0.342604
vt 0.939310 0.183297
vt 0.999050 0.183297
vt 0.999050 0.342604
vt 0.939310 0.183297
vt 0.999050 0.183297
vt 0.985655 0.132863
vt 0.939081 0.179437
vt 0.939081 0.132863
vt 0.939310 0.342604
vt 0.999050 0.183297
vt 0.939310 0.183297
vt 0.999050 0.342604
vt 0.939310 0.183297
vt 0.939310 0.342604
vt 0.999050 0.342604
vt 0.939310 0.183297
vt 0.939310 0.342604
vt 0.939310 0.342604
vt 0.999050 0.183297
vt 0.939310 0.183297
vt 0.985655 0.179437
vt 0.939081 0.132863
vt 0.939081 0.179437
vt 0.979692 0.844034
vt -0.000781 0.781451
vt 0.979692 0.781451
vt 0.145247 0.656284
vt -0.000781 0.718868
vt -0.000781 0.656284
vt 0.979692 0.781451
vt -0.000781 0.718868
vt 0.979692 0.718868
vt 0.302823 0.718868
vt 0.156795 0.656284
vt 0.302823 0.656284
vt 1.000000 0.851064
vt 0.000000 1.000000
vt 0.000000 0.851064
vt 0.998987 0.652658
vt 0.001647 0.504118
vt 0.998987 0.504118
vt 0.000000 0.034093
vt 0.905875 0.048121
vt 0.000000 0.048121
vt 0.096880 0.259595
vt 0.000200 0.219937
vt 0.101523 0.219937
vt -0.000122 0.210448
vt -0.000122 0.156096
vt 0.905753 0.156096
vt 0.905875 0.121202
vt 0.000000 0.093759
vt 0.905875 0.093759
vt 0.000000 0.025761
vt 0.905875 0.012881
vt 0.905875 0.025761
vt 0.906387 0.330358
vt 0.000512 0.321630
vt 0.906075 0.296828
vt 0.000200 0.312903
vt 0.000200 0.296828
vt 0.999050 0.183297
vt 0.939310 0.342604
vt 0.939310 0.183297
vt 0.999050 0.342604
vt 0.939310 0.183297
vt 0.999050 0.183297
vt 0.999050 0.342604
vt 0.939310 0.183297
vt 0.999050 0.183297
vt 0.999050 0.342604
vt 0.939310 0.183297
vt 0.999050 0.183297
vt 0.985655 0.132863
vt 0.939081 0.179437
vt 0.939081 0.132863
vt 0.000000 0.000000
vt 0.000000 0.121202
vt 0.979692 0.844034
vt -0.000781 0.781451
vt 0.979692 0.781451
vt 0.145247 0.718868
vt -0.000781 0.656284
vt 0.145247 0.656284
vt 0.979692 0.781451
vt -0.000781 0.718868
vt 0.979692 0.718868
vt 0.302823 0.718868
vt 0.156795 0.656284
vt 0.302823 0.656284
vt 1.000000 0.851064
vt 0.000000 1.000000
vt 0.000000 0.851064
vt 0.998987 0.652658
vt 0.001647 0.504118
vt 0.998987 0.504118
vt 0.000000 0.048121
vt 0.905875 0.062150
vt 0.905875 0.048121
vt 0.000000 0.034093
vt 0.905875 0.048121
vt 0.905875 0.034093
vt 0.000200 0.219937
vt 0.906075 0.259595
vt 0.906075 0.219937
vt -0.000122 0.210448
vt 0.905753 0.156096
vt -0.000122 0.156096
vt 0.000000 0.121202
vt 0.905875 0.093759
vt 0.000000 0.093759
vt 0.000000 0.025761
vt 0.905875 0.012881
vt 0.000000 0.012881
vt 0.000512 0.330358
vt 0.906387 0.321630
vt 0.000512 0.321630
vt 0.906075 0.312903
vt 0.000200 0.296828
vt 0.000200 0.312903
vt 0.000000 0.089593
vt 0.905875 0.062150
vt 0.000000 0.062150
vt 0.000000 0.012881
vt 0.905875 0.000000
vt 0.000000 0.000000
vt 0.000512 0.321630
vt 0.906387 0.312903
vt 0.000512 0.312903
vt 0.906075 0.297453
vt 0.000200 0.281378
vt 0.000200 0.297453
vt 0.999050 0.342604
vt 0.939310 0.183297
vt 0.999050 0.183297
vt 0.999050 0.183297
vt 0.939310 0.342604
vt 0.939310 0.183297
vt 0.999050 0.183297
vt 0.939310 0.342604
vt 0.939310 0.183297
vt 0.999050 0.342604
vt 0.939310 0.183297
vt 0.999050 0.183297
vt 0.985655 0.179437
vt 0.939081 0.132863
vt 0.985655 0.132863
vt 0.979692 0.844034
vt -0.000781 0.781451
vt 0.979692 0.781451
vt 0.145247 0.718868
vt -0.000781 0.656284
vt 0.145247 0.656284
vt 0.979692 0.781451
vt -0.000781 0.718868
vt 0.979692 0.718868
vt 0.302823 0.718868
vt 0.156795 0.656284
vt 0.302823 0.656284
vt 1.000000 1.000000
vt 0.000000 0.851064
vt 1.000000 0.851064
vt 0.998987 0.504118
vt 0.001647 0.652658
vt 0.001647 0.504118
vt 0.999050 0.342604
vt 0.939310 0.183297
vt 0.999050 0.183297
vt 0.999050 0.342604
vt 0.939310 0.183297
vt 0.999050 0.183297
vt 0.999050 0.342604
vt 0.939310 0.183297
vt 0.999050 0.183297
vt 0.999050 0.342604
vt 0.939310 0.183297
vt 0.999050 0.183297
vt 0.985655 0.179437
vt 0.939081 0.132863
vt 0.985655 0.132863
vt 0.979692 0.844034
vt -0.000781 0.781451
vt 0.979692 0.781451
vt 0.145247 0.718868
vt -0.000781 0.656284
vt 0.145247 0.656284
vt 0.979692 0.781451
vt -0.000781 0.718868
vt 0.979692 0.718868
vt 0.302823 0.718868
vt 0.156795 0.656284
vt 0.302823 0.656284
vt 1.000000 1.000000
vt 0.000000 0.851064
vt 1.000000 0.851064
vt 0.998987 0.504118
vt 0.001647 0.652658
vt 0.001647 0.504118
vt 0.000000 0.048121
vt 0.905875 0.062150
vt 0.905875 0.048121
vt 0.000000 0.034093
vt 0.905875 0.048121
vt 0.905875 0.034093
vt 0.000200 0.219937
vt 0.906075 0.259595
vt 0.906075 0.219937
vt -0.000122 0.210448
vt 0.905753 0.156096
vt -0.000122 0.156096
vt 0.000000 0.121202
vt 0.905875 0.093759
vt 0.000000 0.093759
vt 0.000000 0.012881
vt 0.905875 0.025761
vt 0.905875 0.012881
vt 0.000512 0.330358
vt 0.906387 0.321630
vt 0.000512 0.321630
vt 0.906075 0.312903
vt 0.000200 0.296828
vt 0.000200 0.312903
vt 0.000000 0.089593
vt 0.905875 0.062150
vt 0.000000 0.062150
vt 0.000000 0.012881
vt 0.905875 0.000000
vt 0.000000 0.000000
vt 0.000512 0.321630
vt 0.906387 0.312903
vt 0.000512 0.312903
vt 0.906075 0.297453
vt 0.000200 0.281378
vt 0.000200 0.297453
vt 0.999050 0.183297
vt 0.939310 0.342604
vt 0.939310 0.183297
vt 0.999050 0.342604
vt 0.939310 0.183297
vt 0.999050 0.183297
vt 0.999050 0.342604
vt 0.939310 0.183297
vt 0.999050 0.183297
vt 0.999050 0.183297
vt 0.939310 0.342604
vt 0.939310 0.183297
vt 0.985655 0.179437
vt 0.939081 0.132863
vt 0.985655 0.132863
vt 0.979692 0.844034
vt -0.000781 0.781451
vt 0.979692 0.781451
vt 0.145247 0.718868
vt -0.000781 0.656284
vt 0.145247 0.656284
vt 0.979692 0.781451
vt -0.000781 0.718868
vt 0.979692 0.718868
vt 0.302823 0.718868
vt 0.156795 0.656284
vt 0.302823 0.656284
vt 1.000000 1.000000
vt 0.000000 0.851064
vt 1.000000 0.851064
vt 0.998987 0.504118
vt 0.001647 0.652658
vt 0.001647 0.504118
vt 0.999050 0.342604
vt 0.939310 0.183297
vt 0.999050 0.183297
vt 0.999050 0.183297
vt 0.939310 0.342604
vt 0.939310 0.183297
vt 0.999050 0.183297
vt 0.939310 0.342604
vt 0.939310 0.183297
vt 0.999050 0.342604
vt 0.939310 0.183297
vt 0.999050 0.183297
vt 0.985655 0.132863
vt 0.939081 0.179437
vt 0.939081 0.132863
vt 0.979692 0.844034
vt -0.000781 0.781451
vt 0.979692 0.781451
vt 0.145247 0.656284
vt -0.000781 0.718868
vt -0.000781 0.656284
vt 0.979692 0.781451
vt -0.000781 0.718868
vt 0.979692 0.718868
vt 0.302823 0.718868
vt 0.156795 0.656284
vt 0.302823 0.656284
vt 1.000000 0.851064
vt 0.000000 1.000000
vt 0.000000 0.851064
vt 0.998987 0.652658
vt 0.001647 0.504118
vt 0.998987 0.504118
vt 0.000000 0.048121
vt 0.905875 0.062150
vt 0.905875 0.048121
vt 0.000000 0.034093
vt 0.905875 0.048121
vt 0.905875 0.034093
vt 0.906075 0.219937
vt 0.000200 0.259595
vt 0.906075 0.259595
vt -0.000122 0.156096
vt 0.905753 0.210448
vt 0.905753 0.156096
vt 0.000000 0.121202
vt 0.905875 0.093759
vt 0.000000 0.093759
vt 0.000000 0.025761
vt 0.905875 0.012881
vt 0.000000 0.012881
vt 0.000512 0.321630
vt 0.906387 0.330358
vt 0.906387 0.321630
vt 0.906075 0.296828
vt 0.000200 0.312903
vt 0.906075 0.312903
vt 0.000000 0.089593
vt 0.905875 0.062150
vt 0.000000 0.062150
vt 0.000000 0.012881
vt 0.905875 0.000000
vt 0.000000 0.000000
vt 0.000512 0.312903
vt 0.906387 0.321630
vt 0.906387 0.312903
vt 0.906075 0.281378
vt 0.000200 0.297453
vt 0.906075 0.297453
vt 0.999050 0.183297
vt 0.939310 0.342604
vt 0.939310 0.183297
vt 0.999050 0.342604
vt 0.939310 0.183297
vt 0.999050 0.183297
vt 0.999050 0.183297
vt 0.939310 0.342604
vt 0.939310 0.183297
vt 0.999050 0.183297
vt 0.939310 0.342604
vt 0.939310 0.183297
vt 0.985655 0.132863
vt 0.939081 0.179437
vt 0.939081 0.132863
vt 0.979692 0.844034
vt -0.000781 0.781451
vt 0.979692 0.781451
vt 0.145247 0.718868
vt -0.000781 0.656284
vt 0.145247 0.656284
vt 0.979692 0.781451
vt -0.000781 0.718868
vt 0.979692 0.718868
vt 0.302823 0.718868
vt 0.156795 0.656284
vt 0.302823 0.656284
vt 1.000000 0.851064
vt 0.000000 1.000000
vt 0.000000 0.851064
vt 0.998987 0.652658
vt 0.001647 0.504118
vt 0.998987 0.504118
vt 0.999050 0.183297
vt 0.939310 0.342604
vt 0.939310 0.183297
vt 0.999050 0.342604
vt 0.939310 0.183297
vt 0.999050 0.183297
vt 0.999050 0.342604
vt 0.939310 0.183297
vt 0.999050 0.183297
vt 0.999050 0.342604
vt 0.939310 0.183297
vt 0.999050 0.183297
vt 0.985655 0.179437
vt 0.939081 0.132863
vt 0.985655 0.132863
vt 0.979692 0.844034
vt -0.000781 0.781451
vt 0.979692 0.781451
vt 0.145247 0.718868
vt -0.000781 0.656284
vt 0.145247 0.656284
vt 0.979692 0.718868
vt -0.000781 0.781451
vt -0.000781 0.718868
vt 0.302823 0.718868
vt 0.156795 0.656284
vt 0.302823 0.656284
vt 1.000000 1.000000
vt 0.000000 0.851064
vt 1.000000 0.851064
vt 0.998987 0.504118
vt 0.001647 0.652658
vt 0.001647 0.504118
vt 0.000000 0.048121
vt 0.905875 0.062150
vt 0.905875 0.048121
vt 0.000000 0.034093
vt 0.905875 0.048121
vt 0.905875 0.034093
vt 0.000200 0.219937
vt 0.906075 0.259595
vt 0.906075 0.219937
vt -0.000122 0.210448
vt 0.905753 0.156096
vt -0.000122 0.156096
vt 0.000000 0.121202
vt 0.905875 0.093759
vt 0.000000 0.093759
vt 0.000000 0.025761
vt 0.905875 0.012881
vt 0.000000 0.012881
vt 0.000512 0.330358
vt 0.906387 0.321630
vt 0.000512 0.321630
vt 0.906075 0.312903
vt 0.000200 0.296828
vt 0.000200 0.312903
vt 0.000000 0.089593
vt 0.905875 0.062150
vt 0.000000 0.062150
vt 0.000000 0.012881
vt 0.905875 0.000000
vt 0.000000 0.000000
vt 0.000512 0.321630
vt 0.906387 0.312903
vt 0.000512 0.312903
vt 0.906075 0.297453
vt 0.000200 0.281378
vt 0.000200 0.297453
vt 0.999050 0.342604
vt 0.939310 0.183297
vt 0.999050 0.183297
vt 0.999050 0.342604
vt 0.939310 0.183297
vt 0.999050 0.183297
vt 0.999050 0.342604
vt 0.939310 0.183297
vt 0.999050 0.183297
vt 0.999050 0.183297
vt 0.939310 0.342604
vt 0.939310 0.183297
vt 0.985655 0.179437
vt 0.939081 0.132863
vt 0.985655 0.132863
vt 0.979692 0.844034
vt -0.000781 0.781451
vt 0.979692 0.781451
vt 0.145247 0.718868
vt -0.000781 0.656284
vt 0.145247 0.656284
vt 0.979692 0.781451
vt -0.000781 0.718868
vt 0.979692 0.718868
vt 0.302823 0.718868
vt 0.156795 0.656284
vt 0.302823 0.656284
vt 1.000000 1.000000
vt 0.000000 0.851064
vt 1.000000 0.851064
vt 0.998987 0.504118
vt 0.001647 0.652658
vt 0.001647 0.504118
vt 0.999050 0.342604
vt 0.939310 0.183297
vt 0.999050 0.183297
vt 0.999050 0.183297
vt 0.939310 0.342604
vt 0.939310 0.183297
vt 0.999050 0.342604
vt 0.939310 0.183297
vt 0.999050 0.183297
vt 0.999050 0.342604
vt 0.939310 0.183297
vt 0.999050 0.183297
vt 0.985655 0.132863
vt 0.939081 0.179437
vt 0.939081 0.132863
vt 0.979692 0.844034
vt -0.000781 0.781451
vt 0.979692 0.781451
vt 0.145247 0.718868
vt -0.000781 0.656284
vt 0.145247 0.656284
vt 0.979692 0.781451
vt -0.000781 0.718868
vt 0.979692 0.718868
vt 0.302823 0.718868
vt 0.156795 0.656284
vt 0.302823 0.656284
vt 1.000000 0.851064
vt 0.000000 1.000000
vt 0.000000 0.851064
vt 0.998987 0.652658
vt 0.001647 0.504118
vt 0.998987 0.504118
vt 0.000000 0.048121
vt 0.905875 0.062150
vt 0.905875 0.048121
vt 0.000000 0.034093
vt 0.905875 0.048121
vt 0.905875 0.034093
vt 0.906075 0.219937
vt 0.000200 0.259595
vt 0.906075 0.259595
vt -0.000122 0.156096
vt 0.905753 0.210448
vt 0.905753 0.156096
vt 0.000000 0.121202
vt 0.905875 0.093759
vt 0.000000 0.093759
vt 0.000000 0.025761
vt 0.905875 0.012881
vt 0.000000 0.012881
vt 0.000512 0.321630
vt 0.906387 0.330358
vt 0.906387 0.321630
vt 0.906075 0.296828
vt 0.000200 0.312903
vt 0.906075 0.312903
vt 0.000000 0.089593
vt 0.905875 0.062150
vt 0.000000 0.062150
vt 0.000000 0.012881
vt 0.905875 0.000000
vt 0.000000 0.000000
vt 0.000512 0.312903
vt 0.906387 0.321630
vt 0.906387 0.312903
vt 0.906075 0.281378
vt 0.000200 0.297453
vt 0.906075 0.297453
vt 0.999050 0.183297
vt 0.939310 0.342604
vt 0.939310 0.183297
vt 0.999050 0.183297
vt 0.939310 0.342604
vt 0.939310 0.183297
vt 0.999050 0.342604
vt 0.939310 0.183297
vt 0.999050 0.183297
vt 0.999050 0.342604
vt 0.939310 0.183297
vt 0.999050 0.183297
vt 0.985655 0.132863
vt 0.939081 0.179437
vt 0.939081 0.132863
vt 0.979692 0.844034
vt -0.000781 0.781451
vt 0.979692 0.781451
vt 0.145247 0.656284
vt -0.000781 0.718868
vt -0.000781 0.656284
vt 0.979692 0.781451
vt -0.000781 0.718868
vt 0.979692 0.718868
vt 0.302823 0.718868
vt 0.156795 0.656284
vt 0.302823 0.656284
vt 1.000000 0.851064
vt 0.000000 1.000000
vt 0.000000 0.851064
vt 0.998987 0.652658
vt 0.001647 0.504118
vt 0.998987 0.504118
vt 0.999050 0.342604
vt 0.939310 0.183297
vt 0.999050 0.183297
vt 0.999050 0.342604
vt 0.939310 0.183297
vt 0.999050 0.183297
vt 0.999050 0.342604
vt 0.939310 0.183297
vt 0.999050 0.183297
vt 0.999050 0.342604
vt 0.939310 0.183297
vt 0.999050 0.183297
vt 0.985655 0.179437
vt 0.939081 0.132863
vt 0.985655 0.132863
vt 0.979692 0.844034
vt -0.000781 0.781451
vt 0.979692 0.781451
vt 0.145247 0.718868
vt -0.000781 0.656284
vt 0.145247 0.656284
vt 0.979692 0.781451
vt -0.000781 0.718868
vt 0.979692 0.718868
vt 0.302823 0.656284
vt 0.156795 0.718868
vt 0.156795 0.656284
vt 1.000000 1.000000
vt 0.000000 0.851064
vt 1.000000 0.851064
vt 0.998987 0.504118
vt 0.001647 0.652658
vt 0.001647 0.504118
vt 0.000000 0.048121
vt 0.905875 0.062150
vt 0.905875 0.048121
vt 0.000000 0.034093
vt 0.905875 0.048121
vt 0.905875 0.034093
vt 0.000200 0.219937
vt 0.906075 0.259595
vt 0.906075 0.219937
vt -0.000122 0.210448
vt 0.905753 0.156096
vt -0.000122 0.156096
vt 0.000000 0.121202
vt 0.905875 0.093759
vt 0.000000 0.093759
vt 0.000000 0.025761
vt 0.905875 0.012881
vt 0.000000 0.012881
vt 0.000512 0.330358
vt 0.906387 0.321630
vt 0.000512 0.321630
vt 0.906075 0.312903
vt 0.000200 0.296828
vt 0.000200 0.312903
vt 0.000000 0.089593
vt 0.905875 0.062150
vt 0.000000 0.062150
vt 0.000000 0.000000
vt 0.905875 0.012881
vt 0.905875 0.000000
vt 0.000512 0.321630
vt 0.906387 0.312903
vt 0.000512 0.312903
vt 0.906075 0.297453
vt 0.000200 0.281378
vt 0.000200 0.297453
vt 0.999050 0.342604
vt 0.939310 0.183297
vt 0.999050 0.183297
vt 0.999050 0.342604
vt 0.939310 0.183297
vt 0.999050 0.183297
vt 0.999050 0.342604
vt 0.939310 0.183297
vt 0.999050 0.183297
vt 0.999050 0.183297
vt 0.939310 0.342604
vt 0.939310 0.183297
vt 0.985655 0.179437
vt 0.939081 0.132863
vt 0.985655 0.132863
vt 0.979692 0.844034
vt -0.000781 0.781451
vt 0.979692 0.781451
vt 0.145247 0.718868
vt -0.000781 0.656284
vt 0.145247 0.656284
vt 0.979692 0.781451
vt -0.000781 0.718868
vt 0.979692 0.718868
vt 0.302823 0.718868
vt 0.156795 0.656284
vt 0.302823 0.656284
vt 1.000000 1.000000
vt 0.000000 0.851064
vt 1.000000 0.851064
vt 0.998987 0.504118
vt 0.001647 0.652658
vt 0.001647 0.504118
vt 0.999050 0.183297
vt 0.939310 0.342604
vt 0.939310 0.183297
vt 0.999050 0.342604
vt 0.939310 0.183297
vt 0.999050 0.183297
vt 0.999050 0.342604
vt 0.939310 0.183297
vt 0.999050 0.183297
vt 0.999050 0.342604
vt 0.939310 0.183297
vt 0.999050 0.183297
vt 0.985655 0.179437
vt 0.939081 0.132863
vt 0.985655 0.132863
vt 0.979692 0.844034
vt -0.000781 0.781451
vt 0.979692 0.781451
vt 0.145247 0.718868
vt -0.000781 0.656284
vt 0.145247 0.656284
vt 0.979692 0.781451
vt -0.000781 0.718868
vt 0.979692 0.718868
vt 0.302823 0.718868
vt 0.156795 0.656284
vt 0.302823 0.656284
vt 1.000000 1.000000
vt 0.000000 0.851064
vt 1.000000 0.851064
vt 0.998987 0.504118
vt 0.001647 0.652658
vt 0.001647 0.504118
vt 0.000000 0.048121
vt 0.905875 0.062150
vt 0.905875 0.048121
vt 0.905875 0.034093
vt 0.000000 0.048121
vt 0.905875 0.048121
vt 0.906075 0.219937
vt 0.000200 0.259595
vt 0.906075 0.259595
vt -0.000122 0.156096
vt 0.905753 0.210448
vt 0.905753 0.156096
vt 0.000000 0.093759
vt 0.905875 0.121202
vt 0.905875 0.093759
vt 0.000000 0.025761
vt 0.905875 0.012881
vt 0.000000 0.012881
vt 0.000512 0.321630
vt 0.906387 0.330358
vt 0.906387 0.321630
vt 0.906075 0.296828
vt 0.000200 0.312903
vt 0.906075 0.312903
vt 0.000000 0.089593
vt 0.905875 0.062150
vt 0.000000 0.062150
vt 0.000000 0.012881
vt 0.905875 0.000000
vt 0.000000 0.000000
vt 0.000512 0.312903
vt 0.906387 0.321630
vt 0.906387 0.312903
vt 0.906075 0.281378
vt 0.000200 0.297453
vt 0.906075 0.297453
vt 0.999050 0.342604
vt 0.939310 0.183297
vt 0.999050 0.183297
vt 0.999050 0.342604
vt 0.939310 0.183297
vt 0.999050 0.183297
vt 0.999050 0.183297
vt 0.939310 0.342604
vt 0.939310 0.183297
vt 0.999050 0.342604
vt 0.939310 0.183297
vt 0.999050 0.183297
vt 0.985655 0.132863
vt 0.939081 0.179437
vt 0.939081 0.132863
vt 0.979692 0.844034
vt -0.000781 0.781451
vt 0.979692 0.781451
vt 0.145247 0.718868
vt -0.000781 0.656284
vt 0.145247 0.656284
vt 0.979692 0.781451
vt -0.000781 0.718868
vt 0.979692 0.718868
vt 0.302823 0.718868
vt 0.156795 0.656284
vt 0.302823 0.656284
vt 1.000000 0.851064
vt 0.000000 1.000000
vt 0.000000 0.851064
vt 0.998987 0.652658
vt 0.001647 0.504118
vt 0.998987 0.504118
vt 0.999050 0.183297
vt 0.939310 0.342604
vt 0.939310 0.183297
vt 0.999050 0.342604
vt 0.939310 0.183297
vt 0.999050 0.183297
vt 0.999050 0.342604
vt 0.939310 0.183297
vt 0.999050 0.183297
vt 0.999050 0.183297
vt 0.939310 0.342604
vt 0.939310 0.183297
vt 0.985655 0.132863
vt 0.939081 0.179437
vt 0.939081 0.132863
vt 0.979692 0.844034
vt -0.000781 0.781451
vt 0.979692 0.781451
vt 0.145247 0.656284
vt -0.000781 0.718868
vt -0.000781 0.656284
vt 0.979692 0.781451
vt -0.000781 0.718868
vt 0.979692 0.718868
vt 0.302823 0.718868
vt 0.156795 0.656284
vt 0.302823 0.656284
vt 1.000000 0.851064
vt 0.000000 1.000000
vt 0.000000 0.851064
vt 0.998987 0.652658
vt 0.001647 0.504118
vt 0.998987 0.504118
vt 0.000000 0.048121
vt 0.905875 0.062150
vt 0.905875 0.048121
vt 0.000000 0.034093
vt 0.905875 0.048121
vt 0.905875 0.034093
vt 0.000200 0.219937
vt 0.906075 0.259595
vt 0.906075 0.219937
vt -0.000122 0.210448
vt 0.905753 0.156096
vt -0.000122 0.156096
vt 0.000000 0.121202
vt 0.905875 0.093759
vt 0.000000 0.093759
vt 0.000000 0.025761
vt 0.905875 0.012881
vt 0.000000 0.012881
vt 0.000512 0.330358
vt 0.906387 0.321630
vt 0.000512 0.321630
vt 0.906075 0.312903
vt 0.000200 0.296828
vt 0.000200 0.312903
vt 0.000000 0.089593
vt 0.905875 0.062150
vt 0.000000 0.062150
vt 0.000000 0.012881
vt 0.905875 0.000000
vt 0.000000 0.000000
vt 0.000512 0.321630
vt 0.906387 0.312903
vt 0.000512 0.312903
vt 0.906075 0.297453
vt 0.000200 0.281378
vt 0.000200 0.297453
vt 0.999050 0.342604
vt 0.939310 0.183297
vt 0.999050 0.183297
vt 0.999050 0.342604
vt 0.939310 0.183297
vt 0.999050 0.183297
vt 0.999050 0.342604
vt 0.939310 0.183297
vt 0.999050 0.183297
vt 0.999050 0.183297
vt 0.939310 0.342604
vt 0.939310 0.183297
vt 0.985655 0.179437
vt 0.939081 0.132863
vt 0.985655 0.132863
vt 0.979692 0.844034
vt -0.000781 0.781451
vt 0.979692 0.781451
vt 0.145247 0.656284
vt -0.000781 0.718868
vt -0.000781 0.656284
vt 0.979692 0.781451
vt -0.000781 0.718868
vt 0.979692 0.718868
vt 0.302823 0.718868
vt 0.156795 0.656284
vt 0.302823 0.656284
vt 1.000000 1.000000
vt 0.000000 0.851064
vt 1.000000 0.851064
vt 0.998987 0.504118
vt 0.001647 0.652658
vt 0.001647 0.504118
vt 0.999050 0.342604
vt 0.939310 0.183297
vt 0.999050 0.183297
vt 0.999050 0.183297
vt 0.939310 0.342604
vt 0.939310 0.183297
vt 0.999050 0.342604
vt 0.939310 0.183297
vt 0.999050 0.183297
vt 0.999050 0.342604
vt 0.939310 0.183297
vt 0.999050 0.183297
vt 0.985655 0.179437
vt 0.939081 0.132863
vt 0.985655 0.132863
vt 0.979692 0.844034
vt -0.000781 0.781451
vt 0.979692 0.781451
vt 0.145247 0.718868
vt -0.000781 0.656284
vt 0.145247 0.656284
vt 0.979692 0.781451
vt -0.000781 0.718868
vt 0.979692 0.718868
vt 0.302823 0.718868
vt 0.156795 0.656284
vt 0.302823 0.656284
vt 1.000000 1.000000
vt 0.000000 0.851064
vt 1.000000 0.851064
vt 0.998987 0.504118
vt 0.001647 0.652658
vt 0.001647 0.504118
vt 0.000000 0.048121
vt 0.905875 0.062150
vt 0.905875 0.048121
vt 0.000000 0.034093
vt 0.905875 0.048121
vt 0.905875 0.034093
vt 0.906075 0.219937
vt 0.000200 0.259595
vt 0.906075 0.259595
vt -0.000122 0.156096
vt 0.905753 0.210448
vt 0.905753 0.156096
vt 0.000000 0.121202
vt 0.905875 0.093759
vt 0.000000 0.093759
vt 0.000000 0.025761
vt 0.905875 0.012881
vt 0.000000 0.012881
vt 0.000512 0.321630
vt 0.906387 0.330358
vt 0.906387 0.321630
vt 0.906075 0.296828
vt 0.000200 0.312903
vt 0.906075 0.312903
vt 0.000000 0.089593
vt 0.905875 0.062150
vt 0.000000 0.062150
vt 0.000000 0.012881
vt 0.905875 0.000000
vt 0.000000 0.000000
vt 0.000512 0.312903
vt 0.906387 0.321630
vt 0.906387 0.312903
vt 0.906075 0.281378
vt 0.000200 0.297453
vt 0.906075 0.297453
vt 0.999050 0.342604
vt 0.939310 0.183297
vt 0.999050 0.183297
vt 0.999050 0.342604
vt 0.939310 0.183297
vt 0.999050 0.183297
vt 0.999050 0.342604
vt 0.939310 0.183297
vt 0.999050 0.183297
vt 0.999050 0.183297
vt 0.939310 0.342604
vt 0.939310 0.183297
vt 0.985655 0.132863
vt 0.939081 0.179437
vt 0.939081 0.132863
vt 0.979692 0.844034
vt -0.000781 0.781451
vt 0.979692 0.781451
vt 0.145247 0.718868
vt -0.000781 0.656284
vt 0.145247 0.656284
vt 0.979692 0.781451
vt -0.000781 0.718868
vt 0.979692 0.718868
vt 0.302823 0.718868
vt 0.156795 0.656284
vt 0.302823 0.656284
vt 1.000000 0.851064
vt 0.000000 1.000000
vt 0.000000 0.851064
vt 0.998987 0.652658
vt 0.001647 0.504118
vt 0.998987 0.504118
vt 0.999050 0.342604
vt 0.939310 0.183297
vt 0.999050 0.183297
vt 0.999050 0.183297
vt 0.939310 0.342604
vt 0.939310 0.183297
vt 0.999050 0.342604
vt 0.939310 0.183297
vt 0.999050 0.183297
vt 0.999050 0.342604
vt 0.939310 0.183297
vt 0.999050 0.183297
vt 0.985655 0.132863
vt 0.939081 0.179437
vt 0.939081 0.132863
vt 0.989760 0.091294
vt 0.947740 0.091294
vt 0.956987 0.077647
vt 0.947740 0.077647
vt 0.979692 0.844034
vt -0.000781 0.781451
vt 0.979692 0.781451
vt 0.145247 0.718868
vt -0.000781 0.656284
vt 0.145247 0.656284
vt 0.979692 0.781451
vt -0.000781 0.718868
vt 0.979692 0.718868
vt 0.302823 0.718868
vt 0.156795 0.656284
vt 0.302823 0.656284
vt 1.000000 0.851064
vt 0.000000 1.000000
vt 0.000000 0.851064
vt 0.998987 0.652658
vt 0.001647 0.504118
vt 0.998987 0.504118
vt 0.000000 0.048121
vt 0.905875 0.062150
vt 0.905875 0.048121
vt 0.000000 0.034093
vt 0.905875 0.048121
vt 0.905875 0.034093
vt 0.000200 0.219937
vt 0.906075 0.259595
vt 0.906075 0.219937
vt -0.000122 0.210448
vt 0.905753 0.156096
vt -0.000122 0.156096
vt 0.000000 0.121202
vt 0.905875 0.093759
vt 0.000000 0.093759
vt 0.000000 0.025761
vt 0.905875 0.012881
vt 0.000000 0.012881
vt 0.000512 0.330358
vt 0.906387 0.321630
vt 0.000512 0.321630
vt 0.906075 0.312903
vt 0.000200 0.296828
vt 0.000200 0.312903
vt 0.000000 0.089593
vt 0.905875 0.062150
vt 0.000000 0.062150
vt 0.000000 0.012881
vt 0.905875 0.000000
vt 0.000000 0.000000
vt 0.000512 0.321630
vt 0.906387 0.312903
vt 0.000512 0.312903
vt 0.906075 0.297453
vt 0.000200 0.281378
vt 0.000200 0.297453
vt 0.999050 0.183297
vt 0.939310 0.342604
vt 0.939310 0.183297
vt 0.999050 0.183297
vt 0.939310 0.342604
vt 0.939310 0.183297
vt 0.999050 0.342604
vt 0.939310 0.183297
vt 0.999050 0.183297
vt 0.999050 0.342604
vt 0.939310 0.183297
vt 0.999050 0.183297
vt 0.985655 0.179437
vt 0.939081 0.132863
vt 0.985655 0.132863
vt 0.990454 0.092243
vt 0.947047 0.092243
vt 0.956599 0.078145
vt 0.947047 0.078145
vt 0.989760 0.077647
vt 0.979692 0.844034
vt -0.000781 0.781451
vt 0.979692 0.781451
vt 0.145247 0.656284
vt -0.000781 0.718868
vt -0.000781 0.656284
vt 0.979692 0.781451
vt -0.000781 0.718868
vt 0.979692 0.718868
vt 0.302823 0.718868
vt 0.156795 0.656284
vt 0.302823 0.656284
vt 1.000000 1.000000
vt 0.000000 0.851064
vt 1.000000 0.851064
vt 0.998987 0.504118
vt 0.001647 0.652658
vt 0.001647 0.504118
vt 0.980176 0.048968
vt 0.957324 0.048968
vt 0.996720 0.034529
vt 0.940780 0.034529
vt 0.940780 0.048968
vt 0.957324 0.077213
vt 0.996720 0.048968
vt 0.999050 0.183297
vt 0.939310 0.342604
vt 0.939310 0.183297
vt 0.999050 0.342604
vt 0.939310 0.183297
vt 0.999050 0.183297
vt 0.999050 0.342604
vt 0.939310 0.183297
vt 0.999050 0.183297
vt 0.999050 0.342604
vt 0.939310 0.183297
vt 0.999050 0.183297
vt 0.985655 0.179437
vt 0.939081 0.132863
vt 0.985655 0.132863
vt 0.990454 0.078145
vt 0.979692 0.844034
vt -0.000781 0.781451
vt 0.979692 0.781451
vt 0.145247 0.718868
vt -0.000781 0.656284
vt 0.145247 0.656284
vt 0.979692 0.781451
vt -0.000781 0.718868
vt 0.979692 0.718868
vt 0.302823 0.718868
vt 0.156795 0.656284
vt 0.302823 0.656284
vt 1.000000 1.000000
vt 0.000000 0.851064
vt 1.000000 0.851064
vt 0.998987 0.504118
vt 0.001647 0.652658
vt 0.001647 0.504118
vt 0.000000 0.048121
vt 0.905875 0.062150
vt 0.905875 0.048121
vt 0.000000 0.034093
vt 0.905875 0.048121
vt 0.905875 0.034093
vt 0.906075 0.219937
vt 0.000200 0.259595
vt 0.906075 0.259595
vt -0.000122 0.156096
vt 0.905753 0.210448
vt 0.905753 0.156096
vt 0.000000 0.121202
vt 0.905875 0.093759
vt 0.000000 0.093759
vt 0.000000 0.025761
vt 0.905875 0.012881
vt 0.000000 0.012881
vt 0.000512 0.321630
vt 0.906387 0.330358
vt 0.906387 0.321630
vt 0.906075 0.296828
vt 0.000200 0.312903
vt 0.906075 0.312903
vt 0.000000 0.089593
vt 0.905875 0.062150
vt 0.000000 0.062150
vt 0.000000 0.012881
vt 0.905875 0.000000
vt 0.000000 0.000000
vt 0.000512 0.312903
vt 0.906387 0.321630
vt 0.906387 0.312903
vt 0.906075 0.281378
vt 0.000200 0.297453
vt 0.906075 0.297453
vt 0.999050 0.183297
vt 0.939310 0.342604
vt 0.939310 0.183297
vt 0.999050 0.342604
vt 0.939310 0.183297
vt 0.999050 0.183297
vt 0.999050 0.342604
vt 0.939310 0.183297
vt 0.999050 0.183297
vt 0.999050 0.342604
vt 0.939310 0.183297
vt 0.999050 0.183297
vt 0.985655 0.132863
vt 0.939081 0.179437
vt 0.939081 0.132863
vt 0.979692 0.781451
vt -0.000781 0.844034
vt -0.000781 0.781451
vt 0.145247 0.656284
vt -0.000781 0.718868
vt -0.000781 0.656284
vt 0.979692 0.781451
vt -0.000781 0.718868
vt 0.979692 0.718868
vt 0.302823 0.718868
vt 0.156795 0.656284
vt 0.302823 0.656284
vt 1.000000 0.851064
vt 0.000000 1.000000
vt 0.000000 0.851064
vt 0.998987 0.652658
vt 0.001647 0.504118
vt 0.998987 0.504118
vt 0.999050 0.342604
vt 0.939310 0.183297
vt 0.999050 0.183297
vt 0.999050 0.183297
vt 0.939310 0.342604
vt 0.939310 0.183297
vt 0.999050 0.342604
vt 0.939310 0.183297
vt 0.999050 0.183297
vt 0.999050 0.342604
vt 0.939310 0.183297
vt 0.999050 0.183297
vt 0.985655 0.132863
vt 0.939081 0.179437
vt 0.939081 0.132863
vt 0.979692 0.844034
vt -0.000781 0.781451
vt 0.979692 0.781451
vt 0.145247 0.718868
vt -0.000781 0.656284
vt 0.145247 0.656284
vt 0.979692 0.781451
vt -0.000781 0.718868
vt 0.979692 0.718868
vt 0.302823 0.718868
vt 0.156795 0.656284
vt 0.302823 0.656284
vt 1.000000 0.851064
vt 0.000000 1.000000
vt 0.000000 0.851064
vt 0.998987 0.652658
vt 0.001647 0.504118
vt 0.998987 0.504118
vt 0.905875 0.048121
vt 0.000000 0.062150
vt 0.905875 0.062150
vt 0.000000 0.034093
vt 0.905875 0.048121
vt 0.905875 0.034093
vt 0.000200 0.219937
vt 0.906075 0.259595
vt 0.906075 0.219937
vt -0.000122 0.210448
vt 0.905753 0.156096
vt -0.000122 0.156096
vt 0.000000 0.121202
vt 0.905875 0.093759
vt 0.000000 0.093759
vt 0.000000 0.025761
vt 0.905875 0.012881
vt 0.000000 0.012881
vt 0.000512 0.330358
vt 0.906387 0.321630
vt 0.000512 0.321630
vt 0.906075 0.312903
vt 0.000200 0.296828
vt 0.000200 0.312903
vt 0.000000 0.089593
vt 0.905875 0.062150
vt 0.000000 0.062150
vt 0.000000 0.012881
vt 0.905875 0.000000
vt 0.000000 0.000000
vt 0.000512 0.321630
vt 0.906387 0.312903
vt 0.000512 0.312903
vt 0.906075 0.297453
vt 0.000200 0.281378
vt 0.000200 0.297453
vt 0.999050 0.342604
vt 0.939310 0.183297
vt 0.999050 0.183297
vt 0.999050 0.342604
vt 0.939310 0.183297
vt 0.999050 0.183297
vt 0.999050 0.183297
vt 0.939310 0.342604
vt 0.939310 0.183297
vt 0.999050 0.342604
vt 0.939310 0.183297
vt 0.999050 0.183297
vt 0.985655 0.179437
vt 0.939081 0.132863
vt 0.985655 0.132863
vt 0.979692 0.844034
vt 0.979692 0.781451
vt -0.000781 0.718868
vt 0.979692 0.718868
vt 0.156795 0.718868
vt 1.000000 1.000000
vt 0.000000 0.851064
vt 1.000000 0.851064
vt 0.001647 0.652658
vt 0.999050 0.342604
vt 0.939310 0.183297
vt 0.999050 0.183297
vt 0.999050 0.342604
vt 0.939310 0.183297
vt 0.999050 0.183297
vt 0.999050 0.342604
vt 0.939310 0.183297
vt 0.999050 0.183297
vt 0.999050 0.183297
vt 0.939310 0.342604
vt 0.939310 0.183297
vt 0.985655 0.179437
vt 0.939081 0.132863
vt 0.985655 0.132863
vt 0.302823 0.718868
vt 0.156795 0.656284
vt 0.302823 0.656284
vt 0.001647 0.652658
vt 0.000000 0.048121
vt 0.905875 0.062150
vt 0.905875 0.048121
vt 0.948342 0.090470
vt 0.948342 0.077213
vt 0.980176 0.077213
vt 0.989158 0.090470
vt 0.989158 0.077213
vt 0.905875 0.034093
vt 0.000000 0.048121
vt 0.905875 0.048121
vt 0.906075 0.219937
vt 0.000200 0.259595
vt 0.906075 0.259595
vt -0.000122 0.156096
vt 0.905753 0.210448
vt 0.905753 0.156096
vt 0.000000 0.121202
vt 0.905875 0.093759
vt 0.000000 0.093759
vt 0.000000 0.025761
vt 0.905875 0.012881
vt 0.000000 0.012881
vt 0.000512 0.321630
vt 0.906387 0.330358
vt 0.906387 0.321630
vt 0.906075 0.296828
vt 0.000200 0.312903
vt 0.906075 0.312903
vt 0.000000 0.089593
vt 0.905875 0.062150
vt 0.000000 0.062150
vt 0.000000 0.012881
vt 0.905875 0.000000
vt 0.000000 0.000000
vt 0.000512 0.312903
vt 0.906387 0.321630
vt 0.906387 0.312903
vt 0.906075 0.281378
vt 0.000200 0.297453
vt 0.906075 0.297453
vt 0.999050 0.342604
vt 0.939310 0.183297
vt 0.999050 0.183297
vt 0.999050 0.342604
vt 0.939310 0.183297
vt 0.999050 0.183297
vt 0.999050 0.342604
vt 0.939310 0.183297
vt 0.999050 0.183297
vt 0.999050 0.183297
vt 0.939310 0.342604
vt 0.939310 0.183297
vt 0.985655 0.179437
vt 0.939081 0.132863
vt 0.985655 0.132863
vt 0.000000 0.000000
vt 0.000000 0.000000
vt 0.000000 0.000000
vt 0.999050 0.183297
vt 0.999050 0.183297
vt 0.999050 0.342604
vt 0.999050 0.183297
vt 0.985655 0.132863
vt -0.000781 0.844034
vt -0.000781 0.718868
vt -0.000781 0.781451
vt 0.156795 0.718868
vt 0.000000 1.000000
vt 0.001647 0.652658
vt 0.999050 0.183297
vt 0.999050 0.183297
vt 0.999050 0.342604
vt 0.999050 0.183297
vt 0.985655 0.179437
vt -0.000781 0.844034
vt -0.000781 0.718868
vt -0.000781 0.781451
vt 0.000000 1.000000
vt 0.999050 0.183297
vt 0.999050 0.183297
vt 0.999050 0.342604
vt 0.999050 0.183297
vt 0.985655 0.132863
vt -0.000781 0.718868
vt 0.905875 0.048121
vt 0.905875 0.034093
vt 0.000200 0.219937
vt -0.000122 0.156096
vt 0.000000 0.093759
vt 0.000000 0.012881
vt 0.000512 0.321630
vt 0.906075 0.312903
vt 0.000000 0.062150
vt 0.000000 0.012881
vt 0.000512 0.312903
vt 0.906075 0.297453
vt 0.999050 0.183297
vt 0.999050 0.183297
vt 0.999050 0.342604
vt 0.999050 0.183297
vt 0.985655 0.132863
vt 0.979692 0.844034
vt -0.000781 0.718868
vt -0.000781 0.781451
vt 0.156795 0.718868
vt 0.000000 1.000000
vt 0.001647 0.652658
vt 0.999050 0.183297
vt 0.999050 0.183297
vt 0.999050 0.342604
vt 0.999050 0.183297
vt 0.985655 0.132863
vt -0.000781 0.844034
vt -0.000781 0.718868
vt -0.000781 0.781451
vt 0.156795 0.718868
vt 0.000000 1.000000
vt 0.001647 0.652658
vt 0.999050 0.183297
vt 0.999050 0.183297
vt 0.999050 0.342604
vt 0.999050 0.183297
vt 0.985655 0.132863
vt -0.000781 0.844034
vt -0.000781 0.718868
vt -0.000781 0.781451
vt 0.156795 0.718868
vt 0.000000 1.000000
vt 0.001647 0.652658
vt 0.999050 0.183297
vt 0.999050 0.183297
vt 0.999050 0.342604
vt 0.999050 0.183297
vt 0.985655 0.132863
vt 0.979692 0.844034
vt -0.000781 0.718868
vt -0.000781 0.781451
vt 0.156795 0.718868
vt 0.000000 1.000000
vt 0.001647 0.652658
vt 0.000000 0.048121
vt 0.905875 0.034093
vt 0.906075 0.219937
vt -0.000122 0.156096
vt 0.000000 0.093759
vt 0.000000 0.012881
vt 0.000512 0.321630
vt 0.906075 0.296828
vt 0.000000 0.062150
vt 0.000000 0.012881
vt 0.000512 0.312903
vt 0.906075 0.297453
vt 0.999050 0.183297
vt 0.999050 0.183297
vt 0.999050 0.342604
vt 0.999050 0.183297
vt 0.985655 0.132863
vt -0.000781 0.844034
vt -0.000781 0.718868
vt -0.000781 0.781451
vt 0.156795 0.718868
vt 0.000000 1.000000
vt 0.001647 0.652658
vt 0.999050 0.183297
vt 0.999050 0.183297
vt 0.999050 0.342604
vt 0.999050 0.342604
vt 0.985655 0.132863
vt -0.000781 0.844034
vt -0.000781 0.718868
vt -0.000781 0.781451
vt 0.156795 0.718868
vt 0.000000 1.000000
vt 0.001647 0.652658
vt 0.999050 0.183297
vt 0.999050 0.183297
vt 0.999050 0.342604
vt 0.999050 0.342604
vt 0.985655 0.132863
vt 0.979692 0.844034
vt -0.000781 0.718868
vt -0.000781 0.781451
vt 0.156795 0.718868
vt 0.000000 1.000000
vt 0.001647 0.652658
vt 0.999050 0.183297
vt 0.999050 0.183297
vt 0.999050 0.342604
vt 0.999050 0.342604
vt 0.985655 0.132863
vt 0.979692 0.844034
vt 0.145247 0.718868
vt -0.000781 0.718868
vt 0.156795 0.718868
vt 0.998987 0.652658
vt 0.001647 0.652658
vt 0.001647 0.504118
vt 0.905875 0.048121
vt 0.905875 0.034093
vt 0.906075 0.219937
vt -0.000122 0.156096
vt 0.000000 0.093759
vt 0.000000 0.012881
vt 0.000512 0.321630
vt 0.906075 0.312903
vt 0.000000 0.062150
vt 0.000000 0.000000
vt 0.000512 0.312903
vt 0.906075 0.297453
vt 0.999050 0.183297
vt 0.999050 0.183297
vt 0.999050 0.342604
vt 0.999050 0.342604
vt 0.985655 0.132863
vt -0.000781 0.844034
vt -0.000781 0.718868
vt 0.156795 0.718868
vt 0.000000 1.000000
vt 0.998987 0.652658
vt 0.001647 0.652658
vt 0.001647 0.504118
vt 0.999050 0.183297
vt 0.999050 0.183297
vt 0.999050 0.342604
vt 0.999050 0.342604
vt 0.985655 0.132863
vt 0.979692 0.844034
vt 0.145247 0.718868
vt -0.000781 0.718868
vt -0.000781 0.656284
vt 0.156795 0.718868
vt 0.000000 1.000000
vt 0.998987 0.652658
vt 0.001647 0.652658
vt 0.001647 0.504118
vt 0.999050 0.183297
vt 0.999050 0.183297
vt 0.999050 0.342604
vt 0.999050 0.342604
vt 0.985655 0.132863
vt 0.979692 0.844034
vt -0.000781 0.718868
vt -0.000781 0.781451
vt 0.156795 0.718868
vt 0.000000 1.000000
vt 0.001647 0.652658
vt 0.999050 0.183297
vt 0.999050 0.183297
vt 0.999050 0.342604
vt 0.999050 0.342604
vt 0.985655 0.132863
vt -0.000781 0.844034
vt -0.000781 0.718868
vt -0.000781 0.781451
vt 0.156795 0.718868
vt 0.000000 1.000000
vt 0.001647 0.652658
vt 0.000000 0.048121
vt 0.905875 0.034093
vt 0.906075 0.219937
vt -0.000122 0.156096
vt 0.000000 0.093759
vt 0.000000 0.012881
vt 0.000512 0.321630
vt 0.906075 0.312903
vt 0.000000 0.062150
vt 0.000000 0.000000
vt 0.000512 0.312903
vt 0.906075 0.297453
vt 0.999050 0.183297
vt 0.999050 0.183297
vt 0.999050 0.342604
vt 0.999050 0.342604
vt 0.985655 0.132863
vt 0.979692 0.844034
vt -0.000781 0.718868
vt -0.000781 0.781451
vt 0.156795 0.718868
vt 0.000000 1.000000
vt 0.001647 0.652658
vt 0.999050 0.183297
vt 0.999050 0.183297
vt 0.999050 0.342604
vt 0.999050 0.183297
vt 0.985655 0.132863
vt 0.979692 0.844034
vt 0.145247 0.718868
vt -0.000781 0.781451
vt 0.156795 0.718868
vt 0.000000 1.000000
vt 0.001647 0.652658
vt 0.999050 0.183297
vt 0.999050 0.183297
vt 0.999050 0.342604
vt 0.999050 0.183297
vt 0.985655 0.132863
vt -0.000781 0.844034
vt 0.145247 0.718868
vt -0.000781 0.781451
vt 0.156795 0.718868
vt 0.000000 1.000000
vt 0.001647 0.652658
vt 0.999050 0.183297
vt 0.999050 0.183297
vt 0.999050 0.342604
vt 0.999050 0.183297
vt 0.985655 0.132863
vt 0.979692 0.844034
vt 0.145247 0.718868
vt -0.000781 0.781451
vt 0.156795 0.718868
vt 0.000000 1.000000
vt 0.001647 0.652658
vt 0.905875 0.048121
vt 0.000000 0.034093
vt 0.906075 0.219937
vt -0.000122 0.156096
vt 0.000000 0.093759
vt 0.000000 0.012881
vt 0.000512 0.321630
vt 0.906075 0.312903
vt 0.000000 0.062150
vt 0.000000 0.000000
vt 0.000512 0.312903
vt 0.906075 0.297453
vt 0.999050 0.183297
vt 0.999050 0.183297
vt 0.999050 0.342604
vt 0.999050 0.183297
vt 0.985655 0.132863
vt 0.979692 0.844034
vt 0.145247 0.718868
vt -0.000781 0.781451
vt 0.156795 0.718868
vt 0.000000 1.000000
vt 0.001647 0.652658
vt 0.999050 0.183297
vt 0.999050 0.183297
vt 0.999050 0.342604
vt 0.999050 0.183297
vt 0.985655 0.132863
vt -0.000781 0.844034
vt 0.145247 0.718868
vt -0.000781 0.781451
vt 0.156795 0.718868
vt 0.000000 1.000000
vt 0.001647 0.652658
vt 0.999050 0.183297
vt 0.999050 0.183297
vt 0.999050 0.342604
vt 0.999050 0.183297
vt 0.985655 0.132863
vt 0.979692 0.844034
vt 0.145247 0.718868
vt -0.000781 0.781451
vt 0.156795 0.718868
vt 0.000000 1.000000
vt 0.001647 0.652658
vt 0.999050 0.183297
vt 0.999050 0.183297
vt 0.999050 0.342604
vt 0.999050 0.183297
vt 0.985655 0.132863
vt 0.979692 0.844034
vt 0.145247 0.718868
vt -0.000781 0.781451
vt 0.156795 0.718868
vt 0.000000 1.000000
vt 0.001647 0.652658
vt 0.905875 0.048121
vt 0.905875 0.034093
vt 0.906075 0.219937
vt -0.000122 0.156096
vt 0.000000 0.093759
vt 0.000000 0.012881
vt 0.000512 0.321630
vt 0.906075 0.312903
vt 0.000000 0.062150
vt 0.000000 0.000000
vt 0.000512 0.312903
vt 0.906075 0.297453
vt 0.999050 0.183297
vt 0.999050 0.183297
vt 0.999050 0.342604
vt 0.999050 0.183297
vt 0.985655 0.132863
vt -0.000781 0.844034
vt 0.145247 0.718868
vt -0.000781 0.781451
vt 0.156795 0.718868
vt 0.000000 1.000000
vt 0.001647 0.652658
vt 0.999050 0.183297
vt 0.999050 0.183297
vt 0.999050 0.342604
vt 0.999050 0.183297
vt 0.985655 0.132863
vt 0.979692 0.844034
vt 0.145247 0.718868
vt -0.000781 0.781451
vt 0.156795 0.718868
vt 0.000000 1.000000
vt 0.001647 0.652658
vt 0.000000 0.062150
vt 0.000000 0.034093
vt 0.000200 0.259595
vt 0.905753 0.210448
vt 0.905875 0.121202
vt 0.905875 0.025761
vt 0.906387 0.330358
vt 0.000200 0.296828
vt 0.000000 0.089593
vt 0.999050 0.183297
vt 0.999050 0.183297
vt 0.999050 0.342604
vt 0.999050 0.183297
vt 0.985655 0.132863
vt 0.979692 0.844034
vt 0.145247 0.718868
vt -0.000781 0.781451
vt 0.156795 0.718868
vt 0.000000 1.000000
vt 0.001647 0.652658
vt 0.000000 0.062150
vt 0.000000 0.048121
vt 0.000200 0.219937
vt -0.000122 0.210448
vt 0.905875 0.121202
vt 0.905875 0.025761
vt 0.906387 0.330358
vt 0.000200 0.296828
vt 0.905875 0.089593
vt 0.905875 0.012881
vt 0.906387 0.321630
vt 0.000200 0.281378
vt 0.939310 0.342604
vt 0.939310 0.342604
vt 0.999050 0.342604
vt 0.939310 0.342604
vt 0.939081 0.179437
vt 0.999050 0.183297
vt 0.999050 0.183297
vt 0.999050 0.342604
vt 0.999050 0.183297
vt 0.985655 0.132863
vt 0.979692 0.844034
vt 0.145247 0.718868
vt -0.000781 0.781451
vt 0.156795 0.718868
vt 0.000000 1.000000
vt 0.001647 0.652658
vt 0.905875 0.048121
vt 0.905875 0.034093
vt 0.906075 0.219937
vt -0.000122 0.156096
vt 0.000000 0.093759
vt 0.000000 0.012881
vt 0.000512 0.321630
vt 0.906075 0.312903
vt 0.000000 0.062150
vt 0.000000 0.000000
vt 0.000512 0.312903
vt 0.906075 0.297453
vt 0.939310 0.342604
vt 0.939310 0.342604
vt 0.999050 0.342604
vt 0.939310 0.342604
vt 0.939081 0.179437
vt 0.999050 0.183297
vt 0.999050 0.183297
vt 0.999050 0.342604
vt 0.999050 0.183297
vt 0.985655 0.132863
vt -0.000781 0.844034
vt 0.145247 0.718868
vt -0.000781 0.781451
vt 0.156795 0.718868
vt 0.000000 1.000000
vt 0.001647 0.652658
vt 0.000000 0.062150
vt 0.000000 0.048121
vt 0.000200 0.259595
vt -0.000122 0.210448
vt 0.905875 0.121202
vt 0.905875 0.025761
vt 0.906387 0.330358
vt 0.000200 0.296828
vt 0.905875 0.089593
vt 0.905875 0.012881
vt 0.906387 0.321630
vt 0.000200 0.281378
vt 0.939310 0.342604
vt 0.939310 0.342604
vt 0.999050 0.342604
vt 0.939310 0.342604
vt 0.939081 0.179437
vt 0.999050 0.183297
vt 0.999050 0.183297
vt 0.999050 0.342604
vt 0.999050 0.183297
vt 0.985655 0.132863
vt -0.000781 0.844034
vt 0.145247 0.718868
vt -0.000781 0.781451
vt 0.156795 0.718868
vt 0.000000 1.000000
vt 0.001647 0.652658
vt 0.939310 0.342604
vt 0.939310 0.342604
vt 0.999050 0.342604
vt 0.939310 0.342604
vt 0.985655 0.179437
vt 0.999050 0.183297
vt 0.999050 0.183297
vt 0.999050 0.342604
vt 0.999050 0.183297
vt 0.985655 0.132863
vt 0.979692 0.844034
vt 0.145247 0.718868
vt -0.000781 0.781451
vt 0.156795 0.718868
vt 0.000000 1.000000
vt 0.001647 0.652658
vt 0.939310 0.342604
vt 0.939310 0.342604
vt 0.999050 0.342604
vt 0.939310 0.342604
vt 0.939081 0.179437
vt 0.999050 0.183297
vt 0.999050 0.183297
vt 0.999050 0.342604
vt 0.999050 0.183297
vt 0.985655 0.132863
vt -0.000781 0.844034
vt 0.145247 0.718868
vt -0.000781 0.781451
vt 0.156795 0.718868
vt 0.000000 1.000000
vt 0.001647 0.652658
vt 0.000000 0.048121
vt 0.000000 0.034093
vt 0.906075 0.219937
vt -0.000122 0.156096
vt 0.000000 0.093759
vt 0.000000 0.012881
vt 0.000512 0.321630
vt 0.906075 0.296828
vt 0.000000 0.062150
vt 0.000000 0.012881
vt 0.000512 0.312903
vt 0.906075 0.281378
vt 0.939310 0.342604
vt 0.939310 0.342604
vt 0.999050 0.342604
vt 0.939310 0.342604
vt 0.939081 0.179437
vt 0.999050 0.183297
vt 0.999050 0.183297
vt 0.999050 0.342604
vt 0.999050 0.183297
vt 0.985655 0.132863
vt 0.979692 0.844034
vt -0.000781 0.718868
vt -0.000781 0.781451
vt 0.156795 0.718868
vt 0.000000 1.000000
vt 0.001647 0.652658
vt 0.939310 0.342604
vt 0.939310 0.342604
vt 0.999050 0.342604
vt 0.939310 0.342604
vt 0.939081 0.179437
vt 0.999050 0.183297
vt 0.999050 0.183297
vt 0.999050 0.342604
vt 0.999050 0.183297
vt 0.985655 0.132863
vt 0.979692 0.844034
vt -0.000781 0.718868
vt -0.000781 0.781451
vt 0.156795 0.718868
vt 0.000000 1.000000
vt 0.001647 0.652658
vt 0.939310 0.342604
vt 0.939310 0.342604
vt 0.999050 0.342604
vt 0.939310 0.342604
vt 0.939081 0.179437
vt 0.999050 0.183297
vt 0.999050 0.183297
vt 0.999050 0.342604
vt 0.999050 0.183297
vt 0.985655 0.132863
vt 0.979692 0.844034
vt -0.000781 0.718868
vt -0.000781 0.781451
vt 0.156795 0.718868
vt 0.000000 1.000000
vt 0.001647 0.652658
vt 0.939310 0.342604
vt 0.939310 0.342604
vt 0.999050 0.342604
vt 0.939310 0.342604
vt 0.939081 0.179437
vt 0.999050 0.183297
vt 0.999050 0.183297
vt 0.999050 0.342604
vt 0.999050 0.183297
vt 0.985655 0.132863
vt 0.979692 0.844034
vt -0.000781 0.718868
vt -0.000781 0.781451
vt 0.156795 0.718868
vt 0.000000 1.000000
vt 0.001647 0.652658
vt 0.905875 0.048121
vt 0.000000 0.034093
vt 0.906075 0.219937
vt -0.000122 0.156096
vt 0.000000 0.093759
vt 0.000000 0.012881
vt 0.000512 0.321630
vt 0.906075 0.312903
vt 0.000000 0.062150
vt 0.000000 0.000000
vt 0.000512 0.312903
vt 0.906075 0.297453
vt 0.000000 0.062150
vt 0.000000 0.048121
vt 0.000200 0.259595
vt 0.905753 0.210448
vt 0.905875 0.121202
vt 0.905875 0.025761
vt 0.906387 0.330358
vt 0.000200 0.296828
vt 0.905875 0.089593
vt 0.905875 0.012881
vt 0.906387 0.321630
vt 0.000200 0.281378
vt 0.939310 0.342604
vt 0.939310 0.342604
vt 0.999050 0.342604
vt 0.939310 0.342604
vt 0.939081 0.179437
vt 0.999050 0.183297
vt 0.999050 0.183297
vt 0.999050 0.342604
vt 0.999050 0.183297
vt 0.985655 0.132863
vt 0.979692 0.844034
vt -0.000781 0.718868
vt -0.000781 0.781451
vt 0.156795 0.718868
vt 0.000000 1.000000
vt 0.001647 0.652658
vt 0.939310 0.342604
vt 0.939310 0.342604
vt 0.999050 0.342604
vt 0.939310 0.342604
vt 0.939081 0.179437
vt 0.999050 0.183297
vt 0.999050 0.183297
vt 0.999050 0.342604
vt 0.999050 0.183297
vt 0.985655 0.132863
vt 0.979692 0.844034
vt -0.000781 0.718868
vt -0.000781 0.781451
vt 0.156795 0.718868
vt 0.000000 1.000000
vt 0.001647 0.652658
vt 0.939310 0.342604
vt 0.939310 0.342604
vt 0.999050 0.342604
vt 0.939310 0.342604
vt 0.939081 0.179437
vt 0.999050 0.183297
vt 0.999050 0.183297
vt 0.999050 0.342604
vt 0.999050 0.183297
vt 0.985655 0.132863
vt 0.979692 0.844034
vt -0.000781 0.718868
vt -0.000781 0.781451
vt 0.156795 0.718868
vt 0.000000 1.000000
vt 0.001647 0.652658
vt 0.939310 0.342604
vt 0.939310 0.342604
vt 0.999050 0.342604
vt 0.939310 0.342604
vt 0.939081 0.179437
vt 0.999050 0.183297
vt 0.999050 0.183297
vt 0.999050 0.342604
vt 0.999050 0.183297
vt 0.985655 0.132863
vt 0.979692 0.844034
vt -0.000781 0.718868
vt -0.000781 0.781451
vt 0.156795 0.718868
vt 0.000000 1.000000
vt 0.001647 0.652658
vt 0.000000 0.048121
vt 0.905875 0.034093
vt 0.906075 0.219937
vt -0.000122 0.156096
vt 0.000000 0.093759
vt 0.000000 0.012881
vt 0.000512 0.321630
vt 0.906075 0.312903
vt 0.000000 0.062150
vt 0.000000 0.000000
vt 0.000512 0.312903
vt 0.906075 0.297453
vt 0.000000 0.062150
vt 0.000000 0.048121
vt 0.000200 0.259595
vt -0.000122 0.210448
vt 0.905875 0.121202
vt 0.905875 0.025761
vt 0.906387 0.330358
vt 0.000200 0.296828
vt 0.905875 0.089593
vt 0.905875 0.012881
vt 0.906387 0.321630
vt 0.000200 0.281378
vt 0.939310 0.342604
vt 0.939310 0.342604
vt 0.999050 0.342604
vt 0.939310 0.342604
vt 0.939081 0.179437
vt 0.999050 0.183297
vt 0.999050 0.183297
vt 0.999050 0.342604
vt 0.999050 0.183297
vt 0.985655 0.132863
vt 0.979692 0.844034
vt -0.000781 0.718868
vt -0.000781 0.781451
vt 0.156795 0.718868
vt 0.000000 1.000000
vt 0.001647 0.652658
vt 0.452938 0.048121
vt 0.905875 0.034093
vt 0.906075 0.219937
vt 0.452816 0.156096
vt 0.000000 0.093759
vt 0.000000 0.025761
vt 0.453449 0.321630
vt 0.906075 0.296828
vt 0.452938 0.062150
vt 0.452938 0.000000
vt 0.453449 0.312903
vt 0.906075 0.281378
vt 0.452938 0.062150
vt 0.000000 0.048121
vt 0.000200 0.219937
vt 0.452816 0.210448
vt 0.905875 0.121202
vt 0.905875 0.025761
vt 0.453449 0.330358
vt 0.000200 0.296828
vt 0.905875 0.089593
vt 0.905875 0.012881
vt 0.453449 0.321630
vt 0.000200 0.281378
vt 0.939310 0.342604
vt 0.939310 0.342604
vt 0.939310 0.342604
vt 0.939310 0.342604
vt 0.985655 0.179437
vt 0.999050 0.342604
vt 0.999050 0.183297
vt 0.999050 0.183297
vt 0.969180 0.183297
vt 0.985655 0.132863
vt -0.000781 0.844034
vt -0.000781 0.718868
vt -0.000781 0.781451
vt 0.156795 0.718868
vt 1.000000 1.000000
vt 0.001647 0.578388
vt 0.999050 0.342604
vt 0.939310 0.342604
vt 0.999050 0.342604
vt 0.999050 0.342604
vt 0.985655 0.179437
vt 0.999050 0.183297
vt 0.999050 0.342604
vt 0.999050 0.183297
vt 0.999050 0.342604
vt 0.985655 0.132863
vt -0.000781 0.844034
vt -0.000781 0.718868
vt -0.000781 0.781451
vt 0.156795 0.718868
vt 1.000000 1.000000
vt 0.001647 0.652658
vt 0.905875 0.048121
vt 0.905875 0.034093
vt 0.906075 0.219937
vt -0.000122 0.156096
vt 0.000000 0.093759
vt 0.000000 0.012881
vt 0.000512 0.321630
vt 0.906075 0.296828
vt 0.000000 0.062150
vt 0.000000 0.000000
vt 0.000512 0.312903
vt 0.906075 0.281378
vt 0.000000 0.062150
vt 0.000000 0.048121
vt 0.000200 0.219937
vt -0.000122 0.210448
vt 0.905875 0.121202
vt 0.905875 0.025761
vt 0.000512 0.330358
vt 0.000200 0.296828
vt 0.905875 0.089593
vt 0.905875 0.012881
vt 0.000512 0.321630
vt 0.000200 0.281378
vt 0.939310 0.342604
vt 0.939310 0.342604
vt 0.999050 0.342604
vt 0.999050 0.342604
vt 0.985655 0.179437
vt 0.999050 0.183297
vt 0.999050 0.342604
vt 0.999050 0.183297
vt 0.999050 0.183297
vt 0.985655 0.132863
vt -0.000781 0.844034
vt -0.000781 0.718868
vt -0.000781 0.781451
vt 0.302823 0.718868
vt 1.000000 1.000000
vt 0.001647 0.652658
vt 0.939310 0.342604
vt 0.939310 0.342604
vt 0.939310 0.342604
vt 0.999050 0.342604
vt 0.985655 0.179437
vt 0.999050 0.183297
vt 0.999050 0.183297
vt 0.999050 0.183297
vt 0.999050 0.342604
vt 0.985655 0.132863
vt -0.000781 0.844034
vt 0.145247 0.718868
vt -0.000781 0.781451
vt 0.302823 0.718868
vt 1.000000 1.000000
vt 0.001647 0.652658
vt 0.905875 0.048121
vt 0.905875 0.034093
vt 0.000200 0.219937
vt -0.000122 0.210448
vt 0.000000 0.093759
vt 0.000000 0.012881
vt 0.000512 0.330358
vt 0.906075 0.312903
vt 0.000000 0.062150
vt 0.000000 0.000000
vt 0.000512 0.321630
vt 0.906075 0.297453
vt 0.000000 0.048121
vt 0.000000 0.048121
vt 0.000200 0.259595
vt 0.905753 0.210448
vt 0.905875 0.121202
vt 0.905875 0.025761
vt 0.906387 0.330358
vt 0.906075 0.296828
vt 0.905875 0.089593
vt 0.905875 0.012881
vt 0.906387 0.321630
vt 0.906075 0.281378
vt 0.999050 0.342604
vt 0.999050 0.342604
vt 0.939310 0.342604
vt 0.939310 0.342604
vt 0.939081 0.179437
vt 0.999050 0.183297
vt 0.999050 0.183297
vt 0.999050 0.183297
vt 0.999050 0.183297
vt 0.985655 0.179437
vt 0.979692 0.844034
vt -0.000781 0.718868
vt -0.000781 0.781451
vt 0.156795 0.718868
vt 0.000000 1.000000
vt 0.998987 0.652658
vt 0.939310 0.342604
vt 0.939310 0.342604
vt 0.939310 0.342604
vt 0.999050 0.342604
vt 0.939081 0.179437
vt 0.999050 0.183297
vt 0.999050 0.183297
vt 0.999050 0.183297
vt 0.999050 0.342604
vt 0.985655 0.179437
vt -0.000781 0.844034
vt -0.000781 0.718868
vt -0.000781 0.781451
vt 0.156795 0.718868
vt 0.000000 1.000000
vt 0.998987 0.652658
vt 0.905875 0.048121
vt 0.905875 0.034093
vt 0.906075 0.219937
vt -0.000122 0.156096
vt 0.000000 0.093759
vt 0.000000 0.012881
vt 0.000512 0.321630
vt 0.906075 0.296828
vt 0.000000 0.062150
vt 0.000000 0.000000
vt 0.000512 0.312903
vt 0.906075 0.281378
vt 0.000000 0.062150
vt 0.000000 0.048121
vt 0.000200 0.219937
vt -0.000122 0.210448
vt 0.905875 0.121202
vt 0.905875 0.025761
vt 0.000512 0.330358
vt 0.000200 0.296828
vt 0.905875 0.089593
vt 0.905875 0.012881
vt 0.000512 0.321630
vt 0.000200 0.281378
vt 0.939310 0.342604
vt 0.999050 0.342604
vt 0.939310 0.342604
vt 0.939310 0.342604
vt 0.985655 0.179437
vt 0.999050 0.342604
vt 0.999050 0.183297
vt 0.999050 0.183297
vt 0.999050 0.342604
vt 0.985655 0.132863
vt -0.000781 0.844034
vt 0.145247 0.718868
vt -0.000781 0.781451
vt 0.156795 0.718868
vt 1.000000 1.000000
vt 0.001647 0.652658
vt 0.939310 0.342604
vt 0.999050 0.342604
vt 0.939310 0.342604
vt 0.939310 0.342604
vt 0.985655 0.179437
vt 0.999050 0.183297
vt 0.999050 0.342604
vt 0.999050 0.183297
vt 0.999050 0.342604
vt 0.985655 0.132863
vt -0.000781 0.844034
vt -0.000781 0.718868
vt -0.000781 0.781451
vt 0.156795 0.718868
vt 1.000000 1.000000
vt 0.001647 0.652658
vt 0.905875 0.048121
vt 0.905875 0.034093
vt 0.000200 0.219937
vt -0.000122 0.210448
vt 0.000000 0.093759
vt 0.000000 0.012881
vt 0.000512 0.330358
vt 0.906075 0.312903
vt 0.000000 0.062150
vt 0.000000 0.000000
vt 0.000512 0.321630
vt 0.906075 0.297453
vt 0.000000 0.062150
vt 0.000000 0.048121
vt 0.000200 0.259595
vt 0.905753 0.210448
vt 0.905875 0.121202
vt 0.905875 0.025761
vt 0.906387 0.330358
vt 0.906075 0.296828
vt 0.905875 0.089593
vt 0.000000 0.012881
vt 0.906387 0.321630
vt 0.906075 0.281378
vt 0.939310 0.342604
vt 0.999050 0.342604
vt 0.939310 0.342604
vt 0.939310 0.342604
vt 0.939081 0.179437
vt 0.999050 0.183297
vt 0.999050 0.183297
vt 0.999050 0.342604
vt 0.999050 0.183297
vt 0.985655 0.179437
vt -0.000781 0.844034
vt -0.000781 0.718868
vt -0.000781 0.781451
vt 0.156795 0.718868
vt 0.000000 1.000000
vt 0.998987 0.652658
vt 0.939310 0.342604
vt 0.939310 0.342604
vt 0.999050 0.342604
vt 0.999050 0.342604
vt 0.939081 0.179437
vt 0.999050 0.183297
vt 0.999050 0.183297
vt 0.999050 0.342604
vt 0.999050 0.183297
vt 0.985655 0.179437
vt -0.000781 0.844034
vt -0.000781 0.718868
vt -0.000781 0.781451
vt 0.156795 0.718868
vt 0.000000 1.000000
vt 0.998987 0.652658
vt 0.905875 0.048121
vt 0.905875 0.034093
vt 0.906075 0.219937
vt -0.000122 0.156096
vt 0.000000 0.093759
vt 0.000000 0.012881
vt 0.000512 0.321630
vt 0.906075 0.296828
vt 0.000000 0.062150
vt 0.000000 0.000000
vt 0.000512 0.312903
vt 0.906075 0.281378
vt 0.000000 0.062150
vt 0.000000 0.048121
vt 0.000200 0.219937
vt -0.000122 0.210448
vt 0.905875 0.121202
vt 0.905875 0.025761
vt 0.000512 0.330358
vt 0.000200 0.296828
vt 0.905875 0.089593
vt 0.905875 0.012881
vt 0.000512 0.321630
vt 0.000200 0.281378
vt 0.999050 0.342604
vt 0.939310 0.342604
vt 0.939310 0.342604
vt 0.939310 0.342604
vt 0.985655 0.179437
vt 0.999050 0.183297
vt 0.999050 0.342604
vt 0.999050 0.342604
vt 0.999050 0.183297
vt 0.985655 0.132863
vt -0.000781 0.844034
vt -0.000781 0.718868
vt -0.000781 0.781451
vt 0.156795 0.718868
vt 1.000000 1.000000
vt 0.001647 0.652658
vt 0.999050 0.342604
vt 0.999050 0.342604
vt 0.939310 0.342604
vt 0.939310 0.342604
vt 0.985655 0.179437
vt 0.999050 0.183297
vt 0.999050 0.183297
vt 0.999050 0.342604
vt 0.999050 0.342604
vt 0.985655 0.132863
vt -0.000781 0.844034
vt 0.145247 0.718868
vt -0.000781 0.781451
vt 0.156795 0.718868
vt 1.000000 1.000000
vt 0.001647 0.652658
vt 0.905875 0.048121
vt 0.000000 0.034093
vt 0.000200 0.219937
vt -0.000122 0.210448
vt 0.000000 0.121202
vt 0.000000 0.012881
vt 0.000512 0.330358
vt 0.906075 0.312903
vt 0.000000 0.062150
vt 0.000000 0.000000
vt 0.000512 0.321630
vt 0.906075 0.297453
vt 0.000000 0.062150
vt 0.000000 0.048121
vt 0.000200 0.259595
vt 0.905753 0.210448
vt 0.905875 0.121202
vt 0.000000 0.025761
vt 0.906387 0.330358
vt 0.906075 0.296828
vt 0.000000 0.089593
vt 0.000000 0.012881
vt 0.906387 0.321630
vt 0.906075 0.281378
vt 0.939310 0.342604
vt 0.999050 0.342604
vt 0.939310 0.342604
vt 0.939310 0.342604
vt 0.939081 0.179437
vt 0.999050 0.183297
vt 0.999050 0.183297
vt 0.999050 0.342604
vt 0.999050 0.342604
vt 0.985655 0.179437
vt -0.000781 0.844034
vt -0.000781 0.718868
vt 0.979692 0.781451
vt 0.156795 0.718868
vt 0.000000 1.000000
vt 0.998987 0.652658
vt 0.939310 0.342604
vt 0.999050 0.342604
vt 0.939310 0.342604
vt 0.939310 0.342604
vt 0.939081 0.179437
vt 0.999050 0.342604
vt 0.999050 0.183297
vt 0.999050 0.183297
vt 0.999050 0.183297
vt 0.985655 0.179437
vt -0.000781 0.844034
vt 0.145247 0.718868
vt -0.000781 0.781451
vt 0.156795 0.718868
vt 0.000000 1.000000
vt 0.998987 0.652658
vt 0.905875 0.048121
vt 0.905875 0.034093
vt 0.403075 0.219937
vt -0.000122 0.210448
vt 0.000000 0.093759
vt 0.000000 0.012881
vt 0.000512 0.321630
vt 0.906075 0.296828
vt 0.000000 0.062150
vt 0.000000 0.000000
vt 0.000512 0.321630
vt 0.906075 0.297453
vt 0.000000 0.062150
vt 0.000000 0.048121
vt 0.000200 0.219937
vt -0.000122 0.210448
vt 0.905875 0.121202
vt 0.000000 0.025761
vt 0.000512 0.330358
vt 0.000200 0.296828
vt 0.905875 0.089593
vt 0.905875 0.012881
vt 0.000512 0.321630
vt 0.000200 0.281378
vt 0.999050 0.342604
vt 0.999050 0.342604
vt 0.939310 0.342604
vt 0.939310 0.342604
vt 0.985655 0.179437
vt 0.999050 0.342604
vt 0.999050 0.183297
vt 0.999050 0.183297
vt 0.999050 0.342604
vt 0.985655 0.132863
vt -0.000781 0.844034
vt 0.145247 0.718868
vt -0.000781 0.781451
vt 0.156795 0.718868
vt 1.000000 1.000000
vt 0.001647 0.652658
vt 0.905875 0.034093
vt 0.000000 0.012881
vt 0.000512 0.330358
vt 0.906075 0.312903
vt 0.999050 0.342604
vt 0.939310 0.342604
vt 0.939310 0.342604
vt 0.939310 0.342604
vt 0.985655 0.179437
vt -0.000781 0.844034
vt -0.000781 0.718868
vt -0.000781 0.781451
vt 0.156795 0.718868
vt 1.000000 1.000000
vt 0.001647 0.652658
vt 0.000000 0.062150
vt 0.000000 0.048121
vt 0.000200 0.259595
vt 0.905753 0.210448
vt 0.905875 0.121202
vt 0.905875 0.025761
vt 0.906387 0.330358
vt 0.906075 0.296828
vt 0.905875 0.089593
vt 0.905875 0.012881
vt 0.906387 0.321630
vt 0.906075 0.281378
vt 0.939310 0.342604
vt 0.999050 0.342604
vt 0.999050 0.342604
vt 0.939310 0.342604
vt 0.939081 0.179437
vt -0.000781 0.844034
vt -0.000781 0.718868
vt -0.000781 0.781451
vt 0.156795 0.718868
vt 0.000000 1.000000
vt 0.998987 0.652658
vt 0.939310 0.342604
vt 0.939310 0.342604
vt 0.939310 0.342604
vt 0.939310 0.342604
vt 0.939081 0.179437
vt -0.000781 0.844034
vt -0.000781 0.718868
vt -0.000781 0.781451
vt 0.156795 0.718868
vt 0.000000 1.000000
vt 0.998987 0.652658
vt 0.000000 0.062150
vt 0.000000 0.048121
vt 0.000200 0.259595
vt 0.905753 0.210448
vt 0.905875 0.121202
vt 0.000000 0.025761
vt 0.906387 0.330358
vt 0.906075 0.296828
vt 0.905875 0.089593
vt 0.905875 0.012881
vt 0.906387 0.321630
vt 0.906075 0.281378
vt 0.999050 0.342604
vt 0.939310 0.342604
vt 0.939310 0.342604
vt 0.999050 0.342604
vt 0.939081 0.179437
vt -0.000781 0.844034
vt -0.000781 0.718868
vt -0.000781 0.781451
vt 0.156795 0.718868
vt 0.000000 1.000000
vt 0.998987 0.652658
vt 0.939310 0.342604
vt 0.999050 0.342604
vt 0.999050 0.342604
vt 0.939310 0.342604
vt 0.985655 0.179437
vt -0.000781 0.844034
vt 0.145247 0.718868
vt -0.000781 0.781451
vt 0.156795 0.718868
vt 1.000000 1.000000
vt 0.001647 0.652658
vt 0.000000 0.062150
vt 0.000000 0.048121
vt 0.000200 0.219937
vt -0.000122 0.210448
vt 0.905875 0.121202
vt 0.905875 0.025761
vt 0.000512 0.330358
vt 0.000200 0.296828
vt 0.905875 0.089593
vt 0.905875 0.012881
vt 0.000512 0.321630
vt 0.000200 0.281378
vt 0.999050 0.342604
vt 0.939310 0.342604
vt 0.999050 0.342604
vt 0.999050 0.342604
vt 0.985655 0.179437
vt -0.000781 0.844034
vt -0.000781 0.718868
vt -0.000781 0.781451
vt 0.156795 0.718868
vt 1.000000 1.000000
vt 0.001647 0.652658
vt 0.999050 0.342604
vt 0.939310 0.342604
vt 0.939310 0.342604
vt 0.939310 0.342604
vt 0.939081 0.179437
vt -0.000781 0.844034
vt -0.000781 0.718868
vt 0.979692 0.781451
vt 0.156795 0.718868
vt 0.000000 1.000000
vt 0.998987 0.652658
vt 0.000000 0.062150
vt 0.000000 0.048121
vt 0.000200 0.259595
vt 0.905753 0.210448
vt 0.905875 0.121202
vt 0.905875 0.025761
vt 0.906387 0.330358
vt 0.906075 0.296828
vt 0.905875 0.089593
vt 0.905875 0.012881
vt 0.906387 0.321630
vt 0.906075 0.281378
vt 0.939310 0.342604
vt 0.939310 0.342604
vt 0.939310 0.342604
vt 0.999050 0.342604
vt 0.939081 0.179437
vt -0.000781 0.844034
vt -0.000781 0.718868
vt -0.000781 0.781451
vt 0.156795 0.718868
vt 0.000000 1.000000
vt 0.998987 0.652658
vt 0.939310 0.342604
vt 0.999050 0.342604
vt 0.939310 0.342604
vt 0.939310 0.342604
vt 0.985655 0.179437
vt -0.000781 0.844034
vt -0.000781 0.718868
vt -0.000781 0.781451
vt 0.156795 0.718868
vt 1.000000 1.000000
vt 0.001647 0.652658
vt 0.000000 0.062150
vt 0.000000 0.048121
vt 0.000200 0.219937
vt -0.000122 0.210448
vt 0.905875 0.121202
vt 0.905875 0.025761
vt 0.000512 0.330358
vt 0.000200 0.296828
vt 0.905875 0.089593
vt 0.905875 0.012881
vt 0.000512 0.321630
vt 0.000200 0.281378
vt 0.999050 0.342604
vt 0.999050 0.342604
vt 0.939310 0.342604
vt 0.939310 0.342604
vt 0.985655 0.179437
vt -0.000781 0.844034
vt 0.145247 0.718868
vt -0.000781 0.781451
vt 0.156795 0.718868
vt 1.000000 1.000000
vt 0.001647 0.652658
vt 0.939310 0.342604
vt 0.939310 0.342604
vt 0.939310 0.342604
vt 0.939310 0.342604
vt 0.939081 0.179437
vt -0.000781 0.844034
vt -0.000781 0.718868
vt -0.000781 0.781451
vt 0.302823 0.718868
vt 0.000000 1.000000
vt 0.998987 0.652658
vt 0.000000 0.062150
vt 0.000000 0.048121
vt 0.000200 0.259595
vt 0.905753 0.210448
vt 0.905875 0.121202
vt 0.905875 0.025761
vt 0.906387 0.330358
vt 0.906075 0.296828
vt 0.905875 0.089593
vt 0.000000 0.012881
vt 0.906387 0.321630
vt 0.906075 0.281378
vt 0.939310 0.342604
vt 0.939310 0.342604
vt 0.939310 0.342604
vt 0.999050 0.342604
vt 0.939081 0.179437
vt -0.000781 0.844034
vt -0.000781 0.718868
vt -0.000781 0.781451
vt 0.156795 0.718868
vt 0.000000 1.000000
vt 0.998987 0.652658
vt 0.999050 0.342604
vt 0.939310 0.342604
vt 0.939310 0.342604
vt 0.939310 0.342604
vt 0.939081 0.179437
vt -0.000781 0.844034
vt -0.000781 0.718868
vt -0.000781 0.781451
vt 0.156795 0.718868
vt 0.000000 1.000000
vt 0.998987 0.652658
vt 0.000000 0.062150
vt 0.000000 0.034093
vt 0.000200 0.219937
vt -0.000122 0.210448
vt 0.000000 0.121202
vt 0.905875 0.025761
vt 0.000512 0.330358
vt 0.000200 0.296828
vt 0.905875 0.089593
vt 0.905875 0.012881
vt 0.000512 0.321630
vt 0.000200 0.281378
vt 0.939310 0.342604
vt 0.939310 0.342604
vt 0.999050 0.342604
vt 0.939310 0.342604
vt 0.985655 0.179437
vt -0.000781 0.844034
vt -0.000781 0.718868
vt -0.000781 0.781451
vt 0.156795 0.718868
vt 1.000000 1.000000
vt 0.001647 0.652658
vt 0.999050 0.342604
vt 0.939310 0.342604
vt 0.939310 0.342604
vt 0.999050 0.342604
vt 0.985655 0.179437
vt -0.000781 0.844034
vt 0.145247 0.718868
vt -0.000781 0.781451
vt 0.156795 0.718868
vt 1.000000 1.000000
vt 0.001647 0.652658
vt 0.000000 0.062150
vt 0.000000 0.048121
vt 0.000200 0.259595
vt 0.905753 0.210448
vt 0.905875 0.121202
vt 0.905875 0.025761
vt 0.906387 0.330358
vt 0.906075 0.296828
vt 0.905875 0.089593
vt 0.905875 0.012881
vt 0.906387 0.321630
vt 0.906075 0.281378
vt 0.939310 0.342604
vt 0.939310 0.342604
vt 0.939310 0.342604
vt 0.999050 0.342604
vt 0.939081 0.179437
vt -0.000781 0.844034
vt 0.145247 0.718868
vt -0.000781 0.781451
vt 0.156795 0.718868
vt 0.000000 1.000000
vt 0.998987 0.652658
vt 0.939310 0.342604
vt 0.999050 0.342604
vt 0.939310 0.342604
vt 0.939310 0.342604
vt 0.939081 0.179437
vt -0.000781 0.844034
vt -0.000781 0.718868
vt -0.000781 0.781451
vt 0.156795 0.718868
vt 0.000000 1.000000
vt 0.998987 0.652658
vt 0.000000 0.062150
vt 0.000000 0.048121
vt 0.000200 0.219937
vt -0.000122 0.210448
vt 0.905875 0.121202
vt 0.905875 0.025761
vt 0.000512 0.330358
vt 0.000200 0.296828
vt 0.905875 0.089593
vt 0.905875 0.012881
vt 0.000512 0.321630
vt 0.000200 0.281378
vt 0.939310 0.342604
vt 0.939310 0.342604
vt 0.939310 0.342604
vt 0.999050 0.342604
vt 0.985655 0.179437
vt -0.000781 0.844034
vt -0.000781 0.718868
vt -0.000781 0.781451
vt 0.156795 0.718868
vt 1.000000 1.000000
vt 0.001647 0.652658
vt 0.939310 0.342604
vt 0.999050 0.342604
vt 0.939310 0.342604
vt 0.939310 0.342604
vt 0.985655 0.179437
vt -0.000781 0.844034
vt -0.000781 0.718868
vt -0.000781 0.781451
vt 0.156795 0.718868
vt 1.000000 1.000000
vt 0.001647 0.652658
vt 0.000000 0.062150
vt 0.000000 0.048121
vt 0.000200 0.259595
vt 0.905753 0.210448
vt 0.905875 0.121202
vt 0.905875 0.025761
vt 0.906387 0.330358
vt 0.906075 0.296828
vt 0.905875 0.089593
vt 0.905875 0.012881
vt 0.906387 0.321630
vt 0.906075 0.281378
vt 0.999050 0.342604
vt 0.999050 0.342604
vt 0.939310 0.342604
vt 0.939310 0.342604
vt 0.939081 0.179437
vt -0.000781 0.844034
vt 0.145247 0.718868
vt -0.000781 0.781451
vt 0.156795 0.718868
vt 0.000000 1.000000
vt 0.998987 0.652658
vt 0.999050 0.342604
vt 0.939310 0.342604
vt 0.939310 0.342604
vt 0.939310 0.342604
vt 0.939081 0.179437
vt -0.000781 0.844034
vt -0.000781 0.718868
vt -0.000781 0.781451
vt 0.156795 0.718868
vt 0.000000 1.000000
vt 0.998987 0.652658
vt 0.000000 0.062150
vt 0.000000 0.048121
vt 0.000200 0.219937
vt -0.000122 0.210448
vt 0.905875 0.121202
vt 0.905875 0.025761
vt 0.000512 0.330358
vt 0.000200 0.296828
vt 0.905875 0.089593
vt 0.905875 0.012881
vt 0.000512 0.321630
vt 0.000200 0.281378
vt 0.999050 0.342604
vt 0.939310 0.342604
vt 0.939310 0.342604
vt 0.939310 0.342604
vt 0.985655 0.179437
vt 0.979692 0.844034
vt 0.145247 0.718868
vt -0.000781 0.781451
vt 0.156795 0.718868
vt 1.000000 1.000000
vt 0.001647 0.652658
vt 0.939310 0.342604
vt 0.999050 0.342604
vt 0.939310 0.342604
vt 0.939310 0.342604
vt 0.985655 0.179437
vt -0.000781 0.844034
vt -0.000781 0.718868
vt -0.000781 0.781451
vt 0.156795 0.718868
vt 1.000000 1.000000
vt 0.001647 0.652658
vt 0.000000 0.048121
vt 0.000000 0.048121
vt 0.000200 0.259595
vt 0.905753 0.210448
vt 0.905875 0.121202
vt 0.905875 0.025761
vt 0.906387 0.330358
vt 0.906075 0.296828
vt 0.905875 0.089593
vt 0.905875 0.012881
vt 0.906387 0.321630
vt 0.906075 0.281378
vt 0.939310 0.342604
vt 0.939310 0.342604
vt 0.999050 0.342604
vt 0.939310 0.342604
vt 0.939081 0.179437
vt -0.000781 0.781451
vt 0.000000 1.000000
vt 0.939310 0.342604
vt 0.939310 0.342604
vt 0.939310 0.342604
vt 0.999050 0.342604
vt 0.939081 0.179437
vt 0.156795 0.718868
vt 0.000000 0.062150
vt 0.000000 0.034093
vt 0.000200 0.219937
vt -0.000122 0.210448
vt 0.905875 0.121202
vt 0.905875 0.025761
vt 0.000512 0.330358
vt 0.000200 0.296828
vt 0.905875 0.089593
vt 0.905875 0.012881
vt 0.000512 0.321630
vt 0.000200 0.281378
vt 0.939310 0.342604
vt 0.939310 0.342604
vt 0.939310 0.342604
vt 0.999050 0.342604
vt 0.939081 0.179437
vt 0.000000 0.000000
vt 0.000000 0.048121
vt 0.905875 0.062150
vt 0.000000 0.062150
vt 0.000000 0.034093
vt 0.905875 0.048121
vt 0.000000 0.048121
vt 0.000200 0.219937
vt 0.906075 0.259595
vt 0.000200 0.259595
vt -0.000122 0.210448
vt 0.905753 0.156096
vt 0.905753 0.210448
vt 0.000000 0.121202
vt 0.905875 0.093759
vt 0.905875 0.121202
vt 0.000000 0.025761
vt 0.905875 0.012881
vt 0.905875 0.025761
vt 0.000512 0.330358
vt 0.906387 0.321630
vt 0.906387 0.330358
vt 0.000200 0.296828
vt 0.906075 0.312903
vt 0.000200 0.312903
vt 0.000000 0.089593
vt 0.905875 0.062150
vt 0.905875 0.089593
vt 0.000000 0.012881
vt 0.905875 0.000000
vt 0.905875 0.012881
vt 0.000512 0.321630
vt 0.906387 0.312903
vt 0.906387 0.321630
vt 0.000200 0.281378
vt 0.906075 0.297453
vt 0.000200 0.297453
vt 0.000000 0.048121
vt 0.905875 0.062150
vt 0.000000 0.062150
vt 0.000000 0.034093
vt 0.905875 0.048121
vt 0.000000 0.048121
vt 0.000200 0.259595
vt 0.906075 0.219937
vt 0.906075 0.259595
vt 0.905753 0.210448
vt -0.000122 0.156096
vt 0.905753 0.156096
vt 0.905875 0.121202
vt 0.000000 0.093759
vt 0.905875 0.093759
vt 0.000000 0.025761
vt 0.905875 0.012881
vt 0.905875 0.025761
vt 0.906387 0.330358
vt 0.000512 0.321630
vt 0.906387 0.321630
vt 0.906075 0.296828
vt 0.000200 0.312903
vt 0.000200 0.296828
vt 0.000000 0.089593
vt 0.905875 0.062150
vt 0.905875 0.089593
vt 0.000000 0.012881
vt 0.905875 0.000000
vt 0.905875 0.012881
vt 0.906387 0.321630
vt 0.000512 0.312903
vt 0.906387 0.312903
vt 0.906075 0.281378
vt 0.000200 0.297453
vt 0.000200 0.281378
vt 0.000000 0.048121
vt 0.905875 0.062150
vt 0.000000 0.062150
vt 0.000000 0.034093
vt 0.905875 0.048121
vt 0.000000 0.048121
vt 0.000200 0.219937
vt 0.906075 0.259595
vt 0.000200 0.259595
vt -0.000122 0.210448
vt 0.905753 0.156096
vt 0.905753 0.210448
vt 0.000000 0.121202
vt 0.905875 0.093759
vt 0.905875 0.121202
vt 0.000000 0.025761
vt 0.905875 0.012881
vt 0.905875 0.025761
vt 0.000512 0.330358
vt 0.906387 0.321630
vt 0.906387 0.330358
vt 0.000200 0.296828
vt 0.906075 0.312903
vt 0.000200 0.312903
vt 0.000000 0.089593
vt 0.905875 0.062150
vt 0.905875 0.089593
vt 0.000000 0.012881
vt 0.905875 0.000000
vt 0.905875 0.012881
vt 0.000512 0.321630
vt 0.906387 0.312903
vt 0.906387 0.321630
vt 0.000200 0.281378
vt 0.906075 0.297453
vt 0.000200 0.297453
vt 0.000000 0.048121
vt 0.905875 0.062150
vt 0.000000 0.062150
vt 0.000000 0.048121
vt 0.905875 0.034093
vt 0.905875 0.048121
vt 0.000200 0.259595
vt 0.906075 0.219937
vt 0.906075 0.259595
vt 0.905753 0.210448
vt -0.000122 0.156096
vt 0.905753 0.156096
vt 0.000000 0.121202
vt 0.905875 0.093759
vt 0.905875 0.121202
vt 0.000000 0.025761
vt 0.905875 0.012881
vt 0.905875 0.025761
vt 0.906387 0.330358
vt 0.000512 0.321630
vt 0.906387 0.321630
vt 0.906075 0.296828
vt 0.000200 0.312903
vt 0.000200 0.296828
vt 0.000000 0.089593
vt 0.905875 0.062150
vt 0.905875 0.089593
vt 0.000000 0.012881
vt 0.905875 0.000000
vt 0.905875 0.012881
vt 0.906387 0.321630
vt 0.000512 0.312903
vt 0.906387 0.312903
vt 0.906075 0.281378
vt 0.000200 0.297453
vt 0.000200 0.281378
vt 0.000000 0.062150
vt 0.905875 0.048121
vt 0.905875 0.062150
vt 0.000000 0.034093
vt 0.905875 0.048121
vt 0.000000 0.048121
vt 0.000200 0.259595
vt 0.906075 0.219937
vt 0.906075 0.259595
vt 0.905753 0.210448
vt -0.000122 0.156096
vt 0.905753 0.156096
vt 0.000000 0.121202
vt 0.905875 0.093759
vt 0.905875 0.121202
vt 0.000000 0.025761
vt 0.905875 0.012881
vt 0.905875 0.025761
vt 0.906387 0.330358
vt 0.000512 0.321630
vt 0.906387 0.321630
vt 0.906075 0.296828
vt 0.000200 0.312903
vt 0.000200 0.296828
vt 0.000000 0.089593
vt 0.905875 0.062150
vt 0.905875 0.089593
vt 0.000000 0.012881
vt 0.905875 0.000000
vt 0.905875 0.012881
vt 0.906387 0.321630
vt 0.000512 0.312903
vt 0.906387 0.312903
vt 0.906075 0.281378
vt 0.000200 0.297453
vt 0.000200 0.281378
vt 0.000000 0.048121
vt 0.905875 0.062150
vt 0.000000 0.062150
vt 0.000000 0.034093
vt 0.905875 0.048121
vt 0.000000 0.048121
vt 0.000200 0.219937
vt 0.906075 0.259595
vt 0.000200 0.259595
vt -0.000122 0.210448
vt 0.905753 0.156096
vt 0.905753 0.210448
vt 0.000000 0.121202
vt 0.905875 0.093759
vt 0.905875 0.121202
vt 0.905875 0.025761
vt 0.000000 0.012881
vt 0.905875 0.012881
vt 0.000512 0.330358
vt 0.906387 0.321630
vt 0.906387 0.330358
vt 0.000200 0.296828
vt 0.906075 0.312903
vt 0.000200 0.312903
vt 0.000000 0.089593
vt 0.905875 0.062150
vt 0.905875 0.089593
vt 0.000000 0.012881
vt 0.905875 0.000000
vt 0.905875 0.012881
vt 0.000512 0.321630
vt 0.906387 0.312903
vt 0.906387 0.321630
vt 0.000200 0.281378
vt 0.906075 0.297453
vt 0.000200 0.297453
vt 0.000000 0.048121
vt 0.905875 0.062150
vt 0.000000 0.062150
vt 0.000000 0.034093
vt 0.905875 0.048121
vt 0.000000 0.048121
vt 0.000200 0.259595
vt 0.906075 0.219937
vt 0.906075 0.259595
vt 0.905753 0.210448
vt -0.000122 0.156096
vt 0.905753 0.156096
vt 0.000000 0.121202
vt 0.905875 0.093759
vt 0.905875 0.121202
vt 0.000000 0.025761
vt 0.905875 0.012881
vt 0.905875 0.025761
vt 0.906387 0.330358
vt 0.000512 0.321630
vt 0.906387 0.321630
vt 0.906075 0.296828
vt 0.000200 0.312903
vt 0.000200 0.296828
vt 0.000000 0.089593
vt 0.905875 0.062150
vt 0.905875 0.089593
vt 0.000000 0.012881
vt 0.905875 0.000000
vt 0.905875 0.012881
vt 0.906387 0.321630
vt 0.000512 0.312903
vt 0.906387 0.312903
vt 0.906075 0.281378
vt 0.000200 0.297453
vt 0.000200 0.281378
vt 0.000000 0.048121
vt 0.905875 0.062150
vt 0.000000 0.062150
vt 0.000000 0.034093
vt 0.905875 0.048121
vt 0.000000 0.048121
vt 0.000200 0.259595
vt 0.906075 0.219937
vt 0.906075 0.259595
vt 0.905753 0.210448
vt -0.000122 0.156096
vt 0.905753 0.156096
vt 0.000000 0.121202
vt 0.905875 0.093759
vt 0.905875 0.121202
vt 0.000000 0.025761
vt 0.905875 0.012881
vt 0.905875 0.025761
vt 0.906387 0.330358
vt 0.000512 0.321630
vt 0.906387 0.321630
vt 0.906075 0.296828
vt 0.000200 0.312903
vt 0.000200 0.296828
vt 0.000000 0.089593
vt 0.905875 0.062150
vt 0.905875 0.089593
vt 0.000000 0.012881
vt 0.905875 0.000000
vt 0.905875 0.012881
vt 0.906387 0.321630
vt 0.000512 0.312903
vt 0.906387 0.312903
vt 0.906075 0.281378
vt 0.000200 0.297453
vt 0.000200 0.281378
vt 0.940396 0.046780
vt 0.940396 0.031820
vt 0.957538 0.046780
vt 0.998356 0.031820
vt 0.981215 0.046780
vt 0.981215 0.076045
vt 0.990521 0.076045
vt 0.990521 0.089780
vt 0.998356 0.046780
vt 0.957538 0.076045
vt 0.948231 0.089780
vt 0.948231 0.076045
vt -0.000122 0.156096
vt -0.000122 0.156096
vt 0.000512 0.312903
vt 0.000512 0.312903
vt 0.905875 0.012881
vt 0.905875 0.025761
vt 0.905875 0.034093
vt 0.905875 0.048121
vt 0.000000 0.062150
vt 0.000000 0.062150
vt 0.000000 0.048121
vt 0.906075 0.281378
vt 0.906075 0.297453
vt 0.000512 0.321630
vt 0.000512 0.330358
vt 0.000512 0.321630
vt 0.000200 0.259595
vt 0.906075 0.219937
vt 0.906075 0.259595
vt 0.905875 0.093759
vt 0.905875 0.121202
vt 0.906075 0.296828
vt 0.906075 0.312903
vt 0.000000 0.000000
vt 0.000000 0.000000
vt 0.000000 0.048121
vt 0.905875 0.062150
vt 0.905875 0.048121
vt 0.000000 0.034093
vt 0.905875 0.048121
vt 0.905875 0.034093
vt 0.000200 0.219937
vt 0.906075 0.259595
vt 0.906075 0.219937
vt -0.000122 0.210448
vt 0.905753 0.156096
vt -0.000122 0.156096
vt 0.000000 0.121202
vt 0.905875 0.093759
vt 0.000000 0.093759
vt 0.000000 0.025761
vt 0.905875 0.012881
vt 0.000000 0.012881
vt 0.000512 0.330358
vt 0.906387 0.321630
vt 0.000512 0.321630
vt 0.906075 0.296828
vt 0.000200 0.312903
vt 0.906075 0.312903
vt 0.000000 0.089593
vt 0.905875 0.062150
vt 0.000000 0.062150
vt 0.000000 0.012881
vt 0.905875 0.000000
vt 0.000000 0.000000
vt 0.000512 0.321630
vt 0.906387 0.312903
vt 0.000512 0.312903
vt 0.906075 0.281378
vt 0.000200 0.297453
vt 0.906075 0.297453
vt 0.000000 0.048121
vt 0.905875 0.062150
vt 0.905875 0.048121
vt 0.000000 0.034093
vt 0.905875 0.048121
vt 0.905875 0.034093
vt 0.000200 0.219937
vt 0.906075 0.259595
vt 0.906075 0.219937
vt -0.000122 0.210448
vt 0.905753 0.156096
vt -0.000122 0.156096
vt 0.000000 0.093759
vt 0.905875 0.121202
vt 0.905875 0.093759
vt 0.000000 0.025761
vt 0.905875 0.012881
vt 0.000000 0.012881
vt 0.000512 0.330358
vt 0.906387 0.321630
vt 0.000512 0.321630
vt 0.906075 0.296828
vt 0.000200 0.312903
vt 0.906075 0.312903
vt 0.000000 0.089593
vt 0.905875 0.062150
vt 0.000000 0.062150
vt 0.000000 0.012881
vt 0.905875 0.000000
vt 0.000000 0.000000
vt 0.000512 0.312903
vt 0.906387 0.321630
vt 0.906387 0.312903
vt 0.906075 0.281378
vt 0.000200 0.297453
vt 0.906075 0.297453
vt 0.000000 0.048121
vt 0.905875 0.062150
vt 0.905875 0.048121
vt 0.000000 0.034093
vt 0.905875 0.048121
vt 0.905875 0.034093
vt 0.000200 0.219937
vt 0.906075 0.259595
vt 0.906075 0.219937
vt -0.000122 0.210448
vt 0.905753 0.156096
vt -0.000122 0.156096
vt 0.000000 0.121202
vt 0.905875 0.093759
vt 0.000000 0.093759
vt 0.000000 0.025761
vt 0.905875 0.012881
vt 0.000000 0.012881
vt 0.000512 0.330358
vt 0.906387 0.321630
vt 0.000512 0.321630
vt 0.906075 0.296828
vt 0.000200 0.312903
vt 0.906075 0.312903
vt 0.000000 0.089593
vt 0.905875 0.062150
vt 0.000000 0.062150
vt 0.000000 0.012881
vt 0.905875 0.000000
vt 0.000000 0.000000
vt 0.000512 0.321630
vt 0.906387 0.312903
vt 0.000512 0.312903
vt 0.906075 0.281378
vt 0.000200 0.297453
vt 0.906075 0.297453
vt 0.000000 0.048121
vt 0.905875 0.062150
vt 0.905875 0.048121
vt 0.000000 0.034093
vt 0.905875 0.048121
vt 0.905875 0.034093
vt 0.906075 0.219937
vt 0.000200 0.259595
vt 0.906075 0.259595
vt -0.000122 0.210448
vt 0.905753 0.156096
vt -0.000122 0.156096
vt 0.000000 0.121202
vt 0.905875 0.093759
vt 0.000000 0.093759
vt 0.000000 0.025761
vt 0.905875 0.012881
vt 0.000000 0.012881
vt 0.000512 0.330358
vt 0.906387 0.321630
vt 0.000512 0.321630
vt 0.906075 0.296828
vt 0.000200 0.312903
vt 0.906075 0.312903
vt 0.000000 0.089593
vt 0.905875 0.062150
vt 0.000000 0.062150
vt 0.000000 0.012881
vt 0.905875 0.000000
vt 0.000000 0.000000
vt 0.000512 0.321630
vt 0.906387 0.312903
vt 0.000512 0.312903
vt 0.906075 0.281378
vt 0.000200 0.297453
vt 0.906075 0.297453
vt 0.905875 0.048121
vt 0.905875 0.034093
vt 0.000000 0.062150
vt 0.000000 0.062150
vt 0.905875 0.025761
vt 0.905875 0.012881
vt 0.905875 0.121202
vt 0.905875 0.093759
vt 0.000512 0.330358
vt 0.000200 0.259595
vt 0.906075 0.219937
vt 0.000200 0.219937
vt 0.906075 0.296828
vt 0.906075 0.281378
vt 0.000512 0.321630
vt -0.000122 0.210448
vt 0.000000 0.012881
vt 0.000000 0.089593
vt 0.998488 0.046688
vt 0.981291 0.046688
vt 0.998488 0.031680
vt 0.957537 0.046688
vt 0.940340 0.031680
vt 0.940340 0.046688
vt 0.981291 0.076047
vt 0.957537 0.076047
vt 0.990627 0.089827
vt 0.990627 0.076047
vt 0.948201 0.089827
vt 0.948201 0.076047
vt 0.905875 0.048121
vt 0.905875 0.034093
vt 0.906075 0.219937
vt 0.000000 0.093759
vt 0.000000 0.012881
vt 0.906075 0.281378
vt 0.905875 0.048121
vt 0.905875 0.034093
vt 0.000200 0.219937
vt -0.000122 0.210448
vt 0.000000 0.121202
vt 0.000000 0.012881
vt 0.000512 0.330358
vt 0.906075 0.312903
vt 0.000000 0.062150
vt 0.000000 0.000000
vt 0.000512 0.321630
vt 0.906075 0.297453
vt 0.905875 0.048121
vt 0.905875 0.034093
vt 0.906075 0.219937
vt -0.000122 0.156096
vt 0.000000 0.093759
vt 0.000000 0.012881
vt 0.000512 0.321630
vt 0.906075 0.296828
vt 0.000000 0.062150
vt 0.000000 0.000000
vt 0.000512 0.312903
vt 0.906075 0.281378
vt 0.905875 0.048121
vt 0.000000 0.034093
vt 0.000200 0.219937
vt -0.000122 0.210448
vt 0.000000 0.093759
vt 0.000000 0.012881
vt 0.000512 0.330358
vt 0.906075 0.312903
vt 0.000000 0.062150
vt 0.000000 0.000000
vt 0.000512 0.321630
vt 0.906075 0.297453
vt 0.000000 0.048121
vt 0.905875 0.034093
vt 0.000200 0.219937
vt -0.000122 0.210448
vt 0.000000 0.093759
vt 0.000000 0.012881
vt 0.000512 0.330358
vt 0.906075 0.312903
vt 0.000000 0.062150
vt 0.000000 0.000000
vt 0.000512 0.321630
vt 0.906075 0.297453
vt 0.905875 0.048121
vt 0.905875 0.034093
vt 0.906075 0.219937
vt -0.000122 0.156096
vt 0.000000 0.093759
vt 0.000000 0.025761
vt 0.000512 0.321630
vt 0.906075 0.296828
vt 0.000000 0.062150
vt 0.000000 0.000000
vt 0.000512 0.312903
vt 0.906075 0.281378
vt 0.905875 0.048121
vt 0.905875 0.034093
vt 0.000200 0.219937
vt -0.000122 0.210448
vt 0.000000 0.093759
vt 0.000000 0.012881
vt 0.000512 0.330358
vt 0.906075 0.312903
vt 0.000000 0.062150
vt 0.000000 0.000000
vt 0.000512 0.321630
vt 0.906075 0.297453
vt 0.905875 0.048121
vt 0.905875 0.034093
vt 0.000200 0.219937
vt -0.000122 0.210448
vt 0.000000 0.093759
vt 0.000000 0.012881
vt 0.000512 0.330358
vt 0.906075 0.312903
vt 0.000000 0.062150
vt 0.000000 0.000000
vt 0.000512 0.321630
vt 0.906075 0.297453
vt -0.000122 0.210448
vt 0.000512 0.321630
vt 0.000000 0.089593
vt 0.000000 0.062150
vt 0.000200 0.219937
vt 0.906075 0.296828
vt 0.000000 0.012881
vt 0.000000 0.062150
vt 0.000000 0.048121
vt 0.000200 0.259595
vt 0.905753 0.210448
vt 0.905875 0.121202
vt 0.905875 0.025761
vt 0.906387 0.330358
vt 0.000200 0.296828
vt 0.905875 0.089593
vt 0.905875 0.012881
vt 0.906387 0.321630
vt 0.000200 0.281378
vt 0.000000 0.062150
vt 0.000000 0.048121
vt 0.000200 0.259595
vt 0.905753 0.210448
vt 0.000000 0.121202
vt 0.905875 0.025761
vt 0.906387 0.330358
vt 0.000200 0.296828
vt 0.905875 0.089593
vt 0.905875 0.012881
vt 0.000512 0.321630
vt 0.000200 0.281378
vt 0.000000 0.062150
vt 0.000000 0.048121
vt 0.000200 0.259595
vt 0.905753 0.210448
vt 0.905875 0.121202
vt 0.905875 0.025761
vt 0.906387 0.330358
vt 0.000200 0.296828
vt 0.905875 0.089593
vt 0.905875 0.012881
vt 0.906387 0.321630
vt 0.000200 0.281378
vt 0.000000 0.048121
vt 0.000200 0.219937
vt 0.905753 0.210448
vt 0.906387 0.330358
vt 0.000200 0.296828
vt 0.905875 0.089593
vt 0.905875 0.012881
vt 0.906387 0.321630
vt 0.000200 0.281378
vt 0.000000 0.048121
vt 0.905875 0.025761
vt 0.905875 0.121202
vt 0.000512 0.321630
vt 0.906075 0.259595
vt 0.906075 0.312903
vt 0.906075 0.297453
vt 0.000512 0.312903
vt -0.000122 0.156096
vt 0.000000 0.000000
vt 0.000000 0.062150
vn 0.8179 0.5452 0.1838
vn -0.9859 0.0000 -0.1675
vn 0.8239 0.5492 0.1400
vn -0.7071 0.0000 -0.7071
vn 0.8321 0.5547 0.0000
vn -1.0000 0.0000 0.0000
vn -0.9757 0.0002 -0.2190
vn -0.7903 0.0000 0.6127
vn -0.8114 0.5428 -0.2168
vn 1.0000 0.0000 -0.0046
vn 0.9995 0.0000 0.0327
vn -0.7813 0.6242 0.0052
vn -0.7813 0.6242 0.0055
vn 0.7023 0.0000 0.7119
vn -0.8466 0.5322 0.0118
vn 0.8104 0.0000 -0.5859
vn 0.9661 0.0000 0.2581
vn -0.0587 0.0000 0.9983
vn 0.0002 1.0000 0.0000
vn -0.9857 -0.0001 -0.1688
vn 0.0023 1.0000 -0.0024
vn 0.0049 1.0000 -0.0019
vn 0.0020 1.0000 -0.0025
vn 0.9858 0.0000 0.1677
vn 1.0000 0.0000 -0.0001
vn 0.0008 1.0000 -0.0081
vn 0.0013 1.0000 -0.0081
vn 0.0011 1.0000 -0.0082
vn -0.9999 0.0000 -0.0134
vn -0.0352 0.0000 -0.9994
vn 0.0278 0.0631 -0.9976
vn 0.0909 -0.0000 -0.9959
vn 0.1637 -0.0000 -0.9865
vn 0.2307 0.0688 -0.9706
vn 0.2976 0.0000 -0.9547
vn -0.4919 0.8705 0.0152
vn -0.4919 0.8706 0.0136
vn -0.4919 0.8705 0.0148
vn 0.9337 -0.3417 0.1070
vn 0.9337 -0.3417 0.1072
vn -0.9833 -0.0688 -0.1685
vn -0.9857 0.0000 -0.1688
vn 1.0000 0.0000 0.0000
vn -0.9661 0.0000 -0.2581
vn -0.0001 1.0000 -0.0000
vn -0.0000 1.0000 0.0000
vn 0.0022 0.0125 0.9999
vn 0.9980 -0.0631 -0.0003
vn -0.0044 0.0000 1.0000
vn -0.0046 0.0002 1.0000
vn -0.2301 0.0000 0.9732
vn -0.2300 -0.0005 0.9732
vn 0.8607 0.4876 0.1463
vn 0.8583 0.4756 0.1928
vn 0.0000 0.0000 -1.0000
vn 0.8179 0.5453 0.1838
vn -0.9859 0.0002 -0.1676
vn -0.9757 0.0000 -0.2192
vn -0.7903 0.0000 0.6128
vn -0.8481 0.5298 -0.0019
vn -0.7769 0.6284 -0.0404
vn -0.0586 0.0000 0.9983
vn 0.0038 1.0000 0.0058
vn 0.0037 1.0000 0.0059
vn 0.0047 1.0000 -0.0018
vn 0.0045 1.0000 -0.0020
vn 0.0045 1.0000 -0.0019
vn -0.0013 1.0000 -0.0088
vn -0.0008 1.0000 -0.0089
vn -0.0009 1.0000 -0.0088
vn -0.0353 -0.0011 -0.9994
vn 0.0268 0.0631 -0.9976
vn 0.1638 -0.0014 -0.9865
vn 0.2296 0.0688 -0.9708
vn -0.9385 -0.3417 -0.0499
vn -0.9385 -0.3417 -0.0490
vn -0.9385 -0.3417 -0.0493
vn 0.2988 0.9513 0.0754
vn 0.3000 0.9516 0.0668
vn 0.3025 0.9518 0.0511
vn -0.9833 -0.0688 -0.1684
vn -0.9949 0.0023 -0.1006
vn -0.0047 -0.0349 0.9994
vn -0.0055 -0.0348 0.9994
vn -0.0062 -0.0347 0.9994
vn 0.9980 0.0021 0.0629
vn 0.9980 -0.0631 -0.0001
vn 0.0036 0.0004 1.0000
vn 0.0036 0.0005 1.0000
vn -0.0036 -0.0010 1.0000
vn -0.2300 0.0003 0.9732
vn 0.9875 0.0000 0.1575
vn 0.9632 0.0005 0.2688
vn 0.9632 0.0000 0.2686
vn 0.0000 0.0000 1.0000
vn -0.0000 -1.0000 0.0000
vn 0.0019 -0.0000 -1.0000
vn -0.0004 0.0000 1.0000
vn -0.0021 1.0000 -0.0000
vn 0.0046 0.0000 -1.0000
vn 0.9998 0.0000 0.0217
vn 0.0000 -1.0000 -0.0032
vn 0.0000 1.0000 0.0032
vn -0.0001 0.0000 1.0000
vn 0.2668 0.0000 -0.9638
vn 0.2668 0.0000 -0.9637
vn -0.9634 0.0000 -0.2679
vn 0.9634 0.0000 0.2679
vn 0.2667 0.0000 -0.9638
vn 0.2678 0.0000 -0.9635
vn -0.9634 0.0000 -0.2680
vn -0.2676 0.0000 0.9635
vn 0.2679 0.0000 -0.9634
vn -0.2677 0.0000 0.9635
vn 0.2673 0.0000 -0.9636
vn -0.2666 0.0000 0.9638
vn 0.9634 0.0000 0.2680
vn 0.2635 0.0000 -0.9647
vn -0.2631 0.0000 0.9648
vn 0.2636 0.0000 -0.9646
vn -0.2630 0.0000 0.9648
vn 0.2646 0.0000 -0.9644
vn -0.2620 0.0000 0.9651
vn 0.2589 0.0000 -0.9659
vn -0.2583 0.0000 0.9661
vn 0.2588 0.0000 -0.9659
vn -0.2584 -0.0000 0.9660
vn 0.2599 0.0000 -0.9656
vn -0.9635 0.0000 -0.2679
vn -0.2573 0.0000 0.9663
vn 0.2542 0.0000 -0.9672
vn -0.2536 0.0000 0.9673
vn 0.2543 0.0000 -0.9671
vn 0.2552 0.0000 -0.9669
vn -0.9635 0.0000 -0.2678
vn -0.2526 -0.0000 0.9676
vn 0.9634 0.0000 0.2681
vn -0.9678 0.0000 -0.2516
vn 0.9678 0.0000 0.2516
vn 0.2482 0.0000 -0.9687
vn -0.9720 0.0000 -0.2350
vn -0.2473 0.0000 0.9689
vn 0.9720 0.0000 0.2350
vn 0.9719 0.0000 0.2352
vn -0.9719 0.0000 -0.2353
vn 0.2499 0.0000 -0.9683
vn -0.2456 0.0000 0.9694
vn 0.9720 0.0000 0.2349
vn 0.2405 0.0000 -0.9706
vn -0.9720 0.0000 -0.2351
vn -0.2396 0.0000 0.9709
vn 0.9720 0.0000 0.2351
vn 0.2403 0.0000 -0.9707
vn 0.9720 0.0000 0.2352
vn -0.2395 0.0000 0.9709
vn -0.9719 0.0000 -0.2352
vn 0.2422 0.0000 -0.9702
vn -0.2378 0.0000 0.9713
vn 0.2326 0.0000 -0.9726
vn -0.2317 0.0000 0.9728
vn 0.2327 0.0000 -0.9726
vn 0.2344 0.0000 -0.9721
vn -0.2300 0.0000 0.9732
vn 0.2249 0.0000 -0.9744
vn -0.2239 0.0000 0.9746
vn -0.2240 -0.0000 0.9746
vn 0.2266 0.0000 -0.9740
vn -0.2223 0.0000 0.9750
vn 0.9719 0.0000 0.2353
vn -0.9755 0.0000 -0.2199
vn 0.9755 0.0000 0.2199
vn 0.2179 0.0000 -0.9760
vn -0.9782 0.0000 -0.2074
vn -0.2172 0.0000 0.9761
vn 0.9782 0.0000 0.2074
vn 0.2180 0.0000 -0.9760
vn 0.9782 0.0000 0.2076
vn -0.2173 0.0000 0.9761
vn -0.9782 0.0000 -0.2076
vn 0.2193 0.0000 -0.9756
vn -0.2159 0.0000 0.9764
vn 0.9783 0.0000 0.2074
vn 0.2118 0.0000 -0.9773
vn -0.9782 0.0000 -0.2075
vn -0.2110 0.0000 0.9775
vn 0.9782 0.0000 0.2075
vn 0.2131 0.0000 -0.9770
vn -0.2096 0.0000 0.9778
vn 0.2055 0.0000 -0.9786
vn -0.2047 0.0000 0.9788
vn 0.2054 0.0000 -0.9787
vn 0.2069 0.0000 -0.9784
vn -0.2034 0.0000 0.9791
vn 0.1993 0.0000 -0.9799
vn -0.1985 0.0000 0.9801
vn 0.2006 0.0000 -0.9797
vn -0.9783 0.0000 -0.2074
vn -0.1971 0.0000 0.9804
vn -0.9805 -0.0000 -0.1963
vn 0.9805 0.0000 0.1963
vn 0.1933 0.0000 -0.9811
vn -0.9831 0.0000 -0.1828
vn -0.1927 0.0000 0.9813
vn 0.9832 0.0000 0.1828
vn 0.9831 0.0000 0.1829
vn -0.9831 -0.0000 -0.1829
vn 0.1945 0.0000 -0.9809
vn -0.9831 0.0000 -0.1830
vn -0.1915 0.0000 0.9815
vn 0.1878 0.0000 -0.9822
vn -0.1872 0.0000 0.9823
vn 0.9831 0.0000 0.1828
vn 0.1879 0.0000 -0.9822
vn 0.1891 0.0000 -0.9820
vn -0.1860 0.0000 0.9825
vn 0.1823 0.0000 -0.9832
vn -0.1818 0.0000 0.9833
vn 0.1824 0.0000 -0.9832
vn 0.1836 0.0000 -0.9830
vn -0.1806 0.0000 0.9836
vn 0.9830 0.0000 0.1837
vn 0.9833 0.0000 0.1819
vn 0.1770 0.0000 -0.9842
vn -0.1763 0.0000 0.9843
vn 0.1782 0.0000 -0.9840
vn -0.1751 0.0000 0.9845
vn 0.9842 0.0000 0.1769
vn -0.9842 0.0000 -0.1769
vn 0.1715 0.0000 -0.9852
vn -0.9860 0.0000 -0.1670
vn -0.1709 0.0000 0.9853
vn 0.9860 0.0000 0.1670
vn 0.1727 0.0000 -0.9850
vn -0.9854 0.0000 -0.1704
vn -0.1698 0.0000 0.9855
vn 0.9854 0.0000 0.1704
vn 0.1664 0.0000 -0.9861
vn -0.9872 0.0000 -0.1597
vn -0.1657 0.0000 0.9862
vn 0.9872 0.0000 0.1597
vn 0.1675 0.0000 -0.9859
vn -0.9872 0.0000 -0.1598
vn -0.1646 0.0000 0.9864
vn 0.1613 0.0000 -0.9869
vn -0.1606 0.0000 0.9870
vn 0.1624 0.0000 -0.9867
vn -0.1595 0.0000 0.9872
vn 0.1562 0.0000 -0.9877
vn -0.1555 0.0000 0.9878
vn 0.9872 0.0000 0.1598
vn 0.1573 0.0000 -0.9876
vn -0.1544 0.0000 0.9880
vn 0.9872 0.0000 0.1593
vn -0.9872 0.0000 -0.1593
vn 0.1510 0.0000 -0.9885
vn -0.1504 0.0000 0.9886
vn 0.1521 0.0000 -0.9884
vn -0.9872 0.0000 -0.1596
vn -0.1492 0.0000 0.9888
vn 0.9871 0.0000 0.1598
vn 0.1458 0.0000 -0.9893
vn -0.9906 0.0000 -0.1368
vn -0.1452 0.0000 0.9894
vn 0.9906 0.0000 0.1368
vn 0.1470 0.0000 -0.9891
vn -0.9906 0.0000 -0.1370
vn -0.1441 0.0000 0.9896
vn -0.9906 0.0000 -0.1369
vn 0.1406 0.0000 -0.9901
vn -0.1400 0.0000 0.9902
vn 0.9906 0.0000 0.1369
vn 0.1418 0.0000 -0.9899
vn -0.1389 -0.0000 0.9903
vn 0.1354 0.0000 -0.9908
vn -0.1348 0.0000 0.9909
vn 0.1366 0.0000 -0.9906
vn -0.1337 0.0000 0.9910
vn 0.1302 0.0000 -0.9915
vn -0.1296 0.0000 0.9916
vn 0.1314 0.0000 -0.9913
vn -0.1285 0.0000 0.9917
vn 0.9906 0.0000 0.1370
vn 0.1250 0.0000 -0.9922
vn -0.9936 0.0000 -0.1132
vn -0.1243 0.0000 0.9922
vn 0.9936 0.0000 0.1132
vn 0.1262 0.0000 -0.9920
vn -0.9925 0.0000 -0.1220
vn -0.1231 0.0000 0.9924
vn 0.9925 0.0000 0.1220
vn 0.9930 0.0000 0.1183
vn -0.9930 0.0000 -0.1183
vn 0.1193 0.0000 -0.9929
vn -0.1186 0.0000 0.9929
vn 0.1206 -0.0000 -0.9927
vn -0.9936 0.0000 -0.1133
vn -0.1174 0.0000 0.9931
vn 0.1136 0.0000 -0.9935
vn -0.1130 0.0000 0.9936
vn 0.9936 0.0000 0.1133
vn 0.1149 0.0000 -0.9934
vn -0.1117 0.0000 0.9937
vn 0.1080 0.0000 -0.9942
vn -0.1073 0.0000 0.9942
vn 0.1092 0.0000 -0.9940
vn -0.1060 0.0000 0.9944
vn 0.1023 0.0000 -0.9948
vn -0.1016 0.0000 0.9948
vn 0.1035 -0.0000 -0.9946
vn -0.9936 0.0000 -0.1127
vn -0.1003 0.0000 0.9950
vn 0.9936 0.0000 0.1129
vn 0.9952 0.0000 0.0974
vn -0.9952 0.0000 -0.0974
vn 0.0959 0.0000 -0.9954
vn -0.9962 -0.0000 -0.0875
vn -0.0951 0.0000 0.9955
vn 0.9962 0.0000 0.0875
vn 0.0974 0.0000 -0.9952
vn -0.9962 0.0000 -0.0876
vn -0.0936 0.0000 0.9956
vn 0.9962 0.0000 0.0874
vn 0.0892 0.0000 -0.9960
vn -0.0884 0.0000 0.9961
vn 0.0907 0.0000 -0.9959
vn -0.0869 0.0000 0.9962
vn 0.9962 0.0000 0.0876
vn 0.0825 0.0000 -0.9966
vn -0.0817 0.0000 0.9967
vn 0.0840 0.0000 -0.9965
vn -0.0802 0.0000 0.9968
vn 0.0758 0.0000 -0.9971
vn -0.0750 0.0000 0.9972
vn 0.2667 -0.0001 -0.9638
vn 0.0772 0.0000 -0.9970
vn -0.9962 0.0000 -0.0874
vn -0.0735 -0.0000 0.9973
vn 0.9961 0.0000 0.0877
vn 0.9975 0.0000 0.0711
vn -0.9975 0.0000 -0.0711
vn 0.0680 0.0000 -0.9977
vn -0.9983 0.0000 -0.0579
vn -0.0670 0.0000 0.9978
vn 0.9983 0.0000 0.0579
vn 0.2669 0.0001 -0.9637
vn 0.2669 0.0000 -0.9637
vn 0.0699 0.0000 -0.9976
vn -0.9983 0.0000 -0.0581
vn -0.0650 0.0000 0.9979
vn 0.9983 0.0000 0.0578
vn 0.0593 0.0000 -0.9982
vn -0.9983 -0.0000 -0.0580
vn -0.0583 0.0000 0.9983
vn 0.9983 0.0000 0.0580
vn 0.0612 0.0000 -0.9981
vn -0.0564 0.0000 0.9984
vn 0.0507 0.0000 -0.9987
vn -0.0496 0.0000 0.9988
vn 0.9983 0.0000 0.0581
vn 0.0526 0.0000 -0.9986
vn -0.0477 0.0000 0.9989
vn 0.0420 0.0000 -0.9991
vn -0.0410 0.0000 0.9992
vn 0.9983 0.0000 0.0582
vn 0.0439 0.0000 -0.9990
vn -0.9987 -0.0000 -0.0512
vn -0.0394 0.0000 0.9992
vn 0.9987 0.0000 0.0515
vn 0.9994 0.0000 0.0341
vn -0.9994 0.0000 -0.0341
vn 0.0359 0.0000 -0.9994
vn -0.9998 0.0000 -0.0218
vn -0.0352 0.0000 0.9994
vn 0.9998 0.0000 0.0218
vn -0.0031 0.0000 1.0000
vn -0.0020 1.0000 -0.0000
vn 0.0305 0.0000 -0.9995
vn -0.0299 0.0000 0.9996
vn 0.9998 0.0000 0.0220
vn -0.9998 0.0000 -0.0220
vn 0.0252 0.0000 -0.9997
vn -0.9998 0.0000 -0.0219
vn -0.0245 0.0000 0.9997
vn 0.9998 -0.0000 0.0219
vn 0.0001 0.0000 1.0000
vn -0.2678 0.0000 0.9635
vn -0.2629 0.0000 0.9648
vn 0.2590 0.0000 -0.9659
vn 0.2542 0.0000 -0.9671
vn -0.2537 0.0000 0.9673
vn 0.9635 0.0000 0.2679
vn 0.2483 0.0000 -0.9687
vn -0.2472 0.0000 0.9690
vn 0.2404 0.0000 -0.9707
vn 0.2405 0.0000 -0.9707
vn -0.9720 0.0000 -0.2352
vn -0.2318 0.0000 0.9728
vn 0.2117 0.0000 -0.9773
vn 0.2055 0.0000 -0.9787
vn -0.2048 0.0000 0.9788
vn 0.1992 0.0000 -0.9800
vn -0.1926 0.0000 0.9813
vn 0.1825 0.0000 -0.9832
vn -0.1817 0.0000 0.9833
vn -0.1658 0.0000 0.9862
vn 0.1612 0.0000 -0.9869
vn -0.1607 0.0000 0.9870
vn 0.1561 0.0000 -0.9877
vn 0.1355 0.0000 -0.9908
vn 0.1194 0.0000 -0.9929
vn -0.1187 0.0000 0.9929
vn 0.1137 0.0000 -0.9935
vn -0.0669 0.0000 0.9978
vn 0.0506 0.0000 -0.9987
vn -0.9871 0.0000 -0.1603
vn -0.9890 0.0000 -0.1481
vn 0.9890 0.0000 0.1481
vn 0.9869 0.0000 0.1610
vn -0.9870 0.0000 -0.1606
vn -0.9869 -0.0000 -0.1613
vn -0.9917 0.0000 -0.1288
vn 0.9917 -0.0000 0.1288
vn -0.9938 -0.0000 -0.1111
vn 0.9938 0.0000 0.1111
vn -0.9956 -0.0000 -0.0935
vn 0.9956 0.0000 0.0935
vn -0.9970 0.0008 -0.0778
vn 0.9972 0.0021 0.0743
vn 0.9968 -0.0000 0.0803
vn 0.9970 -0.0000 0.0779
vn 0.9971 0.0036 0.0755
vn -0.9973 -0.0015 -0.0737
vn -0.9969 0.0031 -0.0792
vn -0.9969 0.0031 -0.0791
vn -0.9972 -0.0047 -0.0747
vn -0.9978 0.0046 -0.0655
vn 0.9992 -0.0045 0.0406
vn 0.9975 0.0066 0.0710
vn 0.9980 0.0085 0.0631
vn 0.9970 0.0041 0.0779
vn 0.9969 -0.0000 0.0791
vn -0.9978 -0.0046 -0.0655
vn -0.9976 0.0125 -0.0679
vn -0.9994 -0.0066 -0.0348
vn -0.9987 0.0000 -0.0508
vn 0.9986 -0.0072 0.0531
vn 0.9990 -0.0073 0.0448
vn 0.0051 1.0000 0.0003
vn 0.0018 -1.0000 -0.0048
vn 0.0122 -0.9999 0.0078
vn 0.9989 -0.0066 0.0472
vn 0.9986 0.0190 0.0496
vn 0.9985 -0.0037 0.0545
vn -0.0063 -1.0000 -0.0068
vn -0.0046 -1.0000 0.0071
vn 0.0035 1.0000 0.0023
vn 0.0045 1.0000 -0.0072
vn -0.9995 -0.0015 -0.0330
vn -0.9986 -0.0000 -0.0527
vn -0.9995 0.0074 -0.0305
vn -0.9990 -0.0000 -0.0457
vn -0.0098 -0.9999 -0.0078
vn -0.0121 -0.9999 -0.0006
vn 0.0101 0.9999 0.0005
vn 0.0075 1.0000 0.0018
vn -0.0513 -0.0102 0.9986
vn -0.0464 0.0016 0.9989
vn -0.0577 0.0043 0.9983
vn -0.0440 -0.0125 0.9990
vn -0.0505 0.0041 0.9987
vn -0.0423 -0.0024 0.9991
vn -0.0439 0.0042 0.9990
vn -0.0550 0.0139 0.9984
vn -0.0586 0.0042 0.9983
vn -0.0513 -0.0121 0.9986
vn -0.0513 -0.0051 0.9987
vn -0.0439 -0.0101 0.9990
vn 0.9867 0.0000 0.1629
vn 0.9866 0.0000 0.1629
vn -0.9868 0.0000 -0.1619
vn -0.9869 0.0000 -0.1614
vn -0.9866 -0.0001 -0.1633
vn 0.0000 -1.0000 0.0002
vn 0.0000 -1.0000 0.0005
vn -0.9991 0.0048 -0.0422
vn 0.0141 0.9999 -0.0031
vn 0.9993 -0.0021 0.0369
vn 0.9993 -0.0074 0.0364
usemtl Material.003
s off
f 1/1/1 2/2/1 3/3/1
f 2/4/2 4/5/2 5/6/2
f 1/1/3 10/7/3 4/8/3
f 11/9/4 12/10/4 7/11/4
f 10/7/5 11/12/5 13/13/5
f 5/14/6 4/15/6 13/16/6
f 2/17/7 9/18/7 14/19/7
f 15/20/8 3/21/8 14/22/8
f 16/23/9 17/24/9 18/25/9
f 19/26/10 17/27/10 20/28/10
f 23/29/11 20/30/11 24/31/11
f 25/32/12 20/33/12 17/24/13
f 26/34/14 27/35/14 28/36/14
f 25/32/15 26/37/15 24/38/15
f 29/39/16 18/40/16 30/41/16
f 17/42/17 19/43/17 30/44/17
f 32/45/18 33/46/18 34/47/18
f 35/48/19 34/49/19 33/50/19
f 36/51/20 37/52/20 38/53/20
f 39/54/21 38/55/22 37/56/23
f 39/54/24 40/57/24 41/58/24
f 42/59/25 43/60/25 44/61/25
f 45/62/26 44/61/27 41/63/28
f 46/64/29 45/65/29 41/66/29
f 44/61/30 47/67/31 41/63/32
f 41/58/33 48/68/34 38/55/35
f 41/66/36 33/69/37 46/64/38
f 41/70/39 34/71/40 47/72/40
f 49/73/6 25/74/6 16/75/6
f 38/55/41 50/76/42 36/77/42
f 11/12/43 10/7/43 6/78/43
f 16/75/44 29/79/44 31/80/44
f 51/81/45 52/82/45 34/49/45
f 33/50/46 49/83/46 35/48/46
f 46/64/47 53/84/47 43/85/47
f 49/73/6 26/86/6 25/74/6
f 53/84/25 44/61/48 43/85/25
f 32/87/49 53/84/50 33/88/49
f 54/89/51 34/90/51 52/91/51
f 40/92/52 50/93/52 34/94/52
f 10/95/53 1/96/53 52/97/53
f 15/98/54 52/97/54 1/96/54
f 51/99/55 55/100/55 56/101/55
f 1/1/56 3/3/56 15/102/56
f 2/4/57 5/6/57 9/103/57
f 1/1/3 4/8/3 2/104/3
f 11/9/4 7/11/4 13/105/4
f 10/7/5 13/13/5 4/8/5
f 5/14/6 13/16/6 7/106/6
f 2/17/58 14/19/58 3/107/58
f 15/20/59 14/22/59 58/108/59
f 16/23/9 18/25/9 29/109/9
f 19/26/10 20/28/10 23/110/10
f 23/29/11 24/31/11 28/111/11
f 25/32/60 17/24/60 16/23/60
f 26/34/14 28/36/14 24/112/14
f 25/32/61 24/38/61 20/33/61
f 29/39/16 30/41/16 31/113/16
f 17/42/17 30/44/17 18/114/17
f 32/45/62 34/47/62 54/115/62
f 51/81/46 34/49/46 55/116/46
f 55/116/46 34/49/46 57/117/63
f 34/49/46 35/48/46 57/117/64
f 39/54/65 41/58/66 38/55/67
f 45/62/68 42/59/69 44/61/70
f 44/61/71 59/118/31 47/67/72
f 41/58/73 47/119/34 48/68/74
f 41/66/75 47/120/76 33/69/77
f 41/70/78 40/121/79 34/71/80
f 49/73/6 16/75/6 22/122/6
f 38/55/81 48/68/82 50/76/42
f 11/12/43 6/78/43 12/123/43
f 16/75/44 31/80/44 22/122/44
f 46/64/83 33/69/84 53/84/85
f 26/86/6 49/73/6 27/124/6
f 27/124/6 49/73/6 21/125/6
f 53/84/25 59/118/86 44/61/87
f 49/73/88 53/84/88 21/125/89
f 21/125/90 53/84/90 32/87/90
f 54/89/91 52/91/91 8/126/91
f 40/92/51 36/127/51 50/93/51
f 10/95/92 52/97/92 6/128/92
f 52/97/93 58/129/93 8/126/93
f 58/129/94 52/97/94 15/98/94
f 51/99/55 56/101/55 6/128/55
f 22/122/55 55/100/55 35/130/55
f 55/100/55 22/122/55 56/101/55
f 63/131/95 61/132/95 60/133/95
f 62/134/95 67/135/95 63/131/95
f 63/131/95 64/136/95 62/134/95
f 65/137/95 62/134/95 64/136/95
f 63/131/95 60/133/95 64/136/95
f 73/138/55 75/139/55 72/140/55
f 76/141/43 74/142/43 73/143/43
f 76/144/95 79/145/95 77/146/95
f 72/147/6 79/148/6 78/149/6
f 76/150/46 72/151/46 78/152/46
f 81/153/55 83/154/55 80/155/55
f 85/156/6 80/157/6 84/158/6
f 87/159/95 84/160/95 86/161/95
f 82/162/43 86/163/43 83/164/43
f 85/165/46 82/166/46 81/167/46
f 80/168/96 86/169/96 84/170/96
f 89/171/55 91/172/55 88/173/55
f 92/174/43 90/175/43 89/176/43
f 92/177/95 95/178/95 93/179/95
f 88/180/6 95/181/6 94/182/6
f 94/183/46 89/184/46 88/185/46
f 97/186/97 2102/187/97 96/188/97
f 99/189/6 96/190/6 98/191/6
f 2104/192/98 98/193/98 2103/194/98
f 99/195/99 2101/196/99 97/197/99
f 96/198/96 2103/199/96 98/200/96
f 101/201/55 103/202/55 100/203/55
f 104/204/43 102/205/43 101/206/43
f 104/207/95 107/208/95 105/209/95
f 100/210/6 107/211/6 106/212/6
f 104/213/46 100/214/46 106/215/46
f 108/216/100 2082/217/100 2083/218/100
f 111/219/6 108/220/6 110/221/6
f 2082/222/101 2084/223/101 2083/224/101
f 108/225/96 2084/226/96 110/227/96
f 115/228/6 61/229/6 116/230/6
f 64/231/43 118/232/43 65/233/43
f 70/234/46 138/235/46 139/236/46
f 115/237/96 64/238/96 60/239/96
f 67/240/43 117/241/43 137/242/43
f 69/243/43 113/244/43 138/245/43
f 137/246/96 68/247/96 67/248/96
f 118/249/46 62/250/46 65/251/46
f 112/252/6 63/253/6 66/254/6
f 70/255/6 114/256/6 71/257/6
f 114/258/96 66/259/96 71/260/96
f 135/261/46 61/262/46 63/263/46
f 120/264/55 122/265/55 119/266/55
f 123/267/43 121/268/43 120/269/43
f 123/270/95 126/271/95 124/272/95
f 119/273/6 126/274/6 125/275/6
f 123/276/46 119/277/46 125/278/46
f 127/279/55 129/280/55 130/281/55
f 132/282/6 127/283/6 131/284/6
f 134/285/95 131/286/95 133/287/95
f 129/288/43 133/289/43 130/290/43
f 132/291/46 129/292/46 128/293/46
f 127/294/96 133/295/96 131/296/96
f 141/297/55 143/298/55 140/299/55
f 144/300/43 142/301/43 141/302/43
f 144/303/95 147/304/95 145/305/95
f 140/306/6 147/307/6 146/308/6
f 144/309/46 140/310/46 146/311/46
f 149/312/55 151/313/55 148/314/55
f 153/315/6 148/316/6 152/317/6
f 155/318/95 152/319/95 154/320/95
f 150/321/43 154/322/43 151/323/43
f 153/324/46 150/325/46 149/326/46
f 148/327/96 154/328/96 152/329/96
f 157/330/55 159/331/55 156/332/55
f 160/333/43 158/334/43 157/335/43
f 160/336/95 163/337/95 161/338/95
f 156/339/6 163/340/6 162/341/6
f 160/342/46 156/343/46 162/344/46
f 165/345/55 167/346/55 164/347/55
f 169/348/6 164/349/6 168/350/6
f 171/351/95 168/352/95 170/353/95
f 166/354/43 170/355/43 167/356/43
f 169/357/46 166/358/46 165/359/46
f 164/360/96 170/361/96 168/362/96
f 173/363/55 175/364/55 172/365/55
f 176/366/43 174/367/43 173/368/43
f 176/369/95 179/370/95 177/371/95
f 172/372/6 179/373/6 178/374/6
f 176/375/46 172/376/46 178/377/46
f 180/378/55 182/379/55 183/380/55
f 185/381/6 180/382/6 184/383/6
f 187/384/95 184/385/95 186/386/95
f 182/387/43 186/388/43 183/389/43
f 185/390/46 182/391/46 181/392/46
f 180/393/96 186/394/96 184/395/96
f 193/396/6 115/397/6 116/398/6
f 136/399/43 196/400/43 118/401/43
f 138/402/46 215/403/46 139/404/46
f 192/405/96 136/406/96 115/407/96
f 137/408/43 195/409/43 190/410/43
f 138/411/43 189/412/43 214/413/43
f 190/414/96 113/415/96 137/416/96
f 118/417/46 195/418/46 117/419/46
f 188/420/6 135/421/6 112/422/6
f 139/423/6 191/424/6 114/425/6
f 191/426/96 112/427/96 114/428/96
f 194/429/46 116/430/46 135/431/46
f 198/432/55 200/433/55 197/434/55
f 201/435/43 199/436/43 198/437/43
f 201/438/95 204/439/95 202/440/95
f 197/441/6 204/442/6 203/443/6
f 201/444/46 197/445/46 203/446/46
f 206/447/55 208/448/55 205/449/55
f 210/450/6 205/451/6 209/452/6
f 212/453/95 209/454/95 211/455/95
f 207/456/43 211/457/43 208/458/43
f 210/459/46 207/460/46 206/461/46
f 205/462/96 211/463/96 209/464/96
f 217/465/55 219/466/55 216/467/55
f 220/468/43 218/469/43 217/470/43
f 220/471/95 223/472/95 221/473/95
f 222/474/6 219/475/6 223/476/6
f 220/477/46 216/478/46 222/479/46
f 225/480/55 227/481/55 224/482/55
f 229/483/6 224/484/6 228/485/6
f 231/486/95 228/487/95 230/488/95
f 226/489/43 230/490/43 227/491/43
f 229/492/46 226/493/46 225/494/46
f 224/495/96 230/496/96 228/497/96
f 233/498/55 235/499/55 232/500/55
f 236/501/43 234/502/43 233/503/43
f 236/504/95 239/505/95 237/506/95
f 238/507/6 235/508/6 239/509/6
f 236/510/46 232/511/46 238/512/46
f 240/513/55 242/514/55 243/515/55
f 245/516/6 240/517/6 244/518/6
f 247/519/95 244/520/95 246/521/95
f 242/522/43 246/523/43 243/524/43
f 245/525/46 242/526/46 241/527/46
f 240/528/96 246/529/96 244/530/96
f 249/531/55 251/532/55 248/533/55
f 252/534/43 250/535/43 249/536/43
f 252/537/95 255/538/95 253/539/95
f 254/540/6 251/541/6 255/542/6
f 252/543/46 248/544/46 254/545/46
f 256/546/55 258/547/55 259/548/55
f 262/549/95 260/550/95 261/551/95
f 258/552/43 261/551/43 259/553/43
f 260/550/46 258/554/46 257/555/46
f 286/556/6 193/557/6 267/558/6
f 213/559/43 270/560/43 196/561/43
f 214/562/46 289/563/46 215/564/46
f 286/565/96 213/566/96 192/567/96
f 190/568/43 269/569/43 265/570/43
f 214/571/43 264/572/43 288/573/43
f 265/574/96 189/575/96 190/576/96
f 270/577/46 195/578/46 196/579/46
f 263/580/6 194/581/6 188/582/6
f 289/583/6 191/584/6 215/585/6
f 266/586/96 188/587/96 191/588/96
f 268/589/46 193/590/46 194/591/46
f 272/592/55 274/593/55 271/594/55
f 275/595/43 273/596/43 272/597/43
f 275/598/95 278/599/95 276/600/95
f 277/601/6 274/602/6 278/603/6
f 275/604/46 271/605/46 277/606/46
f 280/607/55 282/608/55 279/609/55
f 260/550/6 256/610/6 2144/611/6
f 281/612/43 284/613/43 282/614/43
f 283/615/46 281/616/46 280/617/46
f 283/618/6 279/619/6 2145/620/6
f 291/621/55 293/622/55 290/623/55
f 294/624/43 292/625/43 291/626/43
f 294/627/95 297/628/95 295/629/95
f 296/630/6 293/631/6 297/632/6
f 294/633/46 290/634/46 296/635/46
f 298/636/55 300/637/55 301/638/55
f 260/550/95 2144/611/95 261/551/95
f 300/639/43 303/640/43 301/641/43
f 302/642/46 300/643/46 299/644/46
f 256/610/96 261/551/96 2144/611/96
f 306/645/55 308/646/55 305/647/55
f 309/648/43 307/649/43 306/650/43
f 309/651/95 312/652/95 310/653/95
f 311/654/6 308/655/6 312/656/6
f 309/657/46 305/658/46 311/659/46
f 313/660/55 315/661/55 316/662/55
f 318/663/6 313/664/6 317/665/6
f 320/666/95 317/667/95 319/668/95
f 315/669/43 319/670/43 316/671/43
f 318/672/46 315/673/46 314/674/46
f 313/675/96 319/676/96 317/677/96
f 322/678/55 324/679/55 321/680/55
f 325/681/43 323/682/43 322/683/43
f 325/684/95 328/685/95 326/686/95
f 327/687/6 324/688/6 328/689/6
f 325/690/46 321/691/46 327/692/46
f 330/693/55 332/694/55 329/695/55
f 334/696/6 329/697/6 333/698/6
f 336/699/95 333/700/95 335/701/95
f 331/702/43 335/703/43 332/704/43
f 334/705/46 331/706/46 330/707/46
f 329/708/96 335/709/96 333/710/96
f 342/711/6 286/712/6 267/713/6
f 287/714/43 345/715/43 270/716/43
f 288/717/46 364/718/46 289/719/46
f 341/720/96 287/721/96 286/722/96
f 265/723/43 344/724/43 339/725/43
f 288/726/43 338/727/43 363/728/43
f 339/729/96 264/730/96 265/731/96
f 345/732/46 269/733/46 270/734/46
f 337/735/6 268/736/6 263/737/6
f 364/738/6 266/739/6 289/740/6
f 340/741/96 263/742/96 266/743/96
f 343/744/46 267/745/46 268/746/46
f 347/747/55 349/748/55 346/749/55
f 350/750/43 348/751/43 347/752/43
f 350/753/95 353/754/95 351/755/95
f 352/756/6 349/757/6 353/758/6
f 350/759/46 346/760/46 352/761/46
f 354/762/55 356/763/55 357/764/55
f 359/765/6 354/766/6 358/767/6
f 361/768/95 358/769/95 360/770/95
f 356/771/43 360/772/43 357/773/43
f 359/774/46 356/775/46 355/776/46
f 354/777/96 360/778/96 358/779/96
f 366/780/55 368/781/55 365/782/55
f 369/783/43 367/784/43 366/785/43
f 369/786/95 372/787/95 370/788/95
f 365/789/6 372/790/6 371/791/6
f 369/792/46 365/793/46 371/794/46
f 373/795/55 375/796/55 376/797/55
f 377/798/6 374/799/6 373/800/6
f 380/801/95 377/802/95 379/803/95
f 375/804/43 379/805/43 376/806/43
f 378/807/46 375/808/46 374/809/46
f 373/810/96 379/811/96 377/812/96
f 382/813/55 384/814/55 381/815/55
f 385/816/43 383/817/43 382/818/43
f 385/819/95 388/820/95 386/821/95
f 381/822/6 388/823/6 387/824/6
f 385/825/46 381/826/46 387/827/46
f 390/828/55 392/829/55 389/830/55
f 393/831/6 390/832/6 389/833/6
f 396/834/95 393/835/95 395/836/95
f 391/837/43 395/838/43 392/839/43
f 394/840/46 391/841/46 390/842/46
f 389/843/96 395/844/96 393/845/96
f 398/846/55 400/847/55 397/848/55
f 401/849/43 399/850/43 398/851/43
f 401/852/95 404/853/95 402/854/95
f 397/855/6 404/856/6 403/857/6
f 401/858/46 397/859/46 403/860/46
f 405/861/55 407/862/55 408/863/55
f 409/864/6 406/865/6 405/866/6
f 412/867/95 409/868/95 411/869/95
f 407/870/43 411/871/43 408/872/43
f 410/873/46 407/874/46 406/875/46
f 405/876/96 411/877/96 409/878/96
f 429/879/6 342/880/6 430/881/6
f 345/882/43 433/883/43 434/884/43
f 363/885/46 439/886/46 364/887/46
f 429/888/96 362/889/96 341/890/96
f 339/891/43 431/892/43 436/893/43
f 363/894/43 437/895/43 438/896/43
f 436/897/96 338/898/96 339/899/96
f 434/900/46 344/901/46 345/902/46
f 435/903/6 343/904/6 337/905/6
f 439/906/6 340/907/6 364/908/6
f 440/909/96 337/910/96 340/911/96
f 432/912/46 342/913/46 343/914/46
f 414/915/55 416/916/55 413/917/55
f 417/918/43 415/919/43 414/920/43
f 417/921/95 420/922/95 418/923/95
f 413/924/6 420/925/6 419/926/6
f 417/927/46 413/928/46 419/929/46
f 421/930/55 423/931/55 424/932/55
f 425/933/6 422/934/6 421/935/6
f 428/936/95 425/937/95 427/938/95
f 423/939/43 427/940/43 424/941/43
f 426/942/46 423/943/46 422/944/46
f 421/945/96 427/946/96 425/947/96
f 442/948/55 444/949/55 441/950/55
f 445/951/43 443/952/43 442/953/43
f 445/954/95 448/955/95 446/956/95
f 441/957/6 448/958/6 447/959/6
f 445/960/46 441/961/46 447/962/46
f 450/963/55 452/964/55 449/965/55
f 453/966/6 450/967/6 449/968/6
f 456/969/95 453/970/95 455/971/95
f 451/972/43 455/973/43 452/974/43
f 454/975/46 451/976/46 450/977/46
f 449/978/96 455/979/96 453/980/96
f 458/981/55 460/982/55 457/983/55
f 461/984/43 459/985/43 458/986/43
f 461/987/95 464/988/95 462/989/95
f 457/990/6 464/991/6 463/992/6
f 461/993/46 457/994/46 463/995/46
f 465/996/55 467/997/55 468/998/55
f 469/999/6 466/1000/6 465/1001/6
f 472/1002/95 469/1003/95 471/1004/95
f 467/1005/43 471/1006/43 468/1007/43
f 470/1008/46 467/1009/46 466/1010/46
f 465/1011/96 471/1012/96 469/1013/96
f 474/1014/55 476/1015/55 473/1016/55
f 477/1017/43 475/1018/43 474/1019/43
f 477/1020/95 480/1021/95 478/1022/95
f 473/1023/6 480/1024/6 479/1025/6
f 477/1026/46 473/1027/46 479/1028/46
f 481/1029/55 483/1030/55 484/1031/55
f 485/1032/6 482/1033/6 481/1034/6
f 488/1035/95 485/1036/95 487/1037/95
f 483/1038/43 487/1039/43 484/1040/43
f 486/1041/46 483/1042/46 482/1043/46
f 481/1044/96 487/1045/96 485/1046/96
f 513/1047/6 430/1048/6 493/1049/6
f 433/1050/43 496/1051/43 434/1052/43
f 438/1053/46 516/1054/46 439/1055/46
f 513/1056/96 433/1057/96 429/1058/96
f 436/1059/43 495/1060/43 491/1061/43
f 438/1062/43 490/1063/43 515/1064/43
f 491/1065/96 437/1066/96 436/1067/96
f 496/1068/46 431/1069/46 434/1070/46
f 489/1071/6 432/1072/6 435/1073/6
f 516/1074/6 440/1075/6 439/1076/6
f 492/1077/96 435/1078/96 440/1079/96
f 494/1080/46 430/1081/46 432/1082/46
f 498/1083/55 500/1084/55 497/1085/55
f 501/1086/43 499/1087/43 498/1088/43
f 501/1089/95 504/1090/95 502/1091/95
f 497/1092/6 504/1093/6 503/1094/6
f 501/1095/46 497/1096/46 503/1097/46
f 506/1098/55 508/1099/55 505/1100/55
f 509/1101/6 506/1102/6 505/1103/6
f 512/1104/95 509/1105/95 511/1106/95
f 507/1107/43 511/1108/43 508/1109/43
f 510/1110/46 507/1111/46 506/1112/46
f 505/1113/96 511/1114/96 509/1115/96
f 522/1116/55 524/1117/55 521/1118/55
f 525/1119/43 523/1120/43 522/1121/43
f 525/1122/95 528/1123/95 526/1124/95
f 521/1125/6 528/1126/6 527/1127/6
f 525/1128/46 521/1129/46 527/1130/46
f 529/1131/55 531/1132/55 532/1133/55
f 533/1134/6 530/1135/6 529/1136/6
f 536/1137/95 533/1138/95 535/1139/95
f 531/1140/43 535/1141/43 532/1142/43
f 534/1143/46 531/1144/46 530/1145/46
f 529/1146/96 535/1147/96 533/1148/96
f 563/1149/43 540/1150/43 519/1151/43
f 565/1152/6 542/1153/6 567/1154/6
f 546/1155/46 538/1156/46 571/1157/46
f 563/1158/102 520/1159/102 565/1160/102
f 545/1161/6 566/1162/6 541/1163/6
f 546/1164/6 537/1165/6 517/1166/6
f 569/1167/96 517/1168/96 537/1169/96
f 567/1170/103 541/1171/103 566/1172/103
f 568/1173/43 518/1174/43 543/1175/43
f 538/1176/43 544/1177/43 539/1178/43
f 539/1179/96 518/1180/96 570/1181/96
f 568/1182/103 540/1183/103 564/1184/103
f 548/1185/55 550/1186/55 547/1187/55
f 551/1188/43 549/1189/43 548/1190/43
f 551/1191/95 554/1192/95 552/1193/95
f 547/1194/6 554/1195/6 553/1196/6
f 551/1197/46 547/1198/46 553/1199/46
f 555/1200/55 557/1201/55 558/1202/55
f 559/1203/6 556/1204/6 555/1205/6
f 562/1206/95 559/1207/95 561/1208/95
f 557/1209/43 561/1210/43 558/1211/43
f 560/1212/46 557/1213/46 556/1214/46
f 555/1215/96 561/1216/96 559/1217/96
f 607/1218/43 564/1219/43 563/1220/43
f 565/1221/6 640/1222/6 638/1223/6
f 643/1224/46 538/1225/46 606/1226/46
f 638/1227/96 563/1228/96 565/1229/96
f 569/1230/6 639/1231/6 566/1232/6
f 571/1233/6 603/1234/6 537/1235/6
f 605/1236/96 537/1237/96 603/1238/96
f 640/1239/46 566/1240/46 639/1241/46
f 604/1242/43 568/1243/43 641/1244/43
f 606/1245/43 539/1246/43 642/1247/43
f 642/1248/96 570/1249/96 604/1250/96
f 641/1251/46 564/1252/46 637/1253/46
f 573/1254/55 575/1255/55 572/1256/55
f 577/1257/6 572/1258/6 576/1259/6
f 578/1260/95 577/1261/95 576/1262/95
f 574/1263/43 578/1264/43 575/1265/43
f 577/1266/46 574/1267/46 573/1268/46
f 581/1269/55 583/1270/55 580/1271/55
f 584/1272/43 582/1273/43 581/1274/43
f 584/1275/95 587/1276/95 585/1277/95
f 580/1278/6 587/1279/6 586/1280/6
f 584/1281/46 580/1282/46 586/1283/46
f 588/1284/55 590/1285/55 591/1286/55
f 592/1287/6 589/1288/6 588/1289/6
f 595/1290/95 592/1291/95 594/1292/95
f 590/1293/43 594/1294/43 591/1295/43
f 593/1296/46 590/1297/46 589/1298/46
f 588/1299/96 594/1300/96 592/1301/96
f 632/1302/6 493/1303/6 600/1304/6
f 514/1305/43 602/1306/43 496/1307/43
f 515/1308/46 636/1309/46 516/1310/46
f 632/1311/96 514/1312/96 513/1313/96
f 491/1314/43 601/1315/43 598/1316/43
f 515/1317/43 597/1318/43 635/1319/43
f 598/1320/96 490/1321/96 491/1322/96
f 602/1323/46 495/1324/46 496/1325/46
f 596/1326/6 494/1327/6 489/1328/6
f 636/1329/6 492/1330/6 516/1331/6
f 599/1332/96 489/1333/96 492/1334/96
f 633/1335/46 493/1336/46 494/1337/46
f 609/1338/55 611/1339/55 608/1340/55
f 613/1341/6 608/1342/6 612/1343/6
f 614/1344/95 613/1345/95 612/1346/95
f 610/1347/43 614/1348/43 611/1349/43
f 613/1350/46 610/1351/46 609/1352/46
f 617/1353/55 619/1354/55 616/1355/55
f 620/1356/43 618/1357/43 617/1358/43
f 620/1359/95 623/1360/95 621/1361/95
f 616/1362/6 623/1363/6 622/1364/6
f 620/1365/46 616/1366/46 622/1367/46
f 625/1368/55 627/1369/55 624/1370/55
f 628/1371/6 625/1372/6 624/1373/6
f 631/1374/95 628/1375/95 630/1376/95
f 626/1377/43 630/1378/43 627/1379/43
f 629/1380/46 626/1381/46 625/1382/46
f 624/1383/96 630/1384/96 628/1385/96
f 725/1386/43 637/1387/43 607/1388/43
f 638/1389/6 758/1390/6 756/1391/6
f 643/1392/46 723/1393/46 763/1394/46
f 756/1395/96 607/1396/96 638/1397/96
f 605/1398/6 757/1399/6 639/1400/6
f 643/1401/6 722/1402/6 603/1403/6
f 761/1404/96 603/1405/96 722/1406/96
f 758/1407/46 639/1408/46 757/1409/46
f 762/1410/43 641/1411/43 759/1412/43
f 723/1413/43 642/1414/43 760/1415/43
f 760/1416/96 604/1417/96 762/1418/96
f 759/1419/46 637/1420/46 724/1421/46
f 645/1422/55 647/1423/55 644/1424/55
f 649/1425/6 644/1426/6 648/1427/6
f 650/1428/95 649/1429/95 648/1430/95
f 646/1431/43 650/1432/43 647/1433/43
f 649/1434/46 646/1435/46 645/1436/46
f 653/1437/55 655/1438/55 652/1439/55
f 656/1440/43 654/1441/43 653/1442/43
f 656/1443/95 659/1444/95 657/1445/95
f 652/1446/6 659/1447/6 658/1448/6
f 656/1449/46 652/1450/46 658/1451/46
f 661/1452/55 663/1453/55 660/1454/55
f 664/1455/6 661/1456/6 660/1457/6
f 667/1458/95 664/1459/95 666/1460/95
f 662/1461/43 666/1462/43 663/1463/43
f 665/1464/46 662/1465/46 661/1466/46
f 660/1467/96 666/1468/96 664/1469/96
f 669/1470/55 671/1471/55 668/1472/55
f 673/1473/6 668/1474/6 672/1475/6
f 674/1476/95 673/1477/95 672/1478/95
f 670/1479/43 674/1480/43 671/1481/43
f 669/1482/46 675/1483/46 670/1484/46
f 677/1485/55 679/1486/55 676/1487/55
f 680/1488/43 678/1489/43 677/1490/43
f 680/1491/95 683/1492/95 681/1493/95
f 676/1494/6 683/1495/6 682/1496/6
f 680/1497/46 676/1498/46 682/1499/46
f 684/1500/55 686/1501/55 687/1502/55
f 688/1503/6 685/1504/6 684/1505/6
f 691/1506/95 688/1507/95 690/1508/95
f 686/1509/43 690/1510/43 687/1511/43
f 689/1512/46 686/1513/46 685/1514/46
f 684/1515/96 690/1516/96 688/1517/96
f 693/1518/55 695/1519/55 692/1520/55
f 697/1521/6 692/1522/6 696/1523/6
f 698/1524/95 697/1525/95 696/1526/95
f 694/1527/43 698/1528/43 695/1529/43
f 697/1530/46 694/1531/46 693/1532/46
f 701/1533/55 703/1534/55 700/1535/55
f 704/1536/43 702/1537/43 701/1538/43
f 704/1539/95 707/1540/95 705/1541/95
f 700/1542/6 707/1543/6 706/1544/6
f 704/1545/46 700/1546/46 706/1547/46
f 709/1548/55 711/1549/55 708/1550/55
f 712/1551/6 709/1552/6 708/1553/6
f 715/1554/95 712/1555/95 714/1556/95
f 710/1557/43 714/1558/43 711/1559/43
f 713/1560/46 710/1561/46 709/1562/46
f 708/1563/96 714/1564/96 712/1565/96
f 720/1566/6 632/1567/6 600/1568/6
f 602/1569/43 751/1570/43 752/1571/43
f 635/1572/46 755/1573/46 636/1574/46
f 719/1575/96 634/1576/96 632/1577/96
f 598/1578/43 721/1579/43 717/1580/43
f 635/1581/43 753/1582/43 754/1583/43
f 717/1584/96 597/1585/96 598/1586/96
f 602/1587/46 721/1588/46 601/1589/46
f 716/1590/6 633/1591/6 596/1592/6
f 636/1593/6 718/1594/6 599/1595/6
f 718/1596/96 596/1597/96 599/1598/96
f 633/1599/46 720/1600/46 600/1601/46
f 727/1602/55 729/1603/55 726/1604/55
f 731/1605/6 726/1606/6 730/1607/6
f 732/1608/95 731/1609/95 730/1610/95
f 728/1611/43 732/1612/43 729/1613/43
f 731/1614/46 728/1615/46 727/1616/46
f 735/1617/55 737/1618/55 734/1619/55
f 738/1620/43 736/1621/43 735/1622/43
f 738/1623/95 741/1624/95 739/1625/95
f 734/1626/6 741/1627/6 740/1628/6
f 738/1629/46 734/1630/46 740/1631/46
f 742/1632/55 744/1633/55 745/1634/55
f 747/1635/6 742/1636/6 746/1637/6
f 749/1638/95 746/1639/95 748/1640/95
f 744/1641/43 748/1642/43 745/1643/43
f 747/1644/46 744/1645/46 743/1646/46
f 742/1647/96 748/1648/96 746/1649/96
f 765/1650/55 767/1651/55 764/1652/55
f 769/1653/6 764/1654/6 768/1655/6
f 770/1656/95 769/1657/95 768/1658/95
f 766/1659/43 770/1660/43 767/1661/43
f 769/1662/46 766/1663/46 765/1664/46
f 773/1665/55 775/1666/55 772/1667/55
f 776/1668/43 774/1669/43 773/1670/43
f 776/1671/95 779/1672/95 777/1673/95
f 772/1674/6 779/1675/6 778/1676/6
f 776/1677/46 772/1678/46 778/1679/46
f 780/1680/55 782/1681/55 783/1682/55
f 785/1683/6 780/1684/6 784/1685/6
f 787/1686/95 784/1687/95 786/1688/95
f 782/1689/43 786/1690/43 783/1691/43
f 785/1692/46 782/1693/46 781/1694/46
f 780/1695/96 786/1696/96 784/1697/96
f 789/1698/55 791/1699/55 788/1700/55
f 793/1701/6 788/1702/6 792/1703/6
f 794/1704/95 793/1705/95 792/1706/95
f 790/1707/43 794/1708/43 791/1709/43
f 793/1710/46 790/1711/46 789/1712/46
f 797/1713/55 799/1714/55 796/1715/55
f 800/1716/43 798/1717/43 797/1718/43
f 800/1719/95 803/1720/95 801/1721/95
f 796/1722/6 803/1723/6 802/1724/6
f 800/1725/46 796/1726/46 802/1727/46
f 804/1728/55 806/1729/55 807/1730/55
f 809/1731/6 804/1732/6 808/1733/6
f 811/1734/95 808/1735/95 810/1736/95
f 806/1737/43 810/1738/43 807/1739/43
f 809/1740/46 806/1741/46 805/1742/46
f 804/1743/96 810/1744/96 808/1745/96
f 813/1746/55 815/1747/55 812/1748/55
f 817/1749/6 812/1750/6 816/1751/6
f 818/1752/95 817/1753/95 816/1754/95
f 814/1755/43 818/1756/43 815/1757/43
f 817/1758/46 814/1759/46 813/1760/46
f 821/1761/55 823/1762/55 820/1763/55
f 824/1764/43 822/1765/43 821/1766/43
f 824/1767/95 827/1768/95 825/1769/95
f 820/1770/6 827/1771/6 826/1772/6
f 824/1773/46 820/1774/46 826/1775/46
f 828/1776/55 830/1777/55 831/1778/55
f 833/1779/6 828/1780/6 832/1781/6
f 835/1782/95 832/1783/95 834/1784/95
f 830/1785/43 834/1786/43 831/1787/43
f 833/1788/46 830/1789/46 829/1790/46
f 828/1791/96 834/1792/96 832/1793/96
f 871/1794/6 720/1795/6 839/1796/6
f 752/1797/43 873/1798/43 874/1799/43
f 754/1800/46 876/1801/46 755/1802/46
f 871/1803/96 751/1804/96 719/1805/96
f 717/1806/43 840/1807/43 838/1808/43
f 754/1809/43 837/1810/43 875/1811/43
f 838/1812/96 753/1813/96 717/1814/96
f 874/1815/46 721/1816/46 752/1817/46
f 836/1818/6 750/1819/6 716/1820/6
f 876/1821/6 718/1822/6 755/1823/6
f 877/1824/96 716/1825/96 718/1826/96
f 872/1827/46 720/1828/46 750/1829/46
f 844/1830/43 724/1831/43 725/1832/43
f 756/1833/6 846/1834/6 845/1835/6
f 763/1836/46 842/1837/46 883/1838/46
f 844/1839/96 756/1840/96 845/1841/96
f 761/1842/6 878/1843/6 757/1844/6
f 763/1845/6 841/1846/6 722/1847/6
f 881/1848/96 722/1849/96 841/1850/96
f 846/1851/46 757/1852/46 878/1853/46
f 882/1854/43 759/1855/43 879/1856/43
f 842/1857/43 760/1858/43 880/1859/43
f 880/1860/96 762/1861/96 882/1862/96
f 879/1863/46 724/1864/46 843/1865/46
f 848/1866/55 850/1867/55 847/1868/55
f 852/1869/6 847/1870/6 851/1871/6
f 853/1872/95 852/1873/95 851/1874/95
f 849/1875/43 853/1876/43 850/1877/43
f 852/1878/46 849/1879/46 848/1880/46
f 856/1881/55 858/1882/55 855/1883/55
f 859/1884/43 857/1885/43 856/1886/43
f 859/1887/95 862/1888/95 860/1889/95
f 855/1890/6 862/1891/6 861/1892/6
f 859/1893/46 855/1894/46 861/1895/46
f 863/1896/55 865/1897/55 866/1898/55
f 868/1899/6 863/1900/6 867/1901/6
f 870/1902/95 867/1903/95 869/1904/95
f 865/1905/43 869/1906/43 866/1907/43
f 868/1908/46 865/1909/46 864/1910/46
f 863/1911/96 869/1912/96 867/1913/96
f 885/1914/55 887/1915/55 884/1916/55
f 889/1917/6 884/1918/6 888/1919/6
f 890/1920/95 889/1921/95 888/1922/95
f 886/1923/43 890/1924/43 887/1925/43
f 889/1926/46 886/1927/46 885/1928/46
f 893/1929/55 895/1930/55 892/1931/55
f 896/1932/43 894/1933/43 893/1934/43
f 896/1935/95 899/1936/95 897/1937/95
f 892/1938/6 899/1939/6 898/1940/6
f 896/1941/46 892/1942/46 898/1943/46
f 900/1944/55 902/1945/55 903/1946/55
f 905/1947/6 900/1948/6 904/1949/6
f 907/1950/95 904/1951/95 906/1952/95
f 902/1953/43 906/1954/43 903/1955/43
f 905/1956/46 902/1957/46 901/1958/46
f 900/1959/96 906/1960/96 904/1961/96
f 909/1962/55 911/1963/55 908/1964/55
f 913/1965/6 908/1966/6 912/1967/6
f 914/1968/95 913/1969/95 912/1970/95
f 910/1971/43 914/1972/43 911/1973/43
f 913/1974/46 910/1975/46 909/1976/46
f 917/1977/55 919/1978/55 916/1979/55
f 920/1980/43 918/1981/43 917/1982/43
f 920/1983/95 923/1984/95 921/1985/95
f 916/1986/6 923/1987/6 922/1988/6
f 920/1989/46 916/1990/46 922/1991/46
f 924/1992/55 926/1993/55 927/1994/55
f 929/1995/6 924/1996/6 928/1997/6
f 931/1998/95 928/1999/95 930/2000/95
f 926/2001/43 930/2002/43 927/2003/43
f 929/2004/46 926/2005/46 925/2006/46
f 924/2007/96 930/2008/96 928/2009/96
f 933/2010/55 935/2011/55 932/2012/55
f 937/2013/6 932/2014/6 936/2015/6
f 938/2016/95 937/2017/95 936/2018/95
f 934/2019/43 938/2020/43 935/2021/43
f 937/2022/46 934/2023/46 933/2024/46
f 941/2025/55 943/2026/55 940/2027/55
f 944/2028/43 942/2029/43 941/2030/43
f 944/2031/95 947/2032/95 945/2033/95
f 940/2034/6 947/2035/6 946/2036/6
f 944/2037/46 940/2038/46 946/2039/46
f 948/2040/55 950/2041/55 951/2042/55
f 953/2043/6 948/2044/6 952/2045/6
f 955/2046/95 952/2047/95 954/2048/95
f 950/2049/43 954/2050/43 951/2051/43
f 953/2052/46 950/2053/46 949/2054/46
f 948/2055/96 954/2056/96 952/2057/96
f 960/2058/55 961/2059/55 956/2060/55
f 964/2061/6 871/2062/6 839/2063/6
f 873/2064/43 967/2065/43 874/2066/43
f 875/2067/46 961/2068/46 876/2069/46
f 963/2070/96 873/2071/96 871/2072/96
f 838/2073/43 966/2074/43 959/2075/43
f 875/2076/43 958/2077/43 957/2078/43
f 959/2079/96 837/2080/96 838/2081/96
f 967/2082/46 840/2083/46 874/2084/46
f 956/2085/6 872/2086/6 836/2087/6
f 961/2088/6 877/2089/6 876/2090/6
f 960/2091/96 836/2092/96 877/2093/96
f 965/2094/46 839/2095/46 872/2096/46
f 971/2097/55 968/2098/55 969/2099/55
f 975/2100/43 843/2101/43 844/2102/43
f 845/2103/6 979/2104/6 978/2105/6
f 883/2106/46 972/2107/46 969/2108/46
f 978/2109/96 844/2110/96 845/2111/96
f 881/2112/6 976/2113/6 878/2114/6
f 883/2115/6 968/2116/6 841/2117/6
f 971/2118/96 841/2119/96 968/2120/96
f 979/2121/46 878/2122/46 976/2123/46
f 970/2124/43 879/2125/43 977/2126/43
f 972/2127/43 880/2128/43 973/2129/43
f 973/2130/96 882/2131/96 970/2132/96
f 977/2133/46 843/2134/46 974/2135/46
f 981/2136/55 983/2137/55 980/2138/55
f 985/2139/6 980/2140/6 984/2141/6
f 986/2142/95 985/2143/95 984/2144/95
f 982/2145/43 986/2146/43 983/2147/43
f 985/2148/46 982/2149/46 981/2150/46
f 989/2151/55 991/2152/55 988/2153/55
f 992/2154/43 990/2155/43 989/2156/43
f 992/2157/95 995/2158/95 993/2159/95
f 988/2160/6 995/2161/6 994/2162/6
f 992/2163/46 988/2164/46 994/2165/46
f 996/2166/55 998/2167/55 999/2168/55
f 1001/2169/6 996/2170/6 1000/2171/6
f 1003/2172/95 1000/2173/95 1002/2174/95
f 998/2175/43 1002/2176/43 999/2177/43
f 1001/2178/46 998/2179/46 997/2180/46
f 996/2181/96 1002/2182/96 1000/2183/96
f 544/2184/95 1557/2185/95 518/1180/95
f 1557/2185/95 545/2186/95 518/1180/95
f 1557/2185/95 546/1155/95 545/2186/95
f 545/2186/104 546/1155/104 517/1166/104
f 518/1180/95 545/2186/95 543/1175/95
f 545/2186/95 541/1163/95 543/1175/95
f 543/2187/95 519/1151/95 540/1150/95
f 543/2187/95 541/1163/95 519/1151/95
f 519/1151/95 541/1163/95 520/1159/95
f 541/1163/95 542/1153/95 520/1159/95
f 66/2188/95 63/131/95 67/135/95
f 68/2189/95 69/2190/95 67/135/95
f 67/135/95 69/2190/95 66/2188/95
f 69/2190/95 70/2191/95 66/2188/95
f 71/2192/95 66/2188/95 70/2191/95
f 959/2193/55 956/2060/55 961/2059/55
f 961/2059/55 957/2194/55 959/2193/55
f 958/2195/55 959/2193/55 957/2194/55
f 965/2196/55 956/2060/55 959/2193/55
f 959/2193/55 966/2197/55 965/2196/55
f 964/2198/55 965/2196/55 963/2199/55
f 965/2196/55 966/2197/55 963/2199/55
f 963/2199/55 966/2197/55 962/2200/55
f 966/2197/55 967/2201/55 962/2200/55
f 970/2202/55 971/2097/55 969/2099/55
f 969/2099/55 972/2203/55 970/2202/55
f 973/2204/55 970/2202/55 972/2203/55
f 976/2205/55 971/2097/55 970/2202/55
f 970/2202/55 977/2206/55 976/2205/55
f 979/2207/55 976/2205/55 978/2208/55
f 976/2205/55 977/2206/55 978/2208/55
f 978/2208/55 977/2206/55 975/2209/55
f 975/2209/55 977/2206/55 974/2210/55
f 1006/2211/105 2137/2212/105 1010/2213/105
f 1009/2214/106 1004/2215/106 2137/2212/106
f 1008/2216/105 1009/2214/105 1007/2217/105
f 1009/2214/105 2137/2212/105 1007/2217/105
f 1006/2211/105 1007/2217/105 2137/2212/105
f 1008/2218/107 1047/2219/107 1048/2220/107
f 1013/2221/108 1010/2222/108 1049/2223/108
f 1044/2224/46 2141/2225/46 1016/2226/46
f 1007/2227/96 1013/2228/96 1047/2229/96
f 1045/2230/108 2137/2231/108 2138/2232/108
f 2140/2233/108 1015/2234/108 2139/2235/108
f 2138/2236/96 1015/2237/96 1045/2238/96
f 1049/2239/46 2137/2240/46 1011/2241/46
f 1004/2242/107 1012/2243/107 1014/2244/107
f 2141/2245/107 1046/2246/107 1016/2247/107
f 1005/2248/96 1014/2249/96 1046/2250/96
f 1012/2251/46 1008/2252/46 1048/2253/46
f 2129/2254/105 1023/2255/105 2130/2256/105
f 1022/2257/109 1019/2258/109 1023/2255/109
f 2132/2259/105 1022/2257/105 1024/2260/105
f 1022/2257/109 1023/2255/109 1024/2260/109
f 1023/2255/105 2129/2254/105 1024/2260/105
f 2129/2261/108 1054/2262/108 1055/2263/108
f 1058/2264/107 2132/2265/107 1024/2266/107
f 1017/2267/46 1026/2268/46 1020/2269/46
f 1024/2270/96 1055/2271/96 1058/2272/96
f 1027/2273/107 1022/2274/107 1056/2275/107
f 1051/2276/107 2131/2277/107 1050/2278/107
f 2131/2279/96 1027/2280/96 1050/2281/96
f 2132/2282/46 1056/2283/46 1022/2284/46
f 1018/2285/108 1057/2286/108 1023/2287/108
f 1020/2288/108 1053/2289/108 1021/2290/108
f 1018/2291/96 1053/2292/96 1052/2293/96
f 1023/2294/46 1054/2295/46 2130/2296/46
f 1028/2297/110 1030/2298/110 2133/2299/110
f 1032/2300/111 2133/2301/111 1031/2302/111
f 1034/2303/112 1031/2304/112 1033/2305/112
f 1029/2306/108 1033/2307/108 1030/2308/108
f 1028/2309/46 1034/2310/46 1029/2311/46
f 1035/2312/113 2135/2313/113 2136/2314/113
f 1036/2315/108 2135/2316/108 2134/2317/108
f 1038/2318/114 1037/2319/114 1036/2320/114
f 1035/2321/107 1039/2322/107 1038/2323/107
f 1036/2324/46 1035/2325/46 1038/2326/46
f 2142/2327/115 2128/2328/115 2143/2329/115
f 1041/2330/107 2143/2331/107 1040/2332/107
f 1043/2333/116 1040/2334/116 1042/2335/116
f 2127/2336/117 1042/2337/117 2128/2338/117
f 2142/2339/46 1043/2340/46 2127/2341/46
f 2143/2342/96 1042/2343/96 1040/2344/96
f 1059/2345/118 1061/2346/118 1062/2347/118
f 1064/2348/111 1059/2349/111 1063/2350/111
f 1065/2351/119 1064/2352/119 1063/2353/119
f 1062/2354/117 1066/2355/117 1065/2356/117
f 1060/2357/46 1066/2358/46 1061/2359/46
f 1068/2360/120 1070/2361/120 1067/2362/120
f 1068/2363/108 1072/2364/108 1069/2365/108
f 1073/2366/121 1072/2367/121 1071/2368/121
f 1073/2369/107 1070/2370/107 1074/2371/107
f 1071/2372/46 1067/2373/46 1073/2374/46
f 1076/2375/122 1078/2376/122 1075/2377/122
f 1080/2378/107 1075/2379/107 1079/2380/107
f 1082/2381/123 1079/2382/123 1081/2383/123
f 1077/2384/117 1081/2385/117 1078/2386/117
f 1076/2387/46 1082/2388/46 1077/2389/46
f 1075/2390/96 1081/2391/96 1079/2392/96
f 1047/2393/107 1121/2394/107 1048/2395/107
f 1119/2396/108 1049/2397/108 1122/2398/108
f 1115/2399/46 1016/2400/46 1118/2401/46
f 1047/2402/96 1119/2403/96 1120/2404/96
f 1117/2405/108 1011/2406/108 1045/2407/108
f 1115/2408/108 1015/2409/108 1044/2410/108
f 1045/2411/96 1116/2412/96 1117/2413/96
f 1122/2414/46 1011/2415/46 1083/2416/46
f 1014/2417/107 1084/2418/107 1114/2419/107
f 1016/2420/107 1085/2421/107 1118/2422/107
f 1046/2423/96 1114/2424/96 1085/2425/96
f 1084/2426/46 1048/2427/46 1121/2428/46
f 1055/2429/117 1127/2430/117 1128/2431/117
f 1130/2432/111 1025/2433/111 1058/2434/111
f 1051/2435/46 1126/2436/46 1026/2437/46
f 1058/2438/96 1128/2439/96 1130/2440/96
f 1125/2441/111 1056/2442/111 1129/2443/111
f 1089/2444/111 1050/2445/111 1123/2446/111
f 1050/2447/96 1125/2448/96 1123/2449/96
f 1025/2450/46 1129/2451/46 1056/2452/46
f 1052/2453/117 1087/2454/117 1057/2455/117
f 1026/2456/117 1088/2457/117 1053/2458/117
f 1052/2459/96 1088/2460/96 1124/2461/96
f 1057/2462/46 1127/2463/46 1054/2464/46
f 1091/2465/124 1093/2466/124 1090/2467/124
f 1095/2468/111 1090/2469/111 1094/2470/111
f 1096/2471/125 1095/2472/125 1094/2473/125
f 1093/2474/117 1097/2475/117 1096/2476/117
f 1091/2477/46 1097/2478/46 1092/2479/46
f 1099/2480/126 1101/2481/126 1098/2482/126
f 1099/2483/108 1103/2484/108 1100/2485/108
f 1104/2486/127 1103/2487/127 1102/2488/127
f 1098/2489/107 1105/2490/107 1104/2491/107
f 1102/2492/46 1098/2493/46 1104/2494/46
f 1107/2495/128 1109/2496/128 1106/2497/128
f 1111/2498/129 1106/2499/129 1110/2500/129
f 1113/2501/130 1110/2502/130 1112/2503/130
f 1109/2504/117 1113/2505/117 1112/2506/117
f 1107/2507/46 1113/2508/46 1108/2509/46
f 1106/2510/96 1112/2511/96 1110/2512/96
f 1132/2513/131 1134/2514/131 1131/2515/131
f 1136/2516/111 1131/2517/111 1135/2518/111
f 1138/2519/132 1135/2520/132 1137/2521/132
f 1134/2522/117 1138/2523/117 1137/2524/117
f 1132/2525/46 1138/2526/46 1133/2527/46
f 1140/2528/133 1142/2529/133 1139/2530/133
f 1143/2531/108 1141/2532/108 1140/2533/108
f 1145/2534/132 1144/2535/132 1143/2536/132
f 1145/2537/129 1142/2538/129 1146/2539/129
f 1143/2540/46 1139/2541/46 1145/2542/46
f 1148/2543/134 1150/2544/134 1147/2545/134
f 1151/2546/135 1148/2547/135 1147/2548/135
f 1154/2549/136 1151/2550/136 1153/2551/136
f 1150/2552/137 1154/2553/137 1153/2554/137
f 1148/2555/46 1154/2556/46 1149/2557/46
f 1147/2558/96 1153/2559/96 1151/2560/96
f 1120/2561/138 1155/2562/138 1121/2563/138
f 1157/2564/139 1122/2565/139 1193/2566/139
f 1160/2567/46 1115/2568/46 1118/2569/46
f 1191/2570/96 1119/2571/96 1157/2572/96
f 1159/2573/139 1083/2574/139 1117/2575/139
f 1188/2576/139 1116/2577/139 1115/2578/139
f 1159/2579/96 1116/2580/96 1189/2581/96
f 1122/2582/46 1192/2583/46 1193/2584/46
f 1114/2585/138 1156/2586/138 1158/2587/138
f 1118/2588/138 1190/2589/138 1160/2590/138
f 1190/2591/96 1114/2592/96 1158/2593/96
f 1084/2594/46 1155/2595/46 1156/2596/46
f 1161/2597/139 1127/2598/139 1200/2599/139
f 1162/2600/138 1086/2601/138 1130/2602/138
f 1195/2603/46 1126/2604/46 1089/2605/46
f 1128/2606/96 1162/2607/96 1130/2608/96
f 1197/2609/138 1129/2610/138 1201/2611/138
f 1195/2612/138 1123/2613/138 1194/2614/138
f 1125/2615/96 1194/2616/96 1123/2617/96
f 1129/2618/46 1163/2619/46 1201/2620/46
f 1124/2621/139 1202/2622/139 1087/2623/139
f 1126/2624/139 1199/2625/139 1088/2626/139
f 1088/2627/96 1196/2628/96 1124/2629/96
f 1127/2630/46 1202/2631/46 1200/2632/46
f 1164/2633/140 1166/2634/140 1167/2635/140
f 1168/2636/141 1165/2637/141 1164/2638/141
f 1171/2639/142 1168/2640/142 1170/2641/142
f 1166/2642/143 1170/2643/143 1167/2644/143
f 1169/2645/46 1166/2646/46 1165/2647/46
f 1173/2648/140 1175/2649/140 1172/2650/140
f 1176/2651/144 1174/2652/144 1173/2653/144
f 1178/2654/142 1177/2655/142 1176/2656/142
f 1172/2657/145 1179/2658/145 1178/2659/145
f 1178/2660/46 1173/2661/46 1172/2662/46
f 1180/2663/146 1182/2664/146 1183/2665/146
f 1185/2666/145 1180/2667/145 1184/2668/145
f 1187/2669/147 1184/2670/147 1186/2671/147
f 1182/2672/148 1186/2673/148 1183/2674/148
f 1185/2675/46 1182/2676/46 1181/2677/46
f 1184/2678/96 1183/2679/96 1186/2680/96
f 1204/2681/149 1206/2682/149 1203/2683/149
f 1208/2684/150 1203/2685/150 1207/2686/150
f 1210/2687/151 1207/2688/151 1209/2689/151
f 1206/2690/152 1210/2691/152 1209/2692/152
f 1208/2693/46 1205/2694/46 1204/2695/46
f 1212/2696/153 1214/2697/153 1211/2698/153
f 1215/2699/154 1213/2700/154 1212/2701/154
f 1217/2702/155 1216/2703/155 1215/2704/155
f 1217/2705/156 1214/2706/156 1218/2707/156
f 1217/2708/46 1212/2709/46 1211/2710/46
f 1220/2711/157 1222/2712/157 1219/2713/157
f 1224/2714/156 1219/2715/156 1223/2716/156
f 1226/2717/158 1223/2718/158 1225/2719/158
f 1221/2720/152 1225/2721/152 1222/2722/152
f 1224/2723/46 1221/2724/46 1220/2725/46
f 1223/2726/96 1222/2727/96 1225/2728/96
f 1191/2729/150 1227/2730/150 1155/2731/150
f 1228/2732/152 1193/2733/152 1265/2734/152
f 1258/2735/46 1160/2736/46 1230/2737/46
f 1191/2738/96 1228/2739/96 1262/2740/96
f 1260/2741/152 1192/2742/152 1159/2743/152
f 1258/2744/152 1189/2745/152 1188/2746/152
f 1159/2747/96 1259/2748/96 1260/2749/96
f 1265/2750/46 1192/2751/46 1264/2752/46
f 1158/2753/150 1263/2754/150 1229/2755/150
f 1160/2756/150 1261/2757/150 1230/2758/150
f 1190/2759/96 1229/2760/96 1261/2761/96
f 1263/2762/46 1155/2763/46 1227/2764/46
f 1161/2765/152 1270/2766/152 1271/2767/152
f 1231/2768/150 1163/2769/150 1162/2770/150
f 1195/2771/46 1232/2772/46 1198/2773/46
f 1162/2774/96 1271/2775/96 1231/2776/96
f 1268/2777/150 1201/2778/150 1272/2779/150
f 1233/2780/150 1194/2781/150 1266/2782/150
f 1194/2783/96 1268/2784/96 1266/2785/96
f 1163/2786/46 1272/2787/46 1201/2788/46
f 1196/2789/152 1273/2790/152 1202/2791/152
f 1198/2792/152 1269/2793/152 1199/2794/152
f 1196/2795/96 1269/2796/96 1267/2797/96
f 1202/2798/46 1270/2799/46 1200/2800/46
f 1235/2801/159 1237/2802/159 1234/2803/159
f 1238/2804/156 1235/2805/156 1234/2806/156
f 1241/2807/160 1238/2808/160 1240/2809/160
f 1236/2810/154 1240/2811/154 1237/2812/154
f 1235/2813/46 1241/2814/46 1236/2815/46
f 1242/2816/161 1244/2817/161 1245/2818/161
f 1246/2819/152 1244/2820/152 1243/2821/152
f 1248/2822/160 1247/2823/160 1246/2824/160
f 1248/2825/150 1245/2826/150 1249/2827/150
f 1246/2828/46 1242/2829/46 1248/2830/46
f 1251/2831/162 1253/2832/162 1250/2833/162
f 1254/2834/150 1251/2835/150 1250/2836/150
f 1257/2837/163 1254/2838/163 1256/2839/163
f 1252/2840/154 1256/2841/154 1253/2842/154
f 1251/2843/46 1257/2844/46 1252/2845/46
f 1250/2846/96 1256/2847/96 1254/2848/96
f 1276/2849/164 1278/2850/164 1275/2851/164
f 1279/2852/156 1276/2853/156 1275/2854/156
f 1282/2855/165 1279/2856/165 1281/2857/165
f 1277/2858/144 1281/2859/144 1278/2860/144
f 1276/2861/46 1282/2862/46 1277/2863/46
f 1284/2864/164 1286/2865/164 1283/2866/164
f 1284/2867/143 1288/2868/143 1285/2869/143
f 1289/2870/166 1288/2871/166 1287/2872/166
f 1289/2873/141 1286/2874/141 1290/2875/141
f 1287/2876/46 1283/2877/46 1289/2878/46
f 1292/2879/167 1294/2880/167 1291/2881/167
f 1296/2882/141 1291/2883/141 1295/2884/141
f 1298/2885/168 1295/2886/168 1297/2887/168
f 1293/2888/169 1297/2889/169 1294/2890/169
f 1292/2891/46 1298/2892/46 1293/2893/46
f 1291/2894/96 1297/2895/96 1295/2896/96
f 1262/2897/170 1334/2898/170 1227/2899/170
f 1332/2900/171 1265/2901/171 1299/2902/171
f 1331/2903/46 1258/2904/46 1230/2905/46
f 1333/2906/96 1228/2907/96 1332/2908/96
f 1329/2909/171 1264/2910/171 1260/2911/171
f 1301/2912/171 1259/2913/171 1258/2914/171
f 1329/2915/96 1259/2916/96 1300/2917/96
f 1265/2918/46 1336/2919/46 1299/2920/46
f 1229/2921/170 1335/2922/170 1328/2923/170
f 1230/2924/170 1330/2925/170 1331/2926/170
f 1330/2927/96 1229/2928/96 1328/2929/96
f 1263/2930/46 1334/2931/46 1335/2932/46
f 1271/2933/171 1341/2934/171 1342/2935/171
f 1345/2936/170 1274/2937/170 1231/2938/170
f 1338/2939/46 1232/2940/46 1233/2941/46
f 1271/2942/96 1345/2943/96 1231/2944/96
f 1339/2945/170 1272/2946/170 1343/2947/170
f 1338/2948/170 1266/2949/170 1337/2950/170
f 1268/2951/96 1337/2952/96 1266/2953/96
f 1272/2954/46 1346/2955/46 1343/2956/46
f 1267/2957/171 1344/2958/171 1273/2959/171
f 1269/2960/171 1302/2961/171 1340/2962/171
f 1269/2963/96 1303/2964/96 1267/2965/96
f 1270/2966/46 1344/2967/46 1341/2968/46
f 1305/2969/172 1307/2970/172 1304/2971/172
f 1308/2972/173 1305/2973/173 1304/2974/173
f 1311/2975/174 1308/2976/174 1310/2977/174
f 1306/2978/175 1310/2979/175 1307/2980/175
f 1309/2981/46 1306/2982/46 1305/2983/46
f 1313/2984/176 1315/2985/176 1312/2986/176
f 1316/2987/177 1314/2988/177 1313/2989/177
f 1316/2990/178 1319/2991/178 1317/2992/178
f 1312/2993/179 1319/2994/179 1318/2995/179
f 1318/2996/46 1313/2997/46 1312/2998/46
f 1321/2999/180 1323/3000/180 1320/3001/180
f 1325/3002/179 1320/3003/179 1324/3004/179
f 1327/3005/181 1324/3006/181 1326/3007/181
f 1322/3008/182 1326/3009/182 1323/3010/182
f 1325/3011/46 1322/3012/46 1321/3013/46
f 1324/3014/96 1323/3015/96 1326/3016/96
f 1348/3017/183 1350/3018/183 1347/3019/183
f 1352/3020/184 1347/3021/184 1351/3022/184
f 1353/3023/185 1352/3024/185 1351/3025/185
f 1350/3026/186 1354/3027/186 1353/3028/186
f 1352/3029/46 1349/3030/46 1348/3031/46
f 1356/3032/183 1358/3033/183 1355/3034/183
f 1359/3035/186 1357/3036/186 1356/3037/186
f 1359/3038/185 1362/3039/185 1360/3040/185
f 1355/3041/184 1362/3042/184 1361/3043/184
f 1361/3044/46 1356/3045/46 1355/3046/46
f 1364/3047/187 1366/3048/187 1363/3049/187
f 1368/3050/179 1363/3051/179 1367/3052/179
f 1370/3053/188 1367/3054/188 1369/3055/188
f 1365/3056/186 1369/3057/186 1366/3058/186
f 1368/3059/46 1365/3060/46 1364/3061/46
f 1367/3062/96 1366/3063/96 1369/3064/96
f 1333/3065/184 1371/3066/184 1334/3067/184
f 1406/3068/186 1299/3069/186 1408/3070/186
f 1375/3071/46 1331/3072/46 1376/3073/46
f 1333/3074/96 1406/3075/96 1407/3076/96
f 1374/3077/186 1336/3078/186 1329/3079/186
f 1375/3080/186 1300/3081/186 1301/3082/186
f 1329/3083/96 1404/3084/96 1374/3085/96
f 1408/3086/46 1336/3087/46 1372/3088/46
f 1328/3089/184 1373/3090/184 1403/3091/184
f 1331/3092/184 1405/3093/184 1376/3094/184
f 1330/3095/96 1403/3096/96 1405/3097/96
f 1373/3098/46 1334/3099/46 1371/3100/46
f 1342/3101/186 1415/3102/186 1377/3103/186
f 1418/3104/184 1346/3105/184 1345/3106/184
f 1338/3107/46 1413/3108/46 1302/3109/46
f 1345/3110/96 1377/3111/96 1418/3112/96
f 1412/3113/184 1343/3114/184 1416/3115/184
f 1410/3116/184 1337/3117/184 1409/3118/184
f 1337/3119/96 1412/3120/96 1409/3121/96
f 1346/3122/46 1416/3123/46 1343/3124/46
f 1303/3125/186 1417/3126/186 1344/3127/186
f 1302/3128/186 1414/3129/186 1340/3130/186
f 1303/3131/96 1414/3132/96 1411/3133/96
f 1344/3134/46 1415/3135/46 1341/3136/46
f 1379/3137/189 1381/3138/189 1382/3139/189
f 1384/3140/184 1379/3141/184 1383/3142/184
f 1386/3143/190 1383/3144/190 1385/3145/190
f 1381/3146/186 1385/3147/186 1382/3148/186
f 1380/3149/46 1386/3150/46 1381/3151/46
f 1388/3152/191 1390/3153/191 1387/3154/191
f 1388/3155/186 1392/3156/186 1389/3157/186
f 1391/3158/190 1394/3159/190 1392/3160/190
f 1387/3161/184 1394/3162/184 1393/3163/184
f 1391/3164/46 1387/3165/46 1393/3166/46
f 1396/3167/192 1398/3168/192 1395/3169/192
f 1400/3170/184 1395/3171/184 1399/3172/184
f 1402/3173/193 1399/3174/193 1401/3175/193
f 1397/3176/186 1401/3177/186 1398/3178/186
f 1396/3179/46 1402/3180/46 1397/3181/46
f 1395/3182/96 1401/3183/96 1399/3184/96
f 1419/3185/194 1421/3186/194 1422/3187/194
f 1423/3188/179 1420/3189/179 1419/3190/179
f 1426/3191/195 1423/3192/195 1425/3193/195
f 1421/3194/177 1425/3195/177 1422/3196/177
f 1420/3197/46 1426/3198/46 1421/3199/46
f 1428/3200/194 1430/3201/194 1427/3202/194
f 1431/3203/186 1429/3204/186 1428/3205/186
f 1431/3206/195 1434/3207/195 1432/3208/195
f 1433/3209/173 1430/3210/173 1434/3211/173
f 1431/3212/46 1427/3213/46 1433/3214/46
f 1436/3215/196 1438/3216/196 1435/3217/196
f 1439/3218/197 1436/3219/197 1435/3220/197
f 1442/3221/198 1439/3222/198 1441/3223/198
f 1437/3224/177 1441/3225/177 1438/3226/177
f 1436/3227/46 1442/3228/46 1437/3229/46
f 1435/3230/96 1441/3231/96 1439/3232/96
f 1407/3233/199 1443/3234/199 1371/3235/199
f 1446/3236/200 1406/3237/200 1408/3238/200
f 1451/3239/46 1375/3240/46 1376/3241/46
f 1483/3242/96 1406/3243/96 1445/3244/96
f 1374/3245/200 1484/3246/200 1372/3247/200
f 1450/3248/200 1404/3249/200 1375/3250/200
f 1448/3251/96 1404/3252/96 1449/3253/96
f 1408/3254/46 1484/3255/46 1446/3256/46
f 1403/3257/199 1444/3258/199 1447/3259/199
f 1376/3260/199 1452/3261/199 1451/3262/199
f 1452/3263/96 1403/3264/96 1447/3265/96
f 1373/3266/46 1443/3267/46 1444/3268/46
f 1377/3269/200 1454/3270/200 1453/3271/200
f 1489/3272/199 1378/3273/199 1418/3274/199
f 1485/3275/46 1413/3276/46 1410/3277/46
f 1377/3278/96 1489/3279/96 1418/3280/96
f 1487/3281/199 1416/3282/199 1488/3283/199
f 1458/3284/199 1410/3285/199 1409/3286/199
f 1412/3287/96 1458/3288/96 1409/3289/96
f 1416/3290/46 1490/3291/46 1488/3292/46
f 1417/3293/200 1486/3294/200 1455/3295/200
f 1414/3296/200 1457/3297/200 1456/3298/200
f 1414/3299/96 1486/3300/96 1411/3301/96
f 1415/3302/46 1455/3303/46 1454/3304/46
f 1460/3305/201 1462/3306/201 1459/3307/201
f 1463/3308/202 1460/3309/202 1459/3310/202
f 1466/3311/203 1463/3312/203 1465/3313/203
f 1461/3314/204 1465/3315/204 1462/3316/204
f 1464/3317/46 1461/3318/46 1460/3319/46
f 1468/3320/201 1470/3321/201 1467/3322/201
f 1471/3323/205 1469/3324/205 1468/3325/205
f 1471/3326/203 1474/3327/203 1472/3328/203
f 1473/3329/206 1470/3330/206 1474/3331/206
f 1473/3332/46 1468/3333/46 1467/3334/46
f 1476/3335/207 1478/3336/207 1475/3337/207
f 1480/3338/208 1475/3339/208 1479/3340/208
f 1481/3341/209 1480/3342/209 1479/3343/209
f 1477/3344/204 1481/3345/204 1478/3346/204
f 1480/3347/46 1477/3348/46 1476/3349/46
f 1479/3350/96 1478/3351/96 1481/3352/96
f 1492/3353/210 1494/3354/210 1491/3355/210
f 1495/3356/206 1492/3357/206 1491/3358/206
f 1498/3359/211 1495/3360/211 1497/3361/211
f 1493/3362/212 1497/3363/212 1494/3364/212
f 1496/3365/46 1493/3366/46 1492/3367/46
f 1499/3368/213 1501/3369/213 1502/3370/213
f 1503/3371/205 1501/3372/205 1500/3373/205
f 1505/3374/211 1504/3375/211 1503/3376/211
f 1499/3377/206 1506/3378/206 1505/3379/206
f 1505/3380/46 1500/3381/46 1499/3382/46
f 1508/3383/214 1510/3384/214 1507/3385/214
f 1511/3386/206 1508/3387/206 1507/3388/206
f 1514/3389/215 1511/3390/215 1513/3391/215
f 1509/3392/212 1513/3393/212 1510/3394/212
f 1512/3395/46 1509/3396/46 1508/3397/46
f 1511/3398/96 1510/3399/96 1513/3400/96
f 1483/3401/206 1553/3402/206 1443/3403/206
f 1551/3404/205 1446/3405/205 1516/3406/205
f 1550/3407/46 1450/3408/46 1451/3409/46
f 1515/3410/96 1445/3411/96 1551/3412/96
f 1517/3413/205 1484/3414/205 1448/3415/205
f 1518/3416/205 1449/3417/205 1450/3418/205
f 1448/3419/96 1549/3420/96 1517/3421/96
f 1516/3422/46 1484/3423/46 1552/3424/46
f 1447/3425/206 1583/3426/206 1548/3427/206
f 1451/3428/206 1582/3429/206 1550/3430/206
f 1582/3431/96 1447/3432/96 1548/3433/96
f 1444/3434/46 1553/3435/46 1583/3436/46
f 1453/3437/205 1519/3438/205 1561/3439/205
f 1564/3440/206 1490/3441/206 1489/3442/206
f 1485/3443/46 1522/3444/46 1457/3445/46
f 1489/3446/96 1561/3447/96 1564/3448/96
f 1523/3449/206 1488/3450/206 1562/3451/206
f 1558/3452/206 1485/3453/206 1458/3454/206
f 1458/3455/96 1523/3456/96 1558/3457/96
f 1490/3458/46 1562/3459/46 1488/3460/46
f 1486/3461/205 1563/3462/205 1455/3463/205
f 1457/3464/205 1521/3465/205 1456/3466/205
f 1486/3467/96 1521/3468/96 1560/3469/96
f 1455/3470/46 1519/3471/46 1454/3472/46
f 1524/3473/216 1526/3474/216 1527/3475/216
f 1528/3476/206 1525/3477/206 1524/3478/206
f 1531/3479/217 1528/3480/217 1530/3481/217
f 1526/3482/205 1530/3483/205 1527/3484/205
f 1525/3485/46 1531/3486/46 1526/3487/46
f 1532/3488/218 1534/3489/218 1535/3490/218
f 1536/3491/205 1534/3492/205 1533/3493/205
f 1538/3494/217 1537/3495/217 1536/3496/217
f 1538/3497/206 1535/3498/206 1539/3499/206
f 1536/3500/46 1532/3501/46 1538/3502/46
f 1541/3503/219 1543/3504/219 1540/3505/219
f 1544/3506/206 1541/3507/206 1540/3508/206
f 1547/3509/220 1544/3510/220 1546/3511/220
f 1542/3512/205 1546/3513/205 1543/3514/205
f 1541/3515/46 1547/3516/46 1542/3517/46
f 1540/3518/96 1546/3519/96 1544/3520/96
f 1555/3521/221 1516/3522/221 1584/3523/221
f 1550/3524/46 1557/3525/46 1518/3526/46
f 1515/3527/96 1551/3528/96 1555/3529/96
f 1517/3530/222 1554/3531/222 1552/3532/222
f 1557/3533/212 1549/3534/212 1518/3535/212
f 1556/3536/96 1549/3537/96 544/2184/96
f 1516/3538/46 1554/3539/46 1584/3540/46
f 1565/3541/223 1567/3542/223 1568/3543/223
f 1570/3544/206 1565/3545/206 1569/3546/206
f 1572/3547/224 1569/3548/224 1571/3549/224
f 1567/3550/205 1571/3551/205 1568/3552/205
f 1566/3553/46 1572/3554/46 1567/3555/46
f 1573/3556/222 1554/3531/222 1556/3557/222
f 1575/3558/225 1577/3559/225 1574/3560/225
f 1579/3561/202 1574/3562/202 1578/3563/202
f 1581/3564/226 1578/3565/226 1580/3566/226
f 1576/3567/205 1580/3568/205 1577/3569/205
f 1575/3570/46 1581/3571/46 1576/3572/46
f 1574/3573/96 1580/3574/96 1578/3575/96
f 1561/3576/227 1607/3577/227 1608/3578/227
f 1611/3579/228 1520/3580/228 1564/3581/228
f 1585/3582/46 1522/3583/46 1559/3584/46
f 1561/3585/96 1611/3586/96 1564/3587/96
f 1604/3588/228 1562/3589/228 1609/3590/228
f 1585/3591/228 1558/3592/228 1602/3593/228
f 1523/3594/96 1602/3595/96 1558/3596/96
f 1562/3597/46 1612/3598/46 1609/3599/46
f 1560/3600/227 1610/3601/227 1563/3602/227
f 1522/3603/227 1606/3604/227 1521/3605/227
f 1521/3606/96 1603/3607/96 1560/3608/96
f 1519/3609/46 1610/3610/46 1607/3611/46
f 1587/3612/229 1589/3613/229 1586/3614/229
f 1590/3615/230 1587/3616/230 1586/3617/230
f 1592/3618/231 1591/3619/231 1590/3620/231
f 1588/3621/232 1592/3622/232 1589/3623/232
f 1591/3624/46 1588/3625/46 1587/3626/46
f 1595/3627/233 1597/3628/233 1594/3629/233
f 1599/3630/234 1594/3631/234 1598/3632/234
f 1601/3633/235 1598/3634/235 1600/3635/235
f 1596/3636/236 1600/3637/236 1597/3638/236
f 1599/3639/46 1596/3640/46 1595/3641/46
f 1598/3642/96 1597/3643/96 1600/3644/96
f 1614/3645/237 1616/3646/237 1613/3647/237
f 1618/3648/238 1613/3649/238 1617/3650/238
f 1620/3651/239 1617/3652/239 1619/3653/239
f 1615/3654/240 1619/3655/240 1616/3656/240
f 1618/3657/46 1615/3658/46 1614/3659/46
f 1622/3660/241 1624/3661/241 1621/3662/241
f 1626/3663/242 1621/3664/242 1625/3665/242
f 1628/3666/243 1625/3667/243 1627/3668/243
f 1623/3669/240 1627/3670/240 1624/3671/240
f 1626/3672/46 1623/3673/46 1622/3674/46
f 1625/3675/96 1624/3676/96 1627/3677/96
f 1608/3678/240 1653/3679/240 1654/3680/240
f 1655/3681/238 1612/3682/238 1611/3683/238
f 1649/3684/46 1605/3685/46 1585/3686/46
f 1608/3687/96 1655/3688/96 1611/3689/96
f 1650/3690/238 1609/3691/238 1629/3692/238
f 1648/3693/238 1585/3694/238 1602/3695/238
f 1604/3696/96 1648/3697/96 1602/3698/96
f 1609/3699/46 1656/3700/46 1629/3701/46
f 1603/3702/240 1630/3703/240 1610/3704/240
f 1605/3705/240 1652/3706/240 1606/3707/240
f 1606/3708/96 1631/3709/96 1603/3710/96
f 1607/3711/46 1630/3712/46 1653/3713/46
f 1632/3714/244 1634/3715/244 1635/3716/244
f 1637/3717/238 1632/3718/238 1636/3719/238
f 1639/3720/245 1636/3721/245 1638/3722/245
f 1635/3723/240 1639/3724/240 1638/3725/240
f 1637/3726/46 1634/3727/46 1633/3728/46
f 1641/3729/246 1643/3730/246 1640/3731/246
f 1645/3732/238 1640/3733/238 1644/3734/238
f 1647/3735/247 1644/3736/247 1646/3737/247
f 1642/3738/240 1646/3739/240 1643/3740/240
f 1645/3741/46 1642/3742/46 1641/3743/46
f 1644/3744/96 1643/3745/96 1646/3746/96
f 1658/3747/248 1660/3748/248 1657/3749/248
f 1661/3750/238 1658/3751/238 1657/3752/238
f 1663/3753/249 1662/3754/249 1661/3755/249
f 1659/3756/250 1663/3757/250 1660/3758/250
f 1658/3759/46 1664/3760/46 1659/3761/46
f 1666/3762/251 1668/3763/251 1665/3764/251
f 1669/3765/238 1666/3766/238 1665/3767/238
f 1672/3768/252 1669/3769/252 1671/3770/252
f 1667/3771/250 1671/3772/250 1668/3773/250
f 1666/3774/46 1672/3775/46 1667/3776/46
f 1665/3777/96 1671/3778/96 1669/3779/96
f 1654/3780/253 1696/3781/253 1697/3782/253
f 1673/3783/254 1656/3784/254 1655/3785/254
f 1649/3786/46 1674/3787/46 1651/3788/46
f 1655/3789/96 1697/3790/96 1673/3791/96
f 1694/3792/254 1629/3793/254 1698/3794/254
f 1693/3795/254 1648/3796/254 1692/3797/254
f 1648/3798/96 1694/3799/96 1692/3800/96
f 1656/3801/46 1698/3802/46 1629/3803/46
f 1631/3804/253 1699/3805/253 1630/3806/253
f 1651/3807/253 1695/3808/253 1652/3809/253
f 1631/3810/96 1695/3811/96 1675/3812/96
f 1630/3813/46 1696/3814/46 1653/3815/46
f 1676/3816/255 1678/3817/255 1679/3818/255
f 1681/3819/242 1676/3820/242 1680/3821/242
f 1682/3822/256 1681/3823/256 1680/3824/256
f 1679/3825/250 1683/3826/250 1682/3827/250
f 1677/3828/46 1683/3829/46 1678/3830/46
f 1685/3831/257 1687/3832/257 1684/3833/257
f 1689/3834/258 1684/3835/258 1688/3836/258
f 1691/3837/259 1688/3838/259 1690/3839/259
f 1686/3840/260 1690/3841/260 1687/3842/260
f 1685/3843/46 1691/3844/46 1686/3845/46
f 1684/3846/96 1690/3847/96 1688/3848/96
f 1701/3849/261 1703/3850/261 1704/3851/261
f 1706/3852/262 1701/3853/262 1705/3854/262
f 1708/3855/263 1705/3856/263 1707/3857/263
f 1703/3858/264 1707/3859/264 1704/3860/264
f 1706/3861/46 1703/3862/46 1702/3863/46
f 1710/3864/265 1712/3865/265 1709/3866/265
f 1714/3867/266 1709/3868/266 1713/3869/266
f 1715/3870/267 1714/3871/267 1713/3872/267
f 1711/3873/264 1715/3874/264 1712/3875/264
f 1714/3876/46 1711/3877/46 1710/3878/46
f 1713/3879/96 1712/3880/96 1715/3881/96
f 1697/3882/264 1717/3883/264 1743/3884/264
f 1718/3885/268 1700/3886/268 1673/3887/268
f 1724/3888/46 1674/3889/46 1693/3890/46
f 1697/3891/96 1718/3892/96 1673/3893/96
f 1742/3894/268 1698/3895/268 1719/3896/268
f 1724/3897/268 1692/3898/268 1741/3899/268
f 1694/3900/96 1741/3901/96 1692/3902/96
f 1698/3903/46 1744/3904/46 1719/3905/46
f 1675/3906/264 1720/3907/264 1699/3908/264
f 1674/3909/264 1721/3910/264 1695/3911/264
f 1695/3912/96 1723/3913/96 1675/3914/96
f 1696/3915/46 1720/3916/46 1717/3917/46
f 1726/3918/269 1728/3919/269 1725/3920/269
f 1730/3921/268 1725/3922/268 1729/3923/268
f 1732/3924/270 1729/3925/270 1731/3926/270
f 1728/3927/271 1732/3928/271 1731/3929/271
f 1730/3930/46 1727/3931/46 1726/3932/46
f 1734/3933/272 1736/3934/272 1733/3935/272
f 1738/3936/268 1733/3937/268 1737/3938/268
f 1740/3939/273 1737/3940/273 1739/3941/273
f 1735/3942/271 1739/3943/271 1736/3944/271
f 1738/3945/46 1735/3946/46 1734/3947/46
f 1737/3948/96 1736/3949/96 1739/3950/96
f 1746/3951/274 1748/3952/274 1745/3953/274
f 1749/3954/268 1746/3955/268 1745/3956/268
f 1752/3957/275 1749/3958/275 1751/3959/275
f 1747/3960/271 1751/3961/271 1748/3962/271
f 1746/3963/46 1752/3964/46 1747/3965/46
f 1754/3966/276 1756/3967/276 1753/3968/276
f 1758/3969/268 1753/3970/268 1757/3971/268
f 1760/3972/277 1757/3973/277 1759/3974/277
f 1755/3975/271 1759/3976/271 1756/3977/271
f 1754/3978/46 1760/3979/46 1755/3980/46
f 1753/3981/96 1759/3982/96 1757/3983/96
f 1743/3984/271 1784/3985/271 1761/3986/271
f 1787/3987/268 1744/3988/268 1718/3989/268
f 1724/3990/46 1762/3991/46 1722/3992/46
f 1718/3993/96 1761/3994/96 1787/3995/96
f 1782/3996/268 1719/3997/268 1785/3998/268
f 1780/3999/268 1741/4000/268 1779/4001/268
f 1741/4002/96 1782/4003/96 1779/4004/96
f 1744/4005/46 1785/4006/46 1719/4007/46
f 1723/4008/271 1786/4009/271 1720/4010/271
f 1722/4011/271 1783/4012/271 1721/4013/271
f 1723/4014/96 1783/4015/96 1781/4016/96
f 1720/4017/46 1784/4018/46 1717/4019/46
f 1763/4020/278 1765/4021/278 1766/4022/278
f 1767/4023/268 1764/4024/268 1763/4025/268
f 1770/4026/279 1767/4027/279 1769/4028/279
f 1765/4029/271 1769/4030/271 1766/4031/271
f 1764/4032/46 1770/4033/46 1765/4034/46
f 1772/4035/280 1774/4036/280 1771/4037/280
f 1775/4038/262 1772/4039/262 1771/4040/262
f 1778/4041/281 1775/4042/281 1777/4043/281
f 1773/4044/282 1777/4045/282 1774/4046/282
f 1772/4047/46 1778/4048/46 1773/4049/46
f 1771/4050/96 1777/4051/96 1775/4052/96
f 1790/4053/283 1792/4054/283 1789/4055/283
f 1794/4056/284 1789/4057/284 1793/4058/284
f 1796/4059/285 1793/4060/285 1795/4061/285
f 1791/4062/286 1795/4063/286 1792/4064/286
f 1794/4065/46 1791/4066/46 1790/4067/46
f 1798/4068/287 1800/4069/287 1797/4070/287
f 1802/4071/288 1797/4072/288 1801/4073/288
f 1804/4074/289 1801/4075/289 1803/4076/289
f 1800/4077/290 1804/4078/290 1803/4079/290
f 1802/4080/46 1799/4081/46 1798/4082/46
f 1801/4083/96 1800/4084/96 1803/4085/96
f 1761/4086/291 1827/4087/291 1828/4088/291
f 1831/4089/292 1788/4090/292 1787/4091/292
f 1807/4092/46 1762/4093/46 1780/4094/46
f 1761/4095/96 1831/4096/96 1787/4097/96
f 1805/4098/292 1785/4099/292 1829/4100/292
f 1807/4101/292 1779/4102/292 1824/4103/292
f 1782/4104/96 1824/4105/96 1779/4106/96
f 1785/4107/46 1832/4108/46 1829/4109/46
f 1781/4110/291 1830/4111/291 1786/4112/291
f 1783/4113/291 1825/4114/291 1826/4115/291
f 1783/4116/96 1806/4117/96 1781/4118/96
f 1784/4119/46 1830/4120/46 1827/4121/46
f 1809/4122/293 1811/4123/293 1808/4124/293
f 1813/4125/284 1808/4126/284 1812/4127/284
f 1815/4128/294 1812/4129/294 1814/4130/294
f 1811/4131/286 1815/4132/286 1814/4133/286
f 1813/4134/46 1810/4135/46 1809/4136/46
f 1817/4137/295 1819/4138/295 1816/4139/295
f 1821/4140/296 1816/4141/296 1820/4142/296
f 1823/4143/297 1820/4144/297 1822/4145/297
f 1818/4146/286 1822/4147/286 1819/4148/286
f 1821/4149/46 1818/4150/46 1817/4151/46
f 1820/4152/96 1819/4153/96 1822/4154/96
f 1833/4155/298 1835/4156/298 1836/4157/298
f 1838/4158/296 1833/4159/296 1837/4160/296
f 1840/4161/299 1837/4162/299 1839/4163/299
f 1835/4164/300 1839/4165/300 1836/4166/300
f 1838/4167/46 1835/4168/46 1834/4169/46
f 1842/4170/301 1844/4171/301 1841/4172/301
f 1846/4173/296 1841/4174/296 1845/4175/296
f 1848/4176/302 1845/4177/302 1847/4178/302
f 1843/4179/300 1847/4180/300 1844/4181/300
f 1846/4182/46 1843/4183/46 1842/4184/46
f 1845/4185/96 1844/4186/96 1847/4187/96
f 1828/4188/300 1875/4189/300 1876/4190/300
f 1831/4191/296 1851/4192/296 1832/4193/296
f 1807/4194/46 1873/4195/46 1825/4196/46
f 1831/4197/96 1876/4198/96 1849/4199/96
f 1850/4200/296 1805/4201/296 1829/4202/296
f 1855/4203/296 1824/4204/296 1872/4205/296
f 1824/4206/96 1853/4207/96 1872/4208/96
f 1832/4209/46 1850/4210/46 1829/4211/46
f 1806/4212/300 1852/4213/300 1830/4214/300
f 1825/4215/300 1874/4216/300 1826/4217/300
f 1806/4218/96 1874/4219/96 1854/4220/96
f 1830/4221/46 1875/4222/46 1827/4223/46
f 1857/4224/303 1859/4225/303 1856/4226/303
f 1861/4227/296 1856/4228/296 1860/4229/296
f 1862/4230/304 1861/4231/304 1860/4232/304
f 1858/4233/300 1862/4234/300 1859/4235/300
f 1857/4236/46 1863/4237/46 1858/4238/46
f 1865/4239/305 1867/4240/305 1864/4241/305
f 1869/4242/284 1864/4243/284 1868/4244/284
f 1871/4245/306 1868/4246/306 1870/4247/306
f 1866/4248/300 1870/4249/300 1867/4250/300
f 1865/4251/46 1871/4252/46 1866/4253/46
f 1864/4254/96 1870/4255/96 1868/4256/96
f 1877/4257/307 1879/4258/307 1880/4259/307
f 1882/4260/296 1877/4261/296 1881/4262/296
f 1884/4263/308 1881/4264/308 1883/4265/308
f 1880/4266/300 1884/4267/300 1883/4268/300
f 1878/4269/46 1884/4270/46 1879/4271/46
f 1886/4272/309 1888/4273/309 1885/4274/309
f 1889/4275/310 1886/4276/310 1885/4277/310
f 1892/4278/311 1889/4279/311 1891/4280/311
f 1887/4281/312 1891/4282/312 1888/4283/312
f 1886/4284/46 1892/4285/46 1887/4286/46
f 1885/4287/96 1891/4288/96 1889/4289/96
f 1876/4290/313 1918/4291/313 1893/4292/313
f 1920/4293/314 1851/4294/314 1849/4295/314
f 1913/4296/46 1873/4297/46 1855/4298/46
f 1876/4299/96 1920/4300/96 1849/4301/96
f 1915/4302/314 1850/4303/314 1894/4304/314
f 1913/4305/314 1872/4306/314 1912/4307/314
f 1853/4308/96 1912/4309/96 1872/4310/96
f 1850/4311/46 1895/4312/46 1894/4313/46
f 1854/4314/313 1919/4315/313 1852/4316/313
f 1873/4317/313 1917/4318/313 1874/4319/313
f 1874/4320/96 1914/4321/96 1854/4322/96
f 1875/4323/46 1919/4324/46 1918/4325/46
f 1897/4326/315 1899/4327/315 1896/4328/315
f 1901/4329/316 1896/4330/316 1900/4331/316
f 1903/4332/317 1900/4333/317 1902/4334/317
f 1899/4335/318 1903/4336/318 1902/4337/318
f 1901/4338/46 1898/4339/46 1897/4340/46
f 1905/4341/319 1907/4342/319 1904/4343/319
f 1908/4344/320 1905/4345/320 1904/4346/320
f 1911/4347/321 1908/4348/321 1910/4349/321
f 1906/4350/322 1910/4351/322 1907/4352/322
f 1909/4353/46 1906/4354/46 1905/4355/46
f 1908/4356/96 1907/4357/96 1910/4358/96
f 1922/4359/323 1924/4360/323 1921/4361/323
f 1925/4362/316 1922/4363/316 1921/4364/316
f 1928/4365/324 1925/4366/324 1927/4367/324
f 1923/4368/318 1927/4369/318 1924/4370/318
f 1926/4371/46 1923/4372/46 1922/4373/46
f 1930/4374/325 1932/4375/325 1929/4376/325
f 1934/4377/316 1929/4378/316 1933/4379/316
f 1936/4380/326 1933/4381/326 1935/4382/326
f 1931/4383/318 1935/4384/318 1932/4385/318
f 1934/4386/46 1931/4387/46 1930/4388/46
f 1933/4389/96 1932/4390/96 1935/4391/96
f 1893/4392/327 1938/4393/327 1937/4394/327
f 1964/4395/316 1895/4396/316 1920/4397/316
f 1913/4398/46 1940/4399/46 1916/4400/46
f 1920/4401/96 1937/4402/96 1964/4403/96
f 1960/4404/316 1894/4405/316 1962/4406/316
f 1942/4407/316 1912/4408/316 1959/4409/316
f 1912/4410/96 1960/4411/96 1959/4412/96
f 1895/4413/46 1962/4414/46 1894/4415/46
f 1914/4416/327 1963/4417/327 1919/4418/327
f 1916/4419/327 1961/4420/327 1917/4421/327
f 1914/4422/96 1961/4423/96 1941/4424/96
f 1919/4425/46 1938/4426/46 1918/4427/46
f 1944/4428/328 1946/4429/328 1943/4430/328
f 1948/4431/320 1943/4432/320 1947/4433/320
f 1950/4434/329 1947/4435/329 1949/4436/329
f 1946/4437/327 1950/4438/327 1949/4439/327
f 1944/4440/46 1950/4441/46 1945/4442/46
f 1952/4443/330 1954/4444/330 1951/4445/330
f 1956/4446/316 1951/4447/316 1955/4448/316
f 1958/4449/331 1955/4450/331 1957/4451/331
f 1953/4452/327 1957/4453/327 1954/4454/327
f 1952/4455/46 1958/4456/46 1953/4457/46
f 1951/4458/96 1957/4459/96 1955/4460/96
f 1966/4461/332 1968/4462/332 1965/4463/332
f 1969/4464/320 1966/4465/320 1965/4466/320
f 1972/4467/333 1969/4468/333 1971/4469/333
f 1967/4470/327 1971/4471/327 1968/4472/327
f 1966/4473/46 1972/4474/46 1967/4475/46
f 2141/4476/106 2140/4477/106 2138/4478/106
f 1004/2215/334 2141/4476/334 2138/4478/334
f 2139/4479/109 2138/4478/109 2140/4477/109
f 1974/4480/335 1976/4481/335 1973/4482/335
f 1978/4483/336 1973/4484/336 1977/4485/336
f 1980/4486/337 1977/4487/337 1979/4488/337
f 1975/4489/338 1979/4490/338 1976/4491/338
f 1974/4492/46 1980/4493/46 1975/4494/46
f 1973/4495/96 1979/4496/96 1977/4497/96
f 1937/4498/339 2004/4499/339 1981/4500/339
f 2007/4501/340 1939/4502/340 1964/4503/340
f 2002/4504/46 1940/4505/46 1942/4506/46
f 1937/4507/96 2007/4508/96 1964/4509/96
f 1983/4510/340 1962/4511/340 2005/4512/340
f 2002/4513/340 1959/4514/340 1985/4515/340
f 1960/4516/96 1985/4517/96 1959/4518/96
f 1962/4519/46 2008/4520/46 2005/4521/46
f 1941/4522/339 2006/4523/339 1963/4524/339
f 1940/4525/339 2003/4526/339 1961/4527/339
f 1961/4528/96 1984/4529/96 1941/4530/96
f 1938/4531/46 2006/4532/46 2004/4533/46
f 1986/4534/341 1988/4535/341 1989/4536/341
f 1990/4537/342 1987/4538/342 1986/4539/342
f 1993/4540/343 1990/4541/343 1992/4542/343
f 1988/4543/344 1992/4544/344 1989/4545/344
f 1991/4546/46 1988/4547/46 1987/4548/46
f 2137/2212/109 1004/2215/109 2138/4478/109
f 1017/4549/109 1020/4550/109 1018/4551/109
f 1017/4549/345 1018/4551/345 1019/2258/345
f 1021/4552/109 1018/4551/109 1020/4550/109
f 1005/4553/346 2141/4476/346 1004/2215/346
f 1995/4554/347 1997/4555/347 1994/4556/347
f 1998/4557/348 1995/4558/348 1994/4559/348
f 2001/4560/349 1998/4561/349 2000/4562/349
f 1996/4563/350 2000/4564/350 1997/4565/350
f 1999/4566/46 1996/4567/46 1995/4568/46
f 1998/4569/96 1997/4570/96 2000/4571/96
f 2110/4572/95 2108/4573/95 2105/4574/95
f 2107/4575/95 2105/4574/95 2108/4573/95
f 2109/4576/95 2107/4575/95 2108/4573/95
f 2113/4577/95 2108/4573/95 2110/4572/95
f 2110/4572/95 2105/4574/95 2106/4578/95
f 2009/4579/351 2011/4580/351 2012/4581/351
f 2014/4582/352 2009/4583/352 2013/4584/352
f 2016/4585/353 2013/4586/353 2015/4587/353
f 2011/4588/354 2015/4589/354 2012/4590/354
f 2014/4591/46 2011/4592/46 2010/4593/46
f 1023/2255/106 1019/2258/106 1018/4551/106
f 1019/2258/109 2131/4594/109 1017/4549/109
f 2018/4595/355 2020/4596/355 2017/4597/355
f 2022/4598/352 2017/4599/352 2021/4600/352
f 2024/4601/356 2021/4602/356 2023/4603/356
f 2019/4604/354 2023/4605/354 2020/4606/354
f 2022/4607/46 2019/4608/46 2018/4609/46
f 2021/4610/96 2020/4611/96 2023/4612/96
f 1981/4613/354 2051/4614/354 2025/4615/354
f 2026/4616/352 2008/4617/352 2007/4618/352
f 2002/4619/46 2029/4620/46 1982/4621/46
f 2007/4622/96 2025/4623/96 2026/4624/96
f 2049/4625/352 2005/4626/352 2027/4627/352
f 2031/4628/352 1985/4629/352 2048/4630/352
f 1985/4631/96 2049/4632/96 2048/4633/96
f 2008/4634/46 2027/4635/46 2005/4636/46
f 1984/4637/354 2052/4638/354 2006/4639/354
f 1982/4640/354 2050/4641/354 2003/4642/354
f 1984/4643/96 2050/4644/96 2030/4645/96
f 2006/4646/46 2051/4647/46 2004/4648/46
f 2032/4649/357 2034/4650/357 2035/4651/357
f 2037/4652/348 2032/4653/348 2036/4654/348
f 2039/4655/358 2036/4656/358 2038/4657/358
f 2034/4658/359 2038/4659/359 2035/4660/359
f 2033/4661/46 2039/4662/46 2034/4663/46
f 2040/4664/360 2042/4665/360 2043/4666/360
f 2044/4667/342 2041/4668/342 2040/4669/342
f 2047/4670/361 2044/4671/361 2046/4672/361
f 2042/4673/359 2046/4674/359 2043/4675/359
f 2041/4676/46 2047/4677/46 2042/4678/46
f 2040/4679/96 2046/4680/96 2044/4681/96
f 2054/4682/362 2056/4683/362 2053/4684/362
f 2057/4685/348 2054/4686/348 2053/4687/348
f 2060/4688/363 2057/4689/363 2059/4690/363
f 2055/4691/364 2059/4692/364 2056/4693/364
f 2054/4694/46 2060/4695/46 2055/4696/46
f 2062/4697/365 2064/4698/365 2061/4699/365
f 2066/4700/366 2061/4701/366 2065/4702/366
f 2068/4703/367 2065/4704/367 2067/4705/367
f 2063/4706/368 2067/4707/368 2064/4708/368
f 2062/4709/46 2068/4710/46 2063/4711/46
f 2061/4712/96 2067/4713/96 2065/4714/96
f 2089/4715/369 2051/4716/369 2088/4717/369
f 2069/4718/370 2028/4719/370 2026/4720/370
f 2072/4721/46 2029/4722/46 2031/4723/46
f 2025/4724/96 2069/4725/96 2026/4726/96
f 2071/4727/370 2027/4728/370 2090/4729/370
f 2072/4730/370 2048/4731/370 2073/4732/370
f 2049/4733/96 2073/4734/96 2048/4735/96
f 2027/4736/46 2092/4737/46 2090/4738/46
f 2030/4739/369 2091/4740/369 2052/4741/369
f 2029/4742/369 2087/4743/369 2050/4744/369
f 2050/4745/96 2086/4746/96 2030/4747/96
f 2051/4748/46 2091/4749/46 2088/4750/46
f 2075/4751/371 2077/4752/371 2074/4753/371
f 2079/4754/372 2074/4755/372 2078/4756/372
f 2080/4757/373 2079/4758/373 2078/4759/373
f 2076/4760/374 2080/4761/374 2077/4762/374
f 2079/4763/46 2076/4764/46 2075/4765/46
f 109/4766/100 2083/218/100 108/216/100
f 2085/4767/375 110/4768/375 2084/4769/375
f 2083/224/101 2085/4770/101 2084/223/101
f 111/4771/376 2082/4772/376 109/4773/376
f 110/227/96 2083/4774/96 2084/226/96
f 2094/4775/377 2096/4776/377 2093/4777/377
f 2098/4778/372 2093/4779/372 2097/4780/372
f 2100/4781/378 2097/4782/378 2099/4783/378
f 2096/4784/374 2100/4785/374 2099/4786/374
f 2098/4787/46 2095/4788/46 2094/4789/46
f 2101/4790/374 2103/4791/374 2102/4792/374
f 98/200/96 2102/4793/96 2103/199/96
f 2089/4794/379 2106/4795/379 2105/4796/379
f 2115/4797/95 2116/4798/95 2113/4577/95
f 2114/4799/95 2113/4577/95 2110/4572/95
f 2112/4800/95 2113/4577/95 2114/4799/95
f 2113/4577/95 2112/4800/95 2115/4797/95
f 2112/4800/95 2114/4799/95 2111/4801/95
f 2069/4802/380 2109/4803/380 2092/4804/380
f 2072/4805/46 2112/4806/46 2070/4807/46
f 2069/4808/96 2105/4809/96 2107/4810/96
f 2113/4811/380 2090/4812/380 2108/4813/380
f 2115/4814/380 2073/4815/380 2116/4816/380
f 2073/4817/96 2113/4818/96 2116/4819/96
f 2092/4820/46 2108/4821/46 2090/4822/46
f 2086/4823/379 2110/4824/379 2091/4825/379
f 2070/4826/379 2111/4827/379 2087/4828/379
f 2086/4829/96 2111/4830/96 2114/4831/96
f 2091/4832/46 2106/4833/46 2088/4834/46
f 2118/4835/381 2120/4836/381 2117/4837/381
f 2122/4838/382 2117/4839/382 2121/4840/382
f 2124/4841/383 2121/4842/383 2123/4843/383
f 2120/4844/384 2124/4845/384 2123/4846/384
f 2122/4847/46 2119/4848/46 2118/4849/46
f 1548/3427/206 1583/3426/206 2125/4850/206
f 2125/4850/206 2126/4851/206 1548/3427/206
f 1556/3557/222 518/4852/222 1573/3556/222
f 73/138/55 74/4853/55 75/139/55
f 76/141/43 77/4854/43 74/142/43
f 76/144/95 78/4855/95 79/145/95
f 72/147/6 75/4856/6 79/148/6
f 76/150/46 73/4857/46 72/151/46
f 81/153/55 82/4858/55 83/154/55
f 85/156/6 81/4859/6 80/157/6
f 87/159/95 85/4860/95 84/160/95
f 82/162/43 87/4861/43 86/163/43
f 85/165/46 87/4862/46 82/166/46
f 80/168/96 83/4863/96 86/169/96
f 89/171/55 90/4864/55 91/172/55
f 92/174/43 93/4865/43 90/175/43
f 92/177/95 94/4866/95 95/178/95
f 88/180/6 91/4867/6 95/181/6
f 94/183/46 92/4868/46 89/184/46
f 97/186/97 2101/4869/97 2102/187/97
f 99/189/6 97/4870/6 96/190/6
f 2104/192/98 99/4871/98 98/193/98
f 99/195/99 2104/4872/99 2101/196/99
f 96/198/96 2102/4793/96 2103/199/96
f 101/201/55 102/4873/55 103/202/55
f 104/204/43 105/4874/43 102/205/43
f 104/207/95 106/4875/95 107/208/95
f 100/210/6 103/4876/6 107/211/6
f 104/213/46 101/4877/46 100/214/46
f 108/216/100 109/4766/100 2082/217/100
f 111/219/6 109/4878/6 108/220/6
f 2082/222/101 2085/4770/101 2084/223/101
f 108/225/96 2083/4774/96 2084/226/96
f 115/228/6 60/4879/6 61/229/6
f 64/231/43 136/4880/43 118/232/43
f 70/234/46 69/4881/46 138/235/46
f 115/237/96 136/4882/96 64/238/96
f 67/240/43 62/4883/43 117/241/43
f 69/243/43 68/4884/43 113/244/43
f 137/246/96 113/4885/96 68/247/96
f 118/249/46 117/4886/46 62/250/46
f 112/252/6 135/4887/6 63/253/6
f 70/255/6 139/4888/6 114/256/6
f 114/258/96 112/4889/96 66/259/96
f 135/261/46 116/4890/46 61/262/46
f 120/264/55 121/4891/55 122/265/55
f 123/267/43 124/4892/43 121/268/43
f 123/270/95 125/4893/95 126/271/95
f 119/273/6 122/4894/6 126/274/6
f 123/276/46 120/4895/46 119/277/46
f 127/279/55 128/4896/55 129/280/55
f 132/282/6 128/4897/6 127/283/6
f 134/285/95 132/4898/95 131/286/95
f 129/288/43 134/4899/43 133/289/43
f 132/291/46 134/4900/46 129/292/46
f 127/294/96 130/4901/96 133/295/96
f 141/297/55 142/4902/55 143/298/55
f 144/300/43 145/4903/43 142/301/43
f 144/303/95 146/4904/95 147/304/95
f 140/306/6 143/4905/6 147/307/6
f 144/309/46 141/4906/46 140/310/46
f 149/312/55 150/4907/55 151/313/55
f 153/315/6 149/4908/6 148/316/6
f 155/318/95 153/4909/95 152/319/95
f 150/321/43 155/4910/43 154/322/43
f 153/324/46 155/4911/46 150/325/46
f 148/327/96 151/4912/96 154/328/96
f 157/330/55 158/4913/55 159/331/55
f 160/333/43 161/4914/43 158/334/43
f 160/336/95 162/4915/95 163/337/95
f 156/339/6 159/4916/6 163/340/6
f 160/342/46 157/4917/46 156/343/46
f 165/345/55 166/4918/55 167/346/55
f 169/348/6 165/4919/6 164/349/6
f 171/351/95 169/4920/95 168/352/95
f 166/354/43 171/4921/43 170/355/43
f 169/357/46 171/4922/46 166/358/46
f 164/360/96 167/4923/96 170/361/96
f 173/363/55 174/4924/55 175/364/55
f 176/366/43 177/4925/43 174/367/43
f 176/369/95 178/4926/95 179/370/95
f 172/372/6 175/4927/6 179/373/6
f 176/375/46 173/4928/46 172/376/46
f 180/378/55 181/4929/55 182/379/55
f 185/381/6 181/4930/6 180/382/6
f 187/384/95 185/4931/95 184/385/95
f 182/387/43 187/4932/43 186/388/43
f 185/390/46 187/4933/46 182/391/46
f 180/393/96 183/4934/96 186/394/96
f 193/396/6 192/4935/6 115/397/6
f 136/399/43 213/4936/43 196/400/43
f 138/402/46 214/4937/46 215/403/46
f 192/405/96 213/4938/96 136/406/96
f 137/408/43 117/4939/43 195/409/43
f 138/411/43 113/4940/43 189/412/43
f 190/414/96 189/4941/96 113/415/96
f 118/417/46 196/4942/46 195/418/46
f 188/420/6 194/4943/6 135/421/6
f 139/423/6 215/4944/6 191/424/6
f 191/426/96 188/4945/96 112/427/96
f 194/429/46 193/4946/46 116/430/46
f 198/432/55 199/4947/55 200/433/55
f 201/435/43 202/4948/43 199/436/43
f 201/438/95 203/4949/95 204/439/95
f 197/441/6 200/4950/6 204/442/6
f 201/444/46 198/4951/46 197/445/46
f 206/447/55 207/4952/55 208/448/55
f 210/450/6 206/4953/6 205/451/6
f 212/453/95 210/4954/95 209/454/95
f 207/456/43 212/4955/43 211/457/43
f 210/459/46 212/4956/46 207/460/46
f 205/462/96 208/4957/96 211/463/96
f 217/465/55 218/4958/55 219/466/55
f 220/468/43 221/4959/43 218/469/43
f 220/471/95 222/4960/95 223/472/95
f 222/474/6 216/4961/6 219/475/6
f 220/477/46 217/4962/46 216/478/46
f 225/480/55 226/4963/55 227/481/55
f 229/483/6 225/4964/6 224/484/6
f 231/486/95 229/4965/95 228/487/95
f 226/489/43 231/4966/43 230/490/43
f 229/492/46 231/4967/46 226/493/46
f 224/495/96 227/4968/96 230/496/96
f 233/498/55 234/4969/55 235/499/55
f 236/501/43 237/4970/43 234/502/43
f 236/504/95 238/4971/95 239/505/95
f 238/507/6 232/4972/6 235/508/6
f 236/510/46 233/4973/46 232/511/46
f 240/513/55 241/4974/55 242/514/55
f 245/516/6 241/4975/6 240/517/6
f 247/519/95 245/4976/95 244/520/95
f 242/522/43 247/4977/43 246/523/43
f 245/525/46 247/4978/46 242/526/46
f 240/528/96 243/4979/96 246/529/96
f 249/531/55 250/4980/55 251/532/55
f 252/534/43 253/4981/43 250/535/43
f 252/537/95 254/4982/95 255/538/95
f 254/540/6 248/4983/6 251/541/6
f 252/543/46 249/4984/46 248/544/46
f 256/546/55 257/4985/55 258/547/55
f 260/4986/6 257/4987/6 256/610/6
f 258/552/43 262/4988/43 261/551/43
f 260/550/46 262/549/46 258/554/46
f 256/4989/96 259/4990/96 261/4991/96
f 286/556/6 192/4992/6 193/557/6
f 213/559/43 287/4993/43 270/560/43
f 214/562/46 288/4994/46 289/563/46
f 286/565/96 287/4995/96 213/566/96
f 190/568/43 195/4996/43 269/569/43
f 214/571/43 189/4997/43 264/572/43
f 265/574/96 264/4998/96 189/575/96
f 270/577/46 269/4999/46 195/578/46
f 263/580/6 268/5000/6 194/581/6
f 289/583/6 266/5001/6 191/584/6
f 266/586/96 263/5002/96 188/587/96
f 268/589/46 267/5003/46 193/590/46
f 272/592/55 273/5004/55 274/593/55
f 275/595/43 276/5005/43 273/596/43
f 275/598/95 277/5006/95 278/599/95
f 277/601/6 271/5007/6 274/602/6
f 275/604/46 272/5008/46 271/605/46
f 280/607/55 281/5009/55 282/608/55
f 283/618/6 280/5010/6 279/619/6
f 281/612/43 285/5011/43 284/613/43
f 283/615/46 285/5012/46 281/616/46
f 279/5013/96 282/5014/96 284/5015/96
f 291/621/55 292/5016/55 293/622/55
f 294/624/43 295/5017/43 292/625/43
f 294/627/95 296/5018/95 297/628/95
f 296/630/6 290/5019/6 293/631/6
f 294/633/46 291/5020/46 290/634/46
f 298/636/55 299/5021/55 300/637/55
f 302/5022/6 299/5023/6 298/5024/6
f 300/639/43 304/5025/43 303/640/43
f 302/642/46 304/5026/46 300/643/46
f 298/5027/96 301/5028/96 303/5029/96
f 306/645/55 307/5030/55 308/646/55
f 309/648/43 310/5031/43 307/649/43
f 309/651/95 311/5032/95 312/652/95
f 311/654/6 305/5033/6 308/655/6
f 309/657/46 306/5034/46 305/658/46
f 313/660/55 314/5035/55 315/661/55
f 318/663/6 314/5036/6 313/664/6
f 320/666/95 318/5037/95 317/667/95
f 315/669/43 320/5038/43 319/670/43
f 318/672/46 320/5039/46 315/673/46
f 313/675/96 316/5040/96 319/676/96
f 322/678/55 323/5041/55 324/679/55
f 325/681/43 326/5042/43 323/682/43
f 325/684/95 327/5043/95 328/685/95
f 327/687/6 321/5044/6 324/688/6
f 325/690/46 322/5045/46 321/691/46
f 330/693/55 331/5046/55 332/694/55
f 334/696/6 330/5047/6 329/697/6
f 336/699/95 334/5048/95 333/700/95
f 331/702/43 336/5049/43 335/703/43
f 334/705/46 336/5050/46 331/706/46
f 329/708/96 332/5051/96 335/709/96
f 342/711/6 341/5052/6 286/712/6
f 287/714/43 362/5053/43 345/715/43
f 288/717/46 363/5054/46 364/718/46
f 341/720/96 362/5055/96 287/721/96
f 265/723/43 269/5056/43 344/724/43
f 288/726/43 264/5057/43 338/727/43
f 339/729/96 338/5058/96 264/730/96
f 345/732/46 344/5059/46 269/733/46
f 337/735/6 343/5060/6 268/736/6
f 364/738/6 340/5061/6 266/739/6
f 340/741/96 337/5062/96 263/742/96
f 343/744/46 342/5063/46 267/745/46
f 347/747/55 348/5064/55 349/748/55
f 350/750/43 351/5065/43 348/751/43
f 350/753/95 352/5066/95 353/754/95
f 352/756/6 346/5067/6 349/757/6
f 350/759/46 347/5068/46 346/760/46
f 354/762/55 355/5069/55 356/763/55
f 359/765/6 355/5070/6 354/766/6
f 361/768/95 359/5071/95 358/769/95
f 356/771/43 361/5072/43 360/772/43
f 359/774/46 361/5073/46 356/775/46
f 354/777/96 357/5074/96 360/778/96
f 366/780/55 367/5075/55 368/781/55
f 369/783/43 370/5076/43 367/784/43
f 369/786/95 371/5077/95 372/787/95
f 365/789/6 368/5078/6 372/790/6
f 369/792/46 366/5079/46 365/793/46
f 373/795/55 374/5080/55 375/796/55
f 377/798/6 378/5081/6 374/799/6
f 380/801/95 378/5082/95 377/802/95
f 375/804/43 380/5083/43 379/805/43
f 378/807/46 380/5084/46 375/808/46
f 373/810/96 376/5085/96 379/811/96
f 382/813/55 383/5086/55 384/814/55
f 385/816/43 386/5087/43 383/817/43
f 385/819/95 387/5088/95 388/820/95
f 381/822/6 384/5089/6 388/823/6
f 385/825/46 382/5090/46 381/826/46
f 390/828/55 391/5091/55 392/829/55
f 393/831/6 394/5092/6 390/832/6
f 396/834/95 394/5093/95 393/835/95
f 391/837/43 396/5094/43 395/838/43
f 394/840/46 396/5095/46 391/841/46
f 389/843/96 392/5096/96 395/844/96
f 398/846/55 399/5097/55 400/847/55
f 401/849/43 402/5098/43 399/850/43
f 401/852/95 403/5099/95 404/853/95
f 397/855/6 400/5100/6 404/856/6
f 401/858/46 398/5101/46 397/859/46
f 405/861/55 406/5102/55 407/862/55
f 409/864/6 410/5103/6 406/865/6
f 412/867/95 410/5104/95 409/868/95
f 407/870/43 412/5105/43 411/871/43
f 410/873/46 412/5106/46 407/874/46
f 405/876/96 408/5107/96 411/877/96
f 429/879/6 341/5108/6 342/880/6
f 345/882/43 362/5109/43 433/883/43
f 363/885/46 438/5110/46 439/886/46
f 429/888/96 433/5111/96 362/889/96
f 339/891/43 344/5112/43 431/892/43
f 363/894/43 338/5113/43 437/895/43
f 436/897/96 437/5114/96 338/898/96
f 434/900/46 431/5115/46 344/901/46
f 435/903/6 432/5116/6 343/904/6
f 439/906/6 440/5117/6 340/907/6
f 440/909/96 435/5118/96 337/910/96
f 432/912/46 430/5119/46 342/913/46
f 414/915/55 415/5120/55 416/916/55
f 417/918/43 418/5121/43 415/919/43
f 417/921/95 419/5122/95 420/922/95
f 413/924/6 416/5123/6 420/925/6
f 417/927/46 414/5124/46 413/928/46
f 421/930/55 422/5125/55 423/931/55
f 425/933/6 426/5126/6 422/934/6
f 428/936/95 426/5127/95 425/937/95
f 423/939/43 428/5128/43 427/940/43
f 426/942/46 428/5129/46 423/943/46
f 421/945/96 424/5130/96 427/946/96
f 442/948/55 443/5131/55 444/949/55
f 445/951/43 446/5132/43 443/952/43
f 445/954/95 447/5133/95 448/955/95
f 441/957/6 444/5134/6 448/958/6
f 445/960/46 442/5135/46 441/961/46
f 450/963/55 451/5136/55 452/964/55
f 453/966/6 454/5137/6 450/967/6
f 456/969/95 454/5138/95 453/970/95
f 451/972/43 456/5139/43 455/973/43
f 454/975/46 456/5140/46 451/976/46
f 449/978/96 452/5141/96 455/979/96
f 458/981/55 459/5142/55 460/982/55
f 461/984/43 462/5143/43 459/985/43
f 461/987/95 463/5144/95 464/988/95
f 457/990/6 460/5145/6 464/991/6
f 461/993/46 458/5146/46 457/994/46
f 465/996/55 466/5147/55 467/997/55
f 469/999/6 470/5148/6 466/1000/6
f 472/1002/95 470/5149/95 469/1003/95
f 467/1005/43 472/5150/43 471/1006/43
f 470/1008/46 472/5151/46 467/1009/46
f 465/1011/96 468/5152/96 471/1012/96
f 474/1014/55 475/5153/55 476/1015/55
f 477/1017/43 478/5154/43 475/1018/43
f 477/1020/95 479/5155/95 480/1021/95
f 473/1023/6 476/5156/6 480/1024/6
f 477/1026/46 474/5157/46 473/1027/46
f 481/1029/55 482/5158/55 483/1030/55
f 485/1032/6 486/5159/6 482/1033/6
f 488/1035/95 486/5160/95 485/1036/95
f 483/1038/43 488/5161/43 487/1039/43
f 486/1041/46 488/5162/46 483/1042/46
f 481/1044/96 484/5163/96 487/1045/96
f 513/1047/6 429/5164/6 430/1048/6
f 433/1050/43 514/5165/43 496/1051/43
f 438/1053/46 515/5166/46 516/1054/46
f 513/1056/96 514/5167/96 433/1057/96
f 436/1059/43 431/5168/43 495/1060/43
f 438/1062/43 437/5169/43 490/1063/43
f 491/1065/96 490/5170/96 437/1066/96
f 496/1068/46 495/5171/46 431/1069/46
f 489/1071/6 494/5172/6 432/1072/6
f 516/1074/6 492/5173/6 440/1075/6
f 492/1077/96 489/5174/96 435/1078/96
f 494/1080/46 493/5175/46 430/1081/46
f 498/1083/55 499/5176/55 500/1084/55
f 501/1086/43 502/5177/43 499/1087/43
f 501/1089/95 503/5178/95 504/1090/95
f 497/1092/6 500/5179/6 504/1093/6
f 501/1095/46 498/5180/46 497/1096/46
f 506/1098/55 507/5181/55 508/1099/55
f 509/1101/6 510/5182/6 506/1102/6
f 512/1104/95 510/5183/95 509/1105/95
f 507/1107/43 512/5184/43 511/1108/43
f 510/1110/46 512/5185/46 507/1111/46
f 505/1113/96 508/5186/96 511/1114/96
f 522/1116/55 523/5187/55 524/1117/55
f 525/1119/43 526/5188/43 523/1120/43
f 525/1122/95 527/5189/95 528/1123/95
f 521/1125/6 524/5190/6 528/1126/6
f 525/1128/46 522/5191/46 521/1129/46
f 529/1131/55 530/5192/55 531/1132/55
f 533/1134/6 534/5193/6 530/1135/6
f 536/1137/95 534/5194/95 533/1138/95
f 531/1140/43 536/5195/43 535/1141/43
f 534/1143/46 536/5196/46 531/1144/46
f 529/1146/96 532/5197/96 535/1147/96
f 563/1149/43 564/5198/43 540/1150/43
f 565/1152/6 520/5199/6 542/1153/6
f 546/1155/46 1557/5200/46 538/1156/46
f 563/1158/102 519/5201/102 520/1159/102
f 545/1161/6 569/5202/6 566/1162/6
f 546/1164/6 571/5203/6 537/1165/6
f 569/1167/96 545/5204/96 517/1168/96
f 567/1170/103 542/5205/103 541/1171/103
f 568/1173/43 570/5206/43 518/1174/43
f 538/1176/43 1557/2185/43 544/1177/43
f 539/1179/96 544/2184/96 518/1180/96
f 568/1182/103 543/2187/103 540/1183/103
f 548/1185/55 549/5207/55 550/1186/55
f 551/1188/43 552/5208/43 549/1189/43
f 551/1191/95 553/5209/95 554/1192/95
f 547/1194/6 550/5210/6 554/1195/6
f 551/1197/46 548/5211/46 547/1198/46
f 555/1200/55 556/5212/55 557/1201/55
f 559/1203/6 560/5213/6 556/1204/6
f 562/1206/95 560/5214/95 559/1207/95
f 557/1209/43 562/5215/43 561/1210/43
f 560/1212/46 562/5216/46 557/1213/46
f 555/1215/96 558/5217/96 561/1216/96
f 607/1218/43 637/5218/43 564/1219/43
f 565/1221/6 567/5219/6 640/1222/6
f 643/1224/46 571/5220/46 538/1225/46
f 638/1227/96 607/5221/96 563/1228/96
f 569/1230/6 605/5222/6 639/1231/6
f 571/1233/6 643/5223/6 603/1234/6
f 605/1236/96 569/5224/96 537/1237/96
f 640/1239/46 567/5225/46 566/1240/46
f 604/1242/43 570/5226/43 568/1243/43
f 606/1245/43 538/5227/43 539/1246/43
f 642/1248/96 539/5228/96 570/1249/96
f 641/1251/46 568/5229/46 564/1252/46
f 573/1254/55 574/5230/55 575/1255/55
f 577/1257/6 573/5231/6 572/1258/6
f 578/1260/95 579/5232/95 577/1261/95
f 574/1263/43 579/5233/43 578/1264/43
f 577/1266/46 579/5234/46 574/1267/46
f 581/1269/55 582/5235/55 583/1270/55
f 584/1272/43 585/5236/43 582/1273/43
f 584/1275/95 586/5237/95 587/1276/95
f 580/1278/6 583/5238/6 587/1279/6
f 584/1281/46 581/5239/46 580/1282/46
f 588/1284/55 589/5240/55 590/1285/55
f 592/1287/6 593/5241/6 589/1288/6
f 595/1290/95 593/5242/95 592/1291/95
f 590/1293/43 595/5243/43 594/1294/43
f 593/1296/46 595/5244/46 590/1297/46
f 588/1299/96 591/5245/96 594/1300/96
f 632/1302/6 513/5246/6 493/1303/6
f 514/1305/43 634/5247/43 602/1306/43
f 515/1308/46 635/5248/46 636/1309/46
f 632/1311/96 634/5249/96 514/1312/96
f 491/1314/43 495/5250/43 601/1315/43
f 515/1317/43 490/5251/43 597/1318/43
f 598/1320/96 597/5252/96 490/1321/96
f 602/1323/46 601/5253/46 495/1324/46
f 596/1326/6 633/5254/6 494/1327/6
f 636/1329/6 599/5255/6 492/1330/6
f 599/1332/96 596/5256/96 489/1333/96
f 633/1335/46 600/5257/46 493/1336/46
f 609/1338/55 610/5258/55 611/1339/55
f 613/1341/6 609/5259/6 608/1342/6
f 614/1344/95 615/5260/95 613/1345/95
f 610/1347/43 615/5261/43 614/1348/43
f 613/1350/46 615/5262/46 610/1351/46
f 617/1353/55 618/5263/55 619/1354/55
f 620/1356/43 621/5264/43 618/1357/43
f 620/1359/95 622/5265/95 623/1360/95
f 616/1362/6 619/5266/6 623/1363/6
f 620/1365/46 617/5267/46 616/1366/46
f 625/1368/55 626/5268/55 627/1369/55
f 628/1371/6 629/5269/6 625/1372/6
f 631/1374/95 629/5270/95 628/1375/95
f 626/1377/43 631/5271/43 630/1378/43
f 629/1380/46 631/5272/46 626/1381/46
f 624/1383/96 627/5273/96 630/1384/96
f 725/1386/43 724/5274/43 637/1387/43
f 638/1389/6 640/5275/6 758/1390/6
f 643/1392/46 606/5276/46 723/1393/46
f 756/1395/96 725/5277/96 607/1396/96
f 605/1398/6 761/5278/6 757/1399/6
f 643/1401/6 763/5279/6 722/1402/6
f 761/1404/96 605/5280/96 603/1405/96
f 758/1407/46 640/5281/46 639/1408/46
f 762/1410/43 604/5282/43 641/1411/43
f 723/1413/43 606/5283/43 642/1414/43
f 760/1416/96 642/5284/96 604/1417/96
f 759/1419/46 641/5285/46 637/1420/46
f 645/1422/55 646/5286/55 647/1423/55
f 649/1425/6 645/5287/6 644/1426/6
f 650/1428/95 651/5288/95 649/1429/95
f 646/1431/43 651/5289/43 650/1432/43
f 649/1434/46 651/5290/46 646/1435/46
f 653/1437/55 654/5291/55 655/1438/55
f 656/1440/43 657/5292/43 654/1441/43
f 656/1443/95 658/5293/95 659/1444/95
f 652/1446/6 655/5294/6 659/1447/6
f 656/1449/46 653/5295/46 652/1450/46
f 661/1452/55 662/5296/55 663/1453/55
f 664/1455/6 665/5297/6 661/1456/6
f 667/1458/95 665/5298/95 664/1459/95
f 662/1461/43 667/5299/43 666/1462/43
f 665/1464/46 667/5300/46 662/1465/46
f 660/1467/96 663/5301/96 666/1468/96
f 669/1470/55 670/5302/55 671/1471/55
f 673/1473/6 669/5303/6 668/1474/6
f 674/1476/95 675/5304/95 673/1477/95
f 670/1479/43 675/5305/43 674/1480/43
f 669/1482/46 673/5306/46 675/1483/46
f 677/1485/55 678/5307/55 679/1486/55
f 680/1488/43 681/5308/43 678/1489/43
f 680/1491/95 682/5309/95 683/1492/95
f 676/1494/6 679/5310/6 683/1495/6
f 680/1497/46 677/5311/46 676/1498/46
f 684/1500/55 685/5312/55 686/1501/55
f 688/1503/6 689/5313/6 685/1504/6
f 691/1506/95 689/5314/95 688/1507/95
f 686/1509/43 691/5315/43 690/1510/43
f 689/1512/46 691/5316/46 686/1513/46
f 684/1515/96 687/5317/96 690/1516/96
f 693/1518/55 694/5318/55 695/1519/55
f 697/1521/6 693/5319/6 692/1522/6
f 698/1524/95 699/5320/95 697/1525/95
f 694/1527/43 699/5321/43 698/1528/43
f 697/1530/46 699/5322/46 694/1531/46
f 701/1533/55 702/5323/55 703/1534/55
f 704/1536/43 705/5324/43 702/1537/43
f 704/1539/95 706/5325/95 707/1540/95
f 700/1542/6 703/5326/6 707/1543/6
f 704/1545/46 701/5327/46 700/1546/46
f 709/1548/55 710/5328/55 711/1549/55
f 712/1551/6 713/5329/6 709/1552/6
f 715/1554/95 713/5330/95 712/1555/95
f 710/1557/43 715/5331/43 714/1558/43
f 713/1560/46 715/5332/46 710/1561/46
f 708/1563/96 711/5333/96 714/1564/96
f 720/1566/6 719/5334/6 632/1567/6
f 602/1569/43 634/5335/43 751/1570/43
f 635/1572/46 754/5336/46 755/1573/46
f 719/1575/96 751/5337/96 634/1576/96
f 598/1578/43 601/5338/43 721/1579/43
f 635/1581/43 597/5339/43 753/1582/43
f 717/1584/96 753/5340/96 597/1585/96
f 602/1587/46 752/5341/46 721/1588/46
f 716/1590/6 750/5342/6 633/1591/6
f 636/1593/6 755/5343/6 718/1594/6
f 718/1596/96 716/5344/96 596/1597/96
f 633/1599/46 750/5345/46 720/1600/46
f 727/1602/55 728/5346/55 729/1603/55
f 731/1605/6 727/5347/6 726/1606/6
f 732/1608/95 733/5348/95 731/1609/95
f 728/1611/43 733/5349/43 732/1612/43
f 731/1614/46 733/5350/46 728/1615/46
f 735/1617/55 736/5351/55 737/1618/55
f 738/1620/43 739/5352/43 736/1621/43
f 738/1623/95 740/5353/95 741/1624/95
f 734/1626/6 737/5354/6 741/1627/6
f 738/1629/46 735/5355/46 734/1630/46
f 742/1632/55 743/5356/55 744/1633/55
f 747/1635/6 743/5357/6 742/1636/6
f 749/1638/95 747/5358/95 746/1639/95
f 744/1641/43 749/5359/43 748/1642/43
f 747/1644/46 749/5360/46 744/1645/46
f 742/1647/96 745/5361/96 748/1648/96
f 765/1650/55 766/5362/55 767/1651/55
f 769/1653/6 765/5363/6 764/1654/6
f 770/1656/95 771/5364/95 769/1657/95
f 766/1659/43 771/5365/43 770/1660/43
f 769/1662/46 771/5366/46 766/1663/46
f 773/1665/55 774/5367/55 775/1666/55
f 776/1668/43 777/5368/43 774/1669/43
f 776/1671/95 778/5369/95 779/1672/95
f 772/1674/6 775/5370/6 779/1675/6
f 776/1677/46 773/5371/46 772/1678/46
f 780/1680/55 781/5372/55 782/1681/55
f 785/1683/6 781/5373/6 780/1684/6
f 787/1686/95 785/5374/95 784/1687/95
f 782/1689/43 787/5375/43 786/1690/43
f 785/1692/46 787/5376/46 782/1693/46
f 780/1695/96 783/5377/96 786/1696/96
f 789/1698/55 790/5378/55 791/1699/55
f 793/1701/6 789/5379/6 788/1702/6
f 794/1704/385 795/5380/385 793/1705/385
f 790/1707/43 795/5381/43 794/1708/43
f 793/1710/46 795/5382/46 790/1711/46
f 797/1713/55 798/5383/55 799/1714/55
f 800/1716/43 801/5384/43 798/1717/43
f 800/1719/95 802/5385/95 803/1720/95
f 796/1722/6 799/5386/6 803/1723/6
f 800/1725/46 797/5387/46 796/1726/46
f 804/1728/55 805/5388/55 806/1729/55
f 809/1731/6 805/5389/6 804/1732/6
f 811/1734/95 809/5390/95 808/1735/95
f 806/1737/43 811/5391/43 810/1738/43
f 809/1740/46 811/5392/46 806/1741/46
f 804/1743/96 807/5393/96 810/1744/96
f 813/1746/55 814/5394/55 815/1747/55
f 817/1749/6 813/5395/6 812/1750/6
f 818/1752/95 819/5396/95 817/1753/95
f 814/1755/43 819/5397/43 818/1756/43
f 817/1758/46 819/5398/46 814/1759/46
f 821/1761/55 822/5399/55 823/1762/55
f 824/1764/43 825/5400/43 822/1765/43
f 824/1767/95 826/5401/95 827/1768/95
f 820/1770/6 823/5402/6 827/1771/6
f 824/1773/46 821/5403/46 820/1774/46
f 828/1776/55 829/5404/55 830/1777/55
f 833/1779/6 829/5405/6 828/1780/6
f 835/1782/95 833/5406/95 832/1783/95
f 830/1785/43 835/5407/43 834/1786/43
f 833/1788/46 835/5408/46 830/1789/46
f 828/1791/96 831/5409/96 834/1792/96
f 871/1794/6 719/5410/6 720/1795/6
f 752/1797/43 751/5411/43 873/1798/43
f 754/1800/46 875/5412/46 876/1801/46
f 871/1803/96 873/5413/96 751/1804/96
f 717/1806/43 721/5414/43 840/1807/43
f 754/1809/43 753/5415/43 837/1810/43
f 838/1812/96 837/5416/96 753/1813/96
f 874/1815/46 840/5417/46 721/1816/46
f 836/1818/6 872/5418/6 750/1819/6
f 876/1821/6 877/5419/6 718/1822/6
f 877/1824/96 836/5420/96 716/1825/96
f 872/1827/46 839/5421/46 720/1828/46
f 844/1830/43 843/5422/43 724/1831/43
f 756/1833/6 758/5423/6 846/1834/6
f 763/1836/46 723/5424/46 842/1837/46
f 844/1839/96 725/5425/96 756/1840/96
f 761/1842/6 881/5426/6 878/1843/6
f 763/1845/6 883/5427/6 841/1846/6
f 881/1848/96 761/5428/96 722/1849/96
f 846/1851/46 758/5429/46 757/1852/46
f 882/1854/43 762/5430/43 759/1855/43
f 842/1857/43 723/5431/43 760/1858/43
f 880/1860/96 760/5432/96 762/1861/96
f 879/1863/46 759/5433/46 724/1864/46
f 848/1866/55 849/5434/55 850/1867/55
f 852/1869/6 848/5435/6 847/1870/6
f 853/1872/95 854/5436/95 852/1873/95
f 849/1875/43 854/5437/43 853/1876/43
f 852/1878/46 854/5438/46 849/1879/46
f 856/1881/55 857/5439/55 858/1882/55
f 859/1884/43 860/5440/43 857/1885/43
f 859/1887/95 861/5441/95 862/1888/95
f 855/1890/6 858/5442/6 862/1891/6
f 859/1893/46 856/5443/46 855/1894/46
f 863/1896/55 864/5444/55 865/1897/55
f 868/1899/6 864/5445/6 863/1900/6
f 870/1902/95 868/5446/95 867/1903/95
f 865/1905/43 870/5447/43 869/1906/43
f 868/1908/46 870/5448/46 865/1909/46
f 863/1911/96 866/5449/96 869/1912/96
f 885/1914/55 886/5450/55 887/1915/55
f 889/1917/6 885/5451/6 884/1918/6
f 890/1920/385 891/5452/385 889/1921/385
f 886/1923/43 891/5453/43 890/1924/43
f 889/1926/46 891/5454/46 886/1927/46
f 893/1929/55 894/5455/55 895/1930/55
f 896/1932/43 897/5456/43 894/1933/43
f 896/1935/95 898/5457/95 899/1936/95
f 892/1938/6 895/5458/6 899/1939/6
f 896/1941/46 893/5459/46 892/1942/46
f 900/1944/55 901/5460/55 902/1945/55
f 905/1947/6 901/5461/6 900/1948/6
f 907/1950/95 905/5462/95 904/1951/95
f 902/1953/43 907/5463/43 906/1954/43
f 905/1956/46 907/5464/46 902/1957/46
f 900/1959/96 903/5465/96 906/1960/96
f 909/1962/55 910/5466/55 911/1963/55
f 913/1965/6 909/5467/6 908/1966/6
f 914/1968/95 915/5468/95 913/1969/95
f 910/1971/43 915/5469/43 914/1972/43
f 913/1974/46 915/5470/46 910/1975/46
f 917/1977/55 918/5471/55 919/1978/55
f 920/1980/43 921/5472/43 918/1981/43
f 920/1983/95 922/5473/95 923/1984/95
f 916/1986/6 919/5474/6 923/1987/6
f 920/1989/46 917/5475/46 916/1990/46
f 924/1992/55 925/5476/55 926/1993/55
f 929/1995/6 925/5477/6 924/1996/6
f 931/1998/95 929/5478/95 928/1999/95
f 926/2001/43 931/5479/43 930/2002/43
f 929/2004/46 931/5480/46 926/2005/46
f 924/2007/96 927/5481/96 930/2008/96
f 933/2010/55 934/5482/55 935/2011/55
f 937/2013/6 933/5483/6 932/2014/6
f 938/2016/95 939/5484/95 937/2017/95
f 934/2019/43 939/5485/43 938/2020/43
f 937/2022/46 939/5486/46 934/2023/46
f 941/2025/55 942/5487/55 943/2026/55
f 944/2028/43 945/5488/43 942/2029/43
f 944/2031/95 946/5489/95 947/2032/95
f 940/2034/6 943/5490/6 947/2035/6
f 944/2037/46 941/5491/46 940/2038/46
f 948/2040/55 949/5492/55 950/2041/55
f 953/2043/6 949/5493/6 948/2044/6
f 955/2046/95 953/5494/95 952/2047/95
f 950/2049/43 955/5495/43 954/2050/43
f 953/2052/46 955/5496/46 950/2053/46
f 948/2055/96 951/5497/96 954/2056/96
f 964/2061/6 963/5498/6 871/2062/6
f 873/2064/43 962/5499/43 967/2065/43
f 875/2067/46 957/5500/46 961/2068/46
f 963/2070/96 962/5501/96 873/2071/96
f 838/2073/43 840/5502/43 966/2074/43
f 875/2076/43 837/5503/43 958/2077/43
f 959/2079/96 958/5504/96 837/2080/96
f 967/2082/46 966/5505/46 840/2083/46
f 956/2085/6 965/5506/6 872/2086/6
f 961/2088/6 960/5507/6 877/2089/6
f 960/2091/96 956/5508/96 836/2092/96
f 965/2094/46 964/5509/46 839/2095/46
f 975/2100/43 974/5510/43 843/2101/43
f 845/2103/6 846/5511/6 979/2104/6
f 883/2106/46 842/5512/46 972/2107/46
f 978/2109/96 975/5513/96 844/2110/96
f 881/2112/6 971/5514/6 976/2113/6
f 883/2115/6 969/5515/6 968/2116/6
f 971/2118/96 881/5516/96 841/2119/96
f 979/2121/46 846/5517/46 878/2122/46
f 970/2124/43 882/5518/43 879/2125/43
f 972/2127/43 842/5519/43 880/2128/43
f 973/2130/96 880/5520/96 882/2131/96
f 977/2133/46 879/5521/46 843/2134/46
f 981/2136/55 982/5522/55 983/2137/55
f 985/2139/6 981/5523/6 980/2140/6
f 986/2142/385 987/5524/385 985/2143/385
f 982/2145/43 987/5525/43 986/2146/43
f 985/2148/46 987/5526/46 982/2149/46
f 989/2151/55 990/5527/55 991/2152/55
f 992/2154/43 993/5528/43 990/2155/43
f 992/2157/95 994/5529/95 995/2158/95
f 988/2160/6 991/5530/6 995/2161/6
f 992/2163/46 989/5531/46 988/2164/46
f 996/2166/55 997/5532/55 998/2167/55
f 1001/2169/6 997/5533/6 996/2170/6
f 1003/2172/95 1001/5534/95 1000/2173/95
f 998/2175/43 1003/5535/43 1002/2176/43
f 1001/2178/46 1003/5536/46 998/2179/46
f 996/2181/96 999/5537/96 1002/2182/96
f 1008/2218/107 1007/5538/107 1047/2219/107
f 1013/2221/108 1006/5539/108 1010/2222/108
f 1044/2224/46 2140/5540/46 2141/2225/46
f 1007/2227/96 1006/5541/96 1013/2228/96
f 1045/2230/108 1011/5542/108 2137/2231/108
f 2140/2233/108 1044/5543/108 1015/2234/108
f 2138/2236/96 2139/5544/96 1015/2237/96
f 1049/2239/46 1010/5545/46 2137/2240/46
f 1004/2242/107 1009/5546/107 1012/2243/107
f 2141/2245/107 1005/5547/107 1046/2246/107
f 1005/2248/96 1004/5548/96 1014/2249/96
f 1012/2251/46 1009/5549/46 1008/2252/46
f 2129/2261/108 2130/5550/108 1054/2262/108
f 1058/2264/107 1025/5551/107 2132/2265/107
f 1017/2267/46 1051/5552/46 1026/2268/46
f 1024/2270/96 2129/5553/96 1055/2271/96
f 1027/2273/107 1019/5554/107 1022/2274/107
f 1051/2276/107 1017/5555/107 2131/2277/107
f 2131/2279/96 1019/5556/96 1027/2280/96
f 2132/2282/46 1025/5557/46 1056/2283/46
f 1018/2285/108 1052/5558/108 1057/2286/108
f 1020/2288/108 1026/5559/108 1053/2289/108
f 1018/2291/96 1021/5560/96 1053/2292/96
f 1023/2294/46 1057/5561/46 1054/2295/46
f 1028/2297/110 1029/5562/110 1030/2298/110
f 1032/2300/111 1028/5563/111 2133/2301/111
f 1034/2303/386 1032/5564/386 1031/2304/386
f 1029/2306/117 1034/5565/117 1033/2307/117
f 1028/2309/46 1032/5566/46 1034/2310/46
f 1035/2312/110 2134/5567/110 2135/2313/110
f 1036/2315/117 1037/5568/117 2135/2316/117
f 1038/2318/112 1039/5569/112 1037/2319/112
f 1035/2321/107 2136/5570/107 1039/2322/107
f 1036/2324/46 2134/5571/46 1035/2325/46
f 2142/2327/115 2127/5572/115 2128/2328/115
f 1041/2330/107 2142/5573/107 2143/2331/107
f 1043/2333/116 1041/5574/116 1040/2334/116
f 2127/2336/108 1043/5575/108 1042/2337/108
f 2142/2339/46 1041/5576/46 1043/2340/46
f 2143/2342/96 2128/5577/96 1042/2343/96
f 1059/2345/118 1060/5578/118 1061/2346/118
f 1064/2348/111 1060/5579/111 1059/2349/111
f 1065/2351/121 1066/5580/121 1064/2352/121
f 1062/2354/108 1061/5581/108 1066/2355/108
f 1060/2357/46 1064/5582/46 1066/2358/46
f 1068/2360/118 1069/5583/118 1070/2361/118
f 1068/2363/108 1071/5584/108 1072/2364/108
f 1073/2366/387 1074/5585/387 1072/2367/387
f 1073/2369/107 1067/5586/107 1070/2370/107
f 1071/2372/46 1068/5587/46 1067/2373/46
f 1076/2375/122 1077/5588/122 1078/2376/122
f 1080/2378/107 1076/5589/107 1075/2379/107
f 1082/2381/123 1080/5590/123 1079/2382/123
f 1077/2384/117 1082/5591/117 1081/2385/117
f 1076/2387/46 1080/5592/46 1082/2388/46
f 1075/2390/96 1078/5593/96 1081/2391/96
f 1047/2393/107 1120/5594/107 1121/2394/107
f 1119/2396/108 1013/5595/108 1049/2397/108
f 1115/2399/46 1044/5596/46 1016/2400/46
f 1047/2402/96 1013/5597/96 1119/2403/96
f 1117/2405/108 1083/5598/108 1011/2406/108
f 1115/2408/108 1116/5599/108 1015/2409/108
f 1045/2411/96 1015/5600/96 1116/2412/96
f 1122/2414/46 1049/5601/46 1011/2415/46
f 1014/2417/107 1012/5602/107 1084/2418/107
f 1016/2420/107 1046/5603/107 1085/2421/107
f 1046/2423/96 1014/5604/96 1114/2424/96
f 1084/2426/46 1012/5605/46 1048/2427/46
f 1055/2429/117 1054/5606/117 1127/2430/117
f 1130/2432/111 1086/5607/111 1025/2433/111
f 1051/2435/46 1089/5608/46 1126/2436/46
f 1058/2438/96 1055/5609/96 1128/2439/96
f 1125/2441/111 1027/5610/111 1056/2442/111
f 1089/2444/111 1051/5611/111 1050/2445/111
f 1050/2447/96 1027/5612/96 1125/2448/96
f 1025/2450/46 1086/5613/46 1129/2451/46
f 1052/2453/117 1124/5614/117 1087/2454/117
f 1026/2456/117 1126/5615/117 1088/2457/117
f 1052/2459/96 1053/5616/96 1088/2460/96
f 1057/2462/46 1087/5617/46 1127/2463/46
f 1091/2465/124 1092/5618/124 1093/2466/124
f 1095/2468/111 1091/5619/111 1090/2469/111
f 1096/2471/125 1097/5620/125 1095/2472/125
f 1093/2474/117 1092/5621/117 1097/2475/117
f 1091/2477/46 1095/5622/46 1097/2478/46
f 1099/2480/388 1100/5623/388 1101/2481/388
f 1099/2483/108 1102/5624/108 1103/2484/108
f 1104/2486/125 1105/5625/125 1103/2487/125
f 1098/2489/107 1101/5626/107 1105/2490/107
f 1102/2492/46 1099/5627/46 1098/2493/46
f 1107/2495/128 1108/5628/128 1109/2496/128
f 1111/2498/129 1107/5629/129 1106/2499/129
f 1113/2501/130 1111/5630/130 1110/2502/130
f 1109/2504/117 1108/5631/117 1113/2505/117
f 1107/2507/46 1111/5632/46 1113/2508/46
f 1106/2510/96 1109/5633/96 1112/2511/96
f 1132/2513/389 1133/5634/389 1134/2514/389
f 1136/2516/111 1132/5635/111 1131/2517/111
f 1138/2519/390 1136/5636/390 1135/2520/390
f 1134/2522/117 1133/5637/117 1138/2523/117
f 1132/2525/46 1136/5638/46 1138/2526/46
f 1140/2528/131 1141/5639/131 1142/2529/131
f 1143/2531/391 1144/5640/391 1141/2532/391
f 1145/2534/390 1146/5641/390 1144/2535/390
f 1145/2537/129 1139/5642/129 1142/2538/129
f 1143/2540/46 1140/5643/46 1139/2541/46
f 1148/2543/134 1149/5644/134 1150/2544/134
f 1151/2546/135 1152/5645/135 1148/2547/135
f 1154/2549/136 1152/5646/136 1151/2550/136
f 1150/2552/137 1149/5647/137 1154/2553/137
f 1148/2555/46 1152/5648/46 1154/2556/46
f 1147/2558/96 1150/5649/96 1153/2559/96
f 1120/2561/138 1191/5650/138 1155/2562/138
f 1157/2564/139 1119/5651/139 1122/2565/139
f 1160/2567/46 1188/5652/46 1115/2568/46
f 1191/2570/96 1120/5653/96 1119/2571/96
f 1159/2573/139 1192/5654/139 1083/2574/139
f 1188/2576/139 1189/5655/139 1116/2577/139
f 1159/2579/96 1117/5656/96 1116/2580/96
f 1122/2582/46 1083/5657/46 1192/2583/46
f 1114/2585/138 1084/5658/138 1156/2586/138
f 1118/2588/138 1085/5659/138 1190/2589/138
f 1190/2591/96 1085/5660/96 1114/2592/96
f 1084/2594/46 1121/5661/46 1155/2595/46
f 1161/2597/139 1128/5662/139 1127/2598/139
f 1162/2600/138 1163/5663/138 1086/2601/138
f 1195/2603/46 1198/5664/46 1126/2604/46
f 1128/2606/96 1161/5665/96 1162/2607/96
f 1197/2609/138 1125/5666/138 1129/2610/138
f 1195/2612/138 1089/5667/138 1123/2613/138
f 1125/2615/96 1197/5668/96 1194/2616/96
f 1129/2618/46 1086/5669/46 1163/2619/46
f 1124/2621/139 1196/5670/139 1202/2622/139
f 1126/2624/139 1198/5671/139 1199/2625/139
f 1088/2627/96 1199/5672/96 1196/2628/96
f 1127/2630/46 1087/5673/46 1202/2631/46
f 1164/2633/392 1165/5674/392 1166/2634/392
f 1168/2636/141 1169/5675/141 1165/2637/141
f 1171/2639/393 1169/5676/393 1168/2640/393
f 1166/2642/143 1171/5677/143 1170/2643/143
f 1169/2645/46 1171/5678/46 1166/2646/46
f 1173/2648/140 1174/5679/140 1175/2649/140
f 1176/2651/144 1177/5680/144 1174/2652/144
f 1178/2654/142 1179/5681/142 1177/2655/142
f 1172/2657/145 1175/5682/145 1179/2658/145
f 1178/2660/46 1176/5683/46 1173/2661/46
f 1180/2663/146 1181/5684/146 1182/2664/146
f 1185/2666/145 1181/5685/145 1180/2667/145
f 1187/2669/147 1185/5686/147 1184/2670/147
f 1182/2672/148 1187/5687/148 1186/2673/148
f 1185/2675/46 1187/5688/46 1182/2676/46
f 1184/2678/96 1180/5689/96 1183/2679/96
f 1204/2681/394 1205/5690/394 1206/2682/394
f 1208/2684/150 1204/5691/150 1203/2685/150
f 1210/2687/155 1208/5692/155 1207/2688/155
f 1206/2690/152 1205/5693/152 1210/2691/152
f 1208/2693/46 1210/5694/46 1205/2694/46
f 1212/2696/395 1213/5695/395 1214/2697/395
f 1215/2699/154 1216/5696/154 1213/2700/154
f 1217/2702/151 1218/5697/151 1216/2703/151
f 1217/2705/156 1211/5698/156 1214/2706/156
f 1217/2708/46 1215/5699/46 1212/2709/46
f 1220/2711/157 1221/5700/157 1222/2712/157
f 1224/2714/156 1220/5701/156 1219/2715/156
f 1226/2717/158 1224/5702/158 1223/2718/158
f 1221/2720/152 1226/5703/152 1225/2721/152
f 1224/2723/46 1226/5704/46 1221/2724/46
f 1223/2726/96 1219/5705/96 1222/2727/96
f 1191/2729/150 1262/5706/150 1227/2730/150
f 1228/2732/152 1157/5707/152 1193/2733/152
f 1258/2735/46 1188/5708/46 1160/2736/46
f 1191/2738/96 1157/5709/96 1228/2739/96
f 1260/2741/152 1264/5710/152 1192/2742/152
f 1258/2744/152 1259/5711/152 1189/2745/152
f 1159/2747/96 1189/5712/96 1259/2748/96
f 1265/2750/46 1193/5713/46 1192/2751/46
f 1158/2753/150 1156/5714/150 1263/2754/150
f 1160/2756/150 1190/5715/150 1261/2757/150
f 1190/2759/96 1158/5716/96 1229/2760/96
f 1263/2762/46 1156/5717/46 1155/2763/46
f 1161/2765/152 1200/5718/152 1270/2766/152
f 1231/2768/150 1274/5719/150 1163/2769/150
f 1195/2771/46 1233/5720/46 1232/2772/46
f 1162/2774/96 1161/5721/96 1271/2775/96
f 1268/2777/150 1197/5722/150 1201/2778/150
f 1233/2780/150 1195/5723/150 1194/2781/150
f 1194/2783/96 1197/5724/96 1268/2784/96
f 1163/2786/46 1274/5725/46 1272/2787/46
f 1196/2789/152 1267/5726/152 1273/2790/152
f 1198/2792/152 1232/5727/152 1269/2793/152
f 1196/2795/96 1199/5728/96 1269/2796/96
f 1202/2798/46 1273/5729/46 1270/2799/46
f 1235/2801/161 1236/5730/161 1237/2802/161
f 1238/2804/396 1239/5731/396 1235/2805/396
f 1241/2807/397 1239/5732/397 1238/2808/397
f 1236/2810/154 1241/5733/154 1240/2811/154
f 1235/2813/46 1239/5734/46 1241/2814/46
f 1242/2816/161 1243/5735/161 1244/2817/161
f 1246/2819/152 1247/5736/152 1244/2820/152
f 1248/2822/397 1249/5737/397 1247/2823/397
f 1248/2825/150 1242/5738/150 1245/2826/150
f 1246/2828/46 1243/5739/46 1242/2829/46
f 1251/2831/162 1252/5740/162 1253/2832/162
f 1254/2834/150 1255/5741/150 1251/2835/150
f 1257/2837/163 1255/5742/163 1254/2838/163
f 1252/2840/154 1257/5743/154 1256/2841/154
f 1251/2843/46 1255/5744/46 1257/2844/46
f 1250/2846/96 1253/5745/96 1256/2847/96
f 1276/2849/164 1277/5746/164 1278/2850/164
f 1279/2852/156 1280/5747/156 1276/2853/156
f 1282/2855/166 1280/5748/166 1279/2856/166
f 1277/2858/169 1282/5749/169 1281/2859/169
f 1276/2861/46 1280/5750/46 1282/2862/46
f 1284/2864/164 1285/5751/164 1286/2865/164
f 1284/2867/143 1287/5752/143 1288/2868/143
f 1289/2870/166 1290/5753/166 1288/2871/166
f 1289/2873/141 1283/5754/141 1286/2874/141
f 1287/2876/46 1284/5755/46 1283/2877/46
f 1292/2879/167 1293/5756/167 1294/2880/167
f 1296/2882/141 1292/5757/141 1291/2883/141
f 1298/2885/168 1296/5758/168 1295/2886/168
f 1293/2888/169 1298/5759/169 1297/2889/169
f 1292/2891/46 1296/5760/46 1298/2892/46
f 1291/2894/96 1294/5761/96 1297/2895/96
f 1262/2897/170 1333/5762/170 1334/2898/170
f 1332/2900/171 1228/5763/171 1265/2901/171
f 1331/2903/46 1301/5764/46 1258/2904/46
f 1333/2906/96 1262/5765/96 1228/2907/96
f 1329/2909/171 1336/5766/171 1264/2910/171
f 1301/2912/171 1300/5767/171 1259/2913/171
f 1329/2915/96 1260/5768/96 1259/2916/96
f 1265/2918/46 1264/5769/46 1336/2919/46
f 1229/2921/170 1263/5770/170 1335/2922/170
f 1230/2924/170 1261/5771/170 1330/2925/170
f 1330/2927/96 1261/5772/96 1229/2928/96
f 1263/2930/46 1227/5773/46 1334/2931/46
f 1271/2933/171 1270/5774/171 1341/2934/171
f 1345/2936/170 1346/5775/170 1274/2937/170
f 1338/2939/46 1302/5776/46 1232/2940/46
f 1271/2942/96 1342/5777/96 1345/2943/96
f 1339/2945/170 1268/5778/170 1272/2946/170
f 1338/2948/170 1233/5779/170 1266/2949/170
f 1268/2951/96 1339/5780/96 1337/2952/96
f 1272/2954/46 1274/5781/46 1346/2955/46
f 1267/2957/171 1303/5782/171 1344/2958/171
f 1269/2960/171 1232/5783/171 1302/2961/171
f 1269/2963/96 1340/5784/96 1303/2964/96
f 1270/2966/46 1273/5785/46 1344/2967/46
f 1305/2969/176 1306/5786/176 1307/2970/176
f 1308/2972/184 1309/5787/184 1305/2973/184
f 1311/2975/178 1309/5788/178 1308/2976/178
f 1306/2978/175 1311/5789/175 1310/2979/175
f 1309/2981/46 1311/5790/46 1306/2982/46
f 1313/2984/172 1314/5791/172 1315/2985/172
f 1316/2987/177 1317/5792/177 1314/2988/177
f 1316/2990/174 1318/5793/174 1319/2991/174
f 1312/2993/179 1315/5794/179 1319/2994/179
f 1318/2996/46 1316/5795/46 1313/2997/46
f 1321/2999/180 1322/5796/180 1323/3000/180
f 1325/3002/179 1321/5797/179 1320/3003/179
f 1327/3005/181 1325/5798/181 1324/3006/181
f 1322/3008/182 1327/5799/182 1326/3009/182
f 1325/3011/46 1327/5800/46 1322/3012/46
f 1324/3014/96 1320/5801/96 1323/3015/96
f 1348/3017/398 1349/5802/398 1350/3018/398
f 1352/3020/184 1348/5803/184 1347/3021/184
f 1353/3023/185 1354/5804/185 1352/3024/185
f 1350/3026/186 1349/5805/186 1354/3027/186
f 1352/3029/46 1354/5806/46 1349/3030/46
f 1356/3032/183 1357/5807/183 1358/3033/183
f 1359/3035/186 1360/5808/186 1357/3036/186
f 1359/3038/185 1361/5809/185 1362/3039/185
f 1355/3041/184 1358/5810/184 1362/3042/184
f 1361/3044/46 1359/5811/46 1356/3045/46
f 1364/3047/187 1365/5812/187 1366/3048/187
f 1368/3050/179 1364/5813/179 1363/3051/179
f 1370/3053/188 1368/5814/188 1367/3054/188
f 1365/3056/186 1370/5815/186 1369/3057/186
f 1368/3059/46 1370/5816/46 1365/3060/46
f 1367/3062/96 1363/5817/96 1366/3063/96
f 1333/3065/184 1407/5818/184 1371/3066/184
f 1406/3068/186 1332/5819/186 1299/3069/186
f 1375/3071/46 1301/5820/46 1331/3072/46
f 1333/3074/96 1332/5821/96 1406/3075/96
f 1374/3077/186 1372/5822/186 1336/3078/186
f 1375/3080/186 1404/5823/186 1300/3081/186
f 1329/3083/96 1300/5824/96 1404/3084/96
f 1408/3086/46 1299/5825/46 1336/3087/46
f 1328/3089/184 1335/5826/184 1373/3090/184
f 1331/3092/184 1330/5827/184 1405/3093/184
f 1330/3095/96 1328/5828/96 1403/3096/96
f 1373/3098/46 1335/5829/46 1334/3099/46
f 1342/3101/186 1341/5830/186 1415/3102/186
f 1418/3104/184 1378/5831/184 1346/3105/184
f 1338/3107/46 1410/5832/46 1413/3108/46
f 1345/3110/96 1342/5833/96 1377/3111/96
f 1412/3113/184 1339/5834/184 1343/3114/184
f 1410/3116/184 1338/5835/184 1337/3117/184
f 1337/3119/96 1339/5836/96 1412/3120/96
f 1346/3122/46 1378/5837/46 1416/3123/46
f 1303/3125/186 1411/5838/186 1417/3126/186
f 1302/3128/186 1413/5839/186 1414/3129/186
f 1303/3131/96 1340/5840/96 1414/3132/96
f 1344/3134/46 1417/5841/46 1415/3135/46
f 1379/3137/399 1380/5842/399 1381/3138/399
f 1384/3140/184 1380/5843/184 1379/3141/184
f 1386/3143/190 1384/5844/190 1383/3144/190
f 1381/3146/186 1386/5845/186 1385/3147/186
f 1380/3149/46 1384/5846/46 1386/3150/46
f 1388/3152/189 1389/5847/189 1390/3153/189
f 1388/3155/186 1391/5848/186 1392/3156/186
f 1391/3158/400 1393/5849/400 1394/3159/400
f 1387/3161/184 1390/5850/184 1394/3162/184
f 1391/3164/46 1388/5851/46 1387/3165/46
f 1396/3167/192 1397/5852/192 1398/3168/192
f 1400/3170/184 1396/5853/184 1395/3171/184
f 1402/3173/193 1400/5854/193 1399/3174/193
f 1397/3176/186 1402/5855/186 1401/3177/186
f 1396/3179/46 1400/5856/46 1402/3180/46
f 1395/3182/96 1398/5857/96 1401/3183/96
f 1419/3185/401 1420/5858/401 1421/3186/401
f 1423/3188/179 1424/5859/179 1420/3189/179
f 1426/3191/195 1424/5860/195 1423/3192/195
f 1421/3194/177 1426/5861/177 1425/3195/177
f 1420/3197/46 1424/5862/46 1426/3198/46
f 1428/3200/401 1429/5863/401 1430/3201/401
f 1431/3203/175 1432/5864/175 1429/3204/175
f 1431/3206/195 1433/5865/195 1434/3207/195
f 1433/3209/173 1427/5866/173 1430/3210/173
f 1431/3212/46 1428/5867/46 1427/3213/46
f 1436/3215/196 1437/5868/196 1438/3216/196
f 1439/3218/197 1440/5869/197 1436/3219/197
f 1442/3221/198 1440/5870/198 1439/3222/198
f 1437/3224/177 1442/5871/177 1441/3225/177
f 1436/3227/46 1440/5872/46 1442/3228/46
f 1435/3230/96 1438/5873/96 1441/3231/96
f 1407/3233/199 1483/5874/199 1443/3234/199
f 1446/3236/200 1445/5875/200 1406/3237/200
f 1451/3239/46 1450/5876/46 1375/3240/46
f 1483/3242/96 1407/5877/96 1406/3243/96
f 1374/3245/200 1448/5878/200 1484/3246/200
f 1450/3248/200 1449/5879/200 1404/3249/200
f 1448/3251/96 1374/5880/96 1404/3252/96
f 1408/3254/46 1372/5881/46 1484/3255/46
f 1403/3257/199 1373/5882/199 1444/3258/199
f 1376/3260/199 1405/5883/199 1452/3261/199
f 1452/3263/96 1405/5884/96 1403/3264/96
f 1373/3266/46 1371/5885/46 1443/3267/46
f 1377/3269/200 1415/5886/200 1454/3270/200
f 1489/3272/199 1490/5887/199 1378/3273/199
f 1485/3275/46 1457/5888/46 1413/3276/46
f 1377/3278/96 1453/5889/96 1489/3279/96
f 1487/3281/199 1412/5890/199 1416/3282/199
f 1458/3284/199 1485/5891/199 1410/3285/199
f 1412/3287/96 1487/5892/96 1458/3288/96
f 1416/3290/46 1378/5893/46 1490/3291/46
f 1417/3293/200 1411/5894/200 1486/3294/200
f 1414/3296/200 1413/5895/200 1457/3297/200
f 1414/3299/96 1456/5896/96 1486/3300/96
f 1415/3302/46 1417/5897/46 1455/3303/46
f 1460/3305/201 1461/5898/201 1462/3306/201
f 1463/3308/202 1464/5899/202 1460/3309/202
f 1466/3311/203 1464/5900/203 1463/3312/203
f 1461/3314/204 1466/5901/204 1465/3315/204
f 1464/3317/46 1466/5902/46 1461/3318/46
f 1468/3320/201 1469/5903/201 1470/3321/201
f 1471/3323/205 1472/5904/205 1469/3324/205
f 1471/3326/402 1473/5905/402 1474/3327/402
f 1473/3329/206 1467/5906/206 1470/3330/206
f 1473/3332/46 1471/5907/46 1468/3333/46
f 1476/3335/207 1477/5908/207 1478/3336/207
f 1480/3338/208 1476/5909/208 1475/3339/208
f 1481/3341/209 1482/5910/209 1480/3342/209
f 1477/3344/204 1482/5911/204 1481/3345/204
f 1480/3347/46 1482/5912/46 1477/3348/46
f 1479/3350/96 1475/5913/96 1478/3351/96
f 1492/3353/213 1493/5914/213 1494/3354/213
f 1495/3356/202 1496/5915/202 1492/3357/202
f 1498/3359/211 1496/5916/211 1495/3360/211
f 1493/3362/205 1498/5917/205 1497/3363/205
f 1496/3365/46 1498/5918/46 1493/3366/46
f 1499/3368/213 1500/5919/213 1501/3369/213
f 1503/3371/205 1504/5920/205 1501/3372/205
f 1505/3374/211 1506/5921/211 1504/3375/211
f 1499/3377/206 1502/5922/206 1506/3378/206
f 1505/3380/46 1503/5923/46 1500/3381/46
f 1508/3383/214 1509/5924/214 1510/3384/214
f 1511/3386/206 1512/5925/206 1508/3387/206
f 1514/3389/215 1512/5926/215 1511/3390/215
f 1509/3392/212 1514/5927/212 1513/3393/212
f 1512/3395/46 1514/5928/46 1509/3396/46
f 1511/3398/96 1507/5929/96 1510/3399/96
f 1483/3401/206 1515/5930/206 1553/3402/206
f 1551/3404/205 1445/5931/205 1446/3405/205
f 1550/3407/46 1518/5932/46 1450/3408/46
f 1515/3410/96 1483/5933/96 1445/3411/96
f 1517/3413/205 1552/5934/205 1484/3414/205
f 1518/3416/205 1549/5935/205 1449/3417/205
f 1448/3419/96 1449/5936/96 1549/3420/96
f 1516/3422/46 1446/5937/46 1484/3423/46
f 1447/3425/206 1444/5938/206 1583/3426/206
f 1451/3428/206 1452/5939/206 1582/3429/206
f 1582/3431/96 1452/5940/96 1447/3432/96
f 1444/3434/46 1443/5941/46 1553/3435/46
f 1453/3437/205 1454/5942/205 1519/3438/205
f 1564/3440/206 1520/5943/206 1490/3441/206
f 1485/3443/46 1559/5944/46 1522/3444/46
f 1489/3446/96 1453/5945/96 1561/3447/96
f 1523/3449/206 1487/5946/206 1488/3450/206
f 1558/3452/206 1559/5947/206 1485/3453/206
f 1458/3455/96 1487/5948/96 1523/3456/96
f 1490/3458/46 1520/5949/46 1562/3459/46
f 1486/3461/205 1560/5950/205 1563/3462/205
f 1457/3464/205 1522/5951/205 1521/3465/205
f 1486/3467/96 1456/5952/96 1521/3468/96
f 1455/3470/46 1563/5953/46 1519/3471/46
f 1524/3473/403 1525/5954/403 1526/3474/403
f 1528/3476/206 1529/5955/206 1525/3477/206
f 1531/3479/404 1529/5956/404 1528/3480/404
f 1526/3482/205 1531/5957/205 1530/3483/205
f 1525/3485/46 1529/5958/46 1531/3486/46
f 1532/3488/218 1533/5959/218 1534/3489/218
f 1536/3491/205 1537/5960/205 1534/3492/205
f 1538/3494/217 1539/5961/217 1537/3495/217
f 1538/3497/206 1532/5962/206 1535/3498/206
f 1536/3500/46 1533/5963/46 1532/3501/46
f 1541/3503/219 1542/5964/219 1543/3504/219
f 1544/3506/206 1545/5965/206 1541/3507/206
f 1547/3509/220 1545/5966/220 1544/3510/220
f 1542/3512/205 1547/5967/205 1546/3513/205
f 1541/3515/46 1545/5968/46 1547/3516/46
f 1540/3518/96 1543/5969/96 1546/3519/96
f 1555/3521/221 1551/5970/221 1516/3522/221
f 1517/3530/222 1556/3557/222 1554/3531/222
f 1557/3533/212 544/5971/212 1549/3534/212
f 1556/3536/96 1517/5972/96 1549/3537/96
f 1516/3538/46 1552/5973/46 1554/3539/46
f 1565/3541/223 1566/5974/223 1567/3542/223
f 1570/3544/206 1566/5975/206 1565/3545/206
f 1572/3547/224 1570/5976/224 1569/3548/224
f 1567/3550/205 1572/5977/205 1571/3551/205
f 1566/3553/46 1570/5978/46 1572/3554/46
f 1575/3558/225 1576/5979/225 1577/3559/225
f 1579/3561/202 1575/5980/202 1574/3562/202
f 1581/3564/226 1579/5981/226 1578/3565/226
f 1576/3567/205 1581/5982/205 1580/3568/205
f 1575/3570/46 1579/5983/46 1581/3571/46
f 1574/3573/96 1577/5984/96 1580/3574/96
f 1561/3576/227 1519/5985/227 1607/3577/227
f 1611/3579/228 1612/5986/228 1520/3580/228
f 1585/3582/46 1605/5987/46 1522/3583/46
f 1561/3585/96 1608/5988/96 1611/3586/96
f 1604/3588/228 1523/5989/228 1562/3589/228
f 1585/3591/228 1559/5990/228 1558/3592/228
f 1523/3594/96 1604/5991/96 1602/3595/96
f 1562/3597/46 1520/5992/46 1612/3598/46
f 1560/3600/227 1603/5993/227 1610/3601/227
f 1522/3603/227 1605/5994/227 1606/3604/227
f 1521/3606/96 1606/5995/96 1603/3607/96
f 1519/3609/46 1563/5996/46 1610/3610/46
f 1587/3612/229 1588/5997/229 1589/3613/229
f 1590/3615/230 1591/5998/230 1587/3616/230
f 1592/3618/231 1593/5999/231 1591/3619/231
f 1588/3621/232 1593/6000/232 1592/3622/232
f 1591/3624/46 1593/6001/46 1588/3625/46
f 1595/3627/233 1596/6002/233 1597/3628/233
f 1599/3630/234 1595/6003/234 1594/3631/234
f 1601/3633/235 1599/6004/235 1598/3634/235
f 1596/3636/236 1601/6005/236 1600/3637/236
f 1599/3639/46 1601/6006/46 1596/3640/46
f 1598/3642/96 1594/6007/96 1597/3643/96
f 1614/3645/237 1615/6008/237 1616/3646/237
f 1618/3648/238 1614/6009/238 1613/3649/238
f 1620/3651/405 1618/6010/405 1617/3652/405
f 1615/3654/240 1620/6011/240 1619/3655/240
f 1618/3657/46 1620/6012/46 1615/3658/46
f 1622/3660/241 1623/6013/241 1624/3661/241
f 1626/3663/242 1622/6014/242 1621/3664/242
f 1628/3666/243 1626/6015/243 1625/3667/243
f 1623/3669/240 1628/6016/240 1627/3670/240
f 1626/3672/46 1628/6017/46 1623/3673/46
f 1625/3675/96 1621/6018/96 1624/3676/96
f 1608/3678/240 1607/6019/240 1653/3679/240
f 1655/3681/238 1656/6020/238 1612/3682/238
f 1649/3684/46 1651/6021/46 1605/3685/46
f 1608/3687/96 1654/6022/96 1655/3688/96
f 1650/3690/238 1604/6023/238 1609/3691/238
f 1648/3693/238 1649/6024/238 1585/3694/238
f 1604/3696/96 1650/6025/96 1648/3697/96
f 1609/3699/46 1612/6026/46 1656/3700/46
f 1603/3702/240 1631/6027/240 1630/3703/240
f 1605/3705/240 1651/6028/240 1652/3706/240
f 1606/3708/96 1652/6029/96 1631/3709/96
f 1607/3711/46 1610/6030/46 1630/3712/46
f 1632/3714/406 1633/6031/406 1634/3715/406
f 1637/3717/238 1633/6032/238 1632/3718/238
f 1639/3720/407 1637/6033/407 1636/3721/407
f 1635/3723/240 1634/6034/240 1639/3724/240
f 1637/3726/46 1639/6035/46 1634/3727/46
f 1641/3729/246 1642/6036/246 1643/3730/246
f 1645/3732/238 1641/6037/238 1640/3733/238
f 1647/3735/247 1645/6038/247 1644/3736/247
f 1642/3738/240 1647/6039/240 1646/3739/240
f 1645/3741/46 1647/6040/46 1642/3742/46
f 1644/3744/96 1640/6041/96 1643/3745/96
f 1658/3747/408 1659/6042/408 1660/3748/408
f 1661/3750/242 1662/6043/242 1658/3751/242
f 1663/3753/249 1664/6044/249 1662/3754/249
f 1659/3756/250 1664/6045/250 1663/3757/250
f 1658/3759/46 1662/6046/46 1664/3760/46
f 1666/3762/251 1667/6047/251 1668/3763/251
f 1669/3765/238 1670/6048/238 1666/3766/238
f 1672/3768/252 1670/6049/252 1669/3769/252
f 1667/3771/250 1672/6050/250 1671/3772/250
f 1666/3774/46 1670/6051/46 1672/3775/46
f 1665/3777/96 1668/6052/96 1671/3778/96
f 1654/3780/253 1653/6053/253 1696/3781/253
f 1673/3783/254 1700/6054/254 1656/3784/254
f 1649/3786/46 1693/6055/46 1674/3787/46
f 1655/3789/96 1654/6056/96 1697/3790/96
f 1694/3792/254 1650/6057/254 1629/3793/254
f 1693/3795/254 1649/6058/254 1648/3796/254
f 1648/3798/96 1650/6059/96 1694/3799/96
f 1656/3801/46 1700/6060/46 1698/3802/46
f 1631/3804/253 1675/6061/253 1699/3805/253
f 1651/3807/253 1674/6062/253 1695/3808/253
f 1631/3810/96 1652/6063/96 1695/3811/96
f 1630/3813/46 1699/6064/46 1696/3814/46
f 1676/3816/255 1677/6065/255 1678/3817/255
f 1681/3819/242 1677/6066/242 1676/3820/242
f 1682/3822/256 1683/6067/256 1681/3823/256
f 1679/3825/250 1678/6068/250 1683/3826/250
f 1677/3828/46 1681/6069/46 1683/3829/46
f 1685/3831/257 1686/6070/257 1687/3832/257
f 1689/3834/258 1685/6071/258 1684/3835/258
f 1691/3837/259 1689/6072/259 1688/3838/259
f 1686/3840/260 1691/6073/260 1690/3841/260
f 1685/3843/46 1689/6074/46 1691/3844/46
f 1684/3846/96 1687/6075/96 1690/3847/96
f 1701/3849/261 1702/6076/261 1703/3850/261
f 1706/3852/262 1702/6077/262 1701/3853/262
f 1708/3855/263 1706/6078/263 1705/3856/263
f 1703/3858/264 1708/6079/264 1707/3859/264
f 1706/3861/46 1708/6080/46 1703/3862/46
f 1710/3864/265 1711/6081/265 1712/3865/265
f 1714/3867/266 1710/6082/266 1709/3868/266
f 1715/3870/267 1716/6083/267 1714/3871/267
f 1711/3873/264 1716/6084/264 1715/3874/264
f 1714/3876/46 1716/6085/46 1711/3877/46
f 1713/3879/96 1709/6086/96 1712/3880/96
f 1697/3882/264 1696/6087/264 1717/3883/264
f 1718/3885/268 1744/6088/268 1700/3886/268
f 1724/3888/46 1722/6089/46 1674/3889/46
f 1697/3891/96 1743/6090/96 1718/3892/96
f 1742/3894/268 1694/6091/268 1698/3895/268
f 1724/3897/268 1693/6092/268 1692/3898/268
f 1694/3900/96 1742/6093/96 1741/3901/96
f 1698/3903/46 1700/6094/46 1744/3904/46
f 1675/3906/271 1723/6095/271 1720/3907/271
f 1674/3909/264 1722/6096/264 1721/3910/264
f 1695/3912/96 1721/6097/96 1723/3913/96
f 1696/3915/46 1699/6098/46 1720/3916/46
f 1726/3918/269 1727/6099/269 1728/3919/269
f 1730/3921/268 1726/6100/268 1725/3922/268
f 1732/3924/270 1730/6101/270 1729/3925/270
f 1728/3927/271 1727/6102/271 1732/3928/271
f 1730/3930/46 1732/6103/46 1727/3931/46
f 1734/3933/272 1735/6104/272 1736/3934/272
f 1738/3936/268 1734/6105/268 1733/3937/268
f 1740/3939/273 1738/6106/273 1737/3940/273
f 1735/3942/271 1740/6107/271 1739/3943/271
f 1738/3945/46 1740/6108/46 1735/3946/46
f 1737/3948/96 1733/6109/96 1736/3949/96
f 1746/3951/409 1747/6110/409 1748/3952/409
f 1749/3954/268 1750/6111/268 1746/3955/268
f 1752/3957/275 1750/6112/275 1749/3958/275
f 1747/3960/271 1752/6113/271 1751/3961/271
f 1746/3963/46 1750/6114/46 1752/3964/46
f 1754/3966/276 1755/6115/276 1756/3967/276
f 1758/3969/268 1754/6116/268 1753/3970/268
f 1760/3972/277 1758/6117/277 1757/3973/277
f 1755/3975/271 1760/6118/271 1759/3976/271
f 1754/3978/46 1758/6119/46 1760/3979/46
f 1753/3981/96 1756/6120/96 1759/3982/96
f 1743/3984/271 1717/6121/271 1784/3985/271
f 1787/3987/268 1788/6122/268 1744/3988/268
f 1724/3990/46 1780/6123/46 1762/3991/46
f 1718/3993/96 1743/6124/96 1761/3994/96
f 1782/3996/268 1742/6125/268 1719/3997/268
f 1780/3999/268 1724/6126/268 1741/4000/268
f 1741/4002/96 1742/6127/96 1782/4003/96
f 1744/4005/46 1788/6128/46 1785/4006/46
f 1723/4008/271 1781/6129/271 1786/4009/271
f 1722/4011/271 1762/6130/271 1783/4012/271
f 1723/4014/96 1721/6131/96 1783/4015/96
f 1720/4017/46 1786/6132/46 1784/4018/46
f 1763/4020/278 1764/6133/278 1765/4021/278
f 1767/4023/268 1768/6134/268 1764/4024/268
f 1770/4026/279 1768/6135/279 1767/4027/279
f 1765/4029/271 1770/6136/271 1769/4030/271
f 1764/4032/46 1768/6137/46 1770/4033/46
f 1772/4035/280 1773/6138/280 1774/4036/280
f 1775/4038/262 1776/6139/262 1772/4039/262
f 1778/4041/281 1776/6140/281 1775/4042/281
f 1773/4044/282 1778/6141/282 1777/4045/282
f 1772/4047/46 1776/6142/46 1778/4048/46
f 1771/4050/96 1774/6143/96 1777/4051/96
f 1790/4053/283 1791/6144/283 1792/4054/283
f 1794/4056/284 1790/6145/284 1789/4057/284
f 1796/4059/285 1794/6146/285 1793/4060/285
f 1791/4062/286 1796/6147/286 1795/4063/286
f 1794/4065/46 1796/6148/46 1791/4066/46
f 1798/4068/287 1799/6149/287 1800/4069/287
f 1802/4071/288 1798/6150/288 1797/4072/288
f 1804/4074/289 1802/6151/289 1801/4075/289
f 1800/4077/290 1799/6152/290 1804/4078/290
f 1802/4080/46 1804/6153/46 1799/4081/46
f 1801/4083/96 1797/6154/96 1800/4084/96
f 1761/4086/291 1784/6155/291 1827/4087/291
f 1831/4089/292 1832/6156/292 1788/4090/292
f 1807/4092/46 1825/6157/46 1762/4093/46
f 1761/4095/96 1828/6158/96 1831/4096/96
f 1805/4098/292 1782/6159/292 1785/4099/292
f 1807/4101/292 1780/6160/292 1779/4102/292
f 1782/4104/96 1805/6161/96 1824/4105/96
f 1785/4107/46 1788/6162/46 1832/4108/46
f 1781/4110/291 1806/6163/291 1830/4111/291
f 1783/4113/291 1762/6164/291 1825/4114/291
f 1783/4116/96 1826/6165/96 1806/4117/96
f 1784/4119/46 1786/6166/46 1830/4120/46
f 1809/4122/410 1810/6167/410 1811/4123/410
f 1813/4125/284 1809/6168/284 1808/4126/284
f 1815/4128/411 1813/6169/411 1812/4129/411
f 1811/4131/286 1810/6170/286 1815/4132/286
f 1813/4134/46 1815/6171/46 1810/4135/46
f 1817/4137/295 1818/6172/295 1819/4138/295
f 1821/4140/296 1817/6173/296 1816/4141/296
f 1823/4143/297 1821/6174/297 1820/4144/297
f 1818/4146/286 1823/6175/286 1822/4147/286
f 1821/4149/46 1823/6176/46 1818/4150/46
f 1820/4152/96 1816/6177/96 1819/4153/96
f 1833/4155/412 1834/6178/412 1835/4156/412
f 1838/4158/284 1834/6179/284 1833/4159/284
f 1840/4161/299 1838/6180/299 1837/4162/299
f 1835/4164/300 1840/6181/300 1839/4165/300
f 1838/4167/46 1840/6182/46 1835/4168/46
f 1842/4170/301 1843/6183/301 1844/4171/301
f 1846/4173/296 1842/6184/296 1841/4174/296
f 1848/4176/302 1846/6185/302 1845/4177/302
f 1843/4179/300 1848/6186/300 1847/4180/300
f 1846/4182/46 1848/6187/46 1843/4183/46
f 1845/4185/96 1841/6188/96 1844/4186/96
f 1828/4188/300 1827/6189/300 1875/4189/300
f 1831/4191/296 1849/6190/296 1851/4192/296
f 1807/4194/46 1855/6191/46 1873/4195/46
f 1831/4197/96 1828/6192/96 1876/4198/96
f 1850/4200/296 1853/6193/296 1805/4201/296
f 1855/4203/296 1807/6194/296 1824/4204/296
f 1824/4206/96 1805/6195/96 1853/4207/96
f 1832/4209/46 1851/6196/46 1850/4210/46
f 1806/4212/300 1854/6197/300 1852/4213/300
f 1825/4215/300 1873/6198/300 1874/4216/300
f 1806/4218/96 1826/6199/96 1874/4219/96
f 1830/4221/46 1852/6200/46 1875/4222/46
f 1857/4224/303 1858/6201/303 1859/4225/303
f 1861/4227/296 1857/6202/296 1856/4228/296
f 1862/4230/304 1863/6203/304 1861/4231/304
f 1858/4233/300 1863/6204/300 1862/4234/300
f 1857/4236/46 1861/6205/46 1863/4237/46
f 1865/4239/305 1866/6206/305 1867/4240/305
f 1869/4242/284 1865/6207/284 1864/4243/284
f 1871/4245/306 1869/6208/306 1868/4246/306
f 1866/4248/300 1871/6209/300 1870/4249/300
f 1865/4251/46 1869/6210/46 1871/4252/46
f 1864/4254/96 1867/6211/96 1870/4255/96
f 1877/4257/307 1878/6212/307 1879/4258/307
f 1882/4260/296 1878/6213/296 1877/4261/296
f 1884/4263/308 1882/6214/308 1881/4264/308
f 1880/4266/300 1879/6215/300 1884/4267/300
f 1878/4269/46 1882/6216/46 1884/4270/46
f 1886/4272/309 1887/6217/309 1888/4273/309
f 1889/4275/310 1890/6218/310 1886/4276/310
f 1892/4278/311 1890/6219/311 1889/4279/311
f 1887/4281/312 1892/6220/312 1891/4282/312
f 1886/4284/46 1890/6221/46 1892/4285/46
f 1885/4287/96 1888/6222/96 1891/4288/96
f 1876/4290/313 1875/6223/313 1918/4291/313
f 1920/4293/314 1895/6224/314 1851/4294/314
f 1913/4296/46 1916/6225/46 1873/4297/46
f 1876/4299/96 1893/6226/96 1920/4300/96
f 1915/4302/314 1853/6227/314 1850/4303/314
f 1913/4305/314 1855/6228/314 1872/4306/314
f 1853/4308/96 1915/6229/96 1912/4309/96
f 1850/4311/46 1851/6230/46 1895/4312/46
f 1854/4314/313 1914/6231/313 1919/4315/313
f 1873/4317/313 1916/6232/313 1917/4318/313
f 1874/4320/96 1917/6233/96 1914/4321/96
f 1875/4323/46 1852/6234/46 1919/4324/46
f 1897/4326/315 1898/6235/315 1899/4327/315
f 1901/4329/316 1897/6236/316 1896/4330/316
f 1903/4332/317 1901/6237/317 1900/4333/317
f 1899/4335/318 1898/6238/318 1903/4336/318
f 1901/4338/46 1903/6239/46 1898/4339/46
f 1905/4341/319 1906/6240/319 1907/4342/319
f 1908/4344/320 1909/6241/320 1905/4345/320
f 1911/4347/321 1909/6242/321 1908/4348/321
f 1906/4350/322 1911/6243/322 1910/4351/322
f 1909/4353/46 1911/6244/46 1906/4354/46
f 1908/4356/96 1904/6245/96 1907/4357/96
f 1922/4359/323 1923/6246/323 1924/4360/323
f 1925/4362/316 1926/6247/316 1922/4363/316
f 1928/4365/324 1926/6248/324 1925/4366/324
f 1923/4368/318 1928/6249/318 1927/4369/318
f 1926/4371/46 1928/6250/46 1923/4372/46
f 1930/4374/325 1931/6251/325 1932/4375/325
f 1934/4377/316 1930/6252/316 1929/4378/316
f 1936/4380/326 1934/6253/326 1933/4381/326
f 1931/4383/318 1936/6254/318 1935/4384/318
f 1934/4386/46 1936/6255/46 1931/4387/46
f 1933/4389/96 1929/6256/96 1932/4390/96
f 1893/4392/327 1918/6257/327 1938/4393/327
f 1964/4395/316 1939/6258/316 1895/4396/316
f 1913/4398/46 1942/6259/46 1940/4399/46
f 1920/4401/96 1893/6260/96 1937/4402/96
f 1960/4404/316 1915/6261/316 1894/4405/316
f 1942/4407/316 1913/6262/316 1912/4408/316
f 1912/4410/96 1915/6263/96 1960/4411/96
f 1895/4413/46 1939/6264/46 1962/4414/46
f 1914/4416/327 1941/6265/327 1963/4417/327
f 1916/4419/327 1940/6266/327 1961/4420/327
f 1914/4422/96 1917/6267/96 1961/4423/96
f 1919/4425/46 1963/6268/46 1938/4426/46
f 1944/4428/328 1945/6269/328 1946/4429/328
f 1948/4431/320 1944/6270/320 1943/4432/320
f 1950/4434/329 1948/6271/329 1947/4435/329
f 1946/4437/327 1945/6272/327 1950/4438/327
f 1944/4440/46 1948/6273/46 1950/4441/46
f 1952/4443/330 1953/6274/330 1954/4444/330
f 1956/4446/316 1952/6275/316 1951/4447/316
f 1958/4449/331 1956/6276/331 1955/4450/331
f 1953/4452/327 1958/6277/327 1957/4453/327
f 1952/4455/46 1956/6278/46 1958/4456/46
f 1951/4458/96 1954/6279/96 1957/4459/96
f 1966/4461/332 1967/6280/332 1968/4462/332
f 1969/4464/320 1970/6281/320 1966/4465/320
f 1972/4467/333 1970/6282/333 1969/4468/333
f 1967/4470/327 1972/6283/327 1971/4471/327
f 1966/4473/46 1970/6284/46 1972/4474/46
f 1974/4480/335 1975/6285/335 1976/4481/335
f 1978/4483/336 1974/6286/336 1973/4484/336
f 1980/4486/337 1978/6287/337 1977/4487/337
f 1975/4489/338 1980/6288/338 1979/4490/338
f 1974/4492/46 1978/6289/46 1980/4493/46
f 1973/4495/96 1976/6290/96 1979/4496/96
f 1937/4498/339 1938/6291/339 2004/4499/339
f 2007/4501/340 2008/6292/340 1939/4502/340
f 2002/4504/46 1982/6293/46 1940/4505/46
f 1937/4507/96 1981/6294/96 2007/4508/96
f 1983/4510/340 1960/6295/340 1962/4511/340
f 2002/4513/340 1942/6296/340 1959/4514/340
f 1960/4516/96 1983/6297/96 1985/4517/96
f 1962/4519/46 1939/6298/46 2008/4520/46
f 1941/4522/339 1984/6299/339 2006/4523/339
f 1940/4525/339 1982/6300/339 2003/4526/339
f 1961/4528/96 2003/6301/96 1984/4529/96
f 1938/4531/46 1963/6302/46 2006/4532/46
f 1986/4534/341 1987/6303/341 1988/4535/341
f 1990/4537/342 1991/6304/342 1987/4538/342
f 1993/4540/413 1991/6305/413 1990/4541/413
f 1988/4543/344 1993/6306/344 1992/4544/344
f 1991/4546/46 1993/6307/46 1988/4547/46
f 1995/4554/347 1996/6308/347 1997/4555/347
f 1998/4557/348 1999/6309/348 1995/4558/348
f 2001/4560/349 1999/6310/349 1998/4561/349
f 1996/4563/350 2001/6311/350 2000/4564/350
f 1999/4566/46 2001/6312/46 1996/4567/46
f 1998/4569/96 1994/6313/96 1997/4570/96
f 2009/4579/351 2010/6314/351 2011/4580/351
f 2014/4582/352 2010/6315/352 2009/4583/352
f 2016/4585/353 2014/6316/353 2013/4586/353
f 2011/4588/354 2016/6317/354 2015/4589/354
f 2014/4591/46 2016/6318/46 2011/4592/46
f 2018/4595/355 2019/6319/355 2020/4596/355
f 2022/4598/352 2018/6320/352 2017/4599/352
f 2024/4601/356 2022/6321/356 2021/4602/356
f 2019/4604/354 2024/6322/354 2023/4605/354
f 2022/4607/46 2024/6323/46 2019/4608/46
f 2021/4610/96 2017/6324/96 2020/4611/96
f 1981/4613/354 2004/6325/354 2051/4614/354
f 2026/4616/352 2028/6326/352 2008/4617/352
f 2002/4619/46 2031/6327/46 2029/4620/46
f 2007/4622/96 1981/6328/96 2025/4623/96
f 2049/4625/352 1983/6329/352 2005/4626/352
f 2031/4628/352 2002/6330/352 1985/4629/352
f 1985/4631/96 1983/6331/96 2049/4632/96
f 2008/4634/46 2028/6332/46 2027/4635/46
f 1984/4637/354 2030/6333/354 2052/4638/354
f 1982/4640/354 2029/6334/354 2050/4641/354
f 1984/4643/96 2003/6335/96 2050/4644/96
f 2006/4646/46 2052/6336/46 2051/4647/46
f 2032/4649/414 2033/6337/414 2034/4650/414
f 2037/4652/348 2033/6338/348 2032/4653/348
f 2039/4655/358 2037/6339/358 2036/4656/358
f 2034/4658/359 2039/6340/359 2038/4659/359
f 2033/4661/46 2037/6341/46 2039/4662/46
f 2040/4664/360 2041/6342/360 2042/4665/360
f 2044/4667/342 2045/6343/342 2041/4668/342
f 2047/4670/361 2045/6344/361 2044/4671/361
f 2042/4673/359 2047/6345/359 2046/4674/359
f 2041/4676/46 2045/6346/46 2047/4677/46
f 2040/4679/96 2043/6347/96 2046/4680/96
f 2054/4682/362 2055/6348/362 2056/4683/362
f 2057/4685/348 2058/6349/348 2054/4686/348
f 2060/4688/363 2058/6350/363 2057/4689/363
f 2055/4691/364 2060/6351/364 2059/4692/364
f 2054/4694/46 2058/6352/46 2060/4695/46
f 2062/4697/365 2063/6353/365 2064/4698/365
f 2066/4700/366 2062/6354/366 2061/4701/366
f 2068/4703/367 2066/6355/367 2065/4704/367
f 2063/4706/368 2068/6356/368 2067/4707/368
f 2062/4709/46 2066/6357/46 2068/4710/46
f 2061/4712/96 2064/6358/96 2067/4713/96
f 2089/4715/369 2025/6359/369 2051/4716/369
f 2069/4718/370 2092/6360/370 2028/4719/370
f 2072/4721/46 2070/6361/46 2029/4722/46
f 2025/4724/96 2089/6362/96 2069/4725/96
f 2071/4727/370 2049/6363/370 2027/4728/370
f 2072/4730/370 2031/6364/370 2048/4731/370
f 2049/4733/96 2071/6365/96 2073/4734/96
f 2027/4736/46 2028/6366/46 2092/4737/46
f 2030/4739/369 2086/6367/369 2091/4740/369
f 2029/4742/369 2070/6368/369 2087/4743/369
f 2050/4745/96 2087/6369/96 2086/4746/96
f 2051/4748/46 2052/6370/46 2091/4749/46
f 2075/4751/371 2076/6371/371 2077/4752/371
f 2079/4754/372 2075/6372/372 2074/4755/372
f 2080/4757/373 2081/6373/373 2079/4758/373
f 2076/4760/374 2081/6374/374 2080/4761/374
f 2079/4763/46 2081/6375/46 2076/4764/46
f 109/4766/100 2082/217/100 2083/218/100
f 2085/4767/375 111/6376/375 110/4768/375
f 2083/224/101 2082/222/101 2085/4770/101
f 111/4771/99 2085/6377/99 2082/4772/99
f 110/227/96 108/225/96 2083/4774/96
f 2094/4775/377 2095/6378/377 2096/4776/377
f 2098/4778/372 2094/6379/372 2093/4779/372
f 2100/4781/378 2098/6380/378 2097/4782/378
f 2096/4784/374 2095/6381/374 2100/4785/374
f 2098/4787/46 2100/6382/46 2095/4788/46
f 2101/4790/374 2104/6383/374 2103/4791/374
f 98/200/96 96/198/96 2102/4793/96
f 2089/4794/379 2088/6384/379 2106/4795/379
f 2069/4802/380 2107/6385/380 2109/4803/380
f 2072/4805/46 2115/6386/46 2112/4806/46
f 2069/4808/96 2089/6387/96 2105/4809/96
f 2113/4811/380 2071/6388/380 2090/4812/380
f 2115/4814/380 2072/6389/380 2073/4815/380
f 2073/4817/96 2071/6390/96 2113/4818/96
f 2092/4820/46 2109/6391/46 2108/4821/46
f 2086/4823/379 2114/6392/379 2110/4824/379
f 2070/4826/379 2112/6393/379 2111/4827/379
f 2086/4829/96 2087/6394/96 2111/4830/96
f 2091/4832/46 2110/6395/46 2106/4833/46
f 2118/4835/381 2119/6396/381 2120/4836/381
f 2122/4838/382 2118/6397/382 2117/4839/382
f 2124/4841/383 2122/6398/383 2121/4842/383
f 2120/4844/384 2119/6399/384 2124/4845/384
f 2122/4847/46 2124/6400/46 2119/4848/46
f 285/5012/95 283/615/95 284/613/95
f 283/615/95 2145/620/95 284/613/95
f 284/613/96 2145/620/96 279/619/96
f 302/5022/6 298/5024/6 2146/6401/6
f 304/5026/95 302/642/95 303/640/95
f 302/642/95 2146/6401/95 303/640/95
f 303/640/96 2146/6401/96 298/5024/96
s 1
f 2157/6402/415 2167/6403/416 2147/6404/415
f 2166/6405/417 2158/6406/418 2170/6407/417
f 2162/6408/46 2155/6409/46 2161/6410/46
f 2157/6411/96 2166/6412/96 2159/6413/96
f 2164/6414/417 2148/6415/418 2153/6416/418
f 2162/6417/417 2150/6418/418 2152/6419/418
f 2153/6420/96 2163/6421/96 2164/6422/96
f 2170/6423/46 2148/6424/46 2169/6425/46
f 2151/6426/419 2168/6427/416 2160/6428/416
f 2155/6429/420 2165/6430/416 2161/6431/416
f 2154/6432/96 2160/6433/96 2165/6434/96
f 2168/6435/46 2147/6436/46 2167/6437/46
f 2159/6438/416 2171/6439/268 2167/6440/416
f 2179/6441/271 2170/6442/417 2172/6443/271
f 2178/6444/46 2162/6445/46 2161/6446/46
f 2180/6447/96 2166/6448/96 2179/6449/96
f 2164/6450/417 2182/6451/271 2169/6452/417
f 2174/6453/271 2163/6454/417 2162/6455/417
f 2173/6456/96 2163/6457/96 2176/6458/96
f 2170/6459/46 2182/6460/46 2172/6461/46
f 2160/6462/416 2181/6463/268 2175/6464/268
f 2161/6465/416 2177/6466/268 2178/6467/268
f 2177/6468/96 2160/6469/96 2175/6470/96
f 2168/6471/46 2171/6472/46 2181/6473/46
f 2180/6474/268 2191/6475/421 2171/6476/268
f 2189/6477/422 2172/6478/271 2194/6479/422
f 2186/6480/46 2178/6481/46 2184/6482/46
f 2180/6483/96 2189/6484/96 2190/6485/96
f 2183/6486/422 2182/6487/271 2173/6488/271
f 2186/6489/422 2176/6490/271 2174/6491/271
f 2173/6492/96 2187/6493/96 2183/6494/96
f 2194/6495/46 2182/6496/46 2193/6497/46
f 2175/6498/268 2192/6499/421 2185/6500/421
f 2178/6501/268 2188/6502/421 2184/6503/421
f 2177/6504/96 2185/6505/96 2188/6506/96
f 2192/6507/46 2171/6508/46 2191/6509/46
f 2190/6510/421 2205/6511/423 2191/6512/421
f 2206/6513/424 2189/6514/422 2194/6515/422
f 2202/6516/46 2186/6517/46 2184/6518/46
f 2204/6519/96 2189/6520/96 2203/6521/96
f 2200/6522/424 2193/6523/422 2183/6524/422
f 2198/6525/424 2187/6526/422 2186/6527/422
f 2200/6528/96 2187/6529/96 2199/6530/96
f 2194/6531/46 2195/6532/46 2206/6533/46
f 2185/6534/421 2196/6535/423 2197/6536/423
f 2184/6537/421 2201/6538/423 2202/6539/423
f 2201/6540/96 2185/6541/96 2197/6542/96
f 2192/6543/46 2205/6544/46 2196/6545/46
f 2205/6546/423 2207/6547/425 2208/6548/425
f 2216/6549/426 2206/6550/424 2209/6551/426
f 2213/6552/46 2198/6553/46 2202/6554/46
f 2207/6555/96 2203/6556/96 2216/6557/96
f 2210/6558/426 2195/6559/424 2200/6560/424
f 2212/6561/426 2199/6562/424 2198/6563/424
f 2210/6564/96 2199/6565/96 2211/6566/96
f 2206/6567/46 2218/6568/46 2209/6569/46
f 2197/6570/423 2217/6571/425 2214/6572/425
f 2202/6573/423 2215/6574/425 2213/6575/425
f 2215/6576/96 2197/6577/96 2214/6578/96
f 2196/6579/46 2208/6580/46 2217/6581/46
f 2207/6582/425 2229/6583/427 2208/6584/425
f 2227/6585/428 2209/6586/426 2220/6587/429
f 2223/6588/46 2213/6589/46 2226/6590/46
f 2207/6591/96 2227/6592/96 2228/6593/96
f 2222/6594/430 2218/6595/426 2210/6596/426
f 2212/6597/426 2224/6598/431 2211/6599/426
f 2210/6600/96 2224/6601/96 2222/6602/96
f 2220/6603/46 2218/6604/46 2230/6605/46
f 2214/6606/425 2219/6607/432 2221/6608/433
f 2213/6609/425 2225/6610/432 2226/6611/434
f 2215/6612/96 2221/6613/96 2225/6614/96
f 2219/6615/46 2208/6616/46 2229/6617/46
f 2228/6618/435 2239/6619/436 2229/6620/427
f 2237/6621/437 2220/6622/429 2242/6623/438
f 2236/6624/46 2223/6625/46 2226/6626/46
f 2238/6627/96 2227/6628/96 2237/6629/96
f 2231/6630/439 2230/6631/440 2222/6632/430
f 2234/6633/439 2224/6634/431 2223/6635/441
f 2231/6636/96 2224/6637/96 2232/6638/96
f 2220/6639/46 2241/6640/46 2242/6641/46
f 2221/6642/433 2240/6643/442 2233/6644/443
f 2226/6645/434 2235/6646/442 2236/6647/443
f 2235/6648/96 2221/6649/96 2233/6650/96
f 2219/6651/46 2239/6652/46 2240/6653/46
f 2238/6654/444 2252/6655/445 2239/6656/436
f 2250/6657/446 2242/6658/438 2254/6659/447
f 2249/6660/448 2234/6661/46 2236/6662/46
f 2251/6663/449 2237/6664/96 2250/6665/450
f 2245/6666/451 2241/6667/452 2231/6668/439
f 2247/6669/453 2232/6670/452 2234/6671/439
f 2245/6672/454 2232/6673/96 2248/6674/455
f 2242/6675/46 2243/6676/456 2254/6677/457
f 2233/6678/443 2253/6679/458 2244/6680/459
f 2236/6681/443 2246/6682/460 2249/6683/461
f 2246/6684/462 2233/6685/96 2244/6686/463
f 2240/6687/46 2252/6688/464 2253/6689/465
f 2252/6690/466 2251/6691/467 2253/6692/468
f 2253/6692/468 2250/6693/469 2243/6694/470
f 2243/6694/470 2245/6695/471 2253/6692/468
f 2251/6691/467 2250/6693/469 2253/6692/468
f 2248/6696/472 2247/6697/473 2245/6695/471
f 2254/6698/474 2243/6694/470 2250/6693/469
f 2244/6699/475 2253/6692/468 2245/6695/471
f 2247/6697/473 2249/6700/476 2244/6699/475
f 2245/6695/471 2247/6697/473 2244/6699/475
f 2244/6699/475 2249/6700/476 2246/6701/477
f 2157/6411/96 2261/6702/96 2156/6703/96
f 2154/6432/96 2255/6704/96 2151/6705/96
f 2152/6419/418 2257/6706/478 2258/6707/478
f 2158/6406/418 2261/6708/479 2266/6709/479
f 2151/6426/419 2264/6710/480 2149/6711/419
f 2147/6404/415 2262/6712/481 2157/6402/415
f 2147/6436/46 2264/6713/46 2263/6714/46
f 2150/6715/96 2256/6716/96 2257/6717/96
f 2155/6718/46 2258/6719/46 2260/6720/46
f 2153/6416/418 2265/6721/478 2256/6722/479
f 2158/6723/46 2265/6724/46 2148/6424/46
f 2155/6429/420 2259/6725/482 2154/6726/420
f 2283/6727/43 2270/6728/43 2269/6729/43
f 2271/6730/6 2282/6731/6 2285/6732/6
f 2278/6733/46 2289/6734/46 2290/6735/46
f 2283/6736/96 2271/6737/96 2285/6738/96
f 2276/6739/6 2286/6740/6 2272/6741/6
f 2278/6742/6 2279/6743/6 2267/6744/6
f 2281/6745/96 2267/6746/96 2279/6747/96
f 2282/6748/46 2272/6749/46 2286/6750/46
f 2280/6751/43 2268/6752/43 2287/6753/43
f 2289/6754/43 2274/6755/43 2288/6756/43
f 2288/6757/96 2277/6758/96 2280/6759/96
f 2287/6760/46 2270/6761/46 2284/6762/46
f 2293/6763/43 2284/6764/43 2283/6765/43
f 2285/6766/6 2296/6767/6 2294/6768/6
f 2290/6769/46 2299/6770/46 2302/6771/46
f 2293/6772/96 2285/6773/96 2294/6774/96
f 2286/6775/6 2300/6776/6 2295/6777/6
f 2290/6778/6 2291/6779/6 2279/6780/6
f 2300/6781/96 2279/6782/96 2291/6783/96
f 2296/6784/46 2286/6785/46 2295/6786/46
f 2301/6787/43 2287/6788/43 2297/6789/43
f 2299/6790/43 2288/6791/43 2298/6792/43
f 2301/6793/96 2288/6794/96 2280/6795/96
f 2297/6796/46 2284/6797/46 2292/6798/46
f 2305/6799/43 2292/6800/43 2293/6801/43
f 2294/6802/6 2307/6803/6 2306/6804/6
f 2302/6805/46 2311/6806/46 2314/6807/46
f 2305/6808/96 2294/6809/96 2306/6810/96
f 2300/6811/6 2308/6812/6 2295/6813/6
f 2302/6814/6 2303/6815/6 2291/6816/6
f 2312/6817/96 2291/6818/96 2303/6819/96
f 2307/6820/46 2295/6821/46 2308/6822/46
f 2313/6823/43 2297/6824/43 2309/6825/43
f 2311/6826/43 2298/6827/43 2310/6828/43
f 2310/6829/96 2301/6830/96 2313/6831/96
f 2309/6832/46 2292/6833/46 2304/6834/46
f 2315/6835/43 2304/6836/43 2305/6837/43
f 2306/6838/6 2319/6839/6 2317/6840/6
f 2325/6841/46 2311/6842/46 2322/6843/46
f 2315/6844/483 2306/6845/96 2317/6846/483
f 2312/6847/6 2318/6848/6 2308/6849/6
f 2314/6850/6 2326/6851/6 2303/6852/6
f 2323/6853/96 2303/6854/96 2326/6855/96
f 2319/6856/46 2308/6857/46 2318/6858/46
f 2324/6859/43 2309/6860/43 2320/6861/43
f 2322/6862/43 2310/6863/43 2321/6864/43
f 2321/6865/96 2313/6866/96 2324/6867/96
f 2320/6868/46 2304/6869/46 2316/6870/46
f 2317/6840/6 2331/6871/6 2333/6872/6
f 2315/6835/43 2330/6873/43 2316/6874/43
f 2325/6875/6 2327/6876/6 2326/6851/6
f 2323/6877/6 2334/6878/6 2318/6848/6
f 2326/6855/96 2337/6879/96 2323/6853/96
f 2322/6880/46 2338/6881/46 2325/6882/46
f 2318/6858/46 2331/6883/46 2319/6856/46
f 2316/6870/46 2335/6884/46 2320/6868/46
f 2324/6867/96 2336/6885/96 2321/6865/96
f 2317/6846/483 2332/6886/484 2315/6844/483
f 2321/6864/43 2329/6887/43 2322/6862/43
f 2320/6861/43 2328/6888/43 2324/6859/43
f 2270/6889/95 2268/6890/95 2269/6891/95
f 2272/6892/95 2269/6891/95 2268/6890/95
f 2271/6893/95 2269/6891/95 2272/6892/95
f 2273/6894/95 2271/6893/95 2272/6892/95
f 2268/6890/95 2277/6895/95 2272/6892/95
f 2272/6892/95 2277/6895/95 2276/6896/95
f 2275/6897/95 2277/6895/95 2274/6898/95
f 2277/6895/95 2275/6897/95 2276/6896/95
f 2275/6897/95 2278/6899/95 2276/6896/95
f 2276/6896/95 2278/6899/95 2267/6900/95
f 2157/6402/415 2159/6901/416 2167/6403/416
f 2166/6405/417 2156/6902/418 2158/6406/418
f 2162/6408/46 2152/6903/46 2155/6409/46
f 2157/6411/96 2156/6703/96 2166/6412/96
f 2164/6414/417 2169/6904/417 2148/6415/418
f 2162/6417/417 2163/6905/417 2150/6418/418
f 2153/6420/96 2150/6715/96 2163/6421/96
f 2170/6423/46 2158/6723/46 2148/6424/46
f 2151/6426/419 2149/6711/419 2168/6427/416
f 2155/6429/420 2154/6726/420 2165/6430/416
f 2154/6432/96 2151/6705/96 2160/6433/96
f 2168/6435/46 2149/6906/46 2147/6436/46
f 2159/6438/416 2180/6907/268 2171/6439/268
f 2179/6441/271 2166/6908/417 2170/6442/417
f 2178/6444/46 2174/6909/46 2162/6445/46
f 2180/6447/96 2159/6910/96 2166/6448/96
f 2164/6450/417 2173/6911/271 2182/6451/271
f 2174/6453/271 2176/6912/271 2163/6454/417
f 2173/6456/96 2164/6913/96 2163/6457/96
f 2170/6459/46 2169/6914/46 2182/6460/46
f 2160/6462/416 2168/6915/416 2181/6463/268
f 2161/6465/416 2165/6916/416 2177/6466/268
f 2177/6468/96 2165/6917/96 2160/6469/96
f 2168/6471/46 2167/6918/46 2171/6472/46
f 2180/6474/268 2190/6919/421 2191/6475/421
f 2189/6477/422 2179/6920/271 2172/6478/271
f 2186/6480/46 2174/6921/46 2178/6481/46
f 2180/6483/96 2179/6922/96 2189/6484/96
f 2183/6486/422 2193/6923/422 2182/6487/271
f 2186/6489/422 2187/6924/422 2176/6490/271
f 2173/6492/96 2176/6925/96 2187/6493/96
f 2194/6495/46 2172/6926/46 2182/6496/46
f 2175/6498/268 2181/6927/268 2192/6499/421
f 2178/6501/268 2177/6928/268 2188/6502/421
f 2177/6504/96 2175/6929/96 2185/6505/96
f 2192/6507/46 2181/6930/46 2171/6508/46
f 2190/6510/421 2204/6931/423 2205/6511/423
f 2206/6513/424 2203/6932/424 2189/6514/422
f 2202/6516/46 2198/6933/46 2186/6517/46
f 2204/6519/96 2190/6934/96 2189/6520/96
f 2200/6522/424 2195/6935/424 2193/6523/422
f 2198/6525/424 2199/6936/424 2187/6526/422
f 2200/6528/96 2183/6937/96 2187/6529/96
f 2194/6531/46 2193/6938/46 2195/6532/46
f 2185/6534/421 2192/6939/421 2196/6535/423
f 2184/6537/421 2188/6940/421 2201/6538/423
f 2201/6540/96 2188/6941/96 2185/6541/96
f 2192/6543/46 2191/6942/46 2205/6544/46
f 2205/6546/423 2204/6943/423 2207/6547/425
f 2216/6549/426 2203/6944/424 2206/6550/424
f 2213/6552/46 2212/6945/46 2198/6553/46
f 2207/6555/96 2204/6946/96 2203/6556/96
f 2210/6558/426 2218/6947/426 2195/6559/424
f 2212/6561/426 2211/6948/426 2199/6562/424
f 2210/6564/96 2200/6949/96 2199/6565/96
f 2206/6567/46 2195/6950/46 2218/6568/46
f 2197/6570/423 2196/6951/423 2217/6571/425
f 2202/6573/423 2201/6952/423 2215/6574/425
f 2215/6576/96 2201/6953/96 2197/6577/96
f 2196/6579/46 2205/6954/46 2208/6580/46
f 2207/6582/425 2228/6955/435 2229/6583/427
f 2227/6585/428 2216/6956/426 2209/6586/426
f 2223/6588/46 2212/6957/46 2213/6589/46
f 2207/6591/96 2216/6958/96 2227/6592/96
f 2222/6594/430 2230/6959/440 2218/6595/426
f 2212/6597/426 2223/6960/441 2224/6598/431
f 2210/6600/96 2211/6961/96 2224/6601/96
f 2220/6603/46 2209/6962/46 2218/6604/46
f 2214/6606/425 2217/6963/425 2219/6607/432
f 2213/6609/425 2215/6964/425 2225/6610/432
f 2215/6612/96 2214/6965/96 2221/6613/96
f 2219/6615/46 2217/6966/46 2208/6616/46
f 2228/6618/435 2238/6967/444 2239/6619/436
f 2237/6621/437 2227/6968/428 2220/6622/429
f 2236/6624/46 2234/6969/46 2223/6625/46
f 2238/6627/96 2228/6970/96 2227/6628/96
f 2231/6630/439 2241/6971/452 2230/6631/440
f 2234/6633/439 2232/6972/452 2224/6634/431
f 2231/6636/96 2222/6973/96 2224/6637/96
f 2220/6639/46 2230/6974/46 2241/6640/46
f 2221/6642/433 2219/6975/432 2240/6643/442
f 2226/6645/434 2225/6976/432 2235/6646/442
f 2235/6648/96 2225/6977/96 2221/6649/96
f 2219/6651/46 2229/6978/46 2239/6652/46
f 2238/6654/444 2251/6979/485 2252/6655/445
f 2250/6657/446 2237/6980/437 2242/6658/438
f 2249/6660/448 2247/6981/486 2234/6661/46
f 2251/6663/449 2238/6982/96 2237/6664/96
f 2245/6666/451 2243/6983/487 2241/6667/452
f 2247/6669/453 2248/6984/488 2232/6670/452
f 2245/6672/454 2231/6985/96 2232/6673/96
f 2242/6675/46 2241/6986/46 2243/6676/456
f 2233/6678/443 2240/6987/442 2253/6679/458
f 2236/6681/443 2235/6988/442 2246/6682/460
f 2246/6684/462 2235/6989/96 2233/6685/96
f 2240/6687/46 2239/6990/46 2252/6688/464
f 2157/6411/96 2262/6991/96 2261/6702/96
f 2154/6432/96 2259/6992/96 2255/6704/96
f 2152/6419/418 2150/6418/418 2257/6706/478
f 2158/6406/418 2156/6902/418 2261/6708/479
f 2151/6426/419 2255/6993/480 2264/6710/480
f 2147/6404/415 2263/6994/481 2262/6712/481
f 2147/6436/46 2149/6906/46 2264/6713/46
f 2150/6715/96 2153/6420/96 2256/6716/96
f 2155/6718/46 2152/6995/46 2258/6719/46
f 2153/6416/418 2148/6415/418 2265/6721/478
f 2158/6723/46 2266/6996/46 2265/6724/46
f 2155/6429/420 2260/6997/482 2259/6725/482
f 2283/6727/43 2284/6998/43 2270/6728/43
f 2271/6730/6 2273/6999/6 2282/6731/6
f 2278/6733/46 2275/7000/46 2289/6734/46
f 2283/6736/96 2269/7001/96 2271/6737/96
f 2276/6739/6 2281/7002/6 2286/6740/6
f 2278/6742/6 2290/7003/6 2279/6743/6
f 2281/6745/96 2276/7004/96 2267/6746/96
f 2282/6748/46 2273/7005/46 2272/6749/46
f 2280/6751/43 2277/7006/43 2268/6752/43
f 2289/6754/43 2275/7007/43 2274/6755/43
f 2288/6757/96 2274/7008/96 2277/6758/96
f 2287/6760/46 2268/7009/46 2270/6761/46
f 2293/6763/43 2292/7010/43 2284/6764/43
f 2285/6766/6 2282/7011/6 2296/6767/6
f 2290/6769/46 2289/7012/46 2299/6770/46
f 2293/6772/96 2283/7013/96 2285/6773/96
f 2286/6775/6 2281/7014/6 2300/6776/6
f 2290/6778/6 2302/7015/6 2291/6779/6
f 2300/6781/96 2281/7016/96 2279/6782/96
f 2296/6784/46 2282/7017/46 2286/6785/46
f 2301/6787/43 2280/7018/43 2287/6788/43
f 2299/6790/43 2289/7019/43 2288/6791/43
f 2301/6793/96 2298/7020/96 2288/6794/96
f 2297/6796/46 2287/7021/46 2284/6797/46
f 2305/6799/43 2304/7022/43 2292/6800/43
f 2294/6802/6 2296/7023/6 2307/6803/6
f 2302/6805/46 2299/7024/46 2311/6806/46
f 2305/6808/96 2293/7025/96 2294/6809/96
f 2300/6811/6 2312/7026/6 2308/6812/6
f 2302/6814/6 2314/7027/6 2303/6815/6
f 2312/6817/96 2300/7028/96 2291/6818/96
f 2307/6820/46 2296/7029/46 2295/6821/46
f 2313/6823/43 2301/7030/43 2297/6824/43
f 2311/6826/43 2299/7031/43 2298/6827/43
f 2310/6829/96 2298/7032/96 2301/6830/96
f 2309/6832/46 2297/7033/46 2292/6833/46
f 2315/6835/43 2316/6874/43 2304/6836/43
f 2306/6838/6 2307/7034/6 2319/6839/6
f 2325/6841/46 2314/7035/46 2311/6842/46
f 2315/6844/483 2305/7036/96 2306/6845/96
f 2312/6847/6 2323/6877/6 2318/6848/6
f 2314/6850/6 2325/6875/6 2326/6851/6
f 2323/6853/96 2312/7037/96 2303/6854/96
f 2319/6856/46 2307/7038/46 2308/6857/46
f 2324/6859/43 2313/7039/43 2309/6860/43
f 2322/6862/43 2311/7040/43 2310/6863/43
f 2321/6865/96 2310/7041/96 2313/6866/96
f 2320/6868/46 2309/7042/46 2304/6869/46
f 2317/6840/6 2319/6839/6 2331/6871/6
f 2315/6835/43 2332/7043/43 2330/6873/43
f 2325/6875/6 2338/7044/6 2327/6876/6
f 2323/6877/6 2337/7045/6 2334/6878/6
f 2326/6855/96 2327/7046/96 2337/6879/96
f 2322/6880/46 2329/7047/46 2338/6881/46
f 2318/6858/46 2334/7048/46 2331/6883/46
f 2316/6870/46 2330/7049/46 2335/6884/46
f 2324/6867/96 2328/7050/96 2336/6885/96
f 2317/6846/483 2333/7051/484 2332/6886/484
f 2321/6864/43 2336/7052/43 2329/6887/43
f 2320/6861/43 2335/7053/43 2328/6888/43
