# Blender v3.1.2 OBJ File: '10x2 N switch.blend'
# www.blender.org
mtllib crossover_10x2_left.mtl
o switch_track_normal.007
v 0.277156 0.070837 -5.937022
v 0.292781 0.094275 -5.937022
v 0.306824 0.094275 -5.874522
v 0.220204 0.094272 -6.364110
v 0.220204 0.025053 -6.364110
v 0.204579 0.025053 -6.364110
v 0.220204 0.025053 -6.426610
v 0.272414 0.025057 -5.938776
v 0.292788 0.025057 -5.937056
v 0.204579 0.070833 -6.364110
v 0.204579 0.070833 -6.442235
v 0.204579 0.025053 -6.442235
v 0.220204 0.094272 -6.426610
v 0.306824 0.025057 -5.874522
v 0.294709 0.070837 -5.858897
v 0.136773 0.070833 -6.364110
v 0.121150 0.094271 -6.363898
v 0.104455 0.094271 -6.426392
v 0.121150 0.025053 -6.363898
v 0.119103 0.094271 -5.922198
v 0.136773 0.025053 -5.923766
v 0.136773 0.025053 -6.364110
v 0.119103 0.025053 -5.922198
v 0.121149 0.094271 -5.859704
v 0.136773 0.070833 -5.923766
v 0.136773 0.070833 -5.844291
v 0.136773 0.025053 -5.844291
v 0.121149 0.025053 -5.859704
v 0.115904 0.070833 -6.442229
v 0.104455 0.025053 -6.426392
v 0.115904 0.025053 -6.442229
v 0.196770 0.025053 -5.923981
v 0.196770 0.063022 -5.923981
v 0.214117 0.063025 -5.925001
v 0.136773 0.063022 -6.364110
v 0.264519 0.070838 -5.936913
v 0.264520 0.085057 -5.936913
v 0.231037 0.070837 -6.132436
v 0.222012 0.085057 -5.926863
v 0.222012 0.070838 -5.926863
v 0.188748 0.070837 -6.122385
v 0.147634 0.085054 -5.923766
v 0.147634 0.070835 -5.923766
v 0.147649 0.070837 -6.121238
v 0.191412 0.085053 -5.923768
v 0.191412 0.070834 -5.923768
v 0.188748 0.056341 -6.122384
v 0.231037 0.056340 -6.132436
v 0.136773 0.063022 -5.923766
v 0.264519 0.063026 -5.936913
v 0.204579 0.063022 -6.364110
v 0.272428 0.063021 -5.938789
v 0.147634 0.063023 -5.923766
v 0.214117 0.025057 -5.925001
v 0.179028 0.063022 -6.364110
v 0.179028 0.025053 -6.364110
v 0.154518 0.063022 -6.364110
v 0.294709 0.025057 -5.858897
v 0.147649 0.056341 -6.121238
v 0.860477 0.025048 -0.000050
v 0.860477 0.040534 -0.000050
v 0.818222 0.040534 -0.000050
v 0.842732 0.040534 -0.000050
v 0.800477 0.025048 -0.000050
v 0.800477 0.040534 -0.000050
v 0.842732 0.070829 -0.000050
v 0.818222 0.070829 -0.000050
v 0.808588 0.070829 -0.000050
v 0.808588 0.085048 -0.000050
v 0.852366 0.085048 -0.000050
v 0.852366 0.070829 -0.000050
v 0.817867 0.053966 -0.140050
v 0.787867 0.053966 -0.140050
v 0.787867 -0.026034 -0.140050
v 0.817867 -0.026034 -0.140050
v 0.787867 0.053966 -0.110050
v 0.787867 -0.026034 -0.110050
v 0.817867 0.053966 -0.110050
v 0.817867 -0.026034 -0.110050
v 0.970000 -0.030755 -0.195050
v 0.970000 0.027719 -0.195050
v 0.030000 0.027719 -0.195050
v 0.030000 -0.030755 -0.195050
v 0.970000 -0.030755 -0.055050
v 0.970000 0.027719 -0.055050
v 0.030000 -0.030755 -0.055050
v 0.030000 0.027719 -0.055050
v 0.817867 0.053966 -0.390050
v 0.787867 0.053966 -0.390050
v 0.787867 -0.026034 -0.390050
v 0.817867 -0.026034 -0.390050
v 0.787867 0.053966 -0.360050
v 0.787867 -0.026034 -0.360050
v 0.817867 0.053966 -0.360050
v 0.817867 -0.026034 -0.360050
v 0.970000 -0.030755 -0.445050
v 0.970000 0.027287 -0.445050
v 0.970000 -0.030755 -0.305050
v 0.970000 0.027287 -0.305050
v 0.817867 0.053966 -0.640050
v 0.787867 0.053966 -0.640050
v 0.787867 -0.026034 -0.640050
v 0.817867 -0.026034 -0.640050
v 0.787867 0.053966 -0.610050
v 0.787867 -0.026034 -0.610050
v 0.817867 0.053966 -0.610050
v 0.817867 -0.026034 -0.610050
v 0.970000 -0.030755 -0.695050
v 0.970000 0.027287 -0.695050
v 0.970000 -0.030755 -0.555050
v 0.970000 0.027287 -0.555050
v 0.842732 0.070829 -1.000050
v 0.808588 0.070829 -1.000050
v 0.852366 0.070829 -1.000050
v 0.860477 0.025048 -1.000050
v 0.860477 0.040534 -1.000050
v 0.818222 0.040534 -1.000050
v 0.800477 0.040534 -1.000050
v 0.817867 0.053966 -0.890050
v 0.787867 0.053966 -0.890050
v 0.787867 -0.026034 -0.890050
v 0.817867 -0.026034 -0.890050
v 0.787867 0.053966 -0.860050
v 0.787867 -0.026034 -0.860050
v 0.817867 0.053966 -0.860050
v 0.817867 -0.026034 -0.860050
v 0.970000 -0.030755 -0.945050
v 0.970000 0.027287 -0.945050
v 0.030000 0.027287 -0.945050
v 0.030000 -0.030755 -0.945050
v 0.970000 -0.030755 -0.805050
v 0.970000 0.027287 -0.805050
v 0.030000 -0.030755 -0.805050
v 0.030000 0.027287 -0.805050
v 0.842732 0.040534 -1.000050
v 0.800477 0.025048 -1.000050
v 0.818222 0.070829 -1.000050
v 0.808588 0.085048 -1.000050
v 0.852366 0.085048 -1.000050
v 0.817867 0.053966 -1.140050
v 0.787867 0.053966 -1.140050
v 0.787867 -0.026034 -1.140050
v 0.817867 -0.026034 -1.140050
v 0.787867 0.053966 -1.110050
v 0.787867 -0.026034 -1.110050
v 0.817867 0.053966 -1.110050
v 0.817867 -0.026034 -1.110050
v 0.970000 -0.030755 -1.195050
v 0.970000 0.027287 -1.195050
v 0.030000 0.027287 -1.195050
v 0.030000 -0.030755 -1.195050
v 0.970000 -0.030755 -1.055050
v 0.970000 0.027287 -1.055050
v 0.030000 -0.030755 -1.055050
v 0.030000 0.027287 -1.055050
v 0.817867 0.053966 -1.390050
v 0.787867 0.053966 -1.390050
v 0.787867 -0.026034 -1.390050
v 0.817867 -0.026034 -1.390050
v 0.787867 0.053966 -1.360050
v 0.787867 -0.026034 -1.360050
v 0.817867 0.053966 -1.360050
v 0.817867 -0.026034 -1.360050
v 0.970000 -0.030755 -1.445050
v 0.970000 0.027287 -1.445050
v 0.030000 0.027287 -1.445050
v 0.030000 -0.030755 -1.445050
v 0.970000 -0.030755 -1.305050
v 0.970000 0.027287 -1.305050
v 0.030000 -0.030755 -1.305050
v 0.030000 0.027287 -1.305050
v 0.817867 0.053966 -1.640050
v 0.787867 0.053966 -1.640050
v 0.787867 -0.026034 -1.640050
v 0.817867 -0.026034 -1.640050
v 0.787867 0.053966 -1.610050
v 0.787867 -0.026034 -1.610050
v 0.817867 0.053966 -1.610050
v 0.817867 -0.026034 -1.610050
v 0.970000 -0.030755 -1.695050
v 0.970000 0.027287 -1.695050
v 0.030000 0.027287 -1.695050
v 0.030000 -0.030755 -1.695050
v 0.970000 -0.030755 -1.555050
v 0.970000 0.027287 -1.555050
v 0.030000 -0.030755 -1.555050
v 0.030000 0.027287 -1.555050
v 0.842732 0.070829 -2.000050
v 0.808588 0.070829 -2.000050
v 0.818222 0.070829 -2.000050
v 0.852366 0.070829 -2.000050
v 0.860477 0.025048 -2.000050
v 0.860477 0.040534 -2.000050
v 0.842732 0.040534 -2.000050
v 0.818222 0.040534 -2.000050
v 0.800477 0.040534 -2.000050
v 0.817867 0.053966 -1.890050
v 0.787867 0.053966 -1.890050
v 0.787867 -0.026034 -1.890050
v 0.817867 -0.026034 -1.890050
v 0.787867 0.053966 -1.860050
v 0.787867 -0.026034 -1.860050
v 0.817867 0.053966 -1.860050
v 0.817867 -0.026034 -1.860050
v 0.970000 -0.030755 -1.945050
v 0.970000 0.027287 -1.945050
v 0.030000 0.027287 -1.945050
v 0.030000 -0.030755 -1.945050
v 0.970000 -0.030755 -1.805050
v 0.970000 0.027287 -1.805050
v 0.030000 -0.030755 -1.805050
v 0.030000 0.027287 -1.805050
v 0.800477 0.025048 -2.000050
v 0.808588 0.085048 -2.000050
v 0.852366 0.085048 -2.000050
v 0.817867 0.053966 -2.140050
v 0.787867 0.053966 -2.140050
v 0.787867 -0.026034 -2.140050
v 0.817867 -0.026034 -2.140050
v 0.787867 0.053966 -2.110050
v 0.787867 -0.026034 -2.110050
v 0.817867 0.053966 -2.110050
v 0.817867 -0.026034 -2.110050
v 0.970000 -0.030755 -2.195050
v 0.970000 0.027287 -2.195050
v 0.030000 0.027287 -2.195050
v 0.030000 -0.030755 -2.195050
v 0.970000 -0.030755 -2.055050
v 0.970000 0.027287 -2.055050
v 0.030000 -0.030755 -2.055050
v 0.030000 0.027287 -2.055050
v 0.817867 0.053966 -2.390050
v 0.787867 0.053966 -2.390050
v 0.787867 -0.026034 -2.390050
v 0.817867 -0.026034 -2.390050
v 0.787867 0.053966 -2.360050
v 0.787867 -0.026034 -2.360050
v 0.817867 0.053966 -2.360050
v 0.817867 -0.026034 -2.360050
v 0.970000 -0.030755 -2.445050
v 0.970000 0.027287 -2.445050
v 0.030000 0.027287 -2.445050
v 0.030000 -0.030755 -2.445050
v 0.970000 -0.030755 -2.305050
v 0.970000 0.027287 -2.305050
v 0.030000 -0.030755 -2.305050
v 0.030000 0.027287 -2.305050
v 0.817867 0.053966 -2.640050
v 0.787867 0.053966 -2.640050
v 0.787867 -0.026034 -2.640050
v 0.817867 -0.026034 -2.640050
v 0.787867 0.053966 -2.610050
v 0.787867 -0.026034 -2.610050
v 0.817867 0.053966 -2.610050
v 0.817867 -0.026034 -2.610050
v 0.970000 -0.030755 -2.695050
v 0.970000 0.027287 -2.695050
v 0.030000 0.027287 -2.695050
v 0.030000 -0.030755 -2.695050
v 0.970000 0.027287 -2.555050
v 0.030000 -0.030755 -2.555050
v 0.030000 0.027287 -2.555050
v 0.842732 0.070829 -3.000050
v 0.808588 0.070829 -3.000050
v 0.818222 0.070829 -3.000050
v 0.852366 0.070829 -3.000050
v 0.860477 0.040534 -3.000050
v 0.842732 0.040534 -3.000050
v 0.818222 0.040534 -3.000050
v 0.800477 0.040534 -3.000050
v 0.817867 0.053966 -2.890050
v 0.787867 0.053966 -2.890050
v 0.787867 -0.026034 -2.890050
v 0.817867 -0.026034 -2.890050
v 0.787867 0.053966 -2.860050
v 0.787867 -0.026034 -2.860050
v 0.817867 0.053966 -2.860050
v 0.817867 -0.026034 -2.860050
v 0.970000 -0.030755 -2.945050
v 0.970000 0.027287 -2.945050
v 0.030000 0.027287 -2.945050
v 0.030000 -0.030755 -2.945050
v 0.970000 0.027287 -2.805050
v 0.030000 -0.030755 -2.805050
v 0.030000 0.027287 -2.805050
v 0.860477 0.025048 -3.000050
v 0.800477 0.025048 -3.000050
v 0.808588 0.085048 -3.000050
v 0.852366 0.085048 -3.000050
v 0.817867 0.053966 -3.140050
v 0.787867 0.053966 -3.140050
v 0.787867 -0.026034 -3.140050
v 0.817867 -0.026034 -3.140050
v 0.787867 0.053966 -3.110050
v 0.787867 -0.026034 -3.110050
v 0.817867 0.053966 -3.110050
v 0.817867 -0.026034 -3.110050
v 0.970000 -0.030755 -3.195050
v 0.970000 0.027287 -3.195050
v 0.030000 0.027287 -3.195050
v 0.030000 -0.030755 -3.195050
v 0.970000 0.027287 -3.055050
v 0.030000 -0.030755 -3.055050
v 0.030000 0.027287 -3.055050
v 0.817867 0.053966 -3.390050
v 0.787867 0.053966 -3.390050
v 0.787867 -0.026034 -3.390050
v 0.817867 -0.026034 -3.390050
v 0.787867 0.053966 -3.360050
v 0.787867 -0.026034 -3.360050
v 0.817867 0.053966 -3.360050
v 0.817867 -0.026034 -3.360050
v 0.970000 -0.030755 -3.445050
v 0.970000 0.027287 -3.445050
v 0.030000 0.027287 -3.445050
v 0.030000 -0.030755 -3.445050
v 0.970000 -0.030755 -3.305050
v 0.970000 0.027287 -3.305050
v 0.030000 -0.030755 -3.305050
v 0.030000 0.027287 -3.305050
v 0.817867 0.053966 -3.640050
v 0.787867 0.053966 -3.640050
v 0.787867 -0.026034 -3.640050
v 0.817867 -0.026034 -3.640050
v 0.787867 0.053966 -3.610050
v 0.787867 -0.026034 -3.610050
v 0.817867 0.053966 -3.610050
v 0.817867 -0.026034 -3.610050
v 0.970000 -0.030755 -3.695050
v 0.970000 0.027287 -3.695050
v 0.030000 0.027287 -3.695050
v 0.030000 -0.030755 -3.695050
v 0.970000 -0.030755 -3.555050
v 0.970000 0.027287 -3.555050
v 0.030000 -0.030755 -3.555050
v 0.030000 0.027287 -3.555050
v 0.842732 0.070829 -4.000051
v 0.808588 0.070829 -4.000051
v 0.818222 0.070829 -4.000051
v 0.852366 0.070829 -4.000051
v 0.860477 0.025048 -4.000051
v 0.860477 0.040534 -4.000051
v 0.842732 0.040534 -4.000051
v 0.818222 0.040534 -4.000051
v 0.800477 0.040534 -4.000051
v 0.817867 0.053966 -3.890050
v 0.787867 0.053966 -3.890050
v 0.787867 -0.026034 -3.890050
v 0.817867 -0.026034 -3.890050
v 0.787867 0.053966 -3.860050
v 0.787867 -0.026034 -3.860050
v 0.817867 0.053966 -3.860050
v 0.817867 -0.026034 -3.860050
v 0.970000 -0.030755 -3.945050
v 0.970000 0.027287 -3.945050
v 0.030000 0.027287 -3.945050
v 0.030000 -0.030755 -3.945050
v 0.970000 -0.030755 -3.805050
v 0.970000 0.027287 -3.805050
v 0.030000 -0.030755 -3.805050
v 0.030000 0.027287 -3.805050
v 0.800477 0.025048 -4.000051
v 0.808588 0.085048 -4.000051
v 0.852366 0.085048 -4.000051
v 0.817867 0.053966 -4.140050
v 0.787867 0.053966 -4.140050
v 0.787867 -0.026034 -4.140050
v 0.817867 -0.026034 -4.140050
v 0.787867 0.053966 -4.110051
v 0.787867 -0.026034 -4.110051
v 0.817867 0.053966 -4.110051
v 0.817867 -0.026034 -4.110051
v 0.970000 -0.030755 -4.195051
v 0.970000 0.027287 -4.195051
v 0.030000 0.027287 -4.195051
v 0.030000 -0.030755 -4.195051
v 0.970000 -0.030755 -4.055050
v 0.970000 0.027287 -4.055050
v 0.030000 -0.030755 -4.055050
v 0.030000 0.027287 -4.055050
v 0.817867 0.053966 -4.390050
v 0.787867 0.053966 -4.390050
v 0.787867 -0.026034 -4.390050
v 0.817867 -0.026034 -4.390050
v 0.787867 0.053966 -4.360051
v 0.787867 -0.026034 -4.360051
v 0.817867 0.053966 -4.360051
v 0.817867 -0.026034 -4.360051
v 0.970000 -0.030755 -4.445051
v 0.970000 0.027287 -4.445051
v 0.030000 0.027287 -4.445051
v 0.030000 -0.030755 -4.445051
v 0.970000 -0.030755 -4.305050
v 0.970000 0.027287 -4.305050
v 0.030000 -0.030755 -4.305050
v 0.030000 0.027287 -4.305050
v 0.817867 0.053966 -4.640050
v 0.787867 0.053966 -4.640050
v 0.787867 -0.026034 -4.640050
v 0.817867 -0.026034 -4.640050
v 0.787867 0.053966 -4.610051
v 0.787867 -0.026034 -4.610051
v 0.817867 0.053966 -4.610051
v 0.817867 -0.026034 -4.610051
v 0.970000 -0.030755 -4.695051
v 0.970000 0.027287 -4.695051
v 0.030000 0.027287 -4.695051
v 0.030000 -0.030755 -4.695051
v 0.970000 -0.030755 -4.555050
v 0.970000 0.027287 -4.555050
v 0.030000 -0.030755 -4.555050
v 0.030000 0.027287 -4.555050
v 0.817867 0.053966 -4.890050
v 0.787867 0.053966 -4.890050
v 0.787867 -0.026034 -4.890050
v 0.817867 -0.026034 -4.890050
v 0.787867 0.053966 -4.860051
v 0.787867 -0.026034 -4.860051
v 0.817867 0.053966 -4.860051
v 0.817867 -0.026034 -4.860051
v 0.970000 -0.030755 -4.945051
v 0.970000 0.027287 -4.945051
v 0.030000 0.027287 -4.945051
v 0.030000 -0.030755 -4.945051
v 0.970000 -0.030755 -4.805050
v 0.970000 0.027287 -4.805050
v 0.030000 -0.030755 -4.805050
v 0.030000 0.027287 -4.805050
v 0.860477 0.025048 -5.000051
v 0.860477 0.040534 -5.000051
v 0.818222 0.040534 -5.000051
v 0.842732 0.040534 -5.000051
v 0.800477 0.025048 -5.000051
v 0.800477 0.040534 -5.000051
v 0.842732 0.070829 -5.000051
v 0.818222 0.070829 -5.000051
v 0.808588 0.070829 -5.000051
v 0.808588 0.085048 -5.000051
v 0.852366 0.085048 -5.000051
v 0.852366 0.070829 -5.000051
v 0.817867 0.053966 -5.140050
v 0.787867 0.053966 -5.140050
v 0.787867 -0.026034 -5.140050
v 0.817867 -0.026034 -5.140050
v 0.787867 0.053966 -5.110051
v 0.787867 -0.026034 -5.110051
v 0.817867 0.053966 -5.110051
v 0.817867 -0.026034 -5.110051
v 0.970000 -0.030755 -5.195051
v 0.970000 0.027287 -5.195051
v 0.030000 0.027287 -5.195051
v 0.030000 -0.030755 -5.195051
v 0.970000 -0.030755 -5.055050
v 0.970000 0.027287 -5.055050
v 0.030000 -0.030755 -5.055050
v 0.030000 0.027287 -5.055050
v 0.817867 0.053966 -5.390050
v 0.787867 0.053966 -5.390050
v 0.787867 -0.026034 -5.390050
v 0.817867 -0.026034 -5.390050
v 0.787867 0.053966 -5.360051
v 0.787867 -0.026034 -5.360051
v 0.817867 0.053966 -5.360051
v 0.817867 -0.026034 -5.360051
v 0.970000 -0.030755 -5.445051
v 0.970000 0.027287 -5.445051
v 0.030000 0.027287 -5.445051
v 0.030000 -0.030755 -5.445051
v 0.970000 -0.030755 -5.305050
v 0.970000 0.027287 -5.305050
v 0.030000 -0.030755 -5.305050
v 0.030000 0.027287 -5.305050
v 0.817867 0.053966 -5.640050
v 0.787867 0.053966 -5.640050
v 0.787867 -0.026034 -5.640050
v 0.817867 -0.026034 -5.640050
v 0.787867 0.053966 -5.610051
v 0.787867 -0.026034 -5.610051
v 0.817867 0.053966 -5.610051
v 0.817867 -0.026034 -5.610051
v 0.970000 -0.030755 -5.695051
v 0.970000 0.027287 -5.695051
v 0.030000 0.027287 -5.695051
v 0.030000 -0.030755 -5.695051
v 0.970000 -0.030755 -5.555050
v 0.970000 0.027287 -5.555050
v 0.030000 -0.030755 -5.555050
v 0.030000 0.027287 -5.555050
v 0.842732 0.070829 -6.000051
v 0.808588 0.070829 -6.000051
v 0.818222 0.070829 -6.000051
v 0.852366 0.070829 -6.000051
v 0.860476 0.040534 -6.000051
v 0.842731 0.040534 -6.000051
v 0.818222 0.040534 -6.000051
v 0.800477 0.040534 -6.000051
v 0.817867 0.053966 -5.890050
v 0.787867 0.053966 -5.890050
v 0.787867 -0.026034 -5.890050
v 0.817867 -0.026034 -5.890050
v 0.787867 0.053966 -5.860051
v 0.787867 -0.026034 -5.860051
v 0.817867 0.053966 -5.860051
v 0.817867 -0.026034 -5.860051
v 0.970000 -0.030755 -5.945051
v 0.970000 0.027287 -5.945051
v 0.030000 0.027287 -5.945051
v 0.030000 -0.030755 -5.945051
v 0.970000 -0.030755 -5.805050
v 0.970000 0.027287 -5.805050
v 0.030000 -0.030755 -5.805050
v 0.030000 0.027287 -5.805050
v 0.860477 0.025048 -6.000051
v 0.800477 0.025048 -6.000051
v 0.808588 0.085048 -6.000051
v 0.852366 0.085048 -6.000051
v 0.191411 0.070829 -6.363777
v 0.157268 0.070829 -6.363777
v 0.139523 0.024617 -6.363777
v 0.199522 0.024617 -6.363777
v 0.817867 0.053966 -6.140050
v 0.787867 0.053966 -6.140050
v 0.787867 -0.026034 -6.140050
v 0.817867 -0.026034 -6.140050
v 0.787867 0.053966 -6.110051
v 0.787867 -0.026034 -6.110051
v 0.817867 0.053966 -6.110051
v 0.817867 -0.026034 -6.110051
v 0.970000 -0.030755 -6.195051
v 0.969999 0.027287 -6.195051
v 0.030000 0.027287 -6.195051
v 0.030000 -0.030755 -6.195051
v 0.969999 -0.030755 -6.055050
v 0.970000 0.027287 -6.055050
v 0.030000 -0.030755 -6.055050
v 0.030000 0.027287 -6.055050
v 0.191411 0.070829 -6.500051
v 0.147634 0.085048 -6.500051
v 0.147634 0.070829 -6.500051
v 0.139523 0.040103 -6.363777
v 0.181778 0.040103 -6.363777
v 0.199523 0.040103 -6.363777
v 0.157268 0.040103 -6.363777
v 0.147634 0.070829 -6.363777
v 0.181778 0.070829 -6.363777
v 0.191412 0.085048 -6.363777
v 0.817867 0.053966 -6.390050
v 0.787867 0.053966 -6.390050
v 0.787867 -0.026034 -6.390050
v 0.817867 -0.026034 -6.390050
v 0.787867 0.053966 -6.360051
v 0.787867 -0.026034 -6.360051
v 0.817867 0.053966 -6.360051
v 0.817867 -0.026034 -6.360051
v 0.969999 -0.030755 -6.445051
v 0.969999 0.027287 -6.445051
v 0.030000 0.027287 -6.445051
v 0.030000 -0.030755 -6.445051
v 0.969999 -0.030755 -6.305050
v 0.969999 0.027287 -6.305050
v 0.030000 -0.030755 -6.305050
v 0.030000 0.027287 -6.305050
v 0.139523 0.025048 -6.500051
v 0.139523 0.040534 -6.500051
v 0.199523 0.025048 -6.500051
v 0.181778 0.040534 -6.500051
v 0.199523 0.040534 -6.500051
v 0.157268 0.040534 -6.500051
v 0.181778 0.070829 -6.500051
v 0.157268 0.070829 -6.500051
v 0.191412 0.085048 -6.500051
v 0.212133 -0.026034 -6.640050
v 0.212132 0.053966 -6.640050
v 0.182132 0.053966 -6.640050
v 0.182133 -0.026034 -6.640050
v 0.212133 -0.026034 -6.610051
v 0.212132 0.053966 -6.610051
v 0.182133 -0.026034 -6.610051
v 0.182132 0.053966 -6.610051
v 0.817867 0.053966 -6.640050
v 0.787866 0.053966 -6.640050
v 0.787866 -0.026034 -6.640050
v 0.817867 -0.026034 -6.640050
v 0.787866 0.053966 -6.610051
v 0.787866 -0.026034 -6.610051
v 0.817867 0.053966 -6.610051
v 0.817867 -0.026034 -6.610051
v 0.969999 -0.030755 -6.695051
v 0.969999 0.028814 -6.695051
v 0.029999 0.028814 -6.695051
v 0.030000 -0.030755 -6.695051
v 0.969999 -0.030755 -6.555050
v 0.969999 0.028814 -6.555050
v 0.030000 -0.030755 -6.555050
v 0.030000 0.028814 -6.555050
v 0.842731 0.070829 -7.000051
v 0.808587 0.070829 -7.000051
v 0.818221 0.070829 -7.000051
v 0.852365 0.070829 -7.000051
v 0.860476 0.040534 -7.000051
v 0.818221 0.040534 -7.000051
v 0.800476 0.040534 -7.000051
v 0.191411 0.070829 -7.000051
v 0.157267 0.070829 -7.000051
v 0.181777 0.070829 -7.000051
v 0.147633 0.085048 -7.000051
v 0.139522 0.025048 -7.000051
v 0.212133 -0.026034 -6.890050
v 0.212132 0.053966 -6.890050
v 0.182132 0.053966 -6.890050
v 0.182132 -0.026034 -6.890050
v 0.212133 -0.026034 -6.860051
v 0.212132 0.053966 -6.860051
v 0.182132 -0.026034 -6.860051
v 0.182132 0.053966 -6.860051
v 0.817867 0.053966 -6.890050
v 0.787866 0.053966 -6.890050
v 0.787866 -0.026034 -6.890050
v 0.817866 -0.026034 -6.890050
v 0.787866 0.053966 -6.860051
v 0.787866 -0.026034 -6.860051
v 0.817867 0.053966 -6.860051
v 0.817867 -0.026034 -6.860051
v 0.969999 -0.030755 -6.945051
v 0.969999 0.028814 -6.945051
v 0.029999 0.028814 -6.945051
v 0.029999 -0.030755 -6.945051
v 0.969999 -0.030755 -6.805050
v 0.969999 0.028814 -6.805050
v 0.029999 -0.030755 -6.805050
v 0.029999 0.028814 -6.805050
v 0.860476 0.025048 -7.000051
v 0.842731 0.040534 -7.000051
v 0.800476 0.025048 -7.000051
v 0.808587 0.085048 -7.000051
v 0.852365 0.085048 -7.000051
v 0.139522 0.040534 -7.000051
v 0.199523 0.025048 -7.000051
v 0.181778 0.040534 -7.000051
v 0.199523 0.040534 -7.000051
v 0.157268 0.040534 -7.000051
v 0.147633 0.070829 -7.000051
v 0.191411 0.085048 -7.000051
v 0.212133 -0.026034 -7.140050
v 0.212132 0.053966 -7.140050
v 0.182132 0.053966 -7.140050
v 0.182132 -0.026034 -7.140050
v 0.212133 -0.026034 -7.110051
v 0.212132 0.053966 -7.110051
v 0.182132 -0.026034 -7.110051
v 0.182132 0.053966 -7.110051
v 0.817866 0.053966 -7.140050
v 0.787866 0.053966 -7.140050
v 0.787866 -0.026034 -7.140050
v 0.817866 -0.026034 -7.140050
v 0.787866 0.053966 -7.110051
v 0.787866 -0.026034 -7.110051
v 0.817866 0.053966 -7.110051
v 0.817866 -0.026034 -7.110051
v 0.969999 -0.030755 -7.195051
v 0.969999 0.028814 -7.195051
v 0.029999 0.028814 -7.195051
v 0.029999 -0.030755 -7.195051
v 0.969999 -0.030755 -7.055050
v 0.969999 0.028814 -7.055050
v 0.029999 -0.030755 -7.055050
v 0.029999 0.028814 -7.055050
v 0.212133 -0.026034 -7.390050
v 0.212132 0.053966 -7.390050
v 0.182132 0.053966 -7.390050
v 0.182132 -0.026034 -7.390050
v 0.212133 -0.026034 -7.360051
v 0.212132 0.053966 -7.360051
v 0.182132 -0.026034 -7.360051
v 0.182132 0.053966 -7.360051
v 0.817866 0.053966 -7.390050
v 0.787866 0.053966 -7.390050
v 0.787866 -0.026034 -7.390050
v 0.817866 -0.026034 -7.390050
v 0.787866 0.053966 -7.360051
v 0.787866 -0.026034 -7.360051
v 0.817866 0.053966 -7.360051
v 0.817866 -0.026034 -7.360051
v 0.969999 -0.030755 -7.445051
v 0.969999 0.028814 -7.445051
v 0.029999 0.028814 -7.445051
v 0.029999 -0.030755 -7.445051
v 0.969999 -0.030755 -7.305050
v 0.969999 0.028814 -7.305050
v 0.029999 -0.030755 -7.305050
v 0.029999 0.028814 -7.305050
v 0.212132 -0.026034 -7.640050
v 0.212132 0.053966 -7.640050
v 0.182132 0.053966 -7.640050
v 0.182132 -0.026034 -7.640050
v 0.212132 -0.026034 -7.610051
v 0.212132 0.053966 -7.610051
v 0.182132 -0.026034 -7.610051
v 0.182132 0.053966 -7.610051
v 0.817866 0.053966 -7.640050
v 0.787866 0.053966 -7.640050
v 0.787866 -0.026034 -7.640050
v 0.817866 -0.026034 -7.640050
v 0.787866 0.053966 -7.610051
v 0.787866 -0.026034 -7.610051
v 0.817866 0.053966 -7.610051
v 0.817866 -0.026034 -7.610051
v 0.969999 -0.030755 -7.695051
v 0.969999 0.028814 -7.695051
v 0.029999 0.028814 -7.695051
v 0.029999 -0.030755 -7.695051
v 0.969999 -0.030755 -7.555050
v 0.969999 0.028814 -7.555050
v 0.029999 -0.030755 -7.555050
v 0.029999 0.028814 -7.555050
v 0.842731 0.070829 -8.000051
v 0.818221 0.070829 -8.000051
v 0.852365 0.070829 -8.000051
v 0.860476 0.025048 -8.000051
v 0.860476 0.040534 -8.000051
v 0.818221 0.040534 -8.000051
v 0.191411 0.070829 -8.000051
v 0.147633 0.085048 -8.000051
v 0.139522 0.040534 -8.000051
v 0.139522 0.025048 -8.000051
v 0.212132 -0.026034 -7.890050
v 0.212132 0.053966 -7.890050
v 0.182132 0.053966 -7.890050
v 0.182132 -0.026034 -7.890050
v 0.212132 -0.026034 -7.860051
v 0.212132 0.053966 -7.860051
v 0.182132 -0.026034 -7.860051
v 0.182132 0.053966 -7.860051
v 0.817866 0.053966 -7.890050
v 0.787866 0.053966 -7.890050
v 0.787866 -0.026034 -7.890050
v 0.817866 -0.026034 -7.890050
v 0.787866 0.053966 -7.860051
v 0.787866 -0.026034 -7.860051
v 0.817866 0.053966 -7.860051
v 0.817866 -0.026034 -7.860051
v 0.969999 -0.030755 -7.945051
v 0.969999 0.029245 -7.945051
v 0.029999 0.029245 -7.945051
v 0.029999 -0.030755 -7.945051
v 0.969999 -0.030755 -7.805050
v 0.969999 0.029245 -7.805050
v 0.029999 -0.030755 -7.805050
v 0.029999 0.029245 -7.805050
v 0.842731 0.040534 -8.000051
v 0.800476 0.025048 -8.000051
v 0.800476 0.040534 -8.000051
v 0.808587 0.070829 -8.000051
v 0.808587 0.085048 -8.000051
v 0.852365 0.085048 -8.000051
v 0.199522 0.025048 -8.000051
v 0.181777 0.040534 -8.000051
v 0.199522 0.040534 -8.000051
v 0.157267 0.040534 -8.000051
v 0.147633 0.070829 -8.000051
v 0.181777 0.070829 -8.000051
v 0.157267 0.070829 -8.000051
v 0.191411 0.085048 -8.000051
v 0.212132 -0.026034 -8.140051
v 0.212132 0.053966 -8.140051
v 0.182132 0.053966 -8.140051
v 0.182132 -0.026034 -8.140051
v 0.212132 -0.026034 -8.110051
v 0.212132 0.053966 -8.110051
v 0.182132 -0.026034 -8.110051
v 0.182132 0.053966 -8.110051
v 0.817866 0.053966 -8.140051
v 0.787866 0.053966 -8.140051
v 0.787866 -0.026034 -8.140051
v 0.817866 -0.026034 -8.140051
v 0.787866 0.053966 -8.110051
v 0.787866 -0.026034 -8.110051
v 0.817866 0.053966 -8.110051
v 0.817866 -0.026034 -8.110051
v 0.969999 -0.030755 -8.195051
v 0.969999 0.029245 -8.195051
v 0.029999 0.029245 -8.195051
v 0.029999 -0.030755 -8.195051
v 0.969999 -0.030755 -8.055051
v 0.969999 0.029245 -8.055051
v 0.029999 -0.030755 -8.055051
v 0.029999 0.029245 -8.055051
v 0.212132 -0.026034 -8.390051
v 0.212132 0.053966 -8.390051
v 0.182132 0.053966 -8.390051
v 0.182132 -0.026034 -8.390051
v 0.212132 -0.026034 -8.360051
v 0.212132 0.053966 -8.360051
v 0.182132 -0.026034 -8.360051
v 0.182132 0.053966 -8.360051
v 0.817866 0.053966 -8.390051
v 0.787866 0.053966 -8.390051
v 0.787866 -0.026034 -8.390051
v 0.817866 -0.026034 -8.390051
v 0.787866 0.053966 -8.360051
v 0.787866 -0.026034 -8.360051
v 0.817866 0.053966 -8.360051
v 0.817866 -0.026034 -8.360051
v 0.969999 -0.030755 -8.445051
v 0.969999 0.029245 -8.445051
v 0.029999 0.029245 -8.445051
v 0.029999 -0.030755 -8.445051
v 0.969999 -0.030755 -8.305051
v 0.969999 0.029245 -8.305051
v 0.029999 -0.030755 -8.305051
v 0.029999 0.029245 -8.305051
v 0.212132 -0.026034 -8.640051
v 0.212132 0.053966 -8.640051
v 0.182132 0.053966 -8.640051
v 0.182132 -0.026034 -8.640051
v 0.212132 -0.026034 -8.610051
v 0.212132 0.053966 -8.610051
v 0.182132 -0.026034 -8.610051
v 0.182132 0.053966 -8.610051
v 0.817866 0.053966 -8.640051
v 0.787866 0.053966 -8.640051
v 0.787866 -0.026034 -8.640051
v 0.817866 -0.026034 -8.640051
v 0.787866 0.053966 -8.610051
v 0.787866 -0.026034 -8.610051
v 0.817866 0.053966 -8.610051
v 0.817866 -0.026034 -8.610051
v 0.969999 -0.030755 -8.695051
v 0.969999 0.029245 -8.695051
v 0.029999 0.029245 -8.695051
v 0.029999 -0.030755 -8.695051
v 0.969999 -0.030755 -8.555051
v 0.969999 0.029245 -8.555051
v 0.029999 -0.030755 -8.555051
v 0.029999 0.029245 -8.555051
v 0.842731 0.070829 -9.000051
v 0.808587 0.070829 -9.000051
v 0.818221 0.070829 -9.000051
v 0.860476 0.040534 -9.000051
v 0.818221 0.040534 -9.000051
v 0.191411 0.070829 -9.000051
v 0.147633 0.085048 -9.000051
v 0.139522 0.040534 -9.000051
v 0.139522 0.025048 -9.000051
v 0.199522 0.025048 -9.000051
v 0.199522 0.040534 -9.000051
v 0.212132 -0.026034 -8.890051
v 0.212132 0.053966 -8.890051
v 0.182132 0.053966 -8.890051
v 0.182132 -0.026034 -8.890051
v 0.212132 -0.026034 -8.860051
v 0.212132 0.053966 -8.860051
v 0.182132 -0.026034 -8.860051
v 0.182132 0.053966 -8.860051
v 0.817866 0.053966 -8.890051
v 0.787866 0.053966 -8.890051
v 0.787866 -0.026034 -8.890051
v 0.817866 -0.026034 -8.890051
v 0.787866 0.053966 -8.860051
v 0.787866 -0.026034 -8.860051
v 0.817866 0.053966 -8.860051
v 0.817866 -0.026034 -8.860051
v 0.969999 -0.030755 -8.945051
v 0.969999 0.029245 -8.945051
v 0.029999 0.029245 -8.945051
v 0.029999 -0.030755 -8.945051
v 0.969999 -0.030755 -8.805051
v 0.969999 0.029245 -8.805051
v 0.029999 -0.030755 -8.805051
v 0.029999 0.029245 -8.805051
v 0.860476 0.025048 -9.000051
v 0.842731 0.040534 -9.000051
v 0.800476 0.025048 -9.000051
v 0.800476 0.040534 -9.000051
v 0.808587 0.085048 -9.000051
v 0.852365 0.085048 -9.000051
v 0.852365 0.070829 -9.000051
v 0.181777 0.040534 -9.000051
v 0.157267 0.040534 -9.000051
v 0.147633 0.070829 -9.000051
v 0.181777 0.070829 -9.000051
v 0.157267 0.070829 -9.000051
v 0.191411 0.085048 -9.000051
v 0.212132 -0.026034 -9.140051
v 0.212132 0.053966 -9.140051
v 0.182132 0.053966 -9.140051
v 0.182132 -0.026034 -9.140051
v 0.212132 -0.026034 -9.110051
v 0.212132 0.053966 -9.110051
v 0.182132 -0.026034 -9.110051
v 0.182132 0.053966 -9.110051
v 0.817866 0.053966 -9.140051
v 0.787866 0.053966 -9.140051
v 0.787866 -0.026034 -9.140051
v 0.817866 -0.026034 -9.140051
v 0.787866 0.053966 -9.110051
v 0.787866 -0.026034 -9.110051
v 0.817866 0.053966 -9.110051
v 0.817866 -0.026034 -9.110051
v 0.969999 -0.030755 -9.195051
v 0.969999 0.029245 -9.195051
v 0.029999 0.029245 -9.195051
v 0.029999 -0.030755 -9.195051
v 0.969999 -0.030755 -9.055051
v 0.969999 0.029245 -9.055051
v 0.029999 -0.030755 -9.055051
v 0.029999 0.029245 -9.055051
v 0.212132 -0.026034 -9.390051
v 0.212132 0.053966 -9.390051
v 0.182132 0.053966 -9.390051
v 0.182132 -0.026034 -9.390051
v 0.212132 -0.026034 -9.360051
v 0.212132 0.053966 -9.360051
v 0.182132 -0.026034 -9.360051
v 0.182132 0.053966 -9.360051
v 0.817866 0.053966 -9.390051
v 0.787866 0.053966 -9.390051
v 0.787866 -0.026034 -9.390051
v 0.817866 -0.026034 -9.390051
v 0.787866 0.053966 -9.360051
v 0.787866 -0.026034 -9.360051
v 0.817866 0.053966 -9.360051
v 0.817866 -0.026034 -9.360051
v 0.969999 -0.030755 -9.445051
v 0.969999 0.029245 -9.445051
v 0.029999 0.029245 -9.445051
v 0.029999 -0.030755 -9.445051
v 0.969999 -0.030755 -9.305051
v 0.969999 0.029245 -9.305051
v 0.029999 -0.030755 -9.305051
v 0.029999 0.029245 -9.305051
v 0.212132 -0.026034 -9.640051
v 0.212132 0.053966 -9.640051
v 0.182132 0.053966 -9.640051
v 0.182132 -0.026034 -9.640051
v 0.212132 -0.026034 -9.610051
v 0.212132 0.053966 -9.610051
v 0.182132 -0.026034 -9.610051
v 0.182132 0.053966 -9.610051
v 0.817866 0.053966 -9.640051
v 0.787866 0.053966 -9.640051
v 0.787866 -0.026034 -9.640051
v 0.817866 -0.026034 -9.640051
v 0.787866 0.053966 -9.610051
v 0.787866 -0.026034 -9.610051
v 0.817866 0.053966 -9.610051
v 0.817866 -0.026034 -9.610051
v 0.969999 -0.030755 -9.695051
v 0.969999 0.029245 -9.695051
v 0.029999 0.029245 -9.695051
v 0.029999 -0.030755 -9.695051
v 0.969999 -0.030755 -9.555051
v 0.969999 0.029245 -9.555051
v 0.029999 -0.030755 -9.555051
v 0.029999 0.029245 -9.555051
v 0.842731 0.070829 -10.000051
v 0.808587 0.085048 -10.000051
v 0.808587 0.070829 -10.000051
v 0.818221 0.070829 -10.000051
v 0.852365 0.070829 -10.000051
v 0.852365 0.085048 -10.000051
v 0.800476 0.025048 -10.000051
v 0.860476 0.025048 -10.000051
v 0.860476 0.040534 -10.000051
v 0.842731 0.040534 -10.000051
v 0.818221 0.040534 -10.000051
v 0.800476 0.040534 -10.000051
v 0.191411 0.070829 -10.000051
v 0.191411 0.085048 -10.000051
v 0.157267 0.070829 -10.000051
v 0.181777 0.070829 -10.000051
v 0.147633 0.085048 -10.000051
v 0.147633 0.070829 -10.000051
v 0.139522 0.040534 -10.000051
v 0.139522 0.025048 -10.000051
v 0.181777 0.040534 -10.000051
v 0.157267 0.040534 -10.000051
v 0.199522 0.025048 -10.000051
v 0.199522 0.040534 -10.000051
v 0.212132 -0.026034 -9.890051
v 0.212132 0.053966 -9.890051
v 0.182132 0.053966 -9.890051
v 0.182132 -0.026034 -9.890051
v 0.212132 -0.026034 -9.860051
v 0.212132 0.053966 -9.860051
v 0.182132 -0.026034 -9.860051
v 0.182132 0.053966 -9.860051
v 0.817866 0.053966 -9.890051
v 0.787866 0.053966 -9.890051
v 0.787866 -0.026034 -9.890051
v 0.817866 -0.026034 -9.890051
v 0.787866 0.053966 -9.860051
v 0.787866 -0.026034 -9.860051
v 0.817866 0.053966 -9.860051
v 0.817866 -0.026034 -9.860051
v 0.969999 -0.030755 -9.945051
v 0.969999 0.029245 -9.945051
v 0.029999 0.029245 -9.945051
v 0.029999 -0.030755 -9.945051
v 0.969999 -0.030755 -9.805051
v 0.969999 0.029245 -9.805051
v 0.029999 -0.030755 -9.805051
v 0.029999 0.029245 -9.805051
v -0.669689 0.070829 -10.091433
v -0.660405 0.070829 -10.094004
v -0.710413 0.025048 -10.080160
v -0.652588 0.025048 -10.096167
v -0.652588 0.040534 -10.096167
v -0.669689 0.040534 -10.091433
v -0.710413 0.040534 -10.080160
v -0.659716 0.040534 -9.964094
v -0.636086 0.040534 -9.970604
v -0.676823 0.025048 -9.959380
v -0.636086 0.070829 -9.970604
v -0.669003 0.070829 -9.961535
v -0.626798 0.085048 -9.973163
v -1.297404 0.085048 -9.917675
v -1.330310 0.070829 -9.908566
v -1.306689 0.070829 -9.915106
v -1.339595 0.085048 -9.905996
v -1.339595 0.070829 -9.905996
v -1.306689 0.040534 -9.915106
v -1.330310 0.040534 -9.908566
v -1.289587 0.025048 -9.919840
v -1.256191 0.040534 -9.799761
v -1.306216 0.085048 -9.785978
v -1.273299 0.070829 -9.795047
v -1.277352 0.053966 -9.922907
v -1.306256 0.053966 -9.914873
v -1.306256 -0.026034 -9.914873
v -1.273344 -0.026034 -9.908496
v -1.273344 0.053966 -9.908496
v -1.302250 -0.026034 -9.900466
v -1.302250 0.053966 -9.900466
v -0.693743 0.053966 -10.085126
v -0.718617 0.053966 -10.062600
v -0.718617 -0.026034 -10.062600
v -0.689712 0.053966 -10.070630
v -0.689712 -0.026034 -10.070630
v -0.528260 -0.030755 -10.057880
v -0.528259 0.029245 -10.057880
v -1.434228 -0.030755 -9.807240
v -1.434228 0.029245 -9.807240
v -0.669003 0.085048 -9.961535
v -0.659716 0.070829 -9.964094
v -0.626798 0.070829 -9.973163
v -0.618978 0.025048 -9.975317
v -0.618978 0.040534 -9.975317
v -0.676823 0.040534 -9.959380
v -1.264010 0.070829 -9.797606
v -1.264010 0.085048 -9.797606
v -1.296928 0.070829 -9.788537
v -1.306216 0.070829 -9.785978
v -1.314036 0.040534 -9.783824
v -1.314036 0.025048 -9.783824
v -1.273299 0.040534 -9.795047
v -1.296928 0.040534 -9.788537
v -1.256191 0.025048 -9.799761
v -1.214722 -0.026034 -9.697722
v -1.214722 0.053966 -9.697722
v -1.243661 0.053966 -9.689816
v -1.243661 -0.026034 -9.689816
v -1.206728 -0.026034 -9.668982
v -1.206728 0.053966 -9.668982
v -1.235672 -0.026034 -9.661091
v -1.235672 0.053966 -9.661091
v -0.630405 0.053966 -9.857369
v -0.659344 0.053966 -9.849463
v -0.659344 -0.026034 -9.849463
v -0.630405 -0.026034 -9.857369
v -0.651262 0.053966 -9.820398
v -0.651262 -0.026034 -9.820398
v -0.622318 0.053966 -9.828289
v -0.622318 -0.026034 -9.828289
v -0.498520 -0.030755 -9.950937
v -0.498520 0.029245 -9.950937
v -1.405020 0.029245 -9.702227
v -1.405020 -0.030755 -9.702227
v -0.460673 -0.030755 -9.814828
v -0.460673 0.029245 -9.814828
v -1.367844 -0.030755 -9.568574
v -1.367844 0.029245 -9.568574
v -0.524940 0.040534 -9.479405
v -0.501249 0.040534 -9.485686
v -0.491936 0.070829 -9.488155
v -1.122978 0.040534 -9.320850
v -1.163821 0.040534 -9.310021
v -1.173134 0.070829 -9.307552
v -1.130818 0.085048 -9.318771
v -1.148100 -0.026034 -9.458208
v -1.148100 0.053966 -9.458208
v -1.177077 0.053966 -9.450441
v -1.177077 -0.026034 -9.450441
v -1.140105 -0.026034 -9.429467
v -1.140105 0.053966 -9.429467
v -1.169087 -0.026034 -9.421718
v -1.169087 0.053966 -9.421718
v -0.563017 0.053966 -9.615026
v -0.591995 0.053966 -9.607260
v -0.591995 -0.026034 -9.607260
v -0.563017 -0.026034 -9.615026
v -0.583913 0.053966 -9.578196
v -0.583913 -0.026034 -9.578197
v -0.554931 0.053966 -9.585946
v -0.554931 -0.026034 -9.585946
v -0.430938 -0.030755 -9.707885
v -0.430938 0.029245 -9.707885
v -1.338631 0.029245 -9.463563
v -1.338631 -0.030755 -9.463563
v -0.393096 -0.030755 -9.571773
v -0.393096 0.029245 -9.571773
v -1.301448 -0.030755 -9.329911
v -1.301448 0.029245 -9.329911
v -0.501249 0.070829 -9.485686
v -0.534252 0.085048 -9.476936
v -0.534252 0.070829 -9.476936
v -0.524940 0.070829 -9.479405
v -0.491936 0.085048 -9.488155
v -0.542093 0.025048 -9.474857
v -0.484096 0.025048 -9.490233
v -0.484096 0.040534 -9.490233
v -0.542093 0.040534 -9.474857
v -1.130818 0.070829 -9.318771
v -1.163821 0.070829 -9.310021
v -1.140130 0.070829 -9.316302
v -1.173134 0.085048 -9.307552
v -1.180974 0.040534 -9.305474
v -1.180974 0.025048 -9.305474
v -1.140130 0.040534 -9.316302
v -1.122978 0.025048 -9.320850
v -1.081471 -0.026034 -9.218697
v -1.081471 0.053966 -9.218697
v -1.110486 0.053966 -9.211070
v -1.110486 -0.026034 -9.211070
v -1.073476 -0.026034 -9.189955
v -1.073476 0.053966 -9.189955
v -1.102494 -0.026034 -9.182345
v -1.102494 0.053966 -9.182345
v -0.495637 0.053966 -9.372682
v -0.524651 0.053966 -9.365055
v -0.524651 -0.026034 -9.365055
v -0.495637 -0.026034 -9.372682
v -0.516570 0.053966 -9.335991
v -0.516570 -0.026034 -9.335991
v -0.487552 0.053966 -9.343600
v -0.487552 -0.026034 -9.343600
v -0.363366 -0.030755 -9.464828
v -0.363366 0.029245 -9.464828
v -1.272230 0.029245 -9.224901
v -1.272230 -0.030755 -9.224901
v -0.325531 -0.030755 -9.328716
v -0.325531 0.029245 -9.328716
v -1.235042 -0.030755 -9.091251
v -1.235042 0.029245 -9.091251
v -0.357144 0.040534 -9.001917
v -0.374354 0.040534 -8.997589
v -0.415333 0.025048 -8.987285
v -0.374354 0.070829 -8.997589
v -0.398124 0.070829 -8.991612
v -0.365010 0.085048 -8.999939
v -1.056333 0.025048 -8.826105
v -0.998145 0.025048 -8.840736
v -0.998145 0.040534 -8.840736
v -1.018517 -0.026034 -8.978639
v -1.018517 0.053966 -8.978639
v -1.047579 0.053966 -8.971192
v -1.047579 -0.026034 -8.971192
v -1.011532 -0.026034 -8.949746
v -1.011532 0.053966 -8.949746
v -1.040600 -0.026034 -8.942328
v -1.040600 0.053966 -8.942328
v -0.431737 0.053966 -9.128979
v -0.460798 0.053966 -9.121533
v -0.460798 -0.026034 -9.121533
v -0.431737 -0.026034 -9.128979
v -0.453676 0.053966 -9.092107
v -0.453676 -0.026034 -9.092107
v -0.424607 0.053966 -9.099524
v -0.424607 -0.026034 -9.099524
v -0.297503 -0.030755 -9.220996
v -0.297503 0.029245 -9.220996
v -1.207678 0.029245 -8.986091
v -1.207678 -0.030755 -8.986091
v -0.264063 -0.030755 -9.082884
v -0.264063 0.029245 -9.082884
v -1.175280 -0.030755 -8.852055
v -1.175280 0.029245 -8.852055
v -0.407467 0.085048 -8.989263
v -0.407467 0.070829 -8.989263
v -0.365010 0.070829 -8.999939
v -0.357144 0.025048 -9.001917
v -0.398124 0.040534 -8.991612
v -0.415333 0.040534 -8.987285
v -1.006011 0.070829 -8.838758
v -1.006011 0.085048 -8.838758
v -1.039124 0.070829 -8.830433
v -1.015354 0.070829 -8.836410
v -1.048467 0.085048 -8.828083
v -1.048467 0.070829 -8.828083
v -1.056333 0.040534 -8.826105
v -1.015354 0.040534 -8.836410
v -1.039124 0.040534 -8.830433
v -0.960295 -0.026034 -8.737879
v -0.960295 0.053966 -8.737879
v -0.989415 0.053966 -8.730665
v -0.989415 -0.026034 -8.730665
v -0.953307 -0.026034 -8.708987
v -0.953307 0.053966 -8.708987
v -0.982434 -0.026034 -8.701801
v -0.982434 0.053966 -8.701801
v -0.372332 0.053966 -8.883525
v -0.401452 0.053966 -8.876312
v -0.401452 -0.026034 -8.876312
v -0.372332 -0.026034 -8.883525
v -0.394332 0.053966 -8.846885
v -0.394332 -0.026034 -8.846885
v -0.365205 0.053966 -8.854071
v -0.365205 -0.026034 -8.854071
v -0.237795 -0.030755 -8.974366
v -0.237795 0.029245 -8.974366
v -1.149818 0.029245 -8.746741
v -1.149818 -0.030755 -8.746741
v -0.204370 -0.030755 -8.836249
v -0.204370 0.029245 -8.836249
v -1.117404 -0.030755 -8.612707
v -1.117404 0.029245 -8.612707
v -0.238215 0.040534 -8.510338
v -0.296630 0.025048 -8.496637
v -0.255492 0.070829 -8.506286
v -0.246112 0.085048 -8.508486
v -0.881710 0.025048 -8.359423
v -0.932228 0.085048 -8.347574
v -0.889607 0.085048 -8.357571
v -0.902055 -0.026034 -8.497122
v -0.902055 0.053966 -8.497122
v -0.931232 0.053966 -8.490142
v -0.931232 -0.026034 -8.490142
v -0.895065 -0.026034 -8.468232
v -0.895065 0.053966 -8.468232
v -0.924248 -0.026034 -8.461280
v -0.924248 0.053966 -8.461280
v -0.312947 0.053966 -8.638066
v -0.342124 0.053966 -8.631086
v -0.342124 -0.026034 -8.631086
v -0.312947 -0.026034 -8.638066
v -0.335005 0.053966 -8.601659
v -0.335005 -0.026034 -8.601659
v -0.305822 0.053966 -8.608611
v -0.305822 -0.026034 -8.608611
v -0.178115 -0.030755 -8.727727
v -0.178115 0.029245 -8.727727
v -1.091929 0.029245 -8.507398
v -1.091929 -0.030755 -8.507398
v -0.144707 -0.030755 -8.589606
v -0.144707 0.029245 -8.589606
v -1.059498 -0.030755 -8.373369
v -1.059498 0.029245 -8.373369
v -0.288734 0.085048 -8.498489
v -0.288734 0.070829 -8.498489
v -0.279354 0.070829 -8.500690
v -0.246112 0.070829 -8.508486
v -0.238215 0.025048 -8.510338
v -0.255492 0.040534 -8.506286
v -0.279354 0.040534 -8.500690
v -0.296630 0.040534 -8.496637
v -0.889607 0.070829 -8.357571
v -0.922849 0.070829 -8.349774
v -0.898986 0.070829 -8.355371
v -0.932228 0.070829 -8.347574
v -0.940125 0.040534 -8.345722
v -0.940125 0.025048 -8.345722
v -0.898986 0.040534 -8.355371
v -0.922849 0.040534 -8.349774
v -0.881710 0.040534 -8.359423
v -0.843797 -0.026034 -8.256371
v -0.843797 0.053966 -8.256371
v -0.873029 0.053966 -8.249624
v -0.873029 -0.026034 -8.249624
v -0.836805 -0.026034 -8.227481
v -0.836805 0.053966 -8.227481
v -0.866043 -0.026034 -8.220762
v -0.866043 0.053966 -8.220762
v -0.253582 0.053966 -8.392603
v -0.282813 0.053966 -8.385857
v -0.282813 -0.026034 -8.385857
v -0.253582 -0.026034 -8.392603
v -0.275697 0.053966 -8.356428
v -0.275697 -0.026034 -8.356429
v -0.246459 0.053966 -8.363148
v -0.246459 -0.026034 -8.363148
v -0.118465 -0.030755 -8.481082
v -0.118465 0.029245 -8.481082
v -1.034010 0.029245 -8.268062
v -1.034010 -0.030755 -8.268062
v -0.085074 -0.030755 -8.342957
v -0.085074 0.029245 -8.342957
v -1.001563 -0.030755 -8.134036
v -1.001563 0.029245 -8.134036
v -0.185737 0.040534 -8.004766
v -0.177815 0.070829 -8.006506
v -0.177815 0.085048 -8.006506
v -0.823387 0.085048 -7.864743
v -0.813977 0.070829 -7.866809
v -0.789219 -0.026034 -8.014525
v -0.789219 0.053966 -8.014525
v -0.818498 0.053966 -8.007987
v -0.818498 -0.026034 -8.007987
v -0.783041 -0.026034 -7.985394
v -0.783041 0.053966 -7.985394
v -0.812325 -0.026034 -7.978878
v -0.812325 0.053966 -7.978878
v -0.198049 0.053966 -8.146556
v -0.227328 0.053966 -8.140018
v -0.227328 -0.026034 -8.140018
v -0.198049 -0.026034 -8.146556
v -0.221055 0.053966 -8.110456
v -0.221055 -0.026034 -8.110456
v -0.191771 0.053966 -8.116973
v -0.191771 -0.026034 -8.116973
v -0.061131 -0.030755 -8.234163
v -0.061131 0.029245 -8.234163
v -0.978242 0.029245 -8.027987
v -0.978242 -0.030755 -8.027987
v -0.031714 -0.030755 -8.095572
v -0.031714 0.029245 -8.095572
v -0.949555 -0.030755 -7.892672
v -0.949555 0.029245 -7.892672
v -0.144465 0.070829 -8.013829
v -0.168405 0.070829 -8.008572
v -0.135056 0.070829 -8.015895
v -0.135056 0.085048 -8.015895
v -0.185737 0.025048 -8.004766
v -0.127133 0.025048 -8.017635
v -0.127133 0.040534 -8.017635
v -0.144465 0.040534 -8.013829
v -0.168405 0.040534 -8.008572
v -0.780628 0.070829 -7.874132
v -0.780628 0.085048 -7.874132
v -0.790038 0.070829 -7.872066
v -0.823387 0.070829 -7.864743
v -0.831309 0.040534 -7.863003
v -0.831309 0.025048 -7.863003
v -0.790038 0.040534 -7.872066
v -0.813977 0.040534 -7.866809
v -0.772706 0.025048 -7.875872
v -0.772706 0.040534 -7.875872
v -0.737735 -0.026034 -7.771760
v -0.737735 0.053966 -7.771760
v -0.767055 0.053966 -7.765409
v -0.767055 -0.026034 -7.765409
v -0.731556 -0.026034 -7.742629
v -0.731556 0.053966 -7.742629
v -0.760880 -0.026034 -7.736299
v -0.760880 0.053966 -7.736299
v -0.145735 0.053966 -7.900020
v -0.175055 0.053966 -7.893667
v -0.175055 -0.026034 -7.893667
v -0.145735 -0.026034 -7.900020
v -0.168783 0.053966 -7.864105
v -0.168783 -0.026034 -7.864105
v -0.139458 0.053966 -7.870434
v -0.139458 -0.026034 -7.870434
v -0.008605 -0.030755 -7.986679
v -0.008605 0.029245 -7.986679
v -0.927011 0.029245 -7.786354
v -0.927011 -0.030755 -7.786354
v 0.020802 -0.030755 -7.848086
v 0.020802 0.029245 -7.848086
v -0.898314 -0.030755 -7.651042
v -0.898314 0.029245 -7.651042
v -0.022419 0.040534 -7.524024
v -0.063803 0.040534 -7.515488
v -0.039798 0.040534 -7.520439
v -0.063803 0.070829 -7.515488
v -0.073238 0.085048 -7.513541
v -0.030363 0.085048 -7.522385
v -0.728509 0.025048 -7.378383
v -0.669747 0.040534 -7.390504
v -0.686239 -0.026034 -7.528997
v -0.686239 0.053966 -7.528997
v -0.715599 0.053966 -7.522832
v -0.715599 -0.026034 -7.522832
v -0.680059 -0.026034 -7.499866
v -0.680059 0.053966 -7.499866
v -0.709423 -0.026034 -7.493723
v -0.709423 0.053966 -7.493723
v -0.093434 0.053966 -7.653479
v -0.122794 0.053966 -7.647314
v -0.122794 -0.026034 -7.647314
v -0.093434 -0.026034 -7.653479
v -0.116523 0.053966 -7.617752
v -0.116523 -0.026034 -7.617752
v -0.087158 0.053966 -7.623894
v -0.087158 -0.026034 -7.623894
v 0.043903 -0.030755 -7.739191
v 0.043903 0.029245 -7.739191
v -0.875762 0.029245 -7.544725
v -0.875762 -0.030755 -7.544725
v 0.073299 -0.030755 -7.600596
v 0.073299 0.029245 -7.600596
v -0.847054 -0.030755 -7.409415
v -0.847054 0.029245 -7.409415
v -0.039798 0.070829 -7.520439
v -0.073238 0.070829 -7.513541
v -0.030363 0.070829 -7.522385
v -0.081182 0.025048 -7.511903
v -0.022419 0.025048 -7.524024
v -0.081182 0.040534 -7.511903
v -0.677690 0.070829 -7.388865
v -0.677690 0.085048 -7.388865
v -0.711130 0.070829 -7.381968
v -0.687126 0.070829 -7.386919
v -0.720566 0.085048 -7.380022
v -0.720566 0.070829 -7.380022
v -0.728509 0.040534 -7.378383
v -0.687126 0.040534 -7.386919
v -0.711130 0.040534 -7.381968
v -0.669747 0.025048 -7.390504
v -0.634732 -0.026034 -7.286237
v -0.634732 0.053966 -7.286237
v -0.664130 0.053966 -7.280259
v -0.664130 -0.026034 -7.280259
v -0.628550 -0.026034 -7.257106
v -0.628550 0.053966 -7.257106
v -0.657953 -0.026034 -7.251151
v -0.657953 0.053966 -7.251151
v -0.041145 0.053966 -7.406937
v -0.070544 0.053966 -7.400959
v -0.070544 -0.026034 -7.400959
v -0.041145 -0.026034 -7.406937
v -0.064274 0.053966 -7.371396
v -0.064274 -0.026034 -7.371396
v -0.034871 0.053966 -7.377351
v -0.034871 -0.026034 -7.377351
v 0.096392 -0.030755 -7.491700
v 0.096392 0.029245 -7.491700
v -0.824494 0.029245 -7.303102
v -0.824494 -0.030755 -7.303102
v 0.125778 -0.030755 -7.353103
v 0.125778 0.029245 -7.353103
v -0.795776 -0.030755 -7.167793
v -0.795776 0.029245 -7.167793
v 0.076569 0.040534 -7.029552
v 0.059149 0.040534 -7.026175
v 0.017665 0.025048 -7.018137
v 0.017665 0.040534 -7.018137
v 0.059149 0.070829 -7.026175
v 0.035086 0.070829 -7.021513
v 0.025628 0.070829 -7.019680
v 0.025628 0.085048 -7.019680
v 0.068606 0.085048 -7.028008
v 0.068606 0.070829 -7.028008
v -0.631216 0.025048 -6.892386
v -0.631216 0.040534 -6.892386
v -0.613795 0.040534 -6.895762
v -0.623253 0.070829 -6.893929
v -0.623253 0.085048 -6.893929
v -0.580275 0.070829 -6.902258
v -0.585364 -0.026034 -7.042964
v -0.585364 0.053966 -7.042964
v -0.614798 0.053966 -7.037166
v -0.614798 -0.026034 -7.037166
v -0.579914 -0.026034 -7.013658
v -0.579914 0.053966 -7.013658
v -0.609352 -0.026034 -7.007878
v -0.609352 0.053966 -7.007878
v 0.008946 0.053966 -7.160052
v -0.020488 0.053966 -7.154253
v -0.020488 -0.026034 -7.154253
v 0.008946 -0.026034 -7.160052
v -0.014965 0.053966 -7.124571
v -0.014965 -0.026034 -7.124571
v 0.014473 0.053966 -7.130351
v 0.014473 -0.026034 -7.130351
v 0.148041 -0.030755 -7.244094
v 0.148041 0.029245 -7.244094
v -0.774009 0.029245 -7.061269
v -0.774009 -0.030755 -7.061269
v 0.173925 -0.030755 -7.105024
v 0.173925 0.029245 -7.105024
v -0.748687 -0.030755 -6.925059
v -0.748688 0.029245 -6.925059
v 0.076569 0.025048 -7.029552
v 0.035086 0.040534 -7.021513
v -0.580275 0.085048 -6.902258
v -0.613795 0.070829 -6.895762
v -0.589733 0.070829 -6.900425
v -0.589733 0.040534 -6.900425
v -0.572312 0.025048 -6.903801
v -0.572312 0.040534 -6.903801
v -0.539949 -0.026034 -6.798745
v -0.539949 0.053966 -6.798745
v -0.569415 0.053966 -6.793108
v -0.569415 -0.026034 -6.793108
v -0.534498 -0.026034 -6.769439
v -0.534498 0.053966 -6.769439
v -0.563968 -0.026034 -6.763823
v -0.563968 0.053966 -6.763823
v 0.055000 0.053966 -6.912539
v 0.025535 0.053966 -6.906904
v 0.025535 -0.026034 -6.906904
v 0.055000 -0.026034 -6.912539
v 0.031057 0.053966 -6.877222
v 0.031057 -0.026034 -6.877222
v 0.060526 0.053966 -6.882838
v 0.060526 -0.026034 -6.882838
v 0.194259 -0.030755 -6.995755
v 0.194259 0.029245 -6.995755
v -0.728789 0.029245 -6.818038
v -0.728789 -0.030755 -6.818038
v 0.220134 -0.030755 -6.856684
v 0.220134 0.029245 -6.856684
v -0.703460 -0.030755 -6.681831
v -0.703460 0.029245 -6.681831
v 0.139523 0.025048 -6.691164
v 0.109718 0.040534 -6.523298
v 0.127175 0.070829 -6.526481
v 0.117697 0.085048 -6.524753
v -0.540516 0.040534 -6.404742
v -0.481490 0.040534 -6.415504
v -0.532537 0.070829 -6.406197
v -0.532537 0.085048 -6.406197
v -0.498947 0.070829 -6.412322
v -0.494525 -0.026034 -6.554528
v -0.494525 0.053966 -6.554528
v -0.524022 0.053966 -6.549055
v -0.524022 -0.026034 -6.549055
v -0.489074 -0.026034 -6.525221
v -0.489074 0.053966 -6.525221
v -0.518574 -0.026034 -6.519768
v -0.518574 0.053966 -6.519768
v 0.101045 0.053966 -6.665027
v 0.071548 0.053966 -6.659554
v 0.071548 -0.026034 -6.659554
v 0.101045 -0.026034 -6.665027
v 0.077070 0.053966 -6.629871
v 0.077070 -0.026034 -6.629871
v 0.106570 0.053966 -6.635324
v 0.106570 -0.026034 -6.635324
v 0.240462 -0.030755 -6.747414
v 0.240462 0.029245 -6.747414
v -0.683555 0.029245 -6.574812
v -0.683555 -0.030755 -6.574812
v 0.266330 -0.030755 -6.608341
v 0.266330 0.029245 -6.608341
v -0.658218 -0.030755 -6.438606
v -0.658218 0.029245 -6.438606
v 0.147634 0.070829 -6.550523
v 0.117697 0.070829 -6.524753
v 0.147634 0.085048 -6.603205
v 0.109718 0.025048 -6.523298
v 0.127175 0.040534 -6.526481
v 0.139523 0.040534 -6.691164
v 0.139523 0.040534 -6.459722
v 0.139523 0.025048 -6.363777
v 0.147634 0.070829 -6.415866
v 0.147634 0.085048 -6.363777
v -0.489469 0.070829 -6.414050
v -0.489469 0.085048 -6.414050
v -0.523059 0.070829 -6.407925
v -0.540516 0.025048 -6.404742
v -0.498947 0.040534 -6.412322
v -0.523059 0.040534 -6.407925
v -0.481490 0.025048 -6.415504
v -0.449093 -0.026034 -6.310312
v -0.449093 0.053966 -6.310312
v -0.478619 0.053966 -6.305003
v -0.478619 -0.026034 -6.305003
v -0.443640 -0.026034 -6.281006
v -0.443640 0.053966 -6.281006
v -0.473170 -0.026034 -6.275716
v -0.473170 0.053966 -6.275716
v 0.157268 0.040534 -6.363778
v 0.286652 -0.030755 -6.499070
v 0.286652 0.029245 -6.499070
v -0.638307 0.029245 -6.331588
v -0.638307 -0.030755 -6.331588
v 0.312512 -0.030755 -6.359996
v 0.312512 0.029245 -6.359996
v -0.612962 -0.030755 -6.195384
v -0.612962 0.029245 -6.195384
v 0.147634 0.070829 -6.603205
v 0.139523 0.040534 -6.594129
v 0.139523 0.040534 -6.363777
v -0.401638 0.085048 -5.925268
v -0.403652 -0.026034 -6.066097
v -0.403652 0.053966 -6.066097
v -0.433207 0.053966 -6.060951
v -0.433207 -0.026034 -6.060951
v -0.398672 -0.026034 -6.036701
v -0.398672 0.053966 -6.036701
v -0.428231 -0.026034 -6.031574
v -0.428231 0.053966 -6.031574
v 0.332827 -0.030755 -6.250723
v 0.332827 0.029245 -6.250723
v -0.593045 0.029245 -6.088366
v -0.593045 -0.030755 -6.088366
v 0.356923 -0.030755 -6.111392
v 0.356923 0.029245 -6.111392
v -0.569432 -0.030755 -5.951811
v -0.569432 0.029245 -5.951811
v -0.401638 0.070829 -5.925268
v -0.435293 0.070829 -5.919509
v -0.411134 0.070829 -5.923643
v -0.444789 0.085048 -5.917885
v -0.444789 0.070829 -5.917885
v -0.452784 0.040534 -5.916517
v -0.452784 0.025048 -5.916517
v -0.411134 0.040534 -5.923643
v -0.435293 0.040534 -5.919509
v -0.393643 0.025048 -5.926635
v -0.393643 0.040534 -5.926635
v -0.363754 -0.026034 -5.820823
v -0.363754 0.053966 -5.820823
v -0.393336 0.053966 -5.815832
v -0.393336 -0.026034 -5.815832
v -0.358992 -0.026034 -5.791386
v -0.358992 0.053966 -5.791386
v -0.388577 -0.026034 -5.786413
v -0.388577 0.053966 -5.786413
v 0.374674 -0.030755 -6.001745
v 0.374674 0.029245 -6.001745
v -0.552043 0.029245 -5.844283
v -0.552043 -0.030755 -5.844283
v 0.397264 -0.030755 -5.862193
v 0.397264 0.029245 -5.862193
v -0.529908 -0.030755 -5.707429
v -0.529908 0.029245 -5.707429
v -0.331811 0.040534 -5.433325
v -0.356011 0.040534 -5.429443
v -0.356011 0.070829 -5.429443
v -0.324067 -0.026034 -5.575509
v -0.324067 0.053966 -5.575509
v -0.353674 0.053966 -5.570671
v -0.353674 -0.026034 -5.570671
v -0.319304 -0.026034 -5.546071
v -0.319304 0.053966 -5.546071
v -0.348914 -0.026034 -5.541252
v -0.348914 0.053966 -5.541252
v 0.415009 -0.030755 -5.752546
v 0.415009 0.029245 -5.752546
v -0.512514 0.029245 -5.599902
v -0.512514 -0.030755 -5.599902
v 0.437591 -0.030755 -5.612993
v 0.437591 0.029245 -5.612993
v -0.490373 -0.030755 -5.463049
v -0.490372 0.029245 -5.463049
v -0.322298 0.070829 -5.434851
v -0.322298 0.085048 -5.434851
v -0.331811 0.070829 -5.433325
v -0.365524 0.085048 -5.427917
v -0.365524 0.070829 -5.427917
v -0.373532 0.040534 -5.426633
v -0.373532 0.025048 -5.426633
v -0.314290 0.025048 -5.436136
v -0.314290 0.040534 -5.436136
v -0.284372 -0.026034 -5.330195
v -0.284372 0.053966 -5.330195
v -0.314005 0.053966 -5.325511
v -0.314005 -0.026034 -5.325511
v -0.279608 -0.026034 -5.300758
v -0.279608 0.053966 -5.300758
v -0.309244 -0.026034 -5.296093
v -0.309244 0.053966 -5.296093
v 0.455332 -0.030755 -5.503345
v 0.455332 0.029245 -5.503345
v -0.472973 0.029245 -5.355523
v -0.472973 -0.030755 -5.355523
v 0.477907 -0.030755 -5.363791
v 0.477907 0.029245 -5.363791
v -0.450824 -0.030755 -5.218671
v -0.450824 0.029245 -5.218671
v -0.235132 0.025048 -4.945608
v -0.286449 0.085048 -4.937922
v -0.276922 0.070829 -4.939350
v -0.244670 -0.026034 -5.084883
v -0.244670 0.053966 -5.084883
v -0.274326 0.053966 -5.080354
v -0.274326 -0.026034 -5.080354
v -0.239905 -0.026034 -5.055447
v -0.239905 0.053966 -5.055447
v -0.269564 -0.026034 -5.050935
v -0.269564 0.053966 -5.050935
v 0.495641 -0.030755 -5.254141
v 0.495641 0.029245 -5.254141
v -0.433419 0.029245 -5.111145
v -0.433419 -0.030755 -5.111145
v 0.518209 -0.030755 -5.114586
v 0.518209 0.029245 -5.114586
v -0.411263 -0.030755 -4.974295
v -0.411263 0.029245 -4.974295
v -0.243154 0.070829 -4.944407
v -0.243154 0.085048 -4.944407
v -0.252682 0.070829 -4.942980
v -0.286449 0.070829 -4.937922
v -0.294471 0.040534 -4.936721
v -0.294471 0.025048 -4.936721
v -0.252682 0.040534 -4.942980
v -0.276922 0.040534 -4.939350
v -0.235132 0.040534 -4.945608
v -0.207701 -0.026034 -4.839170
v -0.207701 0.053966 -4.839170
v -0.237380 0.053966 -4.834795
v -0.237380 -0.026034 -4.834795
v -0.203621 -0.026034 -4.809631
v -0.203621 0.053966 -4.809631
v -0.233303 -0.026034 -4.805275
v -0.233303 0.053966 -4.805275
v 0.534456 -0.030755 -5.004707
v 0.534456 0.029245 -5.004707
v -0.395337 0.029245 -4.866555
v -0.395337 -0.030755 -4.866555
v 0.553822 -0.030755 -4.864657
v 0.553822 0.029245 -4.864657
v -0.376373 -0.030755 -4.729240
v -0.376373 0.029245 -4.729240
v -0.226565 0.040534 -4.445176
v -0.167137 0.025048 -4.453439
v -0.184713 0.040534 -4.450995
v -0.208989 0.040534 -4.447620
v -0.218531 0.070829 -4.446293
v -0.218531 0.085048 -4.446293
v -0.208989 0.070829 -4.447620
v -0.175170 0.085048 -4.452322
v -0.173694 -0.026034 -4.593019
v -0.173694 0.053966 -4.593019
v -0.203396 0.053966 -4.588800
v -0.203396 -0.026034 -4.588800
v -0.169613 -0.026034 -4.563481
v -0.169613 0.053966 -4.563481
v -0.199317 -0.026034 -4.559281
v -0.199317 0.053966 -4.559281
v 0.569036 -0.030755 -4.754618
v 0.569036 0.029245 -4.754618
v -0.361470 0.029245 -4.621351
v -0.361470 -0.030755 -4.621351
v 0.588395 -0.030755 -4.614567
v 0.588395 0.029245 -4.614567
v -0.342499 -0.030755 -4.484037
v -0.342498 0.029245 -4.484037
v -0.175170 0.070829 -4.452322
v -0.184713 0.070829 -4.450995
v -0.226565 0.025048 -4.445176
v -0.167137 0.040534 -4.453439
v -0.139679 -0.026034 -4.346870
v -0.139679 0.053966 -4.346870
v -0.169403 0.053966 -4.342807
v -0.169403 -0.026034 -4.342807
v -0.135597 -0.026034 -4.317333
v -0.135597 0.053966 -4.317333
v -0.165323 -0.026034 -4.313289
v -0.165323 0.053966 -4.313289
v 0.603603 -0.030755 -4.504527
v 0.603603 0.029245 -4.504527
v -0.327590 0.029245 -4.376148
v -0.327590 -0.030755 -4.376148
v 0.622954 -0.030755 -4.364475
v 0.622954 0.029245 -4.364475
v -0.308611 -0.030755 -4.238836
v -0.308611 0.029245 -4.238836
v -0.158620 0.025048 -3.953636
v -0.150575 0.085048 -3.954669
v -0.105657 -0.026034 -4.100721
v -0.105657 0.053966 -4.100721
v -0.135401 0.053966 -4.096815
v -0.135401 -0.026034 -4.096815
v -0.101574 -0.026034 -4.071184
v -0.101574 0.053966 -4.071184
v -0.131321 -0.026034 -4.067297
v -0.131321 0.053966 -4.067297
v 0.638157 -0.030755 -4.254435
v 0.638157 0.029245 -4.254435
v -0.293697 0.029245 -4.130948
v -0.293697 -0.030755 -4.130948
v 0.657501 -0.030755 -4.114382
v 0.657501 0.029245 -4.114382
v -0.274711 -0.030755 -3.993637
v -0.274711 0.029245 -3.993637
v -0.107153 0.070829 -3.960242
v -0.107153 0.085048 -3.960242
v -0.141019 0.070829 -3.955895
v -0.116709 0.070829 -3.959015
v -0.150575 0.070829 -3.954669
v -0.158620 0.040534 -3.953636
v -0.116709 0.040534 -3.959015
v -0.141019 0.040534 -3.955895
v -0.099108 0.025048 -3.961274
v -0.099108 0.040534 -3.961274
v -0.071705 -0.026034 -3.854567
v -0.071705 0.053966 -3.854567
v -0.101470 0.053966 -3.850817
v -0.101470 -0.026034 -3.850817
v -0.068332 -0.026034 -3.824956
v -0.068332 0.053966 -3.824956
v -0.098099 -0.026034 -3.821226
v -0.098099 0.053966 -3.821226
v 0.672698 -0.030755 -4.004341
v 0.672698 0.029245 -4.004341
v -0.259791 0.029245 -3.885750
v -0.259791 -0.030755 -3.885750
v 0.689957 -0.030755 -3.863946
v 0.689957 0.029245 -3.863946
v -0.242896 -0.030755 -3.748252
v -0.242896 0.029245 -3.748253
v -0.057995 0.070829 -3.466100
v -0.082339 0.070829 -3.463253
v -0.048426 0.085048 -3.467219
v -0.043592 -0.026034 -3.607809
v -0.043592 0.053966 -3.607809
v -0.073378 0.053966 -3.604229
v -0.073378 -0.026034 -3.604229
v -0.040218 -0.026034 -3.578199
v -0.040218 0.053966 -3.578199
v -0.070006 -0.026034 -3.574639
v -0.070006 0.053966 -3.574639
v 0.702559 -0.030755 -3.753480
v 0.702559 0.029245 -3.753481
v -0.230582 0.029245 -3.640135
v -0.230582 -0.030755 -3.640135
v 0.718594 -0.030755 -3.612886
v 0.718594 0.029245 -3.612886
v -0.214906 -0.030755 -3.502530
v -0.214906 0.029245 -3.502530
v -0.048426 0.070829 -3.467219
v -0.091908 0.085048 -3.462134
v -0.091908 0.070829 -3.462134
v -0.099964 0.040534 -3.461192
v -0.099964 0.025048 -3.461192
v -0.057995 0.040534 -3.466100
v -0.082339 0.040534 -3.463253
v -0.040370 0.025048 -3.468161
v -0.040370 0.040534 -3.468161
v -0.015471 -0.026034 -3.361053
v -0.015471 0.053966 -3.361053
v -0.045276 0.053966 -3.357644
v -0.045276 -0.026034 -3.357644
v -0.012095 -0.026034 -3.331442
v -0.012095 0.053966 -3.331442
v -0.041903 -0.026034 -3.328053
v -0.041903 0.053966 -3.328053
v 0.731189 -0.030755 -3.502419
v 0.731189 0.029245 -3.502419
v -0.202585 0.029245 -3.394412
v -0.202585 -0.030755 -3.394412
v 0.747216 -0.030755 -3.361825
v 0.747216 0.029245 -3.361825
v -0.186900 -0.030755 -3.256808
v -0.186900 0.029245 -3.256808
v 0.015878 0.025048 -2.974794
v -0.001770 0.040534 -2.972935
v 0.015878 0.040534 -2.974794
v -0.026145 0.040534 -2.970366
v -0.001770 0.070829 -2.972934
v -0.026145 0.070829 -2.970366
v 0.007811 0.085048 -2.973944
v 0.012661 -0.026034 -3.114297
v 0.012661 0.053966 -3.114297
v -0.017164 0.053966 -3.111058
v -0.017164 -0.026034 -3.111058
v 0.016037 -0.026034 -3.084687
v 0.016037 0.053966 -3.084687
v -0.013790 -0.026034 -3.081469
v -0.013790 0.053966 -3.081469
v 0.759804 -0.030755 -3.251357
v 0.759804 0.029245 -3.251357
v -0.174572 0.029245 -3.148692
v -0.174572 -0.030755 -3.148692
v 0.775822 -0.030755 -3.110761
v 0.775822 0.029245 -3.110761
v -0.158879 -0.030755 -3.011089
v -0.158879 0.029245 -3.011089
v 0.007811 0.070829 -2.973944
v -0.035726 0.085048 -2.969357
v -0.035726 0.070829 -2.969357
v -0.043792 0.040534 -2.968507
v -0.043792 0.025048 -2.968507
v 0.040801 -0.026034 -2.867543
v 0.040801 0.053966 -2.867543
v 0.010959 0.053966 -2.864475
v 0.010958 -0.026034 -2.864475
v 0.044179 -0.026034 -2.837933
v 0.044179 0.053966 -2.837933
v 0.014334 -0.026034 -2.834885
v 0.014334 0.053966 -2.834885
v 0.788404 -0.030755 -3.000293
v 0.788404 0.029245 -3.000293
v -0.146545 0.029245 -2.902973
v -0.146545 -0.030755 -2.902973
v 0.804351 -0.030755 -2.859685
v 0.804351 0.029245 -2.859685
v -0.130905 -0.030755 -2.765369
v -0.130905 0.029245 -2.765369
v 0.004477 0.025048 -2.475479
v 0.046552 0.040534 -2.479373
v 0.064221 0.040534 -2.481008
v 0.064626 -0.026034 -2.620551
v 0.064626 0.053966 -2.620551
v 0.034764 0.053966 -2.617674
v 0.034764 -0.026034 -2.617674
v 0.067229 -0.026034 -2.590898
v 0.067229 0.053966 -2.590898
v 0.037365 -0.026034 -2.588045
v 0.037365 0.053966 -2.588045
v 0.814117 -0.030755 -2.748721
v 0.814117 0.029245 -2.748721
v -0.121415 0.029245 -2.657178
v -0.121415 -0.030755 -2.657178
v 0.826541 -0.030755 -2.607492
v 0.826541 0.029245 -2.607492
v -0.109330 -0.030755 -2.519482
v -0.109330 0.029245 -2.519482
v 0.056145 0.070829 -2.480261
v 0.056145 0.085048 -2.480261
v 0.022146 0.070829 -2.477114
v 0.046552 0.070829 -2.479373
v 0.012553 0.085048 -2.476227
v 0.012553 0.070829 -2.476227
v 0.004477 0.040534 -2.475479
v 0.022146 0.040534 -2.477114
v 0.064221 0.025048 -2.481008
v 0.086329 -0.026034 -2.373443
v 0.086329 0.053966 -2.373443
v 0.056448 0.053966 -2.370767
v 0.056448 -0.026034 -2.370767
v 0.088934 -0.026034 -2.343790
v 0.088934 0.053966 -2.343790
v 0.059051 -0.026034 -2.341138
v 0.059051 0.053966 -2.341138
v 0.836298 -0.030755 -2.496526
v 0.836298 0.029245 -2.496526
v -0.099830 0.029245 -2.411291
v -0.099830 -0.030755 -2.411291
v 0.848710 -0.030755 -2.355297
v 0.848710 0.029245 -2.355297
v -0.087733 -0.030755 -2.273596
v -0.087733 0.029245 -2.273596
v 0.047827 0.025048 -1.982240
v 0.047827 0.040534 -1.982240
v 0.107641 0.040534 -1.986963
v 0.055913 0.085048 -1.982878
v 0.065517 0.070829 -1.983637
v 0.099555 0.085048 -1.986325
v 0.108045 -0.026034 -2.126336
v 0.108045 0.053966 -2.126336
v 0.078147 0.053966 -2.123861
v 0.078147 -0.026034 -2.123861
v 0.110652 -0.026034 -2.096682
v 0.110652 0.053966 -2.096682
v 0.080752 -0.026034 -2.094232
v 0.080752 0.053966 -2.094232
v 0.858457 -0.030755 -2.244330
v 0.858457 0.029245 -2.244330
v -0.078224 0.029245 -2.165406
v -0.078224 -0.030755 -2.165406
v 0.870857 -0.030755 -2.103100
v 0.870857 0.029245 -2.103100
v -0.066115 -0.030755 -2.027712
v -0.066115 0.029245 -2.027712
v 0.099555 0.070829 -1.986325
v 0.089951 0.070829 -1.985566
v 0.055913 0.070829 -1.982878
v 0.089951 0.040534 -1.985566
v 0.065517 0.040534 -1.983637
v 0.107641 0.025048 -1.986963
v 0.129774 -0.026034 -1.879229
v 0.129774 0.053966 -1.879229
v 0.099860 0.053966 -1.876956
v 0.099860 -0.026034 -1.876956
v 0.132382 -0.026034 -1.849576
v 0.132382 0.053966 -1.849576
v 0.102467 -0.026034 -1.847327
v 0.102467 0.053966 -1.847327
v 0.880595 -0.030755 -1.992133
v 0.880595 0.029245 -1.992133
v -0.056597 0.029245 -1.919523
v -0.056597 -0.030755 -1.919523
v 0.892983 -0.030755 -1.850902
v 0.892983 0.029245 -1.850902
v -0.044476 -0.030755 -1.781830
v -0.044476 0.029245 -1.781830
v 0.082967 0.025048 -1.489180
v 0.091062 0.085048 -1.489692
v 0.125138 0.070829 -1.491848
v 0.100677 0.070829 -1.490300
v 0.134753 0.070829 -1.492456
v 0.147406 -0.026034 -1.632133
v 0.147406 0.053966 -1.632133
v 0.117476 0.053966 -1.630094
v 0.117476 -0.026034 -1.630094
v 0.149126 -0.026034 -1.602482
v 0.149126 0.053966 -1.602482
v 0.119193 -0.026034 -1.600474
v 0.119193 0.053966 -1.600474
v 0.900270 -0.030755 -1.739451
v 0.900270 0.029245 -1.739451
v -0.037432 0.029245 -1.673765
v -0.037432 -0.030755 -1.673765
v 0.908541 -0.030755 -1.597410
v 0.908541 0.029245 -1.597410
v -0.029469 -0.030755 -1.536278
v -0.029469 0.029245 -1.536278
v 0.134753 0.085048 -1.492456
v 0.091062 0.070829 -1.489692
v 0.082967 0.040534 -1.489180
v 0.125138 0.040534 -1.491848
v 0.100677 0.040534 -1.490300
v 0.142847 0.025048 -1.492968
v 0.142847 0.040534 -1.492968
v 0.161743 -0.026034 -1.385046
v 0.161743 0.053966 -1.385046
v 0.131796 0.053966 -1.383266
v 0.131796 -0.026034 -1.383266
v 0.163465 -0.026034 -1.355395
v 0.163465 0.053966 -1.355395
v 0.133516 -0.026034 -1.353646
v 0.133516 0.053966 -1.353646
v 0.915033 -0.030755 -1.485804
v 0.915033 0.029245 -1.485804
v -0.023204 0.029245 -1.428253
v -0.023204 -0.030755 -1.428253
v 0.923284 -0.030755 -1.343761
v 0.923284 0.029245 -1.343761
v -0.015221 -0.030755 -1.290768
v -0.015221 0.029245 -1.290768
v 0.111618 0.025048 -0.996265
v 0.171555 0.025048 -0.999014
v 0.153828 0.040534 -0.998201
v 0.171555 0.040534 -0.999014
v 0.119720 0.085048 -0.996637
v 0.129344 0.070829 -0.997078
v 0.163452 0.085048 -0.998642
v 0.176101 -0.026034 -1.137959
v 0.176101 0.053966 -1.137959
v 0.146140 0.053966 -1.136440
v 0.146140 -0.026034 -1.136440
v 0.177826 -0.026034 -1.108309
v 0.177826 0.053966 -1.108309
v 0.147863 -0.026034 -1.106820
v 0.147863 0.053966 -1.106820
v 0.929760 -0.030755 -1.232154
v 0.929760 0.029245 -1.232154
v -0.008941 0.029245 -1.182744
v -0.008941 -0.030755 -1.182744
v 0.937992 -0.030755 -1.090110
v 0.937992 0.029245 -1.090110
v -0.000937 -0.030755 -1.045260
v -0.000937 0.029245 -1.045260
v 0.163452 0.070829 -0.998642
v 0.153828 0.070829 -0.998201
v 0.119720 0.070829 -0.996637
v 0.111618 0.040534 -0.996265
v 0.129344 0.040534 -0.997078
v 0.190481 -0.026034 -0.890874
v 0.190481 0.053966 -0.890874
v 0.160508 0.053966 -0.889615
v 0.160508 -0.026034 -0.889615
v 0.192208 -0.026034 -0.861224
v 0.192208 0.053966 -0.861224
v 0.162233 -0.026034 -0.859995
v 0.162233 0.053966 -0.859995
v 0.944452 -0.030755 -0.978503
v 0.944452 0.029245 -0.978503
v 0.005358 0.029245 -0.937237
v 0.005358 -0.030755 -0.937237
v 0.951730 -0.030755 -0.836581
v 0.951730 0.029245 -0.836581
v 0.012459 -0.030755 -0.799556
v 0.012459 0.029245 -0.799556
v 0.188454 0.025048 -0.503267
v 0.136593 0.085048 -0.501562
v 0.170718 0.070829 -0.502684
v 0.180347 0.085048 -0.503000
v 0.180347 0.070829 -0.503000
v 0.198023 -0.026034 -0.642786
v 0.198023 0.053966 -0.642786
v 0.168042 0.053966 -0.641710
v 0.168042 -0.026034 -0.641710
v 0.198673 -0.026034 -0.612977
v 0.198673 0.053966 -0.612977
v 0.168692 -0.026034 -0.611921
v 0.168692 0.053966 -0.611921
v 0.014824 0.029245 -0.690688
v 0.014824 -0.030755 -0.690688
v 0.017837 -0.030755 -0.552130
v 0.017837 0.029245 -0.552130
v 0.146221 0.070829 -0.501878
v 0.136593 0.070829 -0.501562
v 0.128486 0.040534 -0.501295
v 0.128486 0.025048 -0.501295
v 0.170718 0.040534 -0.502684
v 0.146221 0.040534 -0.501878
v 0.188454 0.040534 -0.503267
v 0.203442 -0.026034 -0.394385
v 0.203442 0.053966 -0.394385
v 0.173456 0.053966 -0.393470
v 0.173456 -0.026034 -0.393470
v 0.204093 -0.026034 -0.364577
v 0.204093 0.053966 -0.364577
v 0.174107 -0.026034 -0.363681
v 0.174107 0.053966 -0.363681
v 0.020208 0.029245 -0.443262
v 0.020208 -0.030755 -0.443262
v 0.023229 -0.030755 -0.304704
v 0.023229 0.029245 -0.304704
v 0.139523 0.025048 -0.000050
v 0.139523 0.040534 -0.000050
v 0.199523 0.025048 -0.000050
v 0.181778 0.040534 -0.000050
v 0.199523 0.040534 -0.000050
v 0.157268 0.040534 -0.000050
v 0.147634 0.070829 -0.000050
v 0.147634 0.085048 -0.000050
v 0.181778 0.070829 -0.000050
v 0.157268 0.070829 -0.000050
v 0.191412 0.085048 -0.000050
v 0.191412 0.070829 -0.000050
v 0.208870 -0.026034 -0.145985
v 0.208870 0.053966 -0.145985
v 0.178879 0.053966 -0.145230
v 0.178879 -0.026034 -0.145230
v 0.209522 -0.026034 -0.116176
v 0.209522 0.053966 -0.116176
v 0.179531 -0.026034 -0.115441
v 0.179531 0.053966 -0.115441
v 0.157268 0.040534 -6.498730
v 0.157268 0.070829 -6.498729
v -1.452899 0.029245 -9.874373
v -1.452899 -0.030755 -9.874373
v -1.347412 0.025048 -9.903833
v -1.347412 0.040534 -9.903833
v -1.297404 0.070829 -9.917675
v -1.289587 0.040534 -9.919840
v -1.277352 -0.026034 -9.922907
v -0.722648 0.053966 -10.077091
v -0.722648 -0.026034 -10.077091
v -0.693743 -0.026034 -10.085126
v -0.693311 0.040534 -10.084894
v -0.693311 0.070829 -10.084894
v -0.702596 0.070829 -10.082324
v -0.702596 0.085048 -10.082324
v -0.660405 0.085048 -10.094004
v -0.547101 0.029245 -10.125628
v -0.547101 -0.030755 -10.125628
v 0.970000 -0.030755 -2.555050
v 0.970000 -0.030755 -2.805050
v 0.970000 -0.030755 -3.055050
v 0.343009 0.040534 -5.542459
v 0.301372 0.040534 -5.535257
v 0.325523 0.040534 -5.539434
v 0.291879 0.070829 -5.533615
v 0.325523 0.070829 -5.539434
v 0.291879 0.085048 -5.533615
v 0.301372 0.070829 -5.535257
v 0.335016 0.070829 -5.541076
v 0.335016 0.085048 -5.541076
v 0.283887 0.025048 -5.532232
v 0.343009 0.025048 -5.542459
v 0.283887 0.040534 -5.532232
v 0.429289 0.025048 -5.046158
v 0.411773 0.070829 -5.043315
v 0.421283 0.085048 -5.044858
v 0.378070 0.085048 -5.037846
v 0.378070 0.070829 -5.037846
v 0.387579 0.070829 -5.039389
v 0.421283 0.070829 -5.044858
v 0.370064 0.025048 -5.036547
v 0.429289 0.040534 -5.046158
v 0.411773 0.040534 -5.043315
v 0.387579 0.040534 -5.039389
v 0.370064 0.040534 -5.036547
v 0.504368 0.040534 -4.547997
v 0.445046 0.040534 -4.539009
v 0.462590 0.070829 -4.541667
v 0.453065 0.085048 -4.540225
v 0.486824 0.070829 -4.545340
v 0.453065 0.070829 -4.540225
v 0.496349 0.070829 -4.546782
v 0.496349 0.085048 -4.546782
v 0.445046 0.025048 -4.539009
v 0.504368 0.025048 -4.547997
v 0.486824 0.040534 -4.545340
v 0.462590 0.040534 -4.541667
v 0.537566 0.070829 -4.043940
v 0.571377 0.085048 -4.048700
v 0.561837 0.070829 -4.047358
v 0.528026 0.085048 -4.042597
v 0.528026 0.070829 -4.042597
v 0.571377 0.070829 -4.048700
v 0.519995 0.025048 -4.041466
v 0.579409 0.025048 -4.049831
v 0.579409 0.040534 -4.049831
v 0.561837 0.040534 -4.047358
v 0.537566 0.040534 -4.043940
v 0.519995 0.040534 -4.041466
v 0.604427 0.040534 -3.545176
v 0.628748 0.040534 -3.548214
v 0.628748 0.070829 -3.548214
v 0.594867 0.085048 -3.543982
v 0.594867 0.070829 -3.543982
v 0.604427 0.070829 -3.545176
v 0.638307 0.070829 -3.549407
v 0.638307 0.085048 -3.549407
v 0.586819 0.025048 -3.542977
v 0.646356 0.025048 -3.550413
v 0.646356 0.040534 -3.550413
v 0.586819 0.040534 -3.542977
v 0.703546 0.025048 -3.050162
v 0.703546 0.040534 -3.050162
v 0.643878 0.040534 -3.043855
v 0.661525 0.070829 -3.045720
v 0.651944 0.070829 -3.044708
v 0.651944 0.085048 -3.044708
v 0.695480 0.085048 -3.049309
v 0.685899 0.070829 -3.048297
v 0.695480 0.070829 -3.049309
v 0.643878 0.025048 -3.043855
v 0.685899 0.040534 -3.048297
v 0.661525 0.040534 -3.045720
v 0.735214 0.040534 -2.546403
v 0.693140 0.040534 -2.542495
v 0.735214 0.070829 -2.546403
v 0.710809 0.070829 -2.544136
v 0.701216 0.085048 -2.543245
v 0.701216 0.070829 -2.543245
v 0.744806 0.070829 -2.547294
v 0.744806 0.085048 -2.547294
v 0.693140 0.025048 -2.542495
v 0.752882 0.025048 -2.548044
v 0.752882 0.040534 -2.548044
v 0.710809 0.040534 -2.544136
v 0.749885 0.070829 -2.041795
v 0.740282 0.070829 -2.041033
v 0.774319 0.070829 -2.043732
v 0.740282 0.085048 -2.041033
v 0.783923 0.070829 -2.044494
v 0.783923 0.085048 -2.044494
v 0.732196 0.025048 -2.040392
v 0.792008 0.025048 -2.045135
v 0.792008 0.040534 -2.045135
v 0.774319 0.040534 -2.043732
v 0.749885 0.040534 -2.041795
v 0.732196 0.040534 -2.040392
v 0.776515 0.040534 -1.538161
v 0.800975 0.070829 -1.539716
v 0.776515 0.070829 -1.538161
v 0.810590 0.070829 -1.540327
v 0.766900 0.085048 -1.537549
v 0.766900 0.070829 -1.537549
v 0.810590 0.085048 -1.540327
v 0.758805 0.025048 -1.537035
v 0.818684 0.025048 -1.540842
v 0.818684 0.040534 -1.540842
v 0.800975 0.040534 -1.539716
v 0.758805 0.040534 -1.537035
v 0.255576 0.070838 -5.935426
v 0.231476 0.070838 -5.928741
v 0.221992 0.070838 -5.927050
v 0.221992 0.085057 -5.927050
v 0.264373 0.070838 -5.937619
v 0.264374 0.085057 -5.937619
v 0.214007 0.025057 -5.925625
v 0.273030 0.025057 -5.939777
v 0.273030 0.040543 -5.939777
v 0.255576 0.040543 -5.935426
v 0.231476 0.040543 -5.928741
v 0.214007 0.040543 -5.925625
v 0.244862 0.070829 -1.550447
v 0.210721 0.040534 -1.550030
v 0.192977 0.025048 -1.549814
v 0.192977 0.040534 -1.549814
v 0.252973 0.025048 -1.550547
v 0.235229 0.040534 -1.550330
v 0.252973 0.040534 -1.550547
v 0.201088 0.070829 -1.549912
v 0.201088 0.085048 -1.549912
v 0.235229 0.070829 -1.550330
v 0.210721 0.070829 -1.550030
v 0.244863 0.085048 -1.550447
v 0.239368 0.070829 -2.000156
v 0.205226 0.070829 -1.999739
v 0.229735 0.070829 -2.000038
v 0.247478 0.040534 -2.000255
v 0.187483 0.025048 -1.999522
v 0.187483 0.040534 -1.999522
v 0.247478 0.025048 -2.000256
v 0.229735 0.040534 -2.000039
v 0.205227 0.040534 -1.999739
v 0.195593 0.070829 -1.999622
v 0.195593 0.085048 -1.999622
v 0.239368 0.085048 -2.000156
v 0.227151 0.070829 -3.000082
v 0.175266 0.040534 -2.999448
v 0.175266 0.025048 -2.999448
v 0.235261 0.025048 -3.000181
v 0.217518 0.040534 -2.999964
v 0.235261 0.040534 -3.000181
v 0.193009 0.040534 -2.999665
v 0.183376 0.070829 -2.999547
v 0.183376 0.085048 -2.999547
v 0.217518 0.070829 -2.999964
v 0.193009 0.070829 -2.999665
v 0.227151 0.085048 -3.000082
v 0.214934 0.070829 -4.000007
v 0.163049 0.040534 -3.999373
v 0.163049 0.025048 -3.999373
v 0.223044 0.025048 -4.000106
v 0.223044 0.040534 -4.000106
v 0.205301 0.040534 -3.999890
v 0.180792 0.040534 -3.999590
v 0.171159 0.070829 -3.999472
v 0.171159 0.085048 -3.999472
v 0.205301 0.070829 -3.999890
v 0.180792 0.070829 -3.999590
v 0.214934 0.085048 -4.000007
v 0.150832 0.025048 -4.999299
v 0.150832 0.040534 -4.999299
v 0.210827 0.025048 -5.000032
v 0.193084 0.040534 -4.999815
v 0.210827 0.040534 -5.000032
v 0.168575 0.040534 -4.999516
v 0.158942 0.070829 -4.999398
v 0.158942 0.085048 -4.999398
v 0.193083 0.070829 -4.999815
v 0.168575 0.070829 -4.999516
v 0.202717 0.085048 -4.999933
v 0.202717 0.070829 -4.999933
v 0.191432 0.070829 -5.923579
v 0.157290 0.070829 -5.923162
v 0.147657 0.085048 -5.923045
v 0.139547 0.040534 -5.922945
v 0.199542 0.040534 -5.923678
v 0.139547 0.024617 -5.922945
v 0.199542 0.024617 -5.923678
v 0.181798 0.040534 -5.923461
v 0.157290 0.040534 -5.923162
v 0.147657 0.070829 -5.923045
v 0.181798 0.070829 -5.923461
v 0.191432 0.085048 -5.923579
vt 0.228742 0.264454
vt 0.314864 0.264396
vt 0.314864 0.264396
vt 0.375080 0.210354
vt 0.733145 0.200186
vt 0.375120 0.197720
vt 0.228742 0.264454
vt 0.228742 0.264454
vt 0.078125 0.210230
vt 0.078125 0.196202
vt 0.078125 0.196202
vt 0.228742 0.264454
vt 0.228742 0.264454
vt 0.203456 0.201954
vt 0.207518 0.201954
vt 0.207518 0.201954
vt 0.828325 0.209562
vt 0.827628 0.210448
vt 0.827628 0.210448
vt 0.906250 0.205078
vt 0.905753 0.210448
vt 0.906450 0.207609
vt 0.203076 0.268184
vt 0.203076 0.268184
vt 0.203076 0.268184
vt 0.356810 0.204172
vt 0.815548 0.202891
vt 0.815548 0.202266
vt 0.044059 0.201922
vt 0.039879 0.203943
vt 0.039879 0.203943
vt 0.203076 0.268184
vt 0.203076 0.268184
vt 0.011699 0.197557
vt 0.015991 0.208983
vt 0.015991 0.208983
vt 0.203076 0.268184
vt 0.203076 0.268184
vt 0.924696 0.196226
vt 0.924704 0.206497
vt 0.924696 0.196226
vt 0.889692 0.193233
vt 0.889704 0.208997
vt 0.889704 0.208997
vt 0.886597 0.302580
vt 0.888672 0.309840
vt 0.890450 0.296828
vt 0.352813 0.229425
vt 0.767190 0.232499
vt 0.355913 0.238715
vt 0.905875 0.000000
vt 0.905875 0.000000
vt 0.905875 0.012881
vt 0.000200 0.219937
vt 0.000200 0.259595
vt 0.000200 0.259595
vt 0.000200 0.219937
vt 0.906387 0.321630
vt 0.906075 0.259595
vt 0.906075 0.259595
vt 0.000512 0.321630
vt 0.906075 0.219937
vt 0.906075 0.219937
vt 0.905875 0.012881
vt 0.905875 0.012881
vt 0.905875 0.025761
vt 0.906075 0.219937
vt 0.000200 0.259595
vt 0.905875 0.012881
vt 0.006059 0.204312
vt 0.006059 0.204312
vt 0.007950 0.202489
vt 0.000000 0.000000
vt 0.000000 0.000000
vt 0.000000 0.000000
vt 0.000000 0.000000
vt 0.000000 0.000000
vt 0.228742 0.264454
vt 0.000000 0.000000
vt 0.000000 0.000000
vt 0.352813 0.229425
vt 0.355913 0.238715
vt 0.767190 0.232499
vt 0.000000 0.000000
vt 0.000000 0.000000
vt 0.000000 0.000000
vt 0.000000 0.000000
vt 0.000000 0.000000
vt 0.000000 0.034093
vt 0.000000 0.048121
vt 0.000000 0.048121
vt 0.894668 0.325536
vt 0.894668 0.325536
vt 0.890625 0.330078
vt 0.000000 0.000000
vt 0.000000 0.000000
vt 0.000000 0.000000
vt 0.000000 0.000000
vt 0.000000 0.000000
vt 0.000000 0.000000
vt 0.000000 0.000000
vt 0.228742 0.264454
vt 0.733878 0.210448
vt 0.228742 0.264454
vt 0.078125 0.210230
vt 0.203456 0.201954
vt 0.828325 0.209562
vt 0.906250 0.205078
vt 0.203076 0.268184
vt 0.362796 0.202697
vt 0.044059 0.201922
vt 0.011699 0.197557
vt 0.924704 0.206497
vt 0.889692 0.193233
vt 0.888672 0.295812
vt 0.352813 0.229425
vt 0.100706 0.228778
vt 0.906075 0.259595
vt 0.000200 0.219937
vt 0.905875 0.012881
vt 0.007950 0.202489
vt 0.000000 0.000000
vt 0.228742 0.264454
vt -0.000122 0.210448
vt 0.000000 0.000000
vt 0.000000 0.000000
vt 0.890625 0.330078
vt 0.000000 0.000000
vt 0.000000 0.000000
vt 0.000000 0.000000
vt 0.956520 0.048016
vt 0.938812 0.032562
vt 0.938812 0.048016
vt 0.980980 0.048016
vt 0.980980 0.078248
vt 0.998688 0.032562
vt 0.998688 0.048016
vt 0.999050 0.342604
vt 0.939310 0.342604
vt 0.939310 0.183297
vt 0.999050 0.342604
vt 0.939310 0.342604
vt 0.939310 0.183297
vt 0.939310 0.342604
vt 0.939310 0.183297
vt 0.999050 0.183297
vt 0.999050 0.342604
vt 0.939310 0.342604
vt 0.939310 0.183297
vt 0.985655 0.179437
vt 0.939081 0.179437
vt 0.939081 0.132863
vt 0.979692 0.844034
vt 0.979692 0.781451
vt -0.000781 0.781451
vt 0.145247 0.718868
vt 0.145247 0.656284
vt -0.000781 0.656284
vt 0.979692 0.781451
vt 0.979692 0.718868
vt -0.000781 0.718868
vt 0.302823 0.718868
vt 0.302823 0.656284
vt 0.156795 0.656284
vt 1.000000 1.000000
vt 1.000000 0.851064
vt 0.000000 0.851064
vt 0.998987 0.652658
vt 0.998987 0.504118
vt 0.001647 0.504118
vt 0.999050 0.342604
vt 0.939310 0.342604
vt 0.939310 0.183297
vt 0.999050 0.342604
vt 0.939310 0.342604
vt 0.939310 0.183297
vt 0.939310 0.342604
vt 0.939310 0.183297
vt 0.999050 0.183297
vt 0.999050 0.342604
vt 0.939310 0.342604
vt 0.939310 0.183297
vt 0.939081 0.179437
vt 0.939081 0.132863
vt 0.985655 0.132863
vt 0.979692 0.844034
vt 0.979692 0.781451
vt -0.000781 0.781451
vt 0.145247 0.718868
vt 0.145247 0.656284
vt -0.000781 0.656284
vt 0.979692 0.781451
vt 0.979692 0.718868
vt -0.000781 0.718868
vt 1.000000 1.000000
vt 1.000000 0.851064
vt 0.000000 0.851064
vt 0.998987 0.652658
vt 0.998987 0.504118
vt 0.001647 0.504118
vt 0.999050 0.342604
vt 0.939310 0.342604
vt 0.939310 0.183297
vt 0.999050 0.342604
vt 0.939310 0.342604
vt 0.939310 0.183297
vt 0.939310 0.342604
vt 0.939310 0.183297
vt 0.999050 0.183297
vt 0.999050 0.342604
vt 0.939310 0.342604
vt 0.939310 0.183297
vt 0.985655 0.179437
vt 0.939081 0.179437
vt 0.939081 0.132863
vt 0.979692 0.781451
vt -0.000781 0.781451
vt -0.000781 0.844034
vt 0.145247 0.718868
vt 0.145247 0.656284
vt -0.000781 0.656284
vt 0.302823 0.718868
vt 0.156795 0.656284
vt 0.302823 0.656284
vt 0.998987 0.652658
vt 0.998987 0.504118
vt 0.001647 0.504118
vt 0.000000 0.048121
vt 0.000000 0.062150
vt 0.905875 0.062150
vt 0.000000 0.034093
vt 0.000000 0.048121
vt 0.905875 0.048121
vt 0.000200 0.259595
vt 0.906075 0.259595
vt 0.906075 0.219937
vt -0.000122 0.210448
vt 0.905753 0.210448
vt 0.905753 0.156096
vt 0.000000 0.121202
vt 0.905875 0.121202
vt 0.905875 0.093759
vt 0.000000 0.025761
vt 0.905875 0.025761
vt 0.905875 0.012881
vt 0.000512 0.330358
vt 0.906387 0.330358
vt 0.906387 0.321630
vt 0.906075 0.296828
vt 0.000200 0.296828
vt 0.000200 0.312903
vt 0.000000 0.089593
vt 0.905875 0.089593
vt 0.905875 0.062150
vt 0.905875 0.012881
vt 0.905875 0.000000
vt 0.000000 0.000000
vt 0.000512 0.321630
vt 0.906387 0.321630
vt 0.906387 0.312903
vt 0.906075 0.281378
vt 0.000200 0.281378
vt 0.000200 0.297453
vt 0.999050 0.342604
vt 0.939310 0.342604
vt 0.939310 0.183297
vt 0.999050 0.342604
vt 0.939310 0.342604
vt 0.939310 0.183297
vt 0.939310 0.342604
vt 0.939310 0.183297
vt 0.999050 0.183297
vt 0.999050 0.342604
vt 0.939310 0.342604
vt 0.939310 0.183297
vt 0.985655 0.179437
vt 0.939081 0.179437
vt 0.939081 0.132863
vt 0.979692 0.781451
vt -0.000781 0.781451
vt -0.000781 0.844034
vt 0.145247 0.718868
vt 0.145247 0.656284
vt -0.000781 0.656284
vt 0.979692 0.781451
vt 0.979692 0.718868
vt -0.000781 0.718868
vt 0.302823 0.718868
vt 0.302823 0.656284
vt 0.156795 0.656284
vt 1.000000 1.000000
vt 1.000000 0.851064
vt 0.000000 0.851064
vt 0.998987 0.652658
vt 0.998987 0.504118
vt 0.001647 0.504118
vt 0.999050 0.342604
vt 0.939310 0.342604
vt 0.939310 0.183297
vt 0.999050 0.342604
vt 0.939310 0.342604
vt 0.939310 0.183297
vt 0.939310 0.342604
vt 0.939310 0.183297
vt 0.999050 0.183297
vt 0.999050 0.342604
vt 0.939310 0.342604
vt 0.939310 0.183297
vt 0.985655 0.179437
vt 0.939081 0.179437
vt 0.939081 0.132863
vt 0.979692 0.844034
vt 0.979692 0.781451
vt -0.000781 0.781451
vt 0.145247 0.718868
vt 0.145247 0.656284
vt -0.000781 0.656284
vt 0.979692 0.781451
vt 0.979692 0.718868
vt -0.000781 0.718868
vt 0.302823 0.718868
vt 0.302823 0.656284
vt 0.156795 0.656284
vt 1.000000 1.000000
vt 1.000000 0.851064
vt 0.000000 0.851064
vt 0.998987 0.652658
vt 0.998987 0.504118
vt 0.001647 0.504118
vt 0.999050 0.342604
vt 0.939310 0.342604
vt 0.939310 0.183297
vt 0.999050 0.342604
vt 0.939310 0.342604
vt 0.939310 0.183297
vt 0.939310 0.342604
vt 0.939310 0.183297
vt 0.999050 0.183297
vt 0.999050 0.342604
vt 0.939310 0.342604
vt 0.939310 0.183297
vt 0.985655 0.179437
vt 0.939081 0.179437
vt 0.939081 0.132863
vt 0.979692 0.844034
vt 0.979692 0.781451
vt -0.000781 0.781451
vt 0.145247 0.718868
vt 0.145247 0.656284
vt -0.000781 0.656284
vt 0.979692 0.781451
vt 0.979692 0.718868
vt -0.000781 0.718868
vt 0.302823 0.718868
vt 0.302823 0.656284
vt 0.156795 0.656284
vt 1.000000 1.000000
vt 1.000000 0.851064
vt 0.000000 0.851064
vt 0.998987 0.652658
vt 0.998987 0.504118
vt 0.001647 0.504118
vt 0.999050 0.342604
vt 0.939310 0.342604
vt 0.939310 0.183297
vt 0.999050 0.342604
vt 0.939310 0.342604
vt 0.939310 0.183297
vt 0.939310 0.342604
vt 0.939310 0.183297
vt 0.999050 0.183297
vt 0.999050 0.342604
vt 0.939310 0.342604
vt 0.939310 0.183297
vt 0.985655 0.179437
vt 0.939081 0.179437
vt 0.939081 0.132863
vt 0.979692 0.781451
vt -0.000781 0.781451
vt -0.000781 0.844034
vt 0.145247 0.718868
vt 0.145247 0.656284
vt -0.000781 0.656284
vt 0.979692 0.781451
vt 0.979692 0.718868
vt -0.000781 0.718868
vt 0.302823 0.718868
vt 0.302823 0.656284
vt 0.156795 0.656284
vt 1.000000 1.000000
vt 1.000000 0.851064
vt 0.000000 0.851064
vt 0.998987 0.652658
vt 0.998987 0.504118
vt 0.001647 0.504118
vt 0.000000 0.062150
vt 0.905875 0.062150
vt 0.905875 0.048121
vt 0.000000 0.034093
vt 0.000000 0.048121
vt 0.905875 0.048121
vt 0.000200 0.219937
vt 0.000200 0.259595
vt 0.906075 0.259595
vt -0.000122 0.210448
vt 0.905753 0.210448
vt 0.905753 0.156096
vt 0.000000 0.121202
vt 0.905875 0.121202
vt 0.905875 0.093759
vt 0.000000 0.025761
vt 0.905875 0.025761
vt 0.905875 0.012881
vt 0.000512 0.330358
vt 0.906387 0.330358
vt 0.906387 0.321630
vt 0.000200 0.296828
vt 0.000200 0.312903
vt 0.906075 0.312903
vt 0.000000 0.089593
vt 0.905875 0.089593
vt 0.905875 0.062150
vt 0.905875 0.012881
vt 0.905875 0.000000
vt 0.000000 0.000000
vt 0.000512 0.321630
vt 0.906387 0.321630
vt 0.906387 0.312903
vt 0.906075 0.281378
vt 0.000200 0.281378
vt 0.000200 0.297453
vt 0.999050 0.342604
vt 0.939310 0.342604
vt 0.939310 0.183297
vt 0.999050 0.342604
vt 0.939310 0.342604
vt 0.939310 0.183297
vt 0.939310 0.342604
vt 0.939310 0.183297
vt 0.999050 0.183297
vt 0.999050 0.342604
vt 0.939310 0.342604
vt 0.939310 0.183297
vt 0.985655 0.179437
vt 0.939081 0.179437
vt 0.939081 0.132863
vt 0.979692 0.844034
vt 0.979692 0.781451
vt -0.000781 0.781451
vt 0.145247 0.718868
vt 0.145247 0.656284
vt -0.000781 0.656284
vt 0.979692 0.781451
vt 0.979692 0.718868
vt -0.000781 0.718868
vt 0.302823 0.718868
vt 0.302823 0.656284
vt 0.156795 0.656284
vt 1.000000 1.000000
vt 1.000000 0.851064
vt 0.000000 0.851064
vt 0.998987 0.652658
vt 0.998987 0.504118
vt 0.001647 0.504118
vt 0.999050 0.342604
vt 0.939310 0.342604
vt 0.939310 0.183297
vt 0.999050 0.342604
vt 0.939310 0.342604
vt 0.939310 0.183297
vt 0.939310 0.342604
vt 0.939310 0.183297
vt 0.999050 0.183297
vt 0.939310 0.342604
vt 0.939310 0.183297
vt 0.999050 0.183297
vt 0.985655 0.179437
vt 0.939081 0.179437
vt 0.939081 0.132863
vt 0.979692 0.844034
vt 0.979692 0.781451
vt -0.000781 0.781451
vt 0.145247 0.718868
vt 0.145247 0.656284
vt -0.000781 0.656284
vt 0.979692 0.781451
vt 0.979692 0.718868
vt -0.000781 0.718868
vt 0.302823 0.718868
vt 0.302823 0.656284
vt 0.156795 0.656284
vt 1.000000 1.000000
vt 1.000000 0.851064
vt 0.000000 0.851064
vt 0.998987 0.652658
vt 0.998987 0.504118
vt 0.001647 0.504118
vt 0.999050 0.342604
vt 0.939310 0.342604
vt 0.939310 0.183297
vt 0.999050 0.342604
vt 0.939310 0.342604
vt 0.939310 0.183297
vt 0.939310 0.342604
vt 0.939310 0.183297
vt 0.999050 0.183297
vt 0.939310 0.342604
vt 0.939310 0.183297
vt 0.999050 0.183297
vt 0.985655 0.179437
vt 0.939081 0.179437
vt 0.939081 0.132863
vt 0.979692 0.781451
vt -0.000781 0.781451
vt -0.000781 0.844034
vt 0.145247 0.718868
vt 0.145247 0.656284
vt -0.000781 0.656284
vt 0.979692 0.781451
vt 0.979692 0.718868
vt -0.000781 0.718868
vt 0.302823 0.718868
vt 0.302823 0.656284
vt 0.156795 0.656284
vt 1.000000 1.000000
vt 1.000000 0.851064
vt 0.000000 0.851064
vt 0.998987 0.652658
vt 0.998987 0.504118
vt 0.001647 0.504118
vt 0.999050 0.342604
vt 0.939310 0.342604
vt 0.939310 0.183297
vt 0.999050 0.342604
vt 0.939310 0.342604
vt 0.939310 0.183297
vt 0.939310 0.342604
vt 0.939310 0.183297
vt 0.999050 0.183297
vt 0.939310 0.342604
vt 0.939310 0.183297
vt 0.999050 0.183297
vt 0.985655 0.179437
vt 0.939081 0.179437
vt 0.939081 0.132863
vt 0.979692 0.781451
vt -0.000781 0.781451
vt -0.000781 0.844034
vt 0.000000 1.000000
vt 0.156795 0.656284
vt 1.000000 1.000000
vt 0.302823 0.718868
vt 0.302823 0.656284
vt 1.000000 0.851064
vt 0.000000 0.851064
vt 0.000000 0.048121
vt 0.000000 0.062150
vt 0.905875 0.062150
vt 0.000000 0.034093
vt 0.000000 0.048121
vt 0.905875 0.048121
vt 0.000200 0.219937
vt 0.000200 0.259595
vt 0.906075 0.259595
vt -0.000122 0.210448
vt 0.905753 0.210448
vt 0.905753 0.156096
vt 0.000000 0.121202
vt 0.905875 0.121202
vt 0.905875 0.093759
vt 0.000000 0.025761
vt 0.905875 0.025761
vt 0.905875 0.012881
vt 0.000512 0.330358
vt 0.906387 0.330358
vt 0.906387 0.321630
vt 0.906075 0.296828
vt 0.000200 0.296828
vt 0.000200 0.312903
vt 0.000000 0.089593
vt 0.905875 0.089593
vt 0.905875 0.062150
vt 0.000000 0.012881
vt 0.905875 0.012881
vt 0.905875 0.000000
vt 0.000512 0.321630
vt 0.906387 0.321630
vt 0.906387 0.312903
vt 0.906075 0.281378
vt 0.000200 0.281378
vt 0.000200 0.297453
vt 0.999050 0.342604
vt 0.939310 0.342604
vt 0.939310 0.183297
vt 0.999050 0.342604
vt 0.939310 0.342604
vt 0.939310 0.183297
vt 0.939310 0.342604
vt 0.939310 0.183297
vt 0.999050 0.183297
vt 0.939310 0.342604
vt 0.939310 0.183297
vt 0.999050 0.183297
vt 0.985655 0.179437
vt 0.939081 0.179437
vt 0.939081 0.132863
vt 0.979692 0.844034
vt 0.979692 0.781451
vt -0.000781 0.781451
vt 0.000000 0.000000
vt -0.000781 0.656284
vt 0.302823 0.718868
vt 0.302823 0.656284
vt 0.156795 0.656284
vt 1.000000 1.000000
vt 1.000000 0.851064
vt 0.000000 0.851064
vt 0.145247 0.718868
vt 0.000000 0.000000
vt -0.000781 0.656284
vt 0.999050 0.342604
vt 0.939310 0.342604
vt 0.939310 0.183297
vt 0.999050 0.342604
vt 0.939310 0.342604
vt 0.939310 0.183297
vt 0.939310 0.342604
vt 0.939310 0.183297
vt 0.999050 0.183297
vt 0.939310 0.342604
vt 0.939310 0.183297
vt 0.999050 0.183297
vt 0.985655 0.179437
vt 0.939081 0.179437
vt 0.939081 0.132863
vt 0.979692 0.781451
vt -0.000781 0.781451
vt -0.000781 0.844034
vt 0.302823 0.718868
vt 0.302823 0.656284
vt 0.156795 0.656284
vt 1.000000 1.000000
vt 1.000000 0.851064
vt 0.000000 0.851064
vt 0.999050 0.342604
vt 0.939310 0.342604
vt 0.939310 0.183297
vt 0.999050 0.342604
vt 0.939310 0.342604
vt 0.939310 0.183297
vt 0.939310 0.342604
vt 0.939310 0.183297
vt 0.999050 0.183297
vt 0.939310 0.342604
vt 0.939310 0.183297
vt 0.999050 0.183297
vt 0.985655 0.179437
vt 0.939081 0.179437
vt 0.939081 0.132863
vt 0.979692 0.781451
vt -0.000781 0.781451
vt -0.000781 0.844034
vt 0.145247 0.718868
vt 0.145247 0.656284
vt -0.000781 0.656284
vt 0.979692 0.781451
vt 0.979692 0.718868
vt -0.000781 0.718868
vt 0.302823 0.718868
vt 0.302823 0.656284
vt 0.156795 0.656284
vt 1.000000 1.000000
vt 1.000000 0.851064
vt 0.000000 0.851064
vt 0.998987 0.652658
vt 0.998987 0.504118
vt 0.001647 0.504118
vt 0.999050 0.342604
vt 0.939310 0.342604
vt 0.939310 0.183297
vt 0.999050 0.342604
vt 0.939310 0.342604
vt 0.939310 0.183297
vt 0.939310 0.342604
vt 0.939310 0.183297
vt 0.999050 0.183297
vt 0.939310 0.342604
vt 0.939310 0.183297
vt 0.999050 0.183297
vt 0.985655 0.179437
vt 0.939081 0.179437
vt 0.939081 0.132863
vt 0.979692 0.844034
vt 0.979692 0.781451
vt -0.000781 0.781451
vt 0.145247 0.718868
vt 0.145247 0.656284
vt -0.000781 0.656284
vt 0.979692 0.781451
vt 0.979692 0.718868
vt -0.000781 0.718868
vt 0.302823 0.718868
vt 0.302823 0.656284
vt 0.156795 0.656284
vt 1.000000 1.000000
vt 1.000000 0.851064
vt 0.000000 0.851064
vt 0.998987 0.652658
vt 0.998987 0.504118
vt 0.001647 0.504118
vt 0.000000 0.062150
vt 0.905875 0.062150
vt 0.905875 0.048121
vt 0.000000 0.034093
vt 0.000000 0.048121
vt 0.905875 0.048121
vt 0.000200 0.219937
vt 0.000200 0.259595
vt 0.906075 0.259595
vt -0.000122 0.210448
vt 0.905753 0.210448
vt 0.905753 0.156096
vt 0.000000 0.121202
vt 0.905875 0.121202
vt 0.905875 0.093759
vt 0.000000 0.025761
vt 0.905875 0.025761
vt 0.905875 0.012881
vt 0.000512 0.330358
vt 0.906387 0.330358
vt 0.906387 0.321630
vt 0.906075 0.296828
vt 0.000200 0.296828
vt 0.000200 0.312903
vt 0.000000 0.089593
vt 0.905875 0.089593
vt 0.905875 0.062150
vt 0.000000 0.012881
vt 0.905875 0.012881
vt 0.905875 0.000000
vt 0.000512 0.321630
vt 0.906387 0.321630
vt 0.906387 0.312903
vt 0.906075 0.281378
vt 0.000200 0.281378
vt 0.000200 0.297453
vt 0.999050 0.342604
vt 0.939310 0.342604
vt 0.939310 0.183297
vt 0.999050 0.342604
vt 0.939310 0.342604
vt 0.939310 0.183297
vt 0.939310 0.342604
vt 0.939310 0.183297
vt 0.999050 0.183297
vt 0.939310 0.342604
vt 0.939310 0.183297
vt 0.999050 0.183297
vt 0.985655 0.179437
vt 0.939081 0.179437
vt 0.939081 0.132863
vt 0.979692 0.781451
vt -0.000781 0.781451
vt -0.000781 0.844034
vt 0.145247 0.718868
vt 0.145247 0.656284
vt -0.000781 0.656284
vt 0.979692 0.781451
vt 0.979692 0.718868
vt -0.000781 0.718868
vt 0.302823 0.718868
vt 0.302823 0.656284
vt 0.156795 0.656284
vt 1.000000 1.000000
vt 1.000000 0.851064
vt 0.000000 0.851064
vt 0.998987 0.652658
vt 0.998987 0.504118
vt 0.001647 0.504118
vt 0.999050 0.342604
vt 0.939310 0.342604
vt 0.939310 0.183297
vt 0.999050 0.342604
vt 0.939310 0.342604
vt 0.939310 0.183297
vt 0.939310 0.342604
vt 0.939310 0.183297
vt 0.999050 0.183297
vt 0.999050 0.342604
vt 0.939310 0.342604
vt 0.939310 0.183297
vt 0.985655 0.179437
vt 0.939081 0.179437
vt 0.939081 0.132863
vt 0.979692 0.781451
vt -0.000781 0.781451
vt -0.000781 0.844034
vt 0.145247 0.656284
vt -0.000781 0.656284
vt -0.000781 0.718868
vt 0.979692 0.781451
vt 0.979692 0.718868
vt -0.000781 0.718868
vt 0.302823 0.718868
vt 0.302823 0.656284
vt 0.156795 0.656284
vt 1.000000 1.000000
vt 1.000000 0.851064
vt 0.000000 0.851064
vt 0.998987 0.652658
vt 0.998987 0.504118
vt 0.001647 0.504118
vt 0.999050 0.342604
vt 0.939310 0.342604
vt 0.939310 0.183297
vt 0.999050 0.342604
vt 0.939310 0.342604
vt 0.939310 0.183297
vt 0.939310 0.342604
vt 0.939310 0.183297
vt 0.999050 0.183297
vt 0.999050 0.342604
vt 0.939310 0.342604
vt 0.939310 0.183297
vt 0.985655 0.179437
vt 0.939081 0.179437
vt 0.939081 0.132863
vt 0.979692 0.844034
vt 0.979692 0.781451
vt -0.000781 0.781451
vt 0.145247 0.656284
vt -0.000781 0.656284
vt -0.000781 0.718868
vt 0.979692 0.781451
vt 0.979692 0.718868
vt -0.000781 0.718868
vt 0.302823 0.718868
vt 0.302823 0.656284
vt 0.156795 0.656284
vt 1.000000 1.000000
vt 1.000000 0.851064
vt 0.000000 0.851064
vt 0.998987 0.652658
vt 0.998987 0.504118
vt 0.001647 0.504118
vt 0.999050 0.342604
vt 0.939310 0.342604
vt 0.939310 0.183297
vt 0.999050 0.342604
vt 0.939310 0.342604
vt 0.939310 0.183297
vt 0.939310 0.342604
vt 0.939310 0.183297
vt 0.999050 0.183297
vt 0.999050 0.342604
vt 0.939310 0.342604
vt 0.939310 0.183297
vt 0.985655 0.179437
vt 0.939081 0.179437
vt 0.939081 0.132863
vt 0.979692 0.781451
vt -0.000781 0.781451
vt -0.000781 0.844034
vt 0.145247 0.656284
vt -0.000781 0.656284
vt -0.000781 0.718868
vt 0.979692 0.781451
vt 0.979692 0.718868
vt -0.000781 0.718868
vt 0.302823 0.718868
vt 0.302823 0.656284
vt 0.156795 0.656284
vt 1.000000 1.000000
vt 1.000000 0.851064
vt 0.000000 0.851064
vt 0.998987 0.652658
vt 0.998987 0.504118
vt 0.001647 0.504118
vt 0.000000 0.048121
vt 0.000000 0.062150
vt 0.905875 0.062150
vt 0.000000 0.048121
vt 0.905875 0.048121
vt 0.905875 0.034093
vt 0.000200 0.219937
vt 0.000200 0.259595
vt 0.906075 0.259595
vt -0.000122 0.210448
vt 0.905753 0.210448
vt 0.905753 0.156096
vt 0.000000 0.121202
vt 0.905875 0.121202
vt 0.905875 0.093759
vt 0.000000 0.025761
vt 0.905875 0.025761
vt 0.905875 0.012881
vt 0.000512 0.330358
vt 0.906387 0.330358
vt 0.906387 0.321630
vt 0.906075 0.296828
vt 0.000200 0.296828
vt 0.000200 0.312903
vt 0.000000 0.089593
vt 0.905875 0.089593
vt 0.905875 0.062150
vt 0.000000 0.012881
vt 0.905875 0.012881
vt 0.905875 0.000000
vt 0.000512 0.321630
vt 0.906387 0.321630
vt 0.906387 0.312903
vt 0.906075 0.281378
vt 0.000200 0.281378
vt 0.000200 0.297453
vt 0.999050 0.342604
vt 0.939310 0.342604
vt 0.939310 0.183297
vt 0.999050 0.342604
vt 0.939310 0.342604
vt 0.939310 0.183297
vt 0.939310 0.342604
vt 0.939310 0.183297
vt 0.999050 0.183297
vt 0.999050 0.342604
vt 0.939310 0.342604
vt 0.939310 0.183297
vt 0.985655 0.179437
vt 0.939081 0.179437
vt 0.939081 0.132863
vt 0.979692 0.781451
vt -0.000781 0.781451
vt -0.000781 0.844034
vt 0.145247 0.656284
vt -0.000781 0.656284
vt -0.000781 0.718868
vt 0.979692 0.781451
vt 0.979692 0.718868
vt -0.000781 0.718868
vt 0.302823 0.718868
vt 0.302823 0.656284
vt 0.156795 0.656284
vt 1.000000 1.000000
vt 1.000000 0.851064
vt 0.000000 0.851064
vt 0.998987 0.652658
vt 0.998987 0.504118
vt 0.001647 0.504118
vt 0.999050 0.342604
vt 0.939310 0.342604
vt 0.939310 0.183297
vt 0.999050 0.342604
vt 0.939310 0.342604
vt 0.939310 0.183297
vt 0.939310 0.342604
vt 0.939310 0.183297
vt 0.999050 0.183297
vt 0.999050 0.342604
vt 0.939310 0.342604
vt 0.939310 0.183297
vt 0.985655 0.179437
vt 0.939081 0.179437
vt 0.939081 0.132863
vt 0.979692 0.844034
vt 0.979692 0.781451
vt -0.000781 0.781451
vt 0.145247 0.656284
vt -0.000781 0.656284
vt -0.000781 0.718868
vt 0.979692 0.781451
vt 0.979692 0.718868
vt -0.000781 0.718868
vt 0.302823 0.718868
vt 0.302823 0.656284
vt 0.156795 0.656284
vt 1.000000 1.000000
vt 1.000000 0.851064
vt 0.000000 0.851064
vt 0.998987 0.652658
vt 0.998987 0.504118
vt 0.001647 0.504118
vt 0.999050 0.342604
vt 0.939310 0.342604
vt 0.939310 0.183297
vt 0.999050 0.342604
vt 0.939310 0.342604
vt 0.939310 0.183297
vt 0.939310 0.342604
vt 0.939310 0.183297
vt 0.999050 0.183297
vt 0.999050 0.342604
vt 0.939310 0.342604
vt 0.939310 0.183297
vt 0.985655 0.179437
vt 0.939081 0.179437
vt 0.939081 0.132863
vt 0.979692 0.781451
vt -0.000781 0.781451
vt -0.000781 0.844034
vt 0.145247 0.656284
vt -0.000781 0.656284
vt -0.000781 0.718868
vt 0.979692 0.781451
vt 0.979692 0.718868
vt -0.000781 0.718868
vt 0.302823 0.718868
vt 0.302823 0.656284
vt 0.156795 0.656284
vt 1.000000 1.000000
vt 1.000000 0.851064
vt 0.000000 0.851064
vt 0.998987 0.652658
vt 0.998987 0.504118
vt 0.001647 0.504118
vt 0.999050 0.342604
vt 0.939310 0.342604
vt 0.939310 0.183297
vt 0.999050 0.342604
vt 0.939310 0.342604
vt 0.939310 0.183297
vt 0.939310 0.342604
vt 0.939310 0.183297
vt 0.999050 0.183297
vt 0.999050 0.342604
vt 0.939310 0.342604
vt 0.939310 0.183297
vt 0.985655 0.179437
vt 0.939081 0.179437
vt 0.939081 0.132863
vt 0.979692 0.781451
vt -0.000781 0.781451
vt -0.000781 0.844034
vt 0.145247 0.656284
vt -0.000781 0.656284
vt -0.000781 0.718868
vt 0.979692 0.781451
vt 0.979692 0.718868
vt -0.000781 0.718868
vt 0.302823 0.718868
vt 0.302823 0.656284
vt 0.156795 0.656284
vt 1.000000 1.000000
vt 1.000000 0.851064
vt 0.000000 0.851064
vt 0.998987 0.652658
vt 0.998987 0.504118
vt 0.001647 0.504118
vt 0.000000 0.048121
vt 0.000000 0.062150
vt 0.905875 0.062150
vt 0.000000 0.034093
vt 0.000000 0.048121
vt 0.905875 0.048121
vt 0.000200 0.219937
vt 0.000200 0.259595
vt 0.906075 0.259595
vt -0.000122 0.210448
vt 0.905753 0.210448
vt 0.905753 0.156096
vt 0.000000 0.121202
vt 0.905875 0.121202
vt 0.905875 0.093759
vt 0.000000 0.025761
vt 0.905875 0.025761
vt 0.905875 0.012881
vt 0.000512 0.330358
vt 0.906387 0.330358
vt 0.906387 0.321630
vt 0.906075 0.296828
vt 0.000200 0.296828
vt 0.000200 0.312903
vt 0.000000 0.089593
vt 0.905875 0.089593
vt 0.905875 0.062150
vt 0.000000 0.012881
vt 0.905875 0.012881
vt 0.905875 0.000000
vt 0.000512 0.321630
vt 0.906387 0.321630
vt 0.906387 0.312903
vt 0.906075 0.281378
vt 0.000200 0.281378
vt 0.000200 0.297453
vt 0.999050 0.342604
vt 0.939310 0.342604
vt 0.939310 0.183297
vt 0.999050 0.342604
vt 0.939310 0.342604
vt 0.939310 0.183297
vt 0.939310 0.342604
vt 0.939310 0.183297
vt 0.999050 0.183297
vt 0.999050 0.342604
vt 0.939310 0.342604
vt 0.939310 0.183297
vt 0.985655 0.179437
vt 0.939081 0.179437
vt 0.939081 0.132863
vt 0.979692 0.844034
vt 0.979692 0.781451
vt -0.000781 0.781451
vt 0.145247 0.656284
vt -0.000781 0.656284
vt -0.000781 0.718868
vt 0.979692 0.781451
vt 0.979692 0.718868
vt -0.000781 0.718868
vt 0.302823 0.718868
vt 0.302823 0.656284
vt 0.156795 0.656284
vt 1.000000 1.000000
vt 1.000000 0.851064
vt 0.000000 0.851064
vt 0.998987 0.652658
vt 0.998987 0.504118
vt 0.001647 0.504118
vt 0.999050 0.342604
vt 0.939310 0.342604
vt 0.939310 0.183297
vt 0.999050 0.342604
vt 0.939310 0.342604
vt 0.939310 0.183297
vt 0.939310 0.342604
vt 0.939310 0.183297
vt 0.999050 0.183297
vt 0.999050 0.342604
vt 0.939310 0.342604
vt 0.939310 0.183297
vt 0.985655 0.179437
vt 0.939081 0.179437
vt 0.939081 0.132863
vt 0.979692 0.781451
vt -0.000781 0.781451
vt -0.000781 0.844034
vt 0.145247 0.656284
vt -0.000781 0.656284
vt -0.000781 0.718868
vt 0.979692 0.781451
vt 0.979692 0.718868
vt -0.000781 0.718868
vt 0.302823 0.718868
vt 0.302823 0.656284
vt 0.156795 0.656284
vt 1.000000 1.000000
vt 1.000000 0.851064
vt 0.000000 0.851064
vt 0.998987 0.652658
vt 0.998987 0.504118
vt 0.001647 0.504118
vt 0.000000 0.048121
vt 0.905875 0.048121
vt 0.905875 0.062150
vt 0.905875 0.034093
vt 0.905875 0.048121
vt 0.000000 0.048121
vt 0.000200 0.219937
vt 0.214669 0.219937
vt 0.214669 0.259595
vt -0.000122 0.210448
vt -0.000122 0.156096
vt 0.905753 0.156096
vt 0.000000 0.121202
vt 0.000000 0.093759
vt 0.905875 0.093759
vt 0.000000 0.025761
vt 0.000000 0.012881
vt 0.905875 0.012881
vt 0.000512 0.330358
vt 0.000512 0.321630
vt 0.906387 0.321630
vt 0.906075 0.296828
vt 0.906075 0.312903
vt 0.000200 0.312903
vt 0.000000 0.062150
vt 0.905875 0.062150
vt 0.905875 0.089593
vt 0.000000 0.012881
vt 0.000000 0.000000
vt 0.905875 0.000000
vt 0.000512 0.321630
vt 0.000512 0.312903
vt 0.906387 0.312903
vt 0.906075 0.281378
vt 0.906075 0.297453
vt 0.000200 0.297453
vt 0.999050 0.342604
vt 0.939310 0.342604
vt 0.939310 0.183297
vt 0.999050 0.342604
vt 0.939310 0.342604
vt 0.939310 0.183297
vt 0.939310 0.342604
vt 0.939310 0.183297
vt 0.999050 0.183297
vt 0.999050 0.342604
vt 0.939310 0.342604
vt 0.939310 0.183297
vt 0.985655 0.179437
vt 0.939081 0.179437
vt 0.939081 0.132863
vt 0.979692 0.781451
vt -0.000781 0.781451
vt -0.000781 0.844034
vt 0.145247 0.656284
vt -0.000781 0.656284
vt -0.000781 0.718868
vt 0.979692 0.781451
vt 0.979692 0.718868
vt -0.000781 0.718868
vt 0.302823 0.718868
vt 0.302823 0.656284
vt 0.156795 0.656284
vt 1.000000 1.000000
vt 1.000000 0.851064
vt 0.000000 0.851064
vt 0.998987 0.652658
vt 0.998987 0.504118
vt 0.001647 0.504118
vt 0.000000 0.048121
vt 0.905875 0.048121
vt 0.905875 0.062150
vt 0.000000 0.034093
vt 0.905875 0.034093
vt 0.905875 0.048121
vt 0.906075 0.219937
vt 0.906075 0.259595
vt 0.000200 0.259595
vt -0.000122 0.156096
vt 0.905753 0.156096
vt 0.905753 0.210448
vt 0.000000 0.121202
vt 0.000000 0.093759
vt 0.905875 0.093759
vt 0.000000 0.025761
vt 0.000000 0.012881
vt 0.905875 0.012881
vt 0.000512 0.330358
vt 0.000512 0.321630
vt 0.906387 0.321630
vt 0.906075 0.296828
vt 0.906075 0.312903
vt 0.000200 0.312903
vt -0.905875 0.089593
vt 0.000000 0.062150
vt 0.905875 0.062150
vt 0.000000 0.012881
vt 0.000000 0.000000
vt 0.905875 0.000000
vt 0.000512 0.321630
vt -0.905363 0.312903
vt 0.906387 0.312903
vt 0.906075 0.281378
vt 0.906075 0.297453
vt 0.000200 0.297453
vt 0.999050 0.342604
vt 0.999050 0.183297
vt 0.939310 0.183297
vt 0.999050 0.342604
vt 0.999050 0.183297
vt 0.939310 0.183297
vt 0.999050 0.183297
vt 0.939310 0.183297
vt 0.939310 0.342604
vt 0.999050 0.342604
vt 0.999050 0.183297
vt 0.939310 0.183297
vt 0.985655 0.179437
vt 0.985655 0.132863
vt 0.939081 0.132863
vt 0.999050 0.342604
vt 0.939310 0.342604
vt 0.939310 0.183297
vt 0.999050 0.342604
vt 0.939310 0.342604
vt 0.939310 0.183297
vt 0.939310 0.342604
vt 0.939310 0.183297
vt 0.999050 0.183297
vt 0.999050 0.342604
vt 0.939310 0.342604
vt 0.939310 0.183297
vt 0.985655 0.179437
vt 0.939081 0.179437
vt 0.939081 0.132863
vt 0.979692 0.781451
vt -0.000781 0.781451
vt -0.000781 0.844034
vt 0.145247 0.656284
vt -0.000781 0.656284
vt -0.000781 0.718868
vt 0.979692 0.781451
vt 0.979692 0.718868
vt -0.000781 0.718868
vt 0.302823 0.718868
vt 0.302823 0.656284
vt 0.156795 0.656284
vt 1.000000 1.000000
vt 1.000000 0.851064
vt 0.000000 0.851064
vt 0.998987 0.652658
vt 0.998987 0.504118
vt 0.001647 0.504118
vt 0.000000 0.048121
vt 0.000000 0.062150
vt 0.905875 0.062150
vt 0.000000 0.034093
vt 0.000000 0.048121
vt 0.905875 0.048121
vt 0.000200 0.219937
vt 0.000200 0.259595
vt 0.906075 0.259595
vt -0.000122 0.210448
vt 0.905753 0.210448
vt 0.905753 0.156096
vt 0.000000 0.121202
vt 0.905875 0.121202
vt 0.905875 0.093759
vt 0.000000 0.025761
vt 0.905875 0.025761
vt 0.905875 0.012881
vt 0.000512 0.330358
vt 0.906387 0.330358
vt 0.906387 0.321630
vt 0.906075 0.296828
vt 0.000200 0.296828
vt 0.000200 0.312903
vt 0.000000 0.089593
vt 0.905875 0.089593
vt 0.905875 0.062150
vt 0.000000 0.012881
vt 0.905875 0.012881
vt 0.905875 0.000000
vt 0.000512 0.321630
vt 0.906387 0.321630
vt 0.906387 0.312903
vt 0.906075 0.281378
vt 0.000200 0.281378
vt 0.000200 0.297453
vt 0.999050 0.342604
vt 0.999050 0.183297
vt 0.939310 0.183297
vt 0.999050 0.342604
vt 0.999050 0.183297
vt 0.939310 0.183297
vt 0.999050 0.183297
vt 0.939310 0.183297
vt 0.939310 0.342604
vt 0.999050 0.342604
vt 0.999050 0.183297
vt 0.939310 0.183297
vt 0.985655 0.179437
vt 0.985655 0.132863
vt 0.939081 0.132863
vt 0.999050 0.342604
vt 0.939310 0.342604
vt 0.939310 0.183297
vt 0.999050 0.342604
vt 0.939310 0.342604
vt 0.939310 0.183297
vt 0.939310 0.342604
vt 0.939310 0.183297
vt 0.999050 0.183297
vt 0.999050 0.342604
vt 0.939310 0.342604
vt 0.939310 0.183297
vt 0.985655 0.179437
vt 0.939081 0.179437
vt 0.939081 0.132863
vt 0.979692 0.844034
vt 0.979692 0.781451
vt -0.000781 0.781451
vt 0.145247 0.656284
vt -0.000781 0.656284
vt -0.000781 0.718868
vt 0.979692 0.781451
vt 0.979692 0.718868
vt -0.000781 0.718868
vt 0.302823 0.718868
vt 0.302823 0.656284
vt 0.156795 0.656284
vt 1.000000 1.000000
vt 1.000000 0.851064
vt 0.000000 0.851064
vt 0.998987 0.652658
vt 0.998987 0.504118
vt 0.001647 0.504118
vt 0.000000 0.048121
vt 0.905875 0.048121
vt 0.905875 0.062150
vt 0.000000 0.034093
vt 0.905875 0.034093
vt 0.905875 0.048121
vt 0.000200 0.219937
vt 0.906075 0.219937
vt 0.906075 0.259595
vt -0.000122 0.156096
vt 0.905753 0.156096
vt 0.905753 0.210448
vt 0.000000 0.121202
vt 0.000000 0.093759
vt 0.905875 0.093759
vt 0.000000 0.025761
vt 0.000000 0.012881
vt 0.905875 0.012881
vt 0.000512 0.330358
vt 0.000512 0.321630
vt 0.906387 0.321630
vt 0.906075 0.296828
vt 0.906075 0.312903
vt 0.000200 0.312903
vt 0.000000 0.089593
vt 0.000000 0.062150
vt 0.905875 0.062150
vt 0.000000 0.012881
vt 0.000000 0.000000
vt 0.905875 0.000000
vt 0.000512 0.321630
vt 0.000512 0.312903
vt 0.906387 0.312903
vt 0.906075 0.281378
vt 0.906075 0.297453
vt 0.000200 0.297453
vt 0.999050 0.342604
vt 0.999050 0.183297
vt 0.939310 0.183297
vt 0.999050 0.342604
vt 0.999050 0.183297
vt 0.939310 0.183297
vt 0.999050 0.183297
vt 0.939310 0.183297
vt 0.939310 0.342604
vt 0.999050 0.342604
vt 0.999050 0.183297
vt 0.939310 0.183297
vt 0.985655 0.179437
vt 0.985655 0.132863
vt 0.939081 0.132863
vt 0.999050 0.342604
vt 0.939310 0.342604
vt 0.939310 0.183297
vt 0.999050 0.342604
vt 0.939310 0.342604
vt 0.939310 0.183297
vt 0.939310 0.342604
vt 0.939310 0.183297
vt 0.999050 0.183297
vt 0.999050 0.342604
vt 0.939310 0.342604
vt 0.939310 0.183297
vt 0.985655 0.179437
vt 0.939081 0.179437
vt 0.939081 0.132863
vt 0.979692 0.844034
vt 0.979692 0.781451
vt -0.000781 0.781451
vt 0.145247 0.656284
vt -0.000781 0.656284
vt -0.000781 0.718868
vt 0.979692 0.781451
vt 0.979692 0.718868
vt -0.000781 0.718868
vt 0.302823 0.718868
vt 0.302823 0.656284
vt 0.156795 0.656284
vt 1.000000 1.000000
vt 1.000000 0.851064
vt 0.000000 0.851064
vt 0.998987 0.652658
vt 0.998987 0.504118
vt 0.001647 0.504118
vt 0.999050 0.342604
vt 0.999050 0.183297
vt 0.939310 0.183297
vt 0.999050 0.342604
vt 0.999050 0.183297
vt 0.939310 0.183297
vt 0.999050 0.183297
vt 0.939310 0.183297
vt 0.939310 0.342604
vt 0.999050 0.342604
vt 0.999050 0.183297
vt 0.939310 0.183297
vt 0.985655 0.132863
vt 0.939081 0.132863
vt 0.939081 0.179437
vt 0.999050 0.342604
vt 0.939310 0.342604
vt 0.939310 0.183297
vt 0.999050 0.342604
vt 0.939310 0.342604
vt 0.939310 0.183297
vt 0.939310 0.342604
vt 0.939310 0.183297
vt 0.999050 0.183297
vt 0.999050 0.342604
vt 0.939310 0.342604
vt 0.939310 0.183297
vt 0.985655 0.179437
vt 0.939081 0.179437
vt 0.939081 0.132863
vt 0.979692 0.781451
vt -0.000781 0.781451
vt -0.000781 0.844034
vt 0.145247 0.656284
vt -0.000781 0.656284
vt -0.000781 0.718868
vt 0.979692 0.781451
vt 0.979692 0.718868
vt -0.000781 0.718868
vt 0.302823 0.718868
vt 0.302823 0.656284
vt 0.156795 0.656284
vt 1.000000 1.000000
vt 1.000000 0.851064
vt 0.000000 0.851064
vt 0.998987 0.652658
vt 0.998987 0.504118
vt 0.001647 0.504118
vt 0.999050 0.342604
vt 0.999050 0.183297
vt 0.939310 0.183297
vt 0.999050 0.342604
vt 0.999050 0.183297
vt 0.939310 0.183297
vt 0.999050 0.183297
vt 0.939310 0.183297
vt 0.939310 0.342604
vt 0.999050 0.342604
vt 0.999050 0.183297
vt 0.939310 0.183297
vt 0.985655 0.179437
vt 0.985655 0.132863
vt 0.939081 0.132863
vt 0.999050 0.342604
vt 0.939310 0.342604
vt 0.939310 0.183297
vt 0.999050 0.342604
vt 0.939310 0.342604
vt 0.939310 0.183297
vt 0.939310 0.342604
vt 0.939310 0.183297
vt 0.999050 0.183297
vt 0.999050 0.342604
vt 0.939310 0.342604
vt 0.939310 0.183297
vt 0.985655 0.179437
vt 0.939081 0.179437
vt 0.939081 0.132863
vt 0.979692 0.844034
vt 0.979692 0.781451
vt -0.000781 0.781451
vt 0.145247 0.656284
vt -0.000781 0.656284
vt -0.000781 0.718868
vt 0.979692 0.781451
vt 0.979692 0.718868
vt -0.000781 0.718868
vt 0.302823 0.718868
vt 0.302823 0.656284
vt 0.156795 0.656284
vt 1.000000 1.000000
vt 1.000000 0.851064
vt 0.000000 0.851064
vt 0.998987 0.652658
vt 0.998987 0.504118
vt 0.001647 0.504118
vt 0.000000 0.062150
vt 0.905875 0.062150
vt 0.905875 0.048121
vt 0.000000 0.048121
vt 0.905875 0.048121
vt 0.905875 0.034093
vt 0.000200 0.219937
vt 0.000200 0.259595
vt 0.906075 0.259595
vt -0.000122 0.210448
vt 0.905753 0.210448
vt 0.905753 0.156096
vt 0.000000 0.121202
vt 0.905875 0.121202
vt 0.905875 0.093759
vt 0.000000 0.025761
vt 0.905875 0.025761
vt 0.905875 0.012881
vt 0.000512 0.330358
vt 0.906387 0.330358
vt 0.906387 0.321630
vt 0.000200 0.296828
vt 0.000200 0.312903
vt 0.906075 0.312903
vt 0.000000 0.089593
vt 0.905875 0.089593
vt 0.905875 0.062150
vt 0.905875 0.012881
vt 0.905875 0.000000
vt 0.000000 0.000000
vt 0.000512 0.321630
vt 0.906387 0.321630
vt 0.906387 0.312903
vt 0.000200 0.281378
vt 0.000200 0.297453
vt 0.906075 0.297453
vt 0.999050 0.342604
vt 0.999050 0.183297
vt 0.939310 0.183297
vt 0.999050 0.342604
vt 0.999050 0.183297
vt 0.939310 0.183297
vt 0.999050 0.183297
vt 0.939310 0.183297
vt 0.939310 0.342604
vt 0.999050 0.342604
vt 0.999050 0.183297
vt 0.939310 0.183297
vt 0.985655 0.179437
vt 0.985655 0.132863
vt 0.939081 0.132863
vt 0.999050 0.342604
vt 0.939310 0.342604
vt 0.939310 0.183297
vt 0.999050 0.342604
vt 0.939310 0.342604
vt 0.939310 0.183297
vt 0.939310 0.342604
vt 0.939310 0.183297
vt 0.999050 0.183297
vt 0.999050 0.342604
vt 0.939310 0.342604
vt 0.939310 0.183297
vt 0.985655 0.179437
vt 0.939081 0.179437
vt 0.939081 0.132863
vt 0.979692 0.781451
vt -0.000781 0.781451
vt -0.000781 0.844034
vt 0.145247 0.718868
vt 0.145247 0.656284
vt -0.000781 0.656284
vt 0.979692 0.781451
vt 0.979692 0.718868
vt -0.000781 0.718868
vt 0.302823 0.718868
vt 0.302823 0.656284
vt 0.156795 0.656284
vt 1.000000 1.000000
vt 1.000000 0.851064
vt 0.000000 0.851064
vt 0.998987 0.652658
vt 0.998987 0.504118
vt 0.001647 0.504118
vt 0.999050 0.342604
vt 0.999050 0.183297
vt 0.939310 0.183297
vt 0.999050 0.342604
vt 0.999050 0.183297
vt 0.939310 0.183297
vt 0.999050 0.183297
vt 0.939310 0.183297
vt 0.939310 0.342604
vt 0.999050 0.342604
vt 0.999050 0.183297
vt 0.939310 0.183297
vt 0.985655 0.179437
vt 0.985655 0.132863
vt 0.939081 0.132863
vt 0.999050 0.342604
vt 0.939310 0.342604
vt 0.939310 0.183297
vt 0.999050 0.342604
vt 0.939310 0.342604
vt 0.939310 0.183297
vt 0.939310 0.342604
vt 0.939310 0.183297
vt 0.999050 0.183297
vt 0.999050 0.342604
vt 0.939310 0.342604
vt 0.939310 0.183297
vt 0.985655 0.179437
vt 0.939081 0.179437
vt 0.939081 0.132863
vt 0.979692 0.781451
vt -0.000781 0.781451
vt -0.000781 0.844034
vt 0.145247 0.718868
vt 0.145247 0.656284
vt -0.000781 0.656284
vt 0.979692 0.781451
vt 0.979692 0.718868
vt -0.000781 0.718868
vt 0.302823 0.718868
vt 0.302823 0.656284
vt 0.156795 0.656284
vt 1.000000 1.000000
vt 1.000000 0.851064
vt 0.000000 0.851064
vt 0.998987 0.652658
vt 0.998987 0.504118
vt 0.001647 0.504118
vt 0.999050 0.342604
vt 0.999050 0.183297
vt 0.939310 0.183297
vt 0.999050 0.342604
vt 0.999050 0.183297
vt 0.939310 0.183297
vt 0.999050 0.183297
vt 0.939310 0.183297
vt 0.939310 0.342604
vt 0.999050 0.342604
vt 0.999050 0.183297
vt 0.939310 0.183297
vt 0.985655 0.179437
vt 0.985655 0.132863
vt 0.939081 0.132863
vt 0.999050 0.342604
vt 0.939310 0.342604
vt 0.939310 0.183297
vt 0.999050 0.342604
vt 0.939310 0.342604
vt 0.939310 0.183297
vt 0.939310 0.342604
vt 0.939310 0.183297
vt 0.999050 0.183297
vt 0.999050 0.342604
vt 0.939310 0.342604
vt 0.939310 0.183297
vt 0.985655 0.179437
vt 0.939081 0.179437
vt 0.939081 0.132863
vt 0.979692 0.781451
vt -0.000781 0.781451
vt -0.000781 0.844034
vt 0.145247 0.718868
vt 0.145247 0.656284
vt -0.000781 0.656284
vt 0.979692 0.781451
vt 0.979692 0.718868
vt -0.000781 0.718868
vt 0.302823 0.718868
vt 0.302823 0.656284
vt 0.156795 0.656284
vt 1.000000 1.000000
vt 1.000000 0.851064
vt 0.000000 0.851064
vt 0.998987 0.652658
vt 0.998987 0.504118
vt 0.001647 0.504118
vt 0.999050 0.342604
vt 0.999050 0.183297
vt 0.939310 0.183297
vt 0.999050 0.342604
vt 0.999050 0.183297
vt 0.939310 0.183297
vt 0.999050 0.183297
vt 0.939310 0.183297
vt 0.939310 0.342604
vt 0.999050 0.342604
vt 0.999050 0.183297
vt 0.939310 0.183297
vt 0.985655 0.179437
vt 0.985655 0.132863
vt 0.939081 0.132863
vt 0.999050 0.342604
vt 0.939310 0.342604
vt 0.939310 0.183297
vt 0.999050 0.342604
vt 0.939310 0.342604
vt 0.939310 0.183297
vt 0.939310 0.342604
vt 0.939310 0.183297
vt 0.999050 0.183297
vt 0.999050 0.342604
vt 0.939310 0.342604
vt 0.939310 0.183297
vt 0.985655 0.179437
vt 0.939081 0.179437
vt 0.939081 0.132863
vt 0.979692 0.781451
vt -0.000781 0.781451
vt -0.000781 0.844034
vt 0.145247 0.718868
vt 0.145247 0.656284
vt -0.000781 0.656284
vt 0.979692 0.781451
vt 0.979692 0.718868
vt -0.000781 0.718868
vt 0.302823 0.718868
vt 0.302823 0.656284
vt 0.156795 0.656284
vt 1.000000 1.000000
vt 1.000000 0.851064
vt 0.000000 0.851064
vt 0.998987 0.652658
vt 0.998987 0.504118
vt 0.001647 0.504118
vt 0.000000 0.048121
vt 0.000000 0.062150
vt 0.905875 0.062150
vt 0.000000 0.048121
vt 0.905875 0.048121
vt 0.905875 0.034093
vt 0.000200 0.219937
vt 0.000200 0.259595
vt 0.906075 0.259595
vt -0.000122 0.210448
vt 0.905753 0.210448
vt 0.905753 0.156096
vt 0.000000 0.121202
vt 0.905875 0.121202
vt 0.905875 0.093759
vt 0.000000 0.025761
vt 0.905875 0.025761
vt 0.905875 0.012881
vt 0.000512 0.330358
vt 0.906387 0.330358
vt 0.906387 0.321630
vt 0.906075 0.296828
vt 0.000200 0.296828
vt 0.000200 0.312903
vt 0.000000 0.089593
vt 0.905875 0.089593
vt 0.905875 0.062150
vt 0.000000 0.012881
vt 0.905875 0.012881
vt 0.905875 0.000000
vt 0.000512 0.321630
vt 0.906387 0.321630
vt 0.906387 0.312903
vt 0.906075 0.281378
vt 0.000200 0.281378
vt 0.000200 0.297453
vt 0.000000 0.048121
vt 0.905875 0.048121
vt 0.905875 0.062150
vt 0.000000 0.034093
vt 0.905875 0.034093
vt 0.905875 0.048121
vt 0.000200 0.219937
vt 0.906075 0.219937
vt 0.906075 0.259595
vt -0.000122 0.210448
vt -0.000122 0.156096
vt 0.905753 0.156096
vt 0.000000 0.121202
vt 0.000000 0.093759
vt 0.905875 0.093759
vt 0.000000 0.025761
vt 0.000000 0.012881
vt 0.905875 0.012881
vt 0.000512 0.330358
vt 0.000512 0.321630
vt 0.906387 0.321630
vt 0.906075 0.296828
vt 0.906075 0.312903
vt 0.000200 0.312903
vt 0.000000 0.089593
vt 0.000000 0.062150
vt 0.905875 0.062150
vt 0.000000 0.012881
vt 0.000000 0.000000
vt 0.905875 0.000000
vt 0.000512 0.321630
vt 0.000512 0.312903
vt 0.906387 0.312903
vt 0.906075 0.281378
vt 0.906075 0.297453
vt 0.000200 0.297453
vt 0.999050 0.342604
vt 0.999050 0.183297
vt 0.939310 0.183297
vt 0.999050 0.342604
vt 0.999050 0.183297
vt 0.939310 0.183297
vt 0.999050 0.183297
vt 0.939310 0.183297
vt 0.939310 0.342604
vt 0.999050 0.342604
vt 0.999050 0.183297
vt 0.939310 0.183297
vt 0.985655 0.179437
vt 0.985655 0.132863
vt 0.939081 0.132863
vt 0.999050 0.342604
vt 0.939310 0.342604
vt 0.939310 0.183297
vt 0.999050 0.342604
vt 0.939310 0.342604
vt 0.939310 0.183297
vt 0.939310 0.342604
vt 0.939310 0.183297
vt 0.999050 0.183297
vt 0.999050 0.342604
vt 0.939310 0.342604
vt 0.939310 0.183297
vt 0.985655 0.179437
vt 0.939081 0.179437
vt 0.939081 0.132863
vt 0.979692 0.781451
vt -0.000781 0.781451
vt -0.000781 0.844034
vt 0.145247 0.718868
vt 0.145247 0.656284
vt -0.000781 0.656284
vt 0.979692 0.781451
vt 0.979692 0.718868
vt -0.000781 0.718868
vt 0.302823 0.718868
vt 0.302823 0.656284
vt 0.156795 0.656284
vt 1.000000 1.000000
vt 1.000000 0.851064
vt 0.000000 0.851064
vt 0.998987 0.652658
vt 0.998987 0.504118
vt 0.001647 0.504118
vt 0.999050 0.342604
vt 0.999050 0.183297
vt 0.939310 0.183297
vt 0.999050 0.342604
vt 0.999050 0.183297
vt 0.939310 0.183297
vt 0.999050 0.183297
vt 0.939310 0.183297
vt 0.939310 0.342604
vt 0.999050 0.342604
vt 0.999050 0.183297
vt 0.939310 0.183297
vt 0.985655 0.179437
vt 0.985655 0.132863
vt 0.939081 0.132863
vt 0.999050 0.342604
vt 0.939310 0.342604
vt 0.939310 0.183297
vt 0.999050 0.342604
vt 0.939310 0.342604
vt 0.939310 0.183297
vt 0.939310 0.342604
vt 0.939310 0.183297
vt 0.999050 0.183297
vt 0.999050 0.342604
vt 0.939310 0.342604
vt 0.939310 0.183297
vt 0.985655 0.179437
vt 0.939081 0.179437
vt 0.939081 0.132863
vt 0.979692 0.781451
vt -0.000781 0.781451
vt -0.000781 0.844034
vt 0.145247 0.718868
vt 0.145247 0.656284
vt -0.000781 0.656284
vt 0.979692 0.781451
vt 0.979692 0.718868
vt -0.000781 0.718868
vt 0.302823 0.718868
vt 0.302823 0.656284
vt 0.156795 0.656284
vt 1.000000 1.000000
vt 1.000000 0.851064
vt 0.000000 0.851064
vt 0.998987 0.652658
vt 0.998987 0.504118
vt 0.001647 0.504118
vt 0.999050 0.342604
vt 0.999050 0.183297
vt 0.939310 0.183297
vt 0.999050 0.342604
vt 0.999050 0.183297
vt 0.939310 0.183297
vt 0.999050 0.183297
vt 0.939310 0.183297
vt 0.939310 0.342604
vt 0.999050 0.342604
vt 0.999050 0.183297
vt 0.939310 0.183297
vt 0.985655 0.179437
vt 0.985655 0.132863
vt 0.939081 0.132863
vt 0.999050 0.342604
vt 0.939310 0.342604
vt 0.939310 0.183297
vt 0.999050 0.342604
vt 0.939310 0.342604
vt 0.939310 0.183297
vt 0.939310 0.342604
vt 0.939310 0.183297
vt 0.999050 0.183297
vt 0.999050 0.342604
vt 0.939310 0.342604
vt 0.939310 0.183297
vt 0.985655 0.179437
vt 0.939081 0.179437
vt 0.939081 0.132863
vt 0.979692 0.781451
vt -0.000781 0.781451
vt -0.000781 0.844034
vt 0.145247 0.718868
vt 0.145247 0.656284
vt -0.000781 0.656284
vt 0.979692 0.781451
vt 0.979692 0.718868
vt -0.000781 0.718868
vt 0.302823 0.718868
vt 0.302823 0.656284
vt 0.156795 0.656284
vt 1.000000 1.000000
vt 1.000000 0.851064
vt 0.000000 0.851064
vt 0.998987 0.652658
vt 0.998987 0.504118
vt 0.001647 0.504118
vt 0.999050 0.342604
vt 0.999050 0.183297
vt 0.939310 0.183297
vt 0.999050 0.342604
vt 0.999050 0.183297
vt 0.939310 0.183297
vt 0.999050 0.183297
vt 0.939310 0.183297
vt 0.939310 0.342604
vt 0.999050 0.342604
vt 0.999050 0.183297
vt 0.939310 0.183297
vt 0.985655 0.179437
vt 0.985655 0.132863
vt 0.939081 0.132863
vt 0.999050 0.342604
vt 0.939310 0.342604
vt 0.939310 0.183297
vt 0.999050 0.342604
vt 0.939310 0.342604
vt 0.939310 0.183297
vt 0.939310 0.342604
vt 0.939310 0.183297
vt 0.999050 0.183297
vt 0.999050 0.342604
vt 0.939310 0.342604
vt 0.939310 0.183297
vt 0.985655 0.179437
vt 0.939081 0.179437
vt 0.939081 0.132863
vt 0.979692 0.781451
vt -0.000781 0.781451
vt -0.000781 0.844034
vt 0.145247 0.718868
vt 0.145247 0.656284
vt -0.000781 0.656284
vt 0.979692 0.781451
vt 0.979692 0.718868
vt -0.000781 0.718868
vt 0.302823 0.718868
vt 0.302823 0.656284
vt 0.156795 0.656284
vt 1.000000 1.000000
vt 1.000000 0.851064
vt 0.000000 0.851064
vt 0.998987 0.652658
vt 0.998987 0.504118
vt 0.001647 0.504118
vt 0.989577 0.077516
vt 0.980410 0.077516
vt 0.989577 0.091045
vt 0.000000 0.062150
vt 0.905875 0.062150
vt 0.905875 0.048121
vt 0.000000 0.034093
vt 0.000000 0.048121
vt 0.905875 0.048121
vt 0.000200 0.219937
vt 0.000200 0.259595
vt 0.906075 0.259595
vt -0.000122 0.210448
vt 0.905753 0.210448
vt 0.905753 0.156096
vt 0.000000 0.121202
vt 0.905875 0.121202
vt 0.905875 0.093759
vt 0.000000 0.025761
vt 0.905875 0.025761
vt 0.905875 0.012881
vt 0.000512 0.330358
vt 0.906387 0.330358
vt 0.906387 0.321630
vt 0.906075 0.296828
vt 0.000200 0.296828
vt 0.000200 0.312903
vt 0.000000 0.089593
vt 0.905875 0.089593
vt 0.905875 0.062150
vt 0.000000 0.012881
vt 0.905875 0.012881
vt 0.905875 0.000000
vt 0.000512 0.321630
vt 0.906387 0.321630
vt 0.906387 0.312903
vt 0.906075 0.281378
vt 0.000200 0.281378
vt 0.000200 0.297453
vt 0.980871 0.078111
vt 0.990402 0.092176
vt 0.990402 0.078111
vt 0.000000 0.048121
vt 0.905875 0.048121
vt 0.905875 0.062150
vt 0.000000 0.034093
vt 0.905875 0.034093
vt 0.905875 0.048121
vt 0.000200 0.219937
vt 0.906075 0.219937
vt 0.906075 0.259595
vt -0.000122 0.156096
vt 0.905753 0.156096
vt 0.905753 0.210448
vt 0.000000 0.121202
vt 0.000000 0.093759
vt 0.905875 0.093759
vt 0.000000 0.025761
vt 0.000000 0.012881
vt 0.905875 0.012881
vt 0.000512 0.330358
vt 0.000512 0.321630
vt 0.906387 0.321630
vt 0.906075 0.296828
vt 0.906075 0.312903
vt 0.000200 0.312903
vt 0.000000 0.089593
vt 0.000000 0.062150
vt 0.905875 0.062150
vt 0.000000 0.012881
vt 0.000000 0.000000
vt 0.905875 0.000000
vt 0.000512 0.321630
vt 0.000512 0.312903
vt 0.906387 0.312903
vt 0.906075 0.281378
vt 0.906075 0.297453
vt 0.000200 0.297453
vt 0.999050 0.342604
vt 0.999050 0.183297
vt 0.939310 0.183297
vt 0.999050 0.342604
vt 0.999050 0.183297
vt 0.939310 0.183297
vt 0.999050 0.183297
vt 0.939310 0.183297
vt 0.939310 0.342604
vt 0.999050 0.342604
vt 0.999050 0.183297
vt 0.939310 0.183297
vt 0.985655 0.179437
vt 0.985655 0.132863
vt 0.939081 0.132863
vt 0.999050 0.342604
vt 0.939310 0.342604
vt 0.939310 0.183297
vt 0.999050 0.342604
vt 0.939310 0.342604
vt 0.939310 0.183297
vt 0.939310 0.342604
vt 0.939310 0.183297
vt 0.999050 0.183297
vt 0.999050 0.342604
vt 0.939310 0.342604
vt 0.939310 0.183297
vt 0.985655 0.179437
vt 0.939081 0.179437
vt 0.939081 0.132863
vt 0.979692 0.781451
vt -0.000781 0.781451
vt -0.000781 0.844034
vt 0.145247 0.718868
vt 0.145247 0.656284
vt -0.000781 0.656284
vt 0.979692 0.781451
vt 0.979692 0.718868
vt -0.000781 0.718868
vt 0.302823 0.718868
vt 0.302823 0.656284
vt 0.156795 0.656284
vt 1.000000 1.000000
vt 1.000000 0.851064
vt 0.000000 0.851064
vt 0.998987 0.652658
vt 0.998987 0.504118
vt 0.001647 0.504118
vt 0.906387 0.321630
vt 0.905875 0.012881
vt 0.000000 0.000000
vt 0.000200 0.281378
vt 0.956520 0.078248
vt 0.990594 0.078248
vt 0.990594 0.092438
vt 0.946906 0.092438
vt 0.946906 0.078248
vt 0.957089 0.077516
vt 0.947923 0.091045
vt 0.947923 0.077516
vt 0.980410 0.048690
vt 0.957089 0.048690
vt 0.997294 0.048690
vt 0.997294 0.033955
vt 0.940205 0.033955
vt 0.940205 0.048690
vt 0.956626 0.078111
vt 0.947096 0.092177
vt 0.947096 0.078111
vt 0.980871 0.048142
vt 0.956626 0.048142
vt 0.998425 0.048142
vt 0.998425 0.032823
vt 0.939072 0.032823
vt 0.939072 0.048142
vt 0.939955 0.033705
vt 0.939955 0.048569
vt 0.956987 0.048569
vt 0.980513 0.048569
vt 0.980512 0.077647
vt 0.997545 0.048569
vt 0.997545 0.033705
vt 0.000000 0.062150
vt 0.905875 0.062150
vt 0.905875 0.048121
vt 0.000000 0.034093
vt 0.000000 0.048121
vt 0.452938 0.048121
vt 0.000200 0.219937
vt 0.000200 0.259595
vt 0.453137 0.259595
vt -0.000122 0.210448
vt 0.905753 0.210448
vt 0.905753 0.156096
vt 0.000000 0.121202
vt 0.452938 0.121202
vt 0.905875 0.093759
vt 0.452938 0.025761
vt 0.905875 0.012881
vt 0.000000 0.012881
vt 0.000512 0.330358
vt 0.906387 0.330358
vt 0.906387 0.321630
vt 0.000200 0.296828
vt 0.000200 0.312903
vt 0.453137 0.312903
vt 0.000000 0.089593
vt 0.905875 0.089593
vt 0.905875 0.062150
vt 0.000000 0.012881
vt 0.905875 0.012881
vt 0.905875 0.000000
vt 0.000512 0.321630
vt 0.906387 0.321630
vt 0.906387 0.312903
vt 0.000200 0.281378
vt 0.000200 0.297453
vt 0.453137 0.297453
vt 0.939004 0.032752
vt 0.939004 0.048106
vt 0.956599 0.048107
vt 0.980901 0.048106
vt 0.980901 0.078145
vt 0.998496 0.048106
vt 0.998496 0.032752
vt 0.000000 0.048121
vt 0.905875 0.048121
vt 0.905875 0.062150
vt 0.000000 0.034093
vt 0.452938 0.034093
vt 0.905875 0.048121
vt 0.453137 0.219937
vt 0.906075 0.259595
vt 0.000200 0.259595
vt -0.000122 0.156096
vt 0.905753 0.156096
vt 0.905753 0.210448
vt 0.000000 0.121202
vt 0.000000 0.093759
vt 0.452938 0.093759
vt 0.000000 0.025761
vt 0.000000 0.012881
vt 0.452938 0.012881
vt 0.000512 0.321630
vt 0.906387 0.321630
vt 0.906387 0.330358
vt 0.453137 0.296828
vt 0.906075 0.312903
vt 0.000200 0.312903
vt 0.452938 0.089593
vt 0.000000 0.062150
vt 0.905875 0.062150
vt 0.452938 0.012881
vt 0.000000 0.000000
vt 0.905875 0.000000
vt 0.000512 0.312903
vt 0.906387 0.312903
vt 0.906387 0.321630
vt 0.453137 0.281378
vt 0.906075 0.297453
vt 0.000200 0.297453
vt 0.999050 0.342604
vt 0.999050 0.183297
vt 0.939310 0.183297
vt 0.999050 0.342604
vt 0.999050 0.183297
vt 0.969180 0.183297
vt 0.999050 0.342604
vt 0.999050 0.183297
vt 0.939310 0.183297
vt 0.969180 0.342604
vt 0.999050 0.183297
vt 0.939310 0.183297
vt 0.985655 0.156150
vt 0.939081 0.132863
vt 0.939081 0.179437
vt 0.939310 0.342604
vt 0.939310 0.183297
vt 0.999050 0.183297
vt 0.999050 0.342604
vt 0.969180 0.342604
vt 0.939310 0.183297
vt 0.999050 0.342604
vt 0.939310 0.342604
vt 0.939310 0.183297
vt 0.999050 0.342604
vt 0.939310 0.342604
vt 0.939310 0.183297
vt 0.985655 0.179437
vt 0.939081 0.179437
vt 0.939081 0.156150
vt 0.979692 0.844034
vt 0.979692 0.781451
vt -0.000781 0.781451
vt 0.145247 0.718868
vt 0.145247 0.656284
vt 0.072233 0.656284
vt 0.979692 0.781451
vt 0.979692 0.718868
vt -0.000781 0.718868
vt 0.229809 0.718868
vt 0.302823 0.656284
vt 0.156795 0.656284
vt 1.000000 0.925532
vt 0.000000 0.851064
vt 0.000000 1.000000
vt 0.998987 0.652658
vt 0.998987 0.504118
vt 0.001647 0.504118
vt 0.999050 0.183297
vt 0.939310 0.183297
vt 0.939310 0.342604
vt 0.999050 0.342604
vt 0.999050 0.183297
vt 0.939310 0.183297
vt 0.999050 0.183297
vt 0.939310 0.183297
vt 0.939310 0.342604
vt 0.999050 0.183297
vt 0.939310 0.183297
vt 0.939310 0.342604
vt 0.985655 0.132863
vt 0.939081 0.132863
vt 0.939081 0.179437
vt 0.999050 0.342604
vt 0.939310 0.342604
vt 0.939310 0.183297
vt 0.939310 0.342604
vt 0.939310 0.183297
vt 0.999050 0.183297
vt 0.999050 0.342604
vt 0.939310 0.342604
vt 0.939310 0.183297
vt 0.939310 0.342604
vt 0.939310 0.183297
vt 0.999050 0.183297
vt 0.985655 0.179437
vt 0.939081 0.179437
vt 0.939081 0.132863
vt 0.979692 0.844034
vt 0.979692 0.781451
vt -0.000781 0.781451
vt 0.145247 0.718868
vt 0.145247 0.656284
vt -0.000781 0.656284
vt 0.979692 0.781451
vt 0.979692 0.718868
vt -0.000781 0.718868
vt 0.302823 0.718868
vt 0.302823 0.656284
vt 0.156795 0.656284
vt 1.000000 0.851064
vt 0.000000 0.851064
vt 0.000000 1.000000
vt 0.998987 0.652658
vt 0.998987 0.504118
vt 0.001647 0.504118
vt 0.000000 0.048121
vt 0.000000 0.062150
vt 0.905875 0.062150
vt 0.000000 0.034093
vt 0.000000 0.048121
vt 0.905875 0.048121
vt 0.000200 0.219937
vt 0.000200 0.259595
vt 0.906075 0.259595
vt -0.000122 0.210448
vt 0.905753 0.210448
vt 0.905753 0.156096
vt 0.000000 0.121202
vt 0.905875 0.121202
vt 0.905875 0.093759
vt 0.000000 0.025761
vt 0.905875 0.025761
vt 0.905875 0.012881
vt 0.000512 0.330358
vt 0.906387 0.330358
vt 0.906387 0.321630
vt 0.000200 0.296828
vt 0.000200 0.312903
vt 0.906075 0.312903
vt 0.000000 0.089593
vt 0.905875 0.089593
vt 0.905875 0.062150
vt 0.000000 0.012881
vt 0.905875 0.012881
vt 0.905875 0.000000
vt 0.000512 0.321630
vt 0.906387 0.321630
vt 0.906387 0.312903
vt 0.000200 0.281378
vt 0.000200 0.297453
vt 0.906075 0.297453
vt 0.000000 0.048121
vt 0.905875 0.048121
vt 0.905875 0.062150
vt 0.000000 0.034093
vt 0.905875 0.034093
vt 0.905875 0.048121
vt 0.906075 0.219937
vt 0.906075 0.259595
vt 0.000200 0.259595
vt -0.000122 0.156096
vt 0.905753 0.156096
vt 0.905753 0.210448
vt 0.000000 0.121202
vt 0.000000 0.093759
vt 0.905875 0.093759
vt 0.000000 0.025761
vt 0.000000 0.012881
vt 0.905875 0.012881
vt 0.000512 0.321630
vt 0.906387 0.321630
vt 0.906387 0.330358
vt 0.906075 0.296828
vt 0.906075 0.312903
vt 0.000200 0.312903
vt 0.000000 0.089593
vt 0.000000 0.062150
vt 0.905875 0.062150
vt 0.000000 0.012881
vt 0.000000 0.000000
vt 0.905875 0.000000
vt 0.000512 0.312903
vt 0.906387 0.312903
vt 0.906387 0.321630
vt 0.906075 0.281378
vt 0.906075 0.297453
vt 0.000200 0.297453
vt 0.999050 0.342604
vt 0.999050 0.183297
vt 0.939310 0.183297
vt 0.999050 0.342604
vt 0.999050 0.183297
vt 0.939310 0.183297
vt 0.999050 0.183297
vt 0.939310 0.183297
vt 0.939310 0.342604
vt 0.999050 0.183297
vt 0.939310 0.183297
vt 0.939310 0.342604
vt 0.985655 0.132863
vt 0.939081 0.132863
vt 0.939081 0.179437
vt 0.999050 0.342604
vt 0.939310 0.342604
vt 0.939310 0.183297
vt 0.939310 0.342604
vt 0.939310 0.183297
vt 0.999050 0.183297
vt 0.999050 0.342604
vt 0.939310 0.342604
vt 0.939310 0.183297
vt 0.999050 0.342604
vt 0.939310 0.342604
vt 0.939310 0.183297
vt 0.985655 0.179437
vt 0.939081 0.179437
vt 0.939081 0.132863
vt 0.979692 0.844034
vt 0.979692 0.781451
vt -0.000781 0.781451
vt 0.145247 0.718868
vt 0.145247 0.656284
vt -0.000781 0.656284
vt 0.979692 0.781451
vt 0.979692 0.718868
vt -0.000781 0.718868
vt 0.302823 0.656284
vt 0.156795 0.656284
vt 0.156795 0.718868
vt 1.000000 0.851064
vt 0.000000 0.851064
vt 0.000000 1.000000
vt 0.998987 0.652658
vt 0.998987 0.504118
vt 0.001647 0.504118
vt 0.999050 0.342604
vt 0.999050 0.183297
vt 0.939310 0.183297
vt 0.999050 0.342604
vt 0.999050 0.183297
vt 0.939310 0.183297
vt 0.999050 0.342604
vt 0.999050 0.183297
vt 0.939310 0.183297
vt 0.999050 0.183297
vt 0.939310 0.183297
vt 0.939310 0.342604
vt 0.985655 0.132863
vt 0.939081 0.132863
vt 0.939081 0.179437
vt 0.999050 0.342604
vt 0.939310 0.342604
vt 0.939310 0.183297
vt 0.999050 0.342604
vt 0.939310 0.342604
vt 0.939310 0.183297
vt 0.999050 0.342604
vt 0.939310 0.342604
vt 0.939310 0.183297
vt 0.939310 0.342604
vt 0.939310 0.183297
vt 0.999050 0.183297
vt 0.985655 0.179437
vt 0.939081 0.179437
vt 0.939081 0.132863
vt 0.979692 0.844034
vt 0.979692 0.781451
vt -0.000781 0.781451
vt 0.145247 0.656284
vt -0.000781 0.656284
vt -0.000781 0.718868
vt 0.979692 0.781451
vt 0.979692 0.718868
vt -0.000781 0.718868
vt 0.302823 0.656284
vt 0.156795 0.656284
vt 0.156795 0.718868
vt 1.000000 0.851064
vt 0.000000 0.851064
vt 0.000000 1.000000
vt 0.998987 0.652658
vt 0.998987 0.504118
vt 0.001647 0.504118
vt 0.000000 0.048121
vt 0.000000 0.062150
vt 0.905875 0.062150
vt 0.000000 0.034093
vt 0.000000 0.048121
vt 0.905875 0.048121
vt 0.000200 0.259595
vt 0.906075 0.259595
vt 0.906075 0.219937
vt 0.905753 0.210448
vt 0.905753 0.156096
vt -0.000122 0.156096
vt 0.000000 0.121202
vt 0.905875 0.121202
vt 0.905875 0.093759
vt 0.000000 0.025761
vt 0.905875 0.025761
vt 0.905875 0.012881
vt 0.906387 0.330358
vt 0.906387 0.321630
vt 0.000512 0.321630
vt 0.906075 0.296828
vt 0.000200 0.296828
vt 0.000200 0.312903
vt 0.000000 0.089593
vt 0.905875 0.089593
vt 0.905875 0.062150
vt 0.000000 0.012881
vt 0.905875 0.012881
vt 0.905875 0.000000
vt 0.906387 0.321630
vt 0.906387 0.312903
vt 0.000512 0.312903
vt 0.906075 0.281378
vt 0.000200 0.281378
vt 0.000200 0.297453
vt 0.905875 0.048121
vt 0.905875 0.062150
vt 0.000000 0.062150
vt 0.000000 0.034093
vt 0.905875 0.034093
vt 0.905875 0.048121
vt 0.000200 0.219937
vt 0.906075 0.219937
vt 0.906075 0.259595
vt -0.000122 0.210448
vt -0.000122 0.156096
vt 0.905753 0.156096
vt 0.000000 0.121202
vt 0.000000 0.093759
vt 0.905875 0.093759
vt 0.000000 0.025761
vt 0.000000 0.012881
vt 0.905875 0.012881
vt 0.000512 0.330358
vt 0.000512 0.321630
vt 0.906387 0.321630
vt 0.906075 0.312903
vt 0.000200 0.312903
vt 0.000200 0.296828
vt 0.000000 0.089593
vt 0.000000 0.062150
vt 0.905875 0.062150
vt 0.000000 0.012881
vt 0.000000 0.000000
vt 0.905875 0.000000
vt 0.000512 0.321630
vt 0.000512 0.312903
vt 0.906387 0.312903
vt 0.906075 0.297453
vt 0.000200 0.297453
vt 0.000200 0.281378
vt 0.999050 0.183297
vt 0.939310 0.183297
vt 0.939310 0.342604
vt 0.999050 0.183297
vt 0.939310 0.183297
vt 0.939310 0.342604
vt 0.999050 0.342604
vt 0.999050 0.183297
vt 0.939310 0.183297
vt 0.999050 0.342604
vt 0.999050 0.183297
vt 0.939310 0.183297
vt 0.985655 0.179437
vt 0.985655 0.132863
vt 0.939081 0.132863
vt 0.999050 0.342604
vt 0.939310 0.342604
vt 0.939310 0.183297
vt 0.999050 0.342604
vt 0.939310 0.342604
vt 0.939310 0.183297
vt 0.999050 0.342604
vt 0.939310 0.342604
vt 0.939310 0.183297
vt 0.999050 0.342604
vt 0.939310 0.342604
vt 0.939310 0.183297
vt 0.939081 0.179437
vt 0.939081 0.132863
vt 0.985655 0.132863
vt 0.979692 0.781451
vt -0.000781 0.781451
vt -0.000781 0.844034
vt 0.145247 0.718868
vt 0.145247 0.656284
vt -0.000781 0.656284
vt 0.979692 0.781451
vt 0.979692 0.718868
vt -0.000781 0.718868
vt 0.302823 0.718868
vt 0.302823 0.656284
vt 0.156795 0.656284
vt 1.000000 1.000000
vt 1.000000 0.851064
vt 0.000000 0.851064
vt 0.998987 0.504118
vt 0.001647 0.504118
vt 0.001647 0.652658
vt 0.999050 0.342604
vt 0.999050 0.183297
vt 0.939310 0.183297
vt 0.999050 0.342604
vt 0.999050 0.183297
vt 0.939310 0.183297
vt 0.999050 0.342604
vt 0.999050 0.183297
vt 0.939310 0.183297
vt 0.999050 0.183297
vt 0.939310 0.183297
vt 0.939310 0.342604
vt 0.985655 0.179437
vt 0.985655 0.132863
vt 0.939081 0.132863
vt 0.999050 0.342604
vt 0.939310 0.342604
vt 0.939310 0.183297
vt 0.999050 0.342604
vt 0.939310 0.342604
vt 0.939310 0.183297
vt 0.999050 0.342604
vt 0.939310 0.342604
vt 0.939310 0.183297
vt 0.939310 0.342604
vt 0.939310 0.183297
vt 0.999050 0.183297
vt 0.939081 0.179437
vt 0.939081 0.132863
vt 0.985655 0.132863
vt 0.979692 0.844034
vt 0.979692 0.781451
vt -0.000781 0.781451
vt 0.145247 0.718868
vt 0.145247 0.656284
vt -0.000781 0.656284
vt 0.979692 0.781451
vt 0.979692 0.718868
vt -0.000781 0.718868
vt 0.302823 0.718868
vt 0.302823 0.656284
vt 0.156795 0.656284
vt 1.000000 1.000000
vt 1.000000 0.851064
vt 0.000000 0.851064
vt 0.998987 0.504118
vt 0.001647 0.504118
vt 0.001647 0.652658
vt 0.000000 0.048121
vt 0.000000 0.062150
vt 0.905875 0.062150
vt 0.000000 0.034093
vt 0.000000 0.048121
vt 0.905875 0.048121
vt 0.000200 0.219937
vt 0.000200 0.259595
vt 0.906075 0.259595
vt -0.000122 0.210448
vt 0.905753 0.210448
vt 0.905753 0.156096
vt 0.000000 0.121202
vt 0.905875 0.121202
vt 0.905875 0.093759
vt 0.000000 0.025761
vt 0.905875 0.025761
vt 0.905875 0.012881
vt 0.000512 0.330358
vt 0.906387 0.330358
vt 0.906387 0.321630
vt 0.000200 0.296828
vt 0.000200 0.312903
vt 0.906075 0.312903
vt 0.000000 0.089593
vt 0.905875 0.089593
vt 0.905875 0.062150
vt 0.000000 0.012881
vt 0.905875 0.012881
vt 0.905875 0.000000
vt 0.000512 0.321630
vt 0.906387 0.321630
vt 0.906387 0.312903
vt 0.000200 0.281378
vt 0.000200 0.297453
vt 0.906075 0.297453
vt 0.000000 0.048121
vt 0.905875 0.048121
vt 0.905875 0.062150
vt 0.000000 0.034093
vt 0.905875 0.034093
vt 0.905875 0.048121
vt 0.906075 0.219937
vt 0.906075 0.259595
vt 0.000200 0.259595
vt -0.000122 0.156096
vt 0.905753 0.156096
vt 0.905753 0.210448
vt 0.000000 0.121202
vt 0.000000 0.093759
vt 0.905875 0.093759
vt 0.000000 0.025761
vt 0.000000 0.012881
vt 0.905875 0.012881
vt 0.000512 0.321630
vt 0.906387 0.321630
vt 0.906387 0.330358
vt 0.906075 0.296828
vt 0.906075 0.312903
vt 0.000200 0.312903
vt 0.000000 0.089593
vt 0.000000 0.062150
vt 0.905875 0.062150
vt 0.000000 0.012881
vt 0.000000 0.000000
vt 0.905875 0.000000
vt 0.000512 0.312903
vt 0.906387 0.312903
vt 0.906387 0.321630
vt 0.906075 0.281378
vt 0.906075 0.297453
vt 0.000200 0.297453
vt 0.999050 0.342604
vt 0.999050 0.183297
vt 0.939310 0.183297
vt 0.999050 0.183297
vt 0.939310 0.183297
vt 0.939310 0.342604
vt 0.999050 0.342604
vt 0.999050 0.183297
vt 0.939310 0.183297
vt 0.999050 0.342604
vt 0.999050 0.183297
vt 0.939310 0.183297
vt 0.985655 0.132863
vt 0.939081 0.132863
vt 0.939081 0.179437
vt 0.939310 0.342604
vt 0.939310 0.183297
vt 0.999050 0.183297
vt 0.999050 0.342604
vt 0.939310 0.342604
vt 0.939310 0.183297
vt 0.999050 0.342604
vt 0.939310 0.342604
vt 0.939310 0.183297
vt 0.939310 0.342604
vt 0.939310 0.183297
vt 0.999050 0.183297
vt 0.985655 0.179437
vt 0.939081 0.179437
vt 0.939081 0.132863
vt 0.979692 0.844034
vt 0.979692 0.781451
vt -0.000781 0.781451
vt 0.145247 0.656284
vt -0.000781 0.656284
vt -0.000781 0.718868
vt 0.979692 0.781451
vt 0.979692 0.718868
vt -0.000781 0.718868
vt 0.302823 0.718868
vt 0.302823 0.656284
vt 0.156795 0.656284
vt 1.000000 0.851064
vt 0.000000 0.851064
vt 0.000000 1.000000
vt 0.998987 0.652658
vt 0.998987 0.504118
vt 0.001647 0.504118
vt 0.999050 0.342604
vt 0.999050 0.183297
vt 0.939310 0.183297
vt 0.999050 0.183297
vt 0.939310 0.183297
vt 0.939310 0.342604
vt 0.999050 0.342604
vt 0.999050 0.183297
vt 0.939310 0.183297
vt 0.999050 0.342604
vt 0.999050 0.183297
vt 0.939310 0.183297
vt 0.985655 0.132863
vt 0.939081 0.132863
vt 0.939081 0.179437
vt 0.999050 0.342604
vt 0.939310 0.342604
vt 0.939310 0.183297
vt 0.939310 0.342604
vt 0.939310 0.183297
vt 0.999050 0.183297
vt 0.999050 0.342604
vt 0.939310 0.342604
vt 0.939310 0.183297
vt 0.939310 0.342604
vt 0.939310 0.183297
vt 0.999050 0.183297
vt 0.985655 0.179437
vt 0.939081 0.179437
vt 0.939081 0.132863
vt 0.979692 0.844034
vt 0.979692 0.781451
vt -0.000781 0.781451
vt 0.145247 0.718868
vt 0.145247 0.656284
vt -0.000781 0.656284
vt 0.979692 0.781451
vt 0.979692 0.718868
vt -0.000781 0.718868
vt 0.302823 0.718868
vt 0.302823 0.656284
vt 0.156795 0.656284
vt 1.000000 0.851064
vt 0.000000 0.851064
vt 0.000000 1.000000
vt 0.998987 0.652658
vt 0.998987 0.504118
vt 0.001647 0.504118
vt 0.000000 0.048121
vt 0.000000 0.062150
vt 0.905875 0.062150
vt 0.000000 0.034093
vt 0.000000 0.048121
vt 0.905875 0.048121
vt 0.000200 0.259595
vt 0.906075 0.259595
vt 0.906075 0.219937
vt 0.905753 0.210448
vt 0.905753 0.156096
vt -0.000122 0.156096
vt 0.000000 0.121202
vt 0.905875 0.121202
vt 0.905875 0.093759
vt 0.000000 0.025761
vt 0.905875 0.025761
vt 0.905875 0.012881
vt 0.906387 0.330358
vt 0.906387 0.321630
vt 0.000512 0.321630
vt 0.906075 0.296828
vt 0.000200 0.296828
vt 0.000200 0.312903
vt 0.000000 0.089593
vt 0.905875 0.089593
vt 0.905875 0.062150
vt 0.000000 0.012881
vt 0.905875 0.012881
vt 0.905875 0.000000
vt 0.906387 0.321630
vt 0.906387 0.312903
vt 0.000512 0.312903
vt 0.906075 0.281378
vt 0.000200 0.281378
vt 0.000200 0.297453
vt 0.000000 0.048121
vt 0.905875 0.048121
vt 0.905875 0.062150
vt 0.000000 0.034093
vt 0.905875 0.034093
vt 0.905875 0.048121
vt 0.000200 0.219937
vt 0.906075 0.219937
vt 0.906075 0.259595
vt -0.000122 0.210448
vt -0.000122 0.156096
vt 0.905753 0.156096
vt 0.000000 0.121202
vt 0.000000 0.093759
vt 0.905875 0.093759
vt 0.000000 0.025761
vt 0.000000 0.012881
vt 0.905875 0.012881
vt 0.000512 0.330358
vt 0.000512 0.321630
vt 0.906387 0.321630
vt 0.906075 0.312903
vt 0.000200 0.312903
vt 0.000200 0.296828
vt 0.000000 0.089593
vt 0.000000 0.062150
vt 0.905875 0.062150
vt 0.000000 0.000000
vt 0.905875 0.000000
vt 0.905875 0.012881
vt 0.000512 0.321630
vt 0.000512 0.312903
vt 0.906387 0.312903
vt 0.906075 0.297453
vt 0.000200 0.297453
vt 0.000200 0.281378
vt 0.999050 0.342604
vt 0.999050 0.183297
vt 0.939310 0.183297
vt 0.999050 0.183297
vt 0.939310 0.183297
vt 0.939310 0.342604
vt 0.999050 0.342604
vt 0.999050 0.183297
vt 0.939310 0.183297
vt 0.999050 0.342604
vt 0.999050 0.183297
vt 0.939310 0.183297
vt 0.985655 0.179437
vt 0.985655 0.132863
vt 0.939081 0.132863
vt 0.999050 0.342604
vt 0.939310 0.342604
vt 0.939310 0.183297
vt 0.999050 0.342604
vt 0.939310 0.342604
vt 0.939310 0.183297
vt 0.939310 0.342604
vt 0.939310 0.183297
vt 0.999050 0.183297
vt 0.999050 0.342604
vt 0.939310 0.342604
vt 0.939310 0.183297
vt 0.939081 0.179437
vt 0.939081 0.132863
vt 0.985655 0.132863
vt 0.979692 0.844034
vt 0.979692 0.781451
vt -0.000781 0.781451
vt 0.145247 0.718868
vt 0.145247 0.656284
vt -0.000781 0.656284
vt 0.979692 0.781451
vt 0.979692 0.718868
vt -0.000781 0.718868
vt 0.302823 0.718868
vt 0.302823 0.656284
vt 0.156795 0.656284
vt 1.000000 1.000000
vt 1.000000 0.851064
vt 0.000000 0.851064
vt 0.998987 0.504118
vt 0.001647 0.504118
vt 0.001647 0.652658
vt 0.999050 0.342604
vt 0.999050 0.183297
vt 0.939310 0.183297
vt 0.999050 0.342604
vt 0.999050 0.183297
vt 0.939310 0.183297
vt 0.999050 0.183297
vt 0.939310 0.183297
vt 0.939310 0.342604
vt 0.999050 0.183297
vt 0.939310 0.183297
vt 0.939310 0.342604
vt 0.985655 0.179437
vt 0.985655 0.132863
vt 0.939081 0.132863
vt 0.999050 0.342604
vt 0.939310 0.342604
vt 0.939310 0.183297
vt 0.999050 0.342604
vt 0.939310 0.342604
vt 0.939310 0.183297
vt 0.939310 0.342604
vt 0.939310 0.183297
vt 0.999050 0.183297
vt 0.999050 0.342604
vt 0.939310 0.342604
vt 0.939310 0.183297
vt 0.939081 0.179437
vt 0.939081 0.132863
vt 0.985655 0.132863
vt 0.979692 0.844034
vt 0.979692 0.781451
vt -0.000781 0.781451
vt 0.145247 0.718868
vt 0.145247 0.656284
vt -0.000781 0.656284
vt 0.979692 0.781451
vt 0.979692 0.718868
vt -0.000781 0.718868
vt 0.302823 0.718868
vt 0.302823 0.656284
vt 0.156795 0.656284
vt 1.000000 1.000000
vt 1.000000 0.851064
vt 0.000000 0.851064
vt 0.998987 0.504118
vt 0.001647 0.504118
vt 0.001647 0.652658
vt 0.000000 0.048121
vt 0.000000 0.062150
vt 0.905875 0.062150
vt 0.000000 0.034093
vt 0.000000 0.048121
vt 0.905875 0.048121
vt 0.000200 0.219937
vt 0.000200 0.259595
vt 0.906075 0.259595
vt -0.000122 0.210448
vt 0.905753 0.210448
vt 0.905753 0.156096
vt 0.000000 0.121202
vt 0.905875 0.121202
vt 0.905875 0.093759
vt 0.000000 0.025761
vt 0.905875 0.025761
vt 0.905875 0.012881
vt 0.000512 0.330358
vt 0.906387 0.330358
vt 0.906387 0.321630
vt 0.000200 0.296828
vt 0.000200 0.312903
vt 0.906075 0.312903
vt 0.000000 0.089593
vt 0.905875 0.089593
vt 0.905875 0.062150
vt 0.000000 0.012881
vt 0.905875 0.012881
vt 0.905875 0.000000
vt 0.000512 0.321630
vt 0.906387 0.321630
vt 0.906387 0.312903
vt 0.000200 0.281378
vt 0.000200 0.297453
vt 0.906075 0.297453
vt 0.000000 0.048121
vt 0.905875 0.048121
vt 0.905875 0.062150
vt 0.000000 0.034093
vt 0.905875 0.034093
vt 0.905875 0.048121
vt 0.906075 0.219937
vt 0.906075 0.259595
vt 0.000200 0.259595
vt -0.000122 0.156096
vt 0.905753 0.156096
vt 0.905753 0.210448
vt 0.000000 0.121202
vt 0.000000 0.093759
vt 0.905875 0.093759
vt 0.000000 0.025761
vt 0.000000 0.012881
vt 0.905875 0.012881
vt 0.000512 0.321630
vt 0.906387 0.321630
vt 0.906387 0.330358
vt 0.906075 0.296828
vt 0.906075 0.312903
vt 0.000200 0.312903
vt 0.000000 0.089593
vt 0.000000 0.062150
vt 0.905875 0.062150
vt 0.000000 0.012881
vt 0.000000 0.000000
vt 0.905875 0.000000
vt 0.000512 0.312903
vt 0.906387 0.312903
vt 0.906387 0.321630
vt 0.906075 0.281378
vt 0.906075 0.297453
vt 0.000200 0.297453
vt 0.999050 0.183297
vt 0.939310 0.183297
vt 0.939310 0.342604
vt 0.999050 0.342604
vt 0.999050 0.183297
vt 0.939310 0.183297
vt 0.999050 0.342604
vt 0.999050 0.183297
vt 0.939310 0.183297
vt 0.999050 0.342604
vt 0.999050 0.183297
vt 0.939310 0.183297
vt 0.985655 0.132863
vt 0.939081 0.132863
vt 0.939081 0.179437
vt 0.999050 0.342604
vt 0.939310 0.342604
vt 0.939310 0.183297
vt 0.939310 0.342604
vt 0.939310 0.183297
vt 0.999050 0.183297
vt 0.939310 0.342604
vt 0.939310 0.183297
vt 0.999050 0.183297
vt 0.999050 0.342604
vt 0.939310 0.342604
vt 0.939310 0.183297
vt 0.985655 0.179437
vt 0.939081 0.179437
vt 0.939081 0.132863
vt 0.979692 0.844034
vt 0.979692 0.781451
vt -0.000781 0.781451
vt 0.145247 0.718868
vt 0.145247 0.656284
vt -0.000781 0.656284
vt 0.979692 0.781451
vt 0.979692 0.718868
vt -0.000781 0.718868
vt 0.302823 0.718868
vt 0.302823 0.656284
vt 0.156795 0.656284
vt 1.000000 0.851064
vt 0.000000 0.851064
vt 0.000000 1.000000
vt 0.998987 0.652658
vt 0.998987 0.504118
vt 0.001647 0.504118
vt 0.999050 0.183297
vt 0.939310 0.183297
vt 0.939310 0.342604
vt 0.999050 0.183297
vt 0.939310 0.183297
vt 0.939310 0.342604
vt 0.999050 0.342604
vt 0.999050 0.183297
vt 0.939310 0.183297
vt 0.999050 0.342604
vt 0.999050 0.183297
vt 0.939310 0.183297
vt 0.985655 0.132863
vt 0.939081 0.132863
vt 0.939081 0.179437
vt 0.999050 0.342604
vt 0.939310 0.342604
vt 0.939310 0.183297
vt 0.999050 0.342604
vt 0.939310 0.342604
vt 0.939310 0.183297
vt 0.939310 0.342604
vt 0.939310 0.183297
vt 0.999050 0.183297
vt 0.939310 0.342604
vt 0.939310 0.183297
vt 0.999050 0.183297
vt 0.985655 0.179437
vt 0.939081 0.179437
vt 0.939081 0.132863
vt 0.979692 0.844034
vt 0.979692 0.781451
vt -0.000781 0.781451
vt 0.145247 0.656284
vt -0.000781 0.656284
vt -0.000781 0.718868
vt 0.979692 0.781451
vt 0.979692 0.718868
vt -0.000781 0.718868
vt 0.302823 0.718868
vt 0.302823 0.656284
vt 0.156795 0.656284
vt 1.000000 0.851064
vt 0.000000 0.851064
vt 0.000000 1.000000
vt 0.998987 0.652658
vt 0.998987 0.504118
vt 0.001647 0.504118
vt 0.000000 0.048121
vt 0.000000 0.062150
vt 0.905875 0.062150
vt 0.000000 0.048121
vt 0.905875 0.048121
vt 0.905875 0.034093
vt 0.000200 0.259595
vt 0.906075 0.259595
vt 0.906075 0.219937
vt 0.905753 0.210448
vt 0.905753 0.156096
vt -0.000122 0.156096
vt 0.905875 0.121202
vt 0.905875 0.093759
vt 0.000000 0.093759
vt 0.000000 0.025761
vt 0.905875 0.025761
vt 0.905875 0.012881
vt 0.906387 0.330358
vt 0.906387 0.321630
vt 0.000512 0.321630
vt 0.906075 0.296828
vt 0.000200 0.296828
vt 0.000200 0.312903
vt 0.000000 0.089593
vt 0.905875 0.089593
vt 0.905875 0.062150
vt 0.000000 0.012881
vt 0.905875 0.012881
vt 0.905875 0.000000
vt 0.906387 0.321630
vt 0.906387 0.312903
vt 0.000512 0.312903
vt 0.906075 0.281378
vt 0.000200 0.281378
vt 0.000200 0.297453
vt 0.000000 0.048121
vt 0.905875 0.048121
vt 0.905875 0.062150
vt 0.000000 0.034093
vt 0.905875 0.034093
vt 0.905875 0.048121
vt 0.000200 0.219937
vt 0.906075 0.219937
vt 0.906075 0.259595
vt -0.000122 0.210448
vt -0.000122 0.156096
vt 0.905753 0.156096
vt 0.000000 0.121202
vt 0.000000 0.093759
vt 0.905875 0.093759
vt 0.000000 0.012881
vt 0.905875 0.012881
vt 0.905875 0.025761
vt 0.000512 0.330358
vt 0.000512 0.321630
vt 0.906387 0.321630
vt 0.906075 0.312903
vt 0.000200 0.312903
vt 0.000200 0.296828
vt 0.000000 0.062150
vt 0.905875 0.062150
vt 0.905875 0.089593
vt 0.000000 0.000000
vt 0.905875 0.000000
vt 0.905875 0.012881
vt 0.000512 0.321630
vt 0.000512 0.312903
vt 0.906387 0.312903
vt 0.906075 0.297453
vt 0.000200 0.297453
vt 0.000200 0.281378
vt 0.999050 0.342604
vt 0.999050 0.183297
vt 0.939310 0.183297
vt 0.999050 0.183297
vt 0.939310 0.183297
vt 0.939310 0.342604
vt 0.999050 0.342604
vt 0.999050 0.183297
vt 0.939310 0.183297
vt 0.999050 0.342604
vt 0.999050 0.183297
vt 0.939310 0.183297
vt 0.985655 0.179437
vt 0.985655 0.132863
vt 0.939081 0.132863
vt 0.999050 0.342604
vt 0.939310 0.342604
vt 0.939310 0.183297
vt 0.999050 0.342604
vt 0.939310 0.342604
vt 0.939310 0.183297
vt 0.939310 0.342604
vt 0.939310 0.183297
vt 0.999050 0.183297
vt 0.939310 0.342604
vt 0.939310 0.183297
vt 0.999050 0.183297
vt 0.939081 0.179437
vt 0.939081 0.132863
vt 0.985655 0.132863
vt 0.979692 0.844034
vt 0.979692 0.781451
vt -0.000781 0.781451
vt 0.145247 0.718868
vt 0.145247 0.656284
vt -0.000781 0.656284
vt 0.979692 0.718868
vt -0.000781 0.718868
vt -0.000781 0.781451
vt 0.302823 0.718868
vt 0.302823 0.656284
vt 0.156795 0.656284
vt 1.000000 1.000000
vt 1.000000 0.851064
vt 0.000000 0.851064
vt 0.998987 0.504118
vt 0.001647 0.504118
vt 0.001647 0.652658
vt 0.999050 0.342604
vt 0.999050 0.183297
vt 0.939310 0.183297
vt 0.999050 0.183297
vt 0.939310 0.183297
vt 0.939310 0.342604
vt 0.999050 0.342604
vt 0.999050 0.183297
vt 0.939310 0.183297
vt 0.999050 0.342604
vt 0.999050 0.183297
vt 0.939310 0.183297
vt 0.985655 0.179437
vt 0.985655 0.132863
vt 0.939081 0.132863
vt 0.939310 0.342604
vt 0.939310 0.183297
vt 0.999050 0.183297
vt 0.999050 0.342604
vt 0.939310 0.342604
vt 0.939310 0.183297
vt 0.999050 0.342604
vt 0.939310 0.342604
vt 0.939310 0.183297
vt 0.999050 0.342604
vt 0.939310 0.342604
vt 0.939310 0.183297
vt 0.939081 0.179437
vt 0.939081 0.132863
vt 0.985655 0.132863
vt 0.979692 0.844034
vt 0.979692 0.781451
vt -0.000781 0.781451
vt 0.145247 0.656284
vt -0.000781 0.656284
vt -0.000781 0.718868
vt 0.979692 0.781451
vt 0.979692 0.718868
vt -0.000781 0.718868
vt 0.302823 0.718868
vt 0.302823 0.656284
vt 0.156795 0.656284
vt 1.000000 1.000000
vt 1.000000 0.851064
vt 0.000000 0.851064
vt 0.998987 0.504118
vt 0.001647 0.504118
vt 0.001647 0.652658
vt 0.000000 0.048121
vt 0.000000 0.062150
vt 0.905875 0.062150
vt 0.000000 0.034093
vt 0.000000 0.048121
vt 0.905875 0.048121
vt 0.474075 0.259595
vt 0.906075 0.259595
vt 0.906075 0.219937
vt 0.905753 0.210448
vt 0.905753 0.156096
vt -0.000122 0.156096
vt 0.000000 0.121202
vt 0.905875 0.121202
vt 0.905875 0.093759
vt 0.000000 0.025761
vt 0.905875 0.025761
vt 0.905875 0.012881
vt 0.000512 0.330358
vt 0.906387 0.330358
vt 0.906387 0.321630
vt 0.000200 0.296828
vt 0.000200 0.312903
vt 0.906075 0.312903
vt 0.000000 0.089593
vt 0.905875 0.089593
vt 0.905875 0.062150
vt 0.000000 0.012881
vt 0.905875 0.012881
vt 0.905875 0.000000
vt 0.906387 0.321630
vt 0.906387 0.312903
vt 0.000512 0.312903
vt 0.906075 0.281378
vt 0.000200 0.281378
vt 0.000200 0.297453
vt 0.000000 0.048121
vt 0.905875 0.048121
vt 0.905875 0.062150
vt 0.000000 0.034093
vt 0.905875 0.034093
vt 0.905875 0.048121
vt 0.906075 0.219937
vt 0.906075 0.259595
vt 0.000200 0.259595
vt -0.000122 0.156096
vt 0.905753 0.156096
vt 0.905753 0.210448
vt 0.000000 0.121202
vt 0.000000 0.093759
vt 0.905875 0.093759
vt 0.000000 0.012881
vt 0.905875 0.012881
vt 0.905875 0.025761
vt 0.000512 0.321630
vt 0.906387 0.321630
vt 0.906387 0.330358
vt 0.906075 0.296828
vt 0.906075 0.312903
vt 0.000200 0.312903
vt 0.000000 0.089593
vt 0.000000 0.062150
vt 0.905875 0.062150
vt 0.000000 0.012881
vt 0.000000 0.000000
vt 0.905875 0.000000
vt 0.000512 0.312903
vt 0.906387 0.312903
vt 0.906387 0.321630
vt 0.906075 0.281378
vt 0.906075 0.297453
vt 0.000200 0.297453
vt 0.999050 0.183297
vt 0.939310 0.183297
vt 0.939310 0.342604
vt 0.999050 0.183297
vt 0.939310 0.183297
vt 0.939310 0.342604
vt 0.999050 0.342604
vt 0.999050 0.183297
vt 0.939310 0.183297
vt 0.999050 0.342604
vt 0.999050 0.183297
vt 0.939310 0.183297
vt 0.985655 0.132863
vt 0.939081 0.132863
vt 0.939081 0.179437
vt 0.939310 0.342604
vt 0.939310 0.183297
vt 0.999050 0.183297
vt 0.999050 0.342604
vt 0.939310 0.342604
vt 0.939310 0.183297
vt 0.999050 0.342604
vt 0.939310 0.342604
vt 0.939310 0.183297
vt 0.939310 0.342604
vt 0.939310 0.183297
vt 0.999050 0.183297
vt 0.985655 0.179437
vt 0.939081 0.179437
vt 0.939081 0.132863
vt 0.979692 0.844034
vt 0.979692 0.781451
vt -0.000781 0.781451
vt 0.145247 0.656284
vt -0.000781 0.656284
vt -0.000781 0.718868
vt 0.979692 0.781451
vt 0.979692 0.718868
vt -0.000781 0.718868
vt 0.302823 0.718868
vt 0.302823 0.656284
vt 0.156795 0.656284
vt 1.000000 0.851064
vt 0.000000 0.851064
vt 0.000000 1.000000
vt 0.998987 0.652658
vt 0.998987 0.504118
vt 0.001647 0.504118
vt 0.000000 0.034093
vt 0.000000 0.048121
vt 0.905875 0.048121
vt 0.096880 0.259595
vt 0.101523 0.219937
vt 0.000200 0.219937
vt -0.000122 0.210448
vt 0.905753 0.156096
vt -0.000122 0.156096
vt 0.905875 0.121202
vt 0.905875 0.093759
vt 0.000000 0.093759
vt 0.000000 0.025761
vt 0.905875 0.025761
vt 0.905875 0.012881
vt 0.906387 0.330358
vt 0.000512 0.321630
vt 0.906075 0.296828
vt 0.000200 0.296828
vt 0.000200 0.312903
vt 0.999050 0.183297
vt 0.939310 0.183297
vt 0.939310 0.342604
vt 0.999050 0.342604
vt 0.999050 0.183297
vt 0.939310 0.183297
vt 0.999050 0.342604
vt 0.999050 0.183297
vt 0.939310 0.183297
vt 0.999050 0.342604
vt 0.999050 0.183297
vt 0.939310 0.183297
vt 0.985655 0.132863
vt 0.939081 0.132863
vt 0.939081 0.179437
vt 0.000000 0.000000
vt 0.000000 0.121202
vt 0.979692 0.844034
vt 0.979692 0.781451
vt -0.000781 0.781451
vt 0.145247 0.718868
vt 0.145247 0.656284
vt -0.000781 0.656284
vt 0.979692 0.781451
vt 0.979692 0.718868
vt -0.000781 0.718868
vt 0.302823 0.718868
vt 0.302823 0.656284
vt 0.156795 0.656284
vt 1.000000 0.851064
vt 0.000000 0.851064
vt 0.000000 1.000000
vt 0.998987 0.652658
vt 0.998987 0.504118
vt 0.001647 0.504118
vt 0.000000 0.048121
vt 0.905875 0.048121
vt 0.905875 0.062150
vt 0.000000 0.034093
vt 0.905875 0.034093
vt 0.905875 0.048121
vt 0.000200 0.219937
vt 0.906075 0.219937
vt 0.906075 0.259595
vt -0.000122 0.210448
vt -0.000122 0.156096
vt 0.905753 0.156096
vt 0.000000 0.121202
vt 0.000000 0.093759
vt 0.905875 0.093759
vt 0.000000 0.025761
vt 0.000000 0.012881
vt 0.905875 0.012881
vt 0.000512 0.330358
vt 0.000512 0.321630
vt 0.906387 0.321630
vt 0.906075 0.312903
vt 0.000200 0.312903
vt 0.000200 0.296828
vt 0.000000 0.089593
vt 0.000000 0.062150
vt 0.905875 0.062150
vt 0.000000 0.012881
vt 0.000000 0.000000
vt 0.905875 0.000000
vt 0.000512 0.321630
vt 0.000512 0.312903
vt 0.906387 0.312903
vt 0.906075 0.297453
vt 0.000200 0.297453
vt 0.000200 0.281378
vt 0.999050 0.342604
vt 0.999050 0.183297
vt 0.939310 0.183297
vt 0.999050 0.183297
vt 0.939310 0.183297
vt 0.939310 0.342604
vt 0.999050 0.183297
vt 0.939310 0.183297
vt 0.939310 0.342604
vt 0.999050 0.342604
vt 0.999050 0.183297
vt 0.939310 0.183297
vt 0.985655 0.179437
vt 0.985655 0.132863
vt 0.939081 0.132863
vt 0.979692 0.844034
vt 0.979692 0.781451
vt -0.000781 0.781451
vt 0.145247 0.718868
vt 0.145247 0.656284
vt -0.000781 0.656284
vt 0.979692 0.781451
vt 0.979692 0.718868
vt -0.000781 0.718868
vt 0.302823 0.718868
vt 0.302823 0.656284
vt 0.156795 0.656284
vt 1.000000 1.000000
vt 1.000000 0.851064
vt 0.000000 0.851064
vt 0.998987 0.504118
vt 0.001647 0.504118
vt 0.001647 0.652658
vt 0.999050 0.342604
vt 0.999050 0.183297
vt 0.939310 0.183297
vt 0.999050 0.342604
vt 0.999050 0.183297
vt 0.939310 0.183297
vt 0.999050 0.342604
vt 0.999050 0.183297
vt 0.939310 0.183297
vt 0.999050 0.342604
vt 0.999050 0.183297
vt 0.939310 0.183297
vt 0.985655 0.179437
vt 0.985655 0.132863
vt 0.939081 0.132863
vt 0.979692 0.844034
vt 0.979692 0.781451
vt -0.000781 0.781451
vt 0.145247 0.718868
vt 0.145247 0.656284
vt -0.000781 0.656284
vt 0.979692 0.781451
vt 0.979692 0.718868
vt -0.000781 0.718868
vt 0.302823 0.718868
vt 0.302823 0.656284
vt 0.156795 0.656284
vt 1.000000 1.000000
vt 1.000000 0.851064
vt 0.000000 0.851064
vt 0.998987 0.504118
vt 0.001647 0.504118
vt 0.001647 0.652658
vt 0.000000 0.048121
vt 0.905875 0.048121
vt 0.905875 0.062150
vt 0.000000 0.034093
vt 0.905875 0.034093
vt 0.905875 0.048121
vt 0.000200 0.219937
vt 0.906075 0.219937
vt 0.906075 0.259595
vt -0.000122 0.210448
vt -0.000122 0.156096
vt 0.905753 0.156096
vt 0.000000 0.121202
vt 0.000000 0.093759
vt 0.905875 0.093759
vt 0.000000 0.012881
vt 0.905875 0.012881
vt 0.905875 0.025761
vt 0.000512 0.330358
vt 0.000512 0.321630
vt 0.906387 0.321630
vt 0.906075 0.312903
vt 0.000200 0.312903
vt 0.000200 0.296828
vt 0.000000 0.089593
vt 0.000000 0.062150
vt 0.905875 0.062150
vt 0.000000 0.012881
vt 0.000000 0.000000
vt 0.905875 0.000000
vt 0.000512 0.321630
vt 0.000512 0.312903
vt 0.906387 0.312903
vt 0.906075 0.297453
vt 0.000200 0.297453
vt 0.000200 0.281378
vt 0.999050 0.183297
vt 0.939310 0.183297
vt 0.939310 0.342604
vt 0.999050 0.342604
vt 0.999050 0.183297
vt 0.939310 0.183297
vt 0.999050 0.342604
vt 0.999050 0.183297
vt 0.939310 0.183297
vt 0.999050 0.183297
vt 0.939310 0.183297
vt 0.939310 0.342604
vt 0.985655 0.179437
vt 0.985655 0.132863
vt 0.939081 0.132863
vt 0.979692 0.844034
vt 0.979692 0.781451
vt -0.000781 0.781451
vt 0.145247 0.718868
vt 0.145247 0.656284
vt -0.000781 0.656284
vt 0.979692 0.781451
vt 0.979692 0.718868
vt -0.000781 0.718868
vt 0.302823 0.718868
vt 0.302823 0.656284
vt 0.156795 0.656284
vt 1.000000 1.000000
vt 1.000000 0.851064
vt 0.000000 0.851064
vt 0.998987 0.504118
vt 0.001647 0.504118
vt 0.001647 0.652658
vt 0.999050 0.342604
vt 0.999050 0.183297
vt 0.939310 0.183297
vt 0.999050 0.183297
vt 0.939310 0.183297
vt 0.939310 0.342604
vt 0.999050 0.183297
vt 0.939310 0.183297
vt 0.939310 0.342604
vt 0.999050 0.342604
vt 0.999050 0.183297
vt 0.939310 0.183297
vt 0.985655 0.132863
vt 0.939081 0.132863
vt 0.939081 0.179437
vt 0.979692 0.844034
vt 0.979692 0.781451
vt -0.000781 0.781451
vt 0.145247 0.656284
vt -0.000781 0.656284
vt -0.000781 0.718868
vt 0.979692 0.781451
vt 0.979692 0.718868
vt -0.000781 0.718868
vt 0.302823 0.718868
vt 0.302823 0.656284
vt 0.156795 0.656284
vt 1.000000 0.851064
vt 0.000000 0.851064
vt 0.000000 1.000000
vt 0.998987 0.652658
vt 0.998987 0.504118
vt 0.001647 0.504118
vt 0.000000 0.048121
vt 0.905875 0.048121
vt 0.905875 0.062150
vt 0.000000 0.034093
vt 0.905875 0.034093
vt 0.905875 0.048121
vt 0.906075 0.219937
vt 0.906075 0.259595
vt 0.000200 0.259595
vt -0.000122 0.156096
vt 0.905753 0.156096
vt 0.905753 0.210448
vt 0.000000 0.121202
vt 0.000000 0.093759
vt 0.905875 0.093759
vt 0.000000 0.025761
vt 0.000000 0.012881
vt 0.905875 0.012881
vt 0.000512 0.321630
vt 0.906387 0.321630
vt 0.906387 0.330358
vt 0.906075 0.296828
vt 0.906075 0.312903
vt 0.000200 0.312903
vt 0.000000 0.089593
vt 0.000000 0.062150
vt 0.905875 0.062150
vt 0.000000 0.012881
vt 0.000000 0.000000
vt 0.905875 0.000000
vt 0.000512 0.312903
vt 0.906387 0.312903
vt 0.906387 0.321630
vt 0.906075 0.281378
vt 0.906075 0.297453
vt 0.000200 0.297453
vt 0.999050 0.183297
vt 0.939310 0.183297
vt 0.939310 0.342604
vt 0.999050 0.342604
vt 0.999050 0.183297
vt 0.939310 0.183297
vt 0.999050 0.183297
vt 0.939310 0.183297
vt 0.939310 0.342604
vt 0.999050 0.183297
vt 0.939310 0.183297
vt 0.939310 0.342604
vt 0.985655 0.132863
vt 0.939081 0.132863
vt 0.939081 0.179437
vt 0.979692 0.844034
vt 0.979692 0.781451
vt -0.000781 0.781451
vt 0.145247 0.718868
vt 0.145247 0.656284
vt -0.000781 0.656284
vt 0.979692 0.781451
vt 0.979692 0.718868
vt -0.000781 0.718868
vt 0.302823 0.718868
vt 0.302823 0.656284
vt 0.156795 0.656284
vt 1.000000 0.851064
vt 0.000000 0.851064
vt 0.000000 1.000000
vt 0.998987 0.652658
vt 0.998987 0.504118
vt 0.001647 0.504118
vt 0.999050 0.183297
vt 0.939310 0.183297
vt 0.939310 0.342604
vt 0.999050 0.342604
vt 0.999050 0.183297
vt 0.939310 0.183297
vt 0.999050 0.342604
vt 0.999050 0.183297
vt 0.939310 0.183297
vt 0.999050 0.342604
vt 0.999050 0.183297
vt 0.939310 0.183297
vt 0.985655 0.179437
vt 0.985655 0.132863
vt 0.939081 0.132863
vt 0.979692 0.844034
vt 0.979692 0.781451
vt -0.000781 0.781451
vt 0.145247 0.718868
vt 0.145247 0.656284
vt -0.000781 0.656284
vt 0.979692 0.718868
vt -0.000781 0.718868
vt -0.000781 0.781451
vt 0.302823 0.718868
vt 0.302823 0.656284
vt 0.156795 0.656284
vt 1.000000 1.000000
vt 1.000000 0.851064
vt 0.000000 0.851064
vt 0.998987 0.504118
vt 0.001647 0.504118
vt 0.001647 0.652658
vt 0.000000 0.048121
vt 0.905875 0.048121
vt 0.905875 0.062150
vt 0.000000 0.034093
vt 0.905875 0.034093
vt 0.905875 0.048121
vt 0.000200 0.219937
vt 0.906075 0.219937
vt 0.906075 0.259595
vt -0.000122 0.210448
vt -0.000122 0.156096
vt 0.905753 0.156096
vt 0.000000 0.121202
vt 0.000000 0.093759
vt 0.905875 0.093759
vt 0.000000 0.025761
vt 0.000000 0.012881
vt 0.905875 0.012881
vt 0.000512 0.330358
vt 0.000512 0.321630
vt 0.906387 0.321630
vt 0.906075 0.312903
vt 0.000200 0.312903
vt 0.000200 0.296828
vt 0.000000 0.089593
vt 0.000000 0.062150
vt 0.905875 0.062150
vt 0.000000 0.012881
vt 0.000000 0.000000
vt 0.905875 0.000000
vt 0.000512 0.321630
vt 0.000512 0.312903
vt 0.906387 0.312903
vt 0.906075 0.297453
vt 0.000200 0.297453
vt 0.000200 0.281378
vt 0.999050 0.342604
vt 0.999050 0.183297
vt 0.939310 0.183297
vt 0.999050 0.342604
vt 0.999050 0.183297
vt 0.939310 0.183297
vt 0.999050 0.342604
vt 0.999050 0.183297
vt 0.939310 0.183297
vt 0.999050 0.183297
vt 0.939310 0.183297
vt 0.939310 0.342604
vt 0.985655 0.179437
vt 0.985655 0.132863
vt 0.939081 0.132863
vt 0.979692 0.844034
vt 0.979692 0.781451
vt -0.000781 0.781451
vt 0.145247 0.718868
vt 0.145247 0.656284
vt -0.000781 0.656284
vt 0.979692 0.781451
vt 0.979692 0.718868
vt -0.000781 0.718868
vt 0.302823 0.718868
vt 0.302823 0.656284
vt 0.156795 0.656284
vt 1.000000 1.000000
vt 1.000000 0.851064
vt 0.000000 0.851064
vt 0.998987 0.504118
vt 0.001647 0.504118
vt 0.001647 0.652658
vt 0.999050 0.342604
vt 0.999050 0.183297
vt 0.939310 0.183297
vt 0.999050 0.183297
vt 0.939310 0.183297
vt 0.939310 0.342604
vt 0.999050 0.342604
vt 0.999050 0.183297
vt 0.939310 0.183297
vt 0.999050 0.342604
vt 0.999050 0.183297
vt 0.939310 0.183297
vt 0.985655 0.132863
vt 0.939081 0.132863
vt 0.939081 0.179437
vt 0.979692 0.844034
vt 0.979692 0.781451
vt -0.000781 0.781451
vt 0.145247 0.718868
vt 0.145247 0.656284
vt -0.000781 0.656284
vt 0.979692 0.781451
vt 0.979692 0.718868
vt -0.000781 0.718868
vt 0.302823 0.718868
vt 0.302823 0.656284
vt 0.156795 0.656284
vt 1.000000 0.851064
vt 0.000000 0.851064
vt 0.000000 1.000000
vt 0.998987 0.652658
vt 0.998987 0.504118
vt 0.001647 0.504118
vt 0.000000 0.048121
vt 0.905875 0.048121
vt 0.905875 0.062150
vt 0.000000 0.034093
vt 0.905875 0.034093
vt 0.905875 0.048121
vt 0.906075 0.219937
vt 0.906075 0.259595
vt 0.000200 0.259595
vt -0.000122 0.156096
vt 0.905753 0.156096
vt 0.905753 0.210448
vt 0.000000 0.121202
vt 0.000000 0.093759
vt 0.905875 0.093759
vt 0.000000 0.025761
vt 0.000000 0.012881
vt 0.905875 0.012881
vt 0.000512 0.321630
vt 0.906387 0.321630
vt 0.906387 0.330358
vt 0.906075 0.296828
vt 0.906075 0.312903
vt 0.000200 0.312903
vt 0.000000 0.089593
vt 0.000000 0.062150
vt 0.905875 0.062150
vt 0.000000 0.012881
vt 0.000000 0.000000
vt 0.905875 0.000000
vt 0.000512 0.312903
vt 0.906387 0.312903
vt 0.906387 0.321630
vt 0.906075 0.281378
vt 0.906075 0.297453
vt 0.000200 0.297453
vt 0.999050 0.183297
vt 0.939310 0.183297
vt 0.939310 0.342604
vt 0.999050 0.183297
vt 0.939310 0.183297
vt 0.939310 0.342604
vt 0.999050 0.342604
vt 0.999050 0.183297
vt 0.939310 0.183297
vt 0.999050 0.342604
vt 0.999050 0.183297
vt 0.939310 0.183297
vt 0.985655 0.132863
vt 0.939081 0.132863
vt 0.939081 0.179437
vt 0.979692 0.844034
vt 0.979692 0.781451
vt -0.000781 0.781451
vt 0.145247 0.656284
vt -0.000781 0.656284
vt -0.000781 0.718868
vt 0.979692 0.781451
vt 0.979692 0.718868
vt -0.000781 0.718868
vt 0.302823 0.718868
vt 0.302823 0.656284
vt 0.156795 0.656284
vt 1.000000 0.851064
vt 0.000000 0.851064
vt 0.000000 1.000000
vt 0.998987 0.652658
vt 0.998987 0.504118
vt 0.001647 0.504118
vt 0.999050 0.342604
vt 0.999050 0.183297
vt 0.939310 0.183297
vt 0.999050 0.342604
vt 0.999050 0.183297
vt 0.939310 0.183297
vt 0.999050 0.342604
vt 0.999050 0.183297
vt 0.939310 0.183297
vt 0.999050 0.342604
vt 0.999050 0.183297
vt 0.939310 0.183297
vt 0.985655 0.179437
vt 0.985655 0.132863
vt 0.939081 0.132863
vt 0.979692 0.844034
vt 0.979692 0.781451
vt -0.000781 0.781451
vt 0.145247 0.718868
vt 0.145247 0.656284
vt -0.000781 0.656284
vt 0.979692 0.781451
vt 0.979692 0.718868
vt -0.000781 0.718868
vt 0.302823 0.656284
vt 0.156795 0.656284
vt 0.156795 0.718868
vt 1.000000 1.000000
vt 1.000000 0.851064
vt 0.000000 0.851064
vt 0.998987 0.504118
vt 0.001647 0.504118
vt 0.001647 0.652658
vt 0.000000 0.048121
vt 0.905875 0.048121
vt 0.905875 0.062150
vt 0.000000 0.034093
vt 0.905875 0.034093
vt 0.905875 0.048121
vt 0.000200 0.219937
vt 0.906075 0.219937
vt 0.906075 0.259595
vt -0.000122 0.210448
vt -0.000122 0.156096
vt 0.905753 0.156096
vt 0.000000 0.121202
vt 0.000000 0.093759
vt 0.905875 0.093759
vt 0.000000 0.025761
vt 0.000000 0.012881
vt 0.905875 0.012881
vt 0.000512 0.330358
vt 0.000512 0.321630
vt 0.906387 0.321630
vt 0.906075 0.312903
vt 0.000200 0.312903
vt 0.000200 0.296828
vt 0.000000 0.089593
vt 0.000000 0.062150
vt 0.905875 0.062150
vt 0.000000 0.000000
vt 0.905875 0.000000
vt 0.905875 0.012881
vt 0.000512 0.321630
vt 0.000512 0.312903
vt 0.906387 0.312903
vt 0.906075 0.297453
vt 0.000200 0.297453
vt 0.000200 0.281378
vt 0.999050 0.342604
vt 0.999050 0.183297
vt 0.939310 0.183297
vt 0.999050 0.342604
vt 0.999050 0.183297
vt 0.939310 0.183297
vt 0.999050 0.342604
vt 0.999050 0.183297
vt 0.939310 0.183297
vt 0.999050 0.183297
vt 0.939310 0.183297
vt 0.939310 0.342604
vt 0.985655 0.179437
vt 0.985655 0.132863
vt 0.939081 0.132863
vt 0.979692 0.844034
vt 0.979692 0.781451
vt -0.000781 0.781451
vt 0.145247 0.718868
vt 0.145247 0.656284
vt -0.000781 0.656284
vt 0.979692 0.781451
vt 0.979692 0.718868
vt -0.000781 0.718868
vt 0.302823 0.718868
vt 0.302823 0.656284
vt 0.156795 0.656284
vt 1.000000 1.000000
vt 1.000000 0.851064
vt 0.000000 0.851064
vt 0.998987 0.504118
vt 0.001647 0.504118
vt 0.001647 0.652658
vt 0.999050 0.183297
vt 0.939310 0.183297
vt 0.939310 0.342604
vt 0.999050 0.342604
vt 0.999050 0.183297
vt 0.939310 0.183297
vt 0.999050 0.342604
vt 0.999050 0.183297
vt 0.939310 0.183297
vt 0.999050 0.342604
vt 0.999050 0.183297
vt 0.939310 0.183297
vt 0.985655 0.179437
vt 0.985655 0.132863
vt 0.939081 0.132863
vt 0.979692 0.844034
vt 0.979692 0.781451
vt -0.000781 0.781451
vt 0.145247 0.718868
vt 0.145247 0.656284
vt -0.000781 0.656284
vt 0.979692 0.781451
vt 0.979692 0.718868
vt -0.000781 0.718868
vt 0.302823 0.718868
vt 0.302823 0.656284
vt 0.156795 0.656284
vt 1.000000 1.000000
vt 1.000000 0.851064
vt 0.000000 0.851064
vt 0.998987 0.504118
vt 0.001647 0.504118
vt 0.001647 0.652658
vt 0.000000 0.048121
vt 0.905875 0.048121
vt 0.905875 0.062150
vt 0.905875 0.034093
vt 0.905875 0.048121
vt 0.000000 0.048121
vt 0.906075 0.219937
vt 0.906075 0.259595
vt 0.000200 0.259595
vt -0.000122 0.156096
vt 0.905753 0.156096
vt 0.905753 0.210448
vt 0.000000 0.093759
vt 0.905875 0.093759
vt 0.905875 0.121202
vt 0.000000 0.025761
vt 0.000000 0.012881
vt 0.905875 0.012881
vt 0.000512 0.321630
vt 0.906387 0.321630
vt 0.906387 0.330358
vt 0.906075 0.296828
vt 0.906075 0.312903
vt 0.000200 0.312903
vt 0.000000 0.089593
vt 0.000000 0.062150
vt 0.905875 0.062150
vt 0.000000 0.012881
vt 0.000000 0.000000
vt 0.905875 0.000000
vt 0.000512 0.312903
vt 0.906387 0.312903
vt 0.906387 0.321630
vt 0.906075 0.281378
vt 0.906075 0.297453
vt 0.000200 0.297453
vt 0.999050 0.342604
vt 0.999050 0.183297
vt 0.939310 0.183297
vt 0.999050 0.342604
vt 0.999050 0.183297
vt 0.939310 0.183297
vt 0.999050 0.183297
vt 0.939310 0.183297
vt 0.939310 0.342604
vt 0.999050 0.342604
vt 0.999050 0.183297
vt 0.939310 0.183297
vt 0.985655 0.132863
vt 0.939081 0.132863
vt 0.939081 0.179437
vt 0.979692 0.844034
vt 0.979692 0.781451
vt -0.000781 0.781451
vt 0.145247 0.718868
vt 0.145247 0.656284
vt -0.000781 0.656284
vt 0.979692 0.781451
vt 0.979692 0.718868
vt -0.000781 0.718868
vt 0.302823 0.718868
vt 0.302823 0.656284
vt 0.156795 0.656284
vt 1.000000 0.851064
vt 0.000000 0.851064
vt 0.000000 1.000000
vt 0.998987 0.652658
vt 0.998987 0.504118
vt 0.001647 0.504118
vt 0.999050 0.183297
vt 0.939310 0.183297
vt 0.939310 0.342604
vt 0.999050 0.342604
vt 0.999050 0.183297
vt 0.939310 0.183297
vt 0.999050 0.342604
vt 0.999050 0.183297
vt 0.939310 0.183297
vt 0.999050 0.183297
vt 0.939310 0.183297
vt 0.939310 0.342604
vt 0.985655 0.132863
vt 0.939081 0.132863
vt 0.939081 0.179437
vt 0.979692 0.844034
vt 0.979692 0.781451
vt -0.000781 0.781451
vt 0.145247 0.656284
vt -0.000781 0.656284
vt -0.000781 0.718868
vt 0.979692 0.781451
vt 0.979692 0.718868
vt -0.000781 0.718868
vt 0.302823 0.718868
vt 0.302823 0.656284
vt 0.156795 0.656284
vt 1.000000 0.851064
vt 0.000000 0.851064
vt 0.000000 1.000000
vt 0.998987 0.652658
vt 0.998987 0.504118
vt 0.001647 0.504118
vt 0.000000 0.048121
vt 0.905875 0.048121
vt 0.905875 0.062150
vt 0.000000 0.034093
vt 0.905875 0.034093
vt 0.905875 0.048121
vt 0.000200 0.219937
vt 0.906075 0.219937
vt 0.906075 0.259595
vt -0.000122 0.210448
vt -0.000122 0.156096
vt 0.905753 0.156096
vt 0.000000 0.121202
vt 0.000000 0.093759
vt 0.905875 0.093759
vt 0.000000 0.025761
vt 0.000000 0.012881
vt 0.905875 0.012881
vt 0.000512 0.330358
vt 0.000512 0.321630
vt 0.906387 0.321630
vt 0.906075 0.312903
vt 0.000200 0.312903
vt 0.000200 0.296828
vt 0.000000 0.089593
vt 0.000000 0.062150
vt 0.905875 0.062150
vt 0.000000 0.012881
vt 0.000000 0.000000
vt 0.905875 0.000000
vt 0.000512 0.321630
vt 0.000512 0.312903
vt 0.906387 0.312903
vt 0.906075 0.297453
vt 0.000200 0.297453
vt 0.000200 0.281378
vt 0.999050 0.342604
vt 0.999050 0.183297
vt 0.939310 0.183297
vt 0.999050 0.342604
vt 0.999050 0.183297
vt 0.939310 0.183297
vt 0.999050 0.342604
vt 0.999050 0.183297
vt 0.939310 0.183297
vt 0.999050 0.183297
vt 0.939310 0.183297
vt 0.939310 0.342604
vt 0.985655 0.179437
vt 0.985655 0.132863
vt 0.939081 0.132863
vt 0.979692 0.844034
vt 0.979692 0.781451
vt -0.000781 0.781451
vt 0.145247 0.656284
vt -0.000781 0.656284
vt -0.000781 0.718868
vt 0.979692 0.781451
vt 0.979692 0.718868
vt -0.000781 0.718868
vt 0.302823 0.718868
vt 0.302823 0.656284
vt 0.156795 0.656284
vt 1.000000 1.000000
vt 1.000000 0.851064
vt 0.000000 0.851064
vt 0.998987 0.504118
vt 0.001647 0.504118
vt 0.001647 0.652658
vt 0.999050 0.342604
vt 0.999050 0.183297
vt 0.939310 0.183297
vt 0.999050 0.183297
vt 0.939310 0.183297
vt 0.939310 0.342604
vt 0.999050 0.342604
vt 0.999050 0.183297
vt 0.939310 0.183297
vt 0.999050 0.342604
vt 0.999050 0.183297
vt 0.939310 0.183297
vt 0.985655 0.179437
vt 0.985655 0.132863
vt 0.939081 0.132863
vt 0.979692 0.844034
vt 0.979692 0.781451
vt -0.000781 0.781451
vt 0.145247 0.718868
vt 0.145247 0.656284
vt -0.000781 0.656284
vt 0.979692 0.781451
vt 0.979692 0.718868
vt -0.000781 0.718868
vt 0.302823 0.718868
vt 0.302823 0.656284
vt 0.156795 0.656284
vt 1.000000 1.000000
vt 1.000000 0.851064
vt 0.000000 0.851064
vt 0.998987 0.504118
vt 0.001647 0.504118
vt 0.001647 0.652658
vt 0.000000 0.048121
vt 0.905875 0.048121
vt 0.905875 0.062150
vt 0.000000 0.034093
vt 0.905875 0.034093
vt 0.905875 0.048121
vt 0.906075 0.219937
vt 0.906075 0.259595
vt 0.000200 0.259595
vt -0.000122 0.156096
vt 0.905753 0.156096
vt 0.905753 0.210448
vt 0.000000 0.121202
vt 0.000000 0.093759
vt 0.905875 0.093759
vt 0.000000 0.025761
vt 0.000000 0.012881
vt 0.905875 0.012881
vt 0.000512 0.321630
vt 0.906387 0.321630
vt 0.906387 0.330358
vt 0.906075 0.296828
vt 0.906075 0.312903
vt 0.000200 0.312903
vt 0.000000 0.089593
vt 0.000000 0.062150
vt 0.905875 0.062150
vt 0.000000 0.012881
vt 0.000000 0.000000
vt 0.905875 0.000000
vt 0.000512 0.312903
vt 0.906387 0.312903
vt 0.906387 0.321630
vt 0.906075 0.281378
vt 0.906075 0.297453
vt 0.000200 0.297453
vt 0.999050 0.342604
vt 0.999050 0.183297
vt 0.939310 0.183297
vt 0.999050 0.342604
vt 0.999050 0.183297
vt 0.939310 0.183297
vt 0.999050 0.342604
vt 0.999050 0.183297
vt 0.939310 0.183297
vt 0.999050 0.183297
vt 0.939310 0.183297
vt 0.939310 0.342604
vt 0.985655 0.132863
vt 0.939081 0.132863
vt 0.939081 0.179437
vt 0.979692 0.844034
vt 0.979692 0.781451
vt -0.000781 0.781451
vt 0.145247 0.718868
vt 0.145247 0.656284
vt -0.000781 0.656284
vt 0.979692 0.781451
vt 0.979692 0.718868
vt -0.000781 0.718868
vt 0.302823 0.718868
vt 0.302823 0.656284
vt 0.156795 0.656284
vt 1.000000 0.851064
vt 0.000000 0.851064
vt 0.000000 1.000000
vt 0.998987 0.652658
vt 0.998987 0.504118
vt 0.001647 0.504118
vt 0.999050 0.342604
vt 0.999050 0.183297
vt 0.939310 0.183297
vt 0.999050 0.183297
vt 0.939310 0.183297
vt 0.939310 0.342604
vt 0.999050 0.342604
vt 0.999050 0.183297
vt 0.939310 0.183297
vt 0.999050 0.342604
vt 0.999050 0.183297
vt 0.939310 0.183297
vt 0.985655 0.132863
vt 0.939081 0.132863
vt 0.939081 0.179437
vt 0.989760 0.091294
vt 0.956987 0.077647
vt 0.947740 0.091294
vt 0.947740 0.077647
vt 0.979692 0.844034
vt 0.979692 0.781451
vt -0.000781 0.781451
vt 0.145247 0.718868
vt 0.145247 0.656284
vt -0.000781 0.656284
vt 0.979692 0.781451
vt 0.979692 0.718868
vt -0.000781 0.718868
vt 0.302823 0.718868
vt 0.302823 0.656284
vt 0.156795 0.656284
vt 1.000000 0.851064
vt 0.000000 0.851064
vt 0.000000 1.000000
vt 0.998987 0.652658
vt 0.998987 0.504118
vt 0.001647 0.504118
vt 0.000000 0.048121
vt 0.905875 0.048121
vt 0.905875 0.062150
vt 0.000000 0.034093
vt 0.905875 0.034093
vt 0.905875 0.048121
vt 0.000200 0.219937
vt 0.906075 0.219937
vt 0.906075 0.259595
vt -0.000122 0.210448
vt -0.000122 0.156096
vt 0.905753 0.156096
vt 0.000000 0.121202
vt 0.000000 0.093759
vt 0.905875 0.093759
vt 0.000000 0.025761
vt 0.000000 0.012881
vt 0.905875 0.012881
vt 0.000512 0.330358
vt 0.000512 0.321630
vt 0.906387 0.321630
vt 0.906075 0.312903
vt 0.000200 0.312903
vt 0.000200 0.296828
vt 0.000000 0.089593
vt 0.000000 0.062150
vt 0.905875 0.062150
vt 0.000000 0.012881
vt 0.000000 0.000000
vt 0.905875 0.000000
vt 0.000512 0.321630
vt 0.000512 0.312903
vt 0.906387 0.312903
vt 0.906075 0.297453
vt 0.000200 0.297453
vt 0.000200 0.281378
vt 0.999050 0.183297
vt 0.939310 0.183297
vt 0.939310 0.342604
vt 0.999050 0.183297
vt 0.939310 0.183297
vt 0.939310 0.342604
vt 0.999050 0.342604
vt 0.999050 0.183297
vt 0.939310 0.183297
vt 0.999050 0.342604
vt 0.999050 0.183297
vt 0.939310 0.183297
vt 0.985655 0.179437
vt 0.985655 0.132863
vt 0.939081 0.132863
vt 0.990454 0.092243
vt 0.956599 0.078145
vt 0.947047 0.092243
vt 0.947047 0.078145
vt 0.989760 0.077647
vt 0.979692 0.844034
vt 0.979692 0.781451
vt -0.000781 0.781451
vt 0.145247 0.656284
vt -0.000781 0.656284
vt -0.000781 0.718868
vt 0.979692 0.781451
vt 0.979692 0.718868
vt -0.000781 0.718868
vt 0.302823 0.718868
vt 0.302823 0.656284
vt 0.156795 0.656284
vt 1.000000 1.000000
vt 1.000000 0.851064
vt 0.000000 0.851064
vt 0.998987 0.504118
vt 0.001647 0.504118
vt 0.001647 0.652658
vt 0.980176 0.048968
vt 0.996720 0.034529
vt 0.957324 0.048968
vt 0.940780 0.034529
vt 0.940780 0.048968
vt 0.957324 0.077213
vt 0.996720 0.048968
vt 0.999050 0.183297
vt 0.939310 0.183297
vt 0.939310 0.342604
vt 0.999050 0.342604
vt 0.999050 0.183297
vt 0.939310 0.183297
vt 0.999050 0.342604
vt 0.999050 0.183297
vt 0.939310 0.183297
vt 0.999050 0.342604
vt 0.999050 0.183297
vt 0.939310 0.183297
vt 0.985655 0.179437
vt 0.985655 0.132863
vt 0.939081 0.132863
vt 0.990454 0.078145
vt 0.979692 0.844034
vt 0.979692 0.781451
vt -0.000781 0.781451
vt 0.145247 0.718868
vt 0.145247 0.656284
vt -0.000781 0.656284
vt 0.979692 0.781451
vt 0.979692 0.718868
vt -0.000781 0.718868
vt 0.302823 0.718868
vt 0.302823 0.656284
vt 0.156795 0.656284
vt 1.000000 1.000000
vt 1.000000 0.851064
vt 0.000000 0.851064
vt 0.998987 0.504118
vt 0.001647 0.504118
vt 0.001647 0.652658
vt 0.000000 0.048121
vt 0.905875 0.048121
vt 0.905875 0.062150
vt 0.000000 0.034093
vt 0.905875 0.034093
vt 0.905875 0.048121
vt 0.906075 0.219937
vt 0.906075 0.259595
vt 0.000200 0.259595
vt -0.000122 0.156096
vt 0.905753 0.156096
vt 0.905753 0.210448
vt 0.000000 0.121202
vt 0.000000 0.093759
vt 0.905875 0.093759
vt 0.000000 0.025761
vt 0.000000 0.012881
vt 0.905875 0.012881
vt 0.000512 0.321630
vt 0.906387 0.321630
vt 0.906387 0.330358
vt 0.906075 0.296828
vt 0.906075 0.312903
vt 0.000200 0.312903
vt 0.000000 0.089593
vt 0.000000 0.062150
vt 0.905875 0.062150
vt 0.000000 0.012881
vt 0.000000 0.000000
vt 0.905875 0.000000
vt 0.000512 0.312903
vt 0.906387 0.312903
vt 0.906387 0.321630
vt 0.906075 0.281378
vt 0.906075 0.297453
vt 0.000200 0.297453
vt 0.999050 0.183297
vt 0.939310 0.183297
vt 0.939310 0.342604
vt 0.999050 0.342604
vt 0.999050 0.183297
vt 0.939310 0.183297
vt 0.999050 0.342604
vt 0.999050 0.183297
vt 0.939310 0.183297
vt 0.999050 0.342604
vt 0.999050 0.183297
vt 0.939310 0.183297
vt 0.985655 0.132863
vt 0.939081 0.132863
vt 0.939081 0.179437
vt 0.979692 0.781451
vt -0.000781 0.781451
vt -0.000781 0.844034
vt 0.145247 0.656284
vt -0.000781 0.656284
vt -0.000781 0.718868
vt 0.979692 0.781451
vt 0.979692 0.718868
vt -0.000781 0.718868
vt 0.302823 0.718868
vt 0.302823 0.656284
vt 0.156795 0.656284
vt 1.000000 0.851064
vt 0.000000 0.851064
vt 0.000000 1.000000
vt 0.998987 0.652658
vt 0.998987 0.504118
vt 0.001647 0.504118
vt 0.999050 0.342604
vt 0.999050 0.183297
vt 0.939310 0.183297
vt 0.999050 0.183297
vt 0.939310 0.183297
vt 0.939310 0.342604
vt 0.999050 0.342604
vt 0.999050 0.183297
vt 0.939310 0.183297
vt 0.999050 0.342604
vt 0.999050 0.183297
vt 0.939310 0.183297
vt 0.985655 0.132863
vt 0.939081 0.132863
vt 0.939081 0.179437
vt 0.979692 0.844034
vt 0.979692 0.781451
vt -0.000781 0.781451
vt 0.145247 0.718868
vt 0.145247 0.656284
vt -0.000781 0.656284
vt 0.979692 0.781451
vt 0.979692 0.718868
vt -0.000781 0.718868
vt 0.302823 0.718868
vt 0.302823 0.656284
vt 0.156795 0.656284
vt 1.000000 0.851064
vt 0.000000 0.851064
vt 0.000000 1.000000
vt 0.998987 0.652658
vt 0.998987 0.504118
vt 0.001647 0.504118
vt 0.905875 0.048121
vt 0.905875 0.062150
vt 0.000000 0.062150
vt 0.000000 0.034093
vt 0.905875 0.034093
vt 0.905875 0.048121
vt 0.000200 0.219937
vt 0.906075 0.219937
vt 0.906075 0.259595
vt -0.000122 0.210448
vt -0.000122 0.156096
vt 0.905753 0.156096
vt 0.000000 0.121202
vt 0.000000 0.093759
vt 0.905875 0.093759
vt 0.000000 0.025761
vt 0.000000 0.012881
vt 0.905875 0.012881
vt 0.000512 0.330358
vt 0.000512 0.321630
vt 0.906387 0.321630
vt 0.906075 0.312903
vt 0.000200 0.312903
vt 0.000200 0.296828
vt 0.000000 0.089593
vt 0.000000 0.062150
vt 0.905875 0.062150
vt 0.000000 0.012881
vt 0.000000 0.000000
vt 0.905875 0.000000
vt 0.000512 0.321630
vt 0.000512 0.312903
vt 0.906387 0.312903
vt 0.906075 0.297453
vt 0.000200 0.297453
vt 0.000200 0.281378
vt 0.999050 0.342604
vt 0.999050 0.183297
vt 0.939310 0.183297
vt 0.999050 0.342604
vt 0.999050 0.183297
vt 0.939310 0.183297
vt 0.999050 0.183297
vt 0.939310 0.183297
vt 0.939310 0.342604
vt 0.999050 0.342604
vt 0.999050 0.183297
vt 0.939310 0.183297
vt 0.985655 0.179437
vt 0.985655 0.132863
vt 0.939081 0.132863
vt 0.979692 0.844034
vt 0.979692 0.781451
vt 0.979692 0.718868
vt -0.000781 0.718868
vt 0.156795 0.718868
vt 1.000000 1.000000
vt 1.000000 0.851064
vt 0.000000 0.851064
vt 0.001647 0.652658
vt 0.999050 0.342604
vt 0.999050 0.183297
vt 0.939310 0.183297
vt 0.999050 0.342604
vt 0.999050 0.183297
vt 0.939310 0.183297
vt 0.999050 0.342604
vt 0.999050 0.183297
vt 0.939310 0.183297
vt 0.999050 0.183297
vt 0.939310 0.183297
vt 0.939310 0.342604
vt 0.985655 0.179437
vt 0.985655 0.132863
vt 0.939081 0.132863
vt 0.302823 0.718868
vt 0.302823 0.656284
vt 0.156795 0.656284
vt 0.001647 0.652658
vt 0.000000 0.048121
vt 0.905875 0.048121
vt 0.905875 0.062150
vt 0.948342 0.090470
vt 0.948342 0.077213
vt 0.980176 0.077213
vt 0.989158 0.090470
vt 0.989158 0.077213
vt 0.905875 0.034093
vt 0.905875 0.048121
vt 0.000000 0.048121
vt 0.906075 0.219937
vt 0.906075 0.259595
vt 0.000200 0.259595
vt -0.000122 0.156096
vt 0.905753 0.156096
vt 0.905753 0.210448
vt 0.000000 0.121202
vt 0.000000 0.093759
vt 0.905875 0.093759
vt 0.000000 0.025761
vt 0.000000 0.012881
vt 0.905875 0.012881
vt 0.000512 0.321630
vt 0.906387 0.321630
vt 0.906387 0.330358
vt 0.906075 0.296828
vt 0.906075 0.312903
vt 0.000200 0.312903
vt 0.000000 0.089593
vt 0.000000 0.062150
vt 0.905875 0.062150
vt 0.000000 0.012881
vt 0.000000 0.000000
vt 0.905875 0.000000
vt 0.000512 0.312903
vt 0.906387 0.312903
vt 0.906387 0.321630
vt 0.906075 0.281378
vt 0.906075 0.297453
vt 0.000200 0.297453
vt 0.999050 0.342604
vt 0.999050 0.183297
vt 0.939310 0.183297
vt 0.999050 0.342604
vt 0.999050 0.183297
vt 0.939310 0.183297
vt 0.999050 0.342604
vt 0.999050 0.183297
vt 0.939310 0.183297
vt 0.999050 0.183297
vt 0.939310 0.183297
vt 0.939310 0.342604
vt 0.985655 0.179437
vt 0.985655 0.132863
vt 0.939081 0.132863
vt 0.000000 0.000000
vt 0.000000 0.000000
vt 0.000000 0.000000
vt 0.999050 0.183297
vt 0.999050 0.183297
vt 0.999050 0.342604
vt 0.999050 0.183297
vt 0.985655 0.132863
vt -0.000781 0.844034
vt -0.000781 0.718868
vt -0.000781 0.781451
vt 0.156795 0.718868
vt 0.000000 1.000000
vt 0.001647 0.652658
vt 0.999050 0.183297
vt 0.999050 0.183297
vt 0.999050 0.342604
vt 0.999050 0.183297
vt 0.985655 0.179437
vt -0.000781 0.844034
vt -0.000781 0.718868
vt -0.000781 0.781451
vt 0.000000 1.000000
vt 0.999050 0.183297
vt 0.999050 0.183297
vt 0.999050 0.342604
vt 0.999050 0.183297
vt 0.985655 0.132863
vt -0.000781 0.718868
vt 0.905875 0.048121
vt 0.905875 0.034093
vt 0.000200 0.219937
vt -0.000122 0.156096
vt 0.000000 0.093759
vt 0.000000 0.012881
vt 0.000512 0.321630
vt 0.906075 0.312903
vt 0.000000 0.062150
vt 0.000000 0.012881
vt 0.000512 0.312903
vt 0.906075 0.297453
vt 0.999050 0.183297
vt 0.999050 0.183297
vt 0.999050 0.342604
vt 0.999050 0.183297
vt 0.985655 0.132863
vt 0.979692 0.844034
vt -0.000781 0.718868
vt -0.000781 0.781451
vt 0.156795 0.718868
vt 0.000000 1.000000
vt 0.001647 0.652658
vt 0.999050 0.183297
vt 0.999050 0.183297
vt 0.999050 0.342604
vt 0.999050 0.183297
vt 0.985655 0.132863
vt -0.000781 0.844034
vt -0.000781 0.718868
vt -0.000781 0.781451
vt 0.156795 0.718868
vt 0.000000 1.000000
vt 0.001647 0.652658
vt 0.999050 0.183297
vt 0.999050 0.183297
vt 0.999050 0.342604
vt 0.999050 0.183297
vt 0.985655 0.132863
vt -0.000781 0.844034
vt -0.000781 0.718868
vt -0.000781 0.781451
vt 0.156795 0.718868
vt 0.000000 1.000000
vt 0.001647 0.652658
vt 0.999050 0.183297
vt 0.999050 0.183297
vt 0.999050 0.342604
vt 0.999050 0.183297
vt 0.985655 0.132863
vt 0.979692 0.844034
vt -0.000781 0.718868
vt -0.000781 0.781451
vt 0.156795 0.718868
vt 0.000000 1.000000
vt 0.001647 0.652658
vt 0.000000 0.048121
vt 0.905875 0.034093
vt 0.906075 0.219937
vt -0.000122 0.156096
vt 0.000000 0.093759
vt 0.000000 0.012881
vt 0.000512 0.321630
vt 0.906075 0.296828
vt 0.000000 0.062150
vt 0.000000 0.012881
vt 0.000512 0.312903
vt 0.906075 0.297453
vt 0.999050 0.183297
vt 0.999050 0.183297
vt 0.999050 0.342604
vt 0.999050 0.183297
vt 0.985655 0.132863
vt -0.000781 0.844034
vt -0.000781 0.718868
vt -0.000781 0.781451
vt 0.156795 0.718868
vt 0.000000 1.000000
vt 0.001647 0.652658
vt 0.999050 0.183297
vt 0.999050 0.183297
vt 0.999050 0.342604
vt 0.999050 0.342604
vt 0.985655 0.132863
vt -0.000781 0.844034
vt -0.000781 0.718868
vt -0.000781 0.781451
vt 0.156795 0.718868
vt 0.000000 1.000000
vt 0.001647 0.652658
vt 0.999050 0.183297
vt 0.999050 0.183297
vt 0.999050 0.342604
vt 0.999050 0.342604
vt 0.985655 0.132863
vt 0.979692 0.844034
vt -0.000781 0.718868
vt -0.000781 0.781451
vt 0.156795 0.718868
vt 0.000000 1.000000
vt 0.001647 0.652658
vt 0.999050 0.183297
vt 0.999050 0.183297
vt 0.999050 0.342604
vt 0.999050 0.342604
vt 0.985655 0.132863
vt 0.979692 0.844034
vt 0.145247 0.718868
vt -0.000781 0.718868
vt 0.156795 0.718868
vt 0.998987 0.652658
vt 0.001647 0.504118
vt 0.001647 0.652658
vt 0.905875 0.048121
vt 0.905875 0.034093
vt 0.906075 0.219937
vt -0.000122 0.156096
vt 0.000000 0.093759
vt 0.000000 0.012881
vt 0.000512 0.321630
vt 0.906075 0.312903
vt 0.000000 0.062150
vt 0.000000 0.000000
vt 0.000512 0.312903
vt 0.906075 0.297453
vt 0.999050 0.183297
vt 0.999050 0.183297
vt 0.999050 0.342604
vt 0.999050 0.342604
vt 0.985655 0.132863
vt -0.000781 0.844034
vt -0.000781 0.718868
vt 0.156795 0.718868
vt 0.000000 1.000000
vt 0.998987 0.652658
vt 0.001647 0.504118
vt 0.001647 0.652658
vt 0.999050 0.183297
vt 0.999050 0.183297
vt 0.999050 0.342604
vt 0.999050 0.342604
vt 0.985655 0.132863
vt 0.979692 0.844034
vt 0.145247 0.718868
vt -0.000781 0.656284
vt -0.000781 0.718868
vt 0.156795 0.718868
vt 0.000000 1.000000
vt 0.998987 0.652658
vt 0.001647 0.504118
vt 0.001647 0.652658
vt 0.999050 0.183297
vt 0.999050 0.183297
vt 0.999050 0.342604
vt 0.999050 0.342604
vt 0.985655 0.132863
vt 0.979692 0.844034
vt -0.000781 0.718868
vt -0.000781 0.781451
vt 0.156795 0.718868
vt 0.000000 1.000000
vt 0.001647 0.652658
vt 0.999050 0.183297
vt 0.999050 0.183297
vt 0.999050 0.342604
vt 0.999050 0.342604
vt 0.985655 0.132863
vt -0.000781 0.844034
vt -0.000781 0.718868
vt -0.000781 0.781451
vt 0.156795 0.718868
vt 0.000000 1.000000
vt 0.001647 0.652658
vt 0.000000 0.048121
vt 0.905875 0.034093
vt 0.906075 0.219937
vt -0.000122 0.156096
vt 0.000000 0.093759
vt 0.000000 0.012881
vt 0.000512 0.321630
vt 0.906075 0.312903
vt 0.000000 0.062150
vt 0.000000 0.000000
vt 0.000512 0.312903
vt 0.906075 0.297453
vt 0.999050 0.183297
vt 0.999050 0.183297
vt 0.999050 0.342604
vt 0.999050 0.342604
vt 0.985655 0.132863
vt 0.979692 0.844034
vt -0.000781 0.718868
vt -0.000781 0.781451
vt 0.156795 0.718868
vt 0.000000 1.000000
vt 0.001647 0.652658
vt 0.999050 0.183297
vt 0.999050 0.183297
vt 0.999050 0.342604
vt 0.999050 0.183297
vt 0.985655 0.132863
vt 0.979692 0.844034
vt 0.145247 0.718868
vt -0.000781 0.781451
vt 0.156795 0.718868
vt 0.000000 1.000000
vt 0.001647 0.652658
vt 0.999050 0.183297
vt 0.999050 0.183297
vt 0.999050 0.342604
vt 0.999050 0.183297
vt 0.985655 0.132863
vt -0.000781 0.844034
vt 0.145247 0.718868
vt -0.000781 0.781451
vt 0.156795 0.718868
vt 0.000000 1.000000
vt 0.001647 0.652658
vt 0.999050 0.183297
vt 0.999050 0.183297
vt 0.999050 0.342604
vt 0.999050 0.183297
vt 0.985655 0.132863
vt 0.979692 0.844034
vt 0.145247 0.718868
vt -0.000781 0.781451
vt 0.156795 0.718868
vt 0.000000 1.000000
vt 0.001647 0.652658
vt 0.905875 0.048121
vt 0.000000 0.034093
vt 0.906075 0.219937
vt -0.000122 0.156096
vt 0.000000 0.093759
vt 0.000000 0.012881
vt 0.000512 0.321630
vt 0.906075 0.312903
vt 0.000000 0.062150
vt 0.000000 0.000000
vt 0.000512 0.312903
vt 0.906075 0.297453
vt 0.999050 0.183297
vt 0.999050 0.183297
vt 0.999050 0.342604
vt 0.999050 0.183297
vt 0.985655 0.132863
vt 0.979692 0.844034
vt 0.145247 0.718868
vt -0.000781 0.781451
vt 0.156795 0.718868
vt 0.000000 1.000000
vt 0.001647 0.652658
vt 0.999050 0.183297
vt 0.999050 0.183297
vt 0.999050 0.342604
vt 0.999050 0.183297
vt 0.985655 0.132863
vt -0.000781 0.844034
vt 0.145247 0.718868
vt -0.000781 0.781451
vt 0.156795 0.718868
vt 0.000000 1.000000
vt 0.001647 0.652658
vt 0.999050 0.183297
vt 0.999050 0.183297
vt 0.999050 0.342604
vt 0.999050 0.183297
vt 0.985655 0.132863
vt 0.979692 0.844034
vt 0.145247 0.718868
vt -0.000781 0.781451
vt 0.156795 0.718868
vt 0.000000 1.000000
vt 0.001647 0.652658
vt 0.999050 0.183297
vt 0.999050 0.183297
vt 0.999050 0.342604
vt 0.999050 0.183297
vt 0.985655 0.132863
vt 0.979692 0.844034
vt 0.145247 0.718868
vt -0.000781 0.781451
vt 0.156795 0.718868
vt 0.000000 1.000000
vt 0.001647 0.652658
vt 0.905875 0.048121
vt 0.905875 0.034093
vt 0.906075 0.219937
vt -0.000122 0.156096
vt 0.000000 0.093759
vt 0.000000 0.012881
vt 0.000512 0.321630
vt 0.906075 0.312903
vt 0.000000 0.062150
vt 0.000000 0.000000
vt 0.000512 0.312903
vt 0.906075 0.297453
vt 0.999050 0.183297
vt 0.999050 0.183297
vt 0.999050 0.342604
vt 0.999050 0.183297
vt 0.985655 0.132863
vt -0.000781 0.844034
vt 0.145247 0.718868
vt -0.000781 0.781451
vt 0.156795 0.718868
vt 0.000000 1.000000
vt 0.001647 0.652658
vt 0.999050 0.183297
vt 0.999050 0.183297
vt 0.999050 0.342604
vt 0.999050 0.183297
vt 0.985655 0.132863
vt 0.979692 0.844034
vt 0.145247 0.718868
vt -0.000781 0.781451
vt 0.156795 0.718868
vt 0.000000 1.000000
vt 0.001647 0.652658
vt 0.000000 0.062150
vt 0.000000 0.034093
vt 0.000200 0.259595
vt 0.905753 0.210448
vt 0.905875 0.121202
vt 0.905875 0.025761
vt 0.906387 0.330358
vt 0.000200 0.296828
vt 0.000000 0.089593
vt 0.999050 0.183297
vt 0.999050 0.183297
vt 0.999050 0.342604
vt 0.999050 0.183297
vt 0.985655 0.132863
vt 0.979692 0.844034
vt 0.145247 0.718868
vt -0.000781 0.781451
vt 0.156795 0.718868
vt 0.000000 1.000000
vt 0.001647 0.652658
vt 0.000000 0.062150
vt 0.000000 0.048121
vt 0.000200 0.219937
vt -0.000122 0.210448
vt 0.905875 0.121202
vt 0.905875 0.025761
vt 0.906387 0.330358
vt 0.000200 0.296828
vt 0.905875 0.089593
vt 0.905875 0.012881
vt 0.906387 0.321630
vt 0.000200 0.281378
vt 0.939310 0.342604
vt 0.939310 0.342604
vt 0.999050 0.342604
vt 0.939310 0.342604
vt 0.939081 0.179437
vt 0.999050 0.183297
vt 0.999050 0.183297
vt 0.999050 0.342604
vt 0.999050 0.183297
vt 0.985655 0.132863
vt 0.979692 0.844034
vt 0.145247 0.718868
vt -0.000781 0.781451
vt 0.156795 0.718868
vt 0.000000 1.000000
vt 0.001647 0.652658
vt 0.905875 0.048121
vt 0.905875 0.034093
vt 0.906075 0.219937
vt -0.000122 0.156096
vt 0.000000 0.093759
vt 0.000000 0.012881
vt 0.000512 0.321630
vt 0.906075 0.312903
vt 0.000000 0.062150
vt 0.000000 0.000000
vt 0.000512 0.312903
vt 0.906075 0.297453
vt 0.939310 0.342604
vt 0.939310 0.342604
vt 0.999050 0.342604
vt 0.939310 0.342604
vt 0.939081 0.179437
vt 0.999050 0.183297
vt 0.999050 0.183297
vt 0.999050 0.342604
vt 0.999050 0.183297
vt 0.985655 0.132863
vt -0.000781 0.844034
vt 0.145247 0.718868
vt -0.000781 0.781451
vt 0.156795 0.718868
vt 0.000000 1.000000
vt 0.001647 0.652658
vt 0.000000 0.062150
vt 0.000000 0.048121
vt 0.000200 0.259595
vt -0.000122 0.210448
vt 0.905875 0.121202
vt 0.905875 0.025761
vt 0.906387 0.330358
vt 0.000200 0.296828
vt 0.905875 0.089593
vt 0.905875 0.012881
vt 0.906387 0.321630
vt 0.000200 0.281378
vt 0.939310 0.342604
vt 0.939310 0.342604
vt 0.999050 0.342604
vt 0.939310 0.342604
vt 0.939081 0.179437
vt 0.999050 0.183297
vt 0.999050 0.183297
vt 0.999050 0.342604
vt 0.999050 0.183297
vt 0.985655 0.132863
vt -0.000781 0.844034
vt 0.145247 0.718868
vt -0.000781 0.781451
vt 0.156795 0.718868
vt 0.000000 1.000000
vt 0.001647 0.652658
vt 0.939310 0.342604
vt 0.939310 0.342604
vt 0.999050 0.342604
vt 0.939310 0.342604
vt 0.985655 0.179437
vt 0.999050 0.183297
vt 0.999050 0.183297
vt 0.999050 0.342604
vt 0.999050 0.183297
vt 0.985655 0.132863
vt 0.979692 0.844034
vt 0.145247 0.718868
vt -0.000781 0.781451
vt 0.156795 0.718868
vt 0.000000 1.000000
vt 0.001647 0.652658
vt 0.939310 0.342604
vt 0.939310 0.342604
vt 0.999050 0.342604
vt 0.939310 0.342604
vt 0.939081 0.179437
vt 0.999050 0.183297
vt 0.999050 0.183297
vt 0.999050 0.342604
vt 0.999050 0.183297
vt 0.985655 0.132863
vt -0.000781 0.844034
vt 0.145247 0.718868
vt -0.000781 0.781451
vt 0.156795 0.718868
vt 0.000000 1.000000
vt 0.001647 0.652658
vt 0.000000 0.048121
vt 0.000000 0.034093
vt 0.906075 0.219937
vt -0.000122 0.156096
vt 0.000000 0.093759
vt 0.000000 0.012881
vt 0.000512 0.321630
vt 0.906075 0.296828
vt 0.000000 0.062150
vt 0.000000 0.012881
vt 0.000512 0.312903
vt 0.906075 0.281378
vt 0.939310 0.342604
vt 0.939310 0.342604
vt 0.999050 0.342604
vt 0.939310 0.342604
vt 0.939081 0.179437
vt 0.999050 0.183297
vt 0.999050 0.183297
vt 0.999050 0.342604
vt 0.999050 0.183297
vt 0.985655 0.132863
vt 0.979692 0.844034
vt -0.000781 0.718868
vt -0.000781 0.781451
vt 0.156795 0.718868
vt 0.000000 1.000000
vt 0.001647 0.652658
vt 0.939310 0.342604
vt 0.939310 0.342604
vt 0.999050 0.342604
vt 0.939310 0.342604
vt 0.939081 0.179437
vt 0.999050 0.183297
vt 0.999050 0.183297
vt 0.999050 0.342604
vt 0.999050 0.183297
vt 0.985655 0.132863
vt 0.979692 0.844034
vt -0.000781 0.718868
vt -0.000781 0.781451
vt 0.156795 0.718868
vt 0.000000 1.000000
vt 0.001647 0.652658
vt 0.939310 0.342604
vt 0.939310 0.342604
vt 0.999050 0.342604
vt 0.939310 0.342604
vt 0.939081 0.179437
vt 0.999050 0.183297
vt 0.999050 0.183297
vt 0.999050 0.342604
vt 0.999050 0.183297
vt 0.985655 0.132863
vt 0.979692 0.844034
vt -0.000781 0.718868
vt -0.000781 0.781451
vt 0.156795 0.718868
vt 0.000000 1.000000
vt 0.001647 0.652658
vt 0.939310 0.342604
vt 0.939310 0.342604
vt 0.999050 0.342604
vt 0.939310 0.342604
vt 0.939081 0.179437
vt 0.999050 0.183297
vt 0.999050 0.183297
vt 0.999050 0.342604
vt 0.999050 0.183297
vt 0.985655 0.132863
vt 0.979692 0.844034
vt -0.000781 0.718868
vt -0.000781 0.781451
vt 0.156795 0.718868
vt 0.000000 1.000000
vt 0.001647 0.652658
vt 0.905875 0.048121
vt 0.000000 0.034093
vt 0.906075 0.219937
vt -0.000122 0.156096
vt 0.000000 0.093759
vt 0.000000 0.012881
vt 0.000512 0.321630
vt 0.906075 0.312903
vt 0.000000 0.062150
vt 0.000000 0.000000
vt 0.000512 0.312903
vt 0.906075 0.297453
vt 0.000000 0.062150
vt 0.000000 0.048121
vt 0.000200 0.259595
vt 0.905753 0.210448
vt 0.905875 0.121202
vt 0.905875 0.025761
vt 0.906387 0.330358
vt 0.000200 0.296828
vt 0.905875 0.089593
vt 0.905875 0.012881
vt 0.906387 0.321630
vt 0.000200 0.281378
vt 0.939310 0.342604
vt 0.939310 0.342604
vt 0.999050 0.342604
vt 0.939310 0.342604
vt 0.939081 0.179437
vt 0.999050 0.183297
vt 0.999050 0.183297
vt 0.999050 0.342604
vt 0.999050 0.183297
vt 0.985655 0.132863
vt 0.979692 0.844034
vt -0.000781 0.718868
vt -0.000781 0.781451
vt 0.156795 0.718868
vt 0.000000 1.000000
vt 0.001647 0.652658
vt 0.939310 0.342604
vt 0.939310 0.342604
vt 0.999050 0.342604
vt 0.939310 0.342604
vt 0.939081 0.179437
vt 0.999050 0.183297
vt 0.999050 0.183297
vt 0.999050 0.342604
vt 0.999050 0.183297
vt 0.985655 0.132863
vt 0.979692 0.844034
vt -0.000781 0.718868
vt -0.000781 0.781451
vt 0.156795 0.718868
vt 0.000000 1.000000
vt 0.001647 0.652658
vt 0.939310 0.342604
vt 0.939310 0.342604
vt 0.999050 0.342604
vt 0.939310 0.342604
vt 0.939081 0.179437
vt 0.999050 0.183297
vt 0.999050 0.183297
vt 0.999050 0.342604
vt 0.999050 0.183297
vt 0.985655 0.132863
vt 0.979692 0.844034
vt -0.000781 0.718868
vt -0.000781 0.781451
vt 0.156795 0.718868
vt 0.000000 1.000000
vt 0.001647 0.652658
vt 0.939310 0.342604
vt 0.939310 0.342604
vt 0.999050 0.342604
vt 0.939310 0.342604
vt 0.939081 0.179437
vt 0.999050 0.183297
vt 0.999050 0.183297
vt 0.999050 0.342604
vt 0.999050 0.183297
vt 0.985655 0.132863
vt 0.979692 0.844034
vt -0.000781 0.718868
vt -0.000781 0.781451
vt 0.156795 0.718868
vt 0.000000 1.000000
vt 0.001647 0.652658
vt 0.000000 0.048121
vt 0.905875 0.034093
vt 0.906075 0.219937
vt -0.000122 0.156096
vt 0.000000 0.093759
vt 0.000000 0.012881
vt 0.000512 0.321630
vt 0.906075 0.312903
vt 0.000000 0.062150
vt 0.000000 0.000000
vt 0.000512 0.312903
vt 0.906075 0.297453
vt 0.000000 0.062150
vt 0.000000 0.048121
vt 0.000200 0.259595
vt -0.000122 0.210448
vt 0.905875 0.121202
vt 0.905875 0.025761
vt 0.906387 0.330358
vt 0.000200 0.296828
vt 0.905875 0.089593
vt 0.905875 0.012881
vt 0.906387 0.321630
vt 0.000200 0.281378
vt 0.939310 0.342604
vt 0.939310 0.342604
vt 0.999050 0.342604
vt 0.939310 0.342604
vt 0.939081 0.179437
vt 0.999050 0.183297
vt 0.999050 0.183297
vt 0.999050 0.342604
vt 0.999050 0.183297
vt 0.985655 0.132863
vt 0.979692 0.844034
vt -0.000781 0.718868
vt -0.000781 0.781451
vt 0.156795 0.718868
vt 0.000000 1.000000
vt 0.001647 0.652658
vt 0.452938 0.048121
vt 0.905875 0.034093
vt 0.906075 0.219937
vt 0.452816 0.156096
vt 0.000000 0.093759
vt 0.000000 0.025761
vt 0.453449 0.321630
vt 0.906075 0.296828
vt 0.452938 0.062150
vt 0.452938 0.000000
vt 0.453449 0.312903
vt 0.906075 0.281378
vt 0.452938 0.062150
vt 0.000000 0.048121
vt 0.000200 0.219937
vt 0.452816 0.210448
vt 0.905875 0.121202
vt 0.905875 0.025761
vt 0.453449 0.330358
vt 0.000200 0.296828
vt 0.905875 0.089593
vt 0.905875 0.012881
vt 0.453449 0.321630
vt 0.000200 0.281378
vt 0.939310 0.342604
vt 0.939310 0.342604
vt 0.939310 0.342604
vt 0.939310 0.342604
vt 0.985655 0.179437
vt 0.999050 0.342604
vt 0.999050 0.183297
vt 0.999050 0.183297
vt 0.969180 0.183297
vt 0.985655 0.132863
vt -0.000781 0.844034
vt -0.000781 0.718868
vt -0.000781 0.781451
vt 0.156795 0.718868
vt 1.000000 1.000000
vt 0.001647 0.578388
vt 0.999050 0.342604
vt 0.939310 0.342604
vt 0.999050 0.342604
vt 0.999050 0.342604
vt 0.985655 0.179437
vt 0.999050 0.183297
vt 0.999050 0.342604
vt 0.999050 0.183297
vt 0.999050 0.342604
vt 0.985655 0.132863
vt -0.000781 0.844034
vt -0.000781 0.718868
vt -0.000781 0.781451
vt 0.156795 0.718868
vt 1.000000 1.000000
vt 0.001647 0.652658
vt 0.905875 0.048121
vt 0.905875 0.034093
vt 0.906075 0.219937
vt -0.000122 0.156096
vt 0.000000 0.093759
vt 0.000000 0.012881
vt 0.000512 0.321630
vt 0.906075 0.296828
vt 0.000000 0.062150
vt 0.000000 0.000000
vt 0.000512 0.312903
vt 0.906075 0.281378
vt 0.000000 0.062150
vt 0.000000 0.048121
vt 0.000200 0.219937
vt -0.000122 0.210448
vt 0.905875 0.121202
vt 0.905875 0.025761
vt 0.000512 0.330358
vt 0.000200 0.296828
vt 0.905875 0.089593
vt 0.905875 0.012881
vt 0.000512 0.321630
vt 0.000200 0.281378
vt 0.939310 0.342604
vt 0.939310 0.342604
vt 0.999050 0.342604
vt 0.999050 0.342604
vt 0.985655 0.179437
vt 0.999050 0.183297
vt 0.999050 0.342604
vt 0.999050 0.183297
vt 0.999050 0.183297
vt 0.985655 0.132863
vt -0.000781 0.844034
vt -0.000781 0.718868
vt -0.000781 0.781451
vt 0.302823 0.718868
vt 1.000000 1.000000
vt 0.001647 0.652658
vt 0.939310 0.342604
vt 0.939310 0.342604
vt 0.939310 0.342604
vt 0.999050 0.342604
vt 0.985655 0.179437
vt 0.999050 0.183297
vt 0.999050 0.183297
vt 0.999050 0.183297
vt 0.999050 0.342604
vt 0.985655 0.132863
vt -0.000781 0.844034
vt 0.145247 0.718868
vt -0.000781 0.781451
vt 0.302823 0.718868
vt 1.000000 1.000000
vt 0.001647 0.652658
vt 0.905875 0.048121
vt 0.905875 0.034093
vt 0.000200 0.219937
vt -0.000122 0.210448
vt 0.000000 0.093759
vt 0.000000 0.012881
vt 0.000512 0.330358
vt 0.906075 0.312903
vt 0.000000 0.062150
vt 0.000000 0.000000
vt 0.000512 0.321630
vt 0.906075 0.297453
vt 0.000000 0.048121
vt 0.000000 0.048121
vt 0.000200 0.259595
vt 0.905753 0.210448
vt 0.905875 0.121202
vt 0.905875 0.025761
vt 0.906387 0.330358
vt 0.906075 0.296828
vt 0.905875 0.089593
vt 0.905875 0.012881
vt 0.906387 0.321630
vt 0.906075 0.281378
vt 0.999050 0.342604
vt 0.999050 0.342604
vt 0.939310 0.342604
vt 0.939310 0.342604
vt 0.939081 0.179437
vt 0.999050 0.183297
vt 0.999050 0.183297
vt 0.999050 0.183297
vt 0.999050 0.183297
vt 0.985655 0.179437
vt 0.979692 0.844034
vt -0.000781 0.718868
vt -0.000781 0.781451
vt 0.156795 0.718868
vt 0.000000 1.000000
vt 0.998987 0.652658
vt 0.939310 0.342604
vt 0.939310 0.342604
vt 0.939310 0.342604
vt 0.999050 0.342604
vt 0.939081 0.179437
vt 0.999050 0.183297
vt 0.999050 0.183297
vt 0.999050 0.183297
vt 0.999050 0.342604
vt 0.985655 0.179437
vt -0.000781 0.844034
vt -0.000781 0.718868
vt -0.000781 0.781451
vt 0.156795 0.718868
vt 0.000000 1.000000
vt 0.998987 0.652658
vt 0.905875 0.048121
vt 0.905875 0.034093
vt 0.906075 0.219937
vt -0.000122 0.156096
vt 0.000000 0.093759
vt 0.000000 0.012881
vt 0.000512 0.321630
vt 0.906075 0.296828
vt 0.000000 0.062150
vt 0.000000 0.000000
vt 0.000512 0.312903
vt 0.906075 0.281378
vt 0.000000 0.062150
vt 0.000000 0.048121
vt 0.000200 0.219937
vt -0.000122 0.210448
vt 0.905875 0.121202
vt 0.905875 0.025761
vt 0.000512 0.330358
vt 0.000200 0.296828
vt 0.905875 0.089593
vt 0.905875 0.012881
vt 0.000512 0.321630
vt 0.000200 0.281378
vt 0.939310 0.342604
vt 0.999050 0.342604
vt 0.939310 0.342604
vt 0.939310 0.342604
vt 0.985655 0.179437
vt 0.999050 0.342604
vt 0.999050 0.183297
vt 0.999050 0.183297
vt 0.999050 0.342604
vt 0.985655 0.132863
vt -0.000781 0.844034
vt 0.145247 0.718868
vt -0.000781 0.781451
vt 0.156795 0.718868
vt 1.000000 1.000000
vt 0.001647 0.652658
vt 0.939310 0.342604
vt 0.999050 0.342604
vt 0.939310 0.342604
vt 0.939310 0.342604
vt 0.985655 0.179437
vt 0.999050 0.183297
vt 0.999050 0.342604
vt 0.999050 0.183297
vt 0.999050 0.342604
vt 0.985655 0.132863
vt -0.000781 0.844034
vt -0.000781 0.718868
vt -0.000781 0.781451
vt 0.156795 0.718868
vt 1.000000 1.000000
vt 0.001647 0.652658
vt 0.905875 0.048121
vt 0.905875 0.034093
vt 0.000200 0.219937
vt -0.000122 0.210448
vt 0.000000 0.093759
vt 0.000000 0.012881
vt 0.000512 0.330358
vt 0.906075 0.312903
vt 0.000000 0.062150
vt 0.000000 0.000000
vt 0.000512 0.321630
vt 0.906075 0.297453
vt 0.000000 0.062150
vt 0.000000 0.048121
vt 0.000200 0.259595
vt 0.905753 0.210448
vt 0.905875 0.121202
vt 0.905875 0.025761
vt 0.906387 0.330358
vt 0.906075 0.296828
vt 0.905875 0.089593
vt 0.000000 0.012881
vt 0.906387 0.321630
vt 0.906075 0.281378
vt 0.939310 0.342604
vt 0.999050 0.342604
vt 0.939310 0.342604
vt 0.939310 0.342604
vt 0.939081 0.179437
vt 0.999050 0.183297
vt 0.999050 0.183297
vt 0.999050 0.342604
vt 0.999050 0.183297
vt 0.985655 0.179437
vt -0.000781 0.844034
vt -0.000781 0.718868
vt -0.000781 0.781451
vt 0.156795 0.718868
vt 0.000000 1.000000
vt 0.998987 0.652658
vt 0.939310 0.342604
vt 0.939310 0.342604
vt 0.999050 0.342604
vt 0.999050 0.342604
vt 0.939081 0.179437
vt 0.999050 0.183297
vt 0.999050 0.183297
vt 0.999050 0.342604
vt 0.999050 0.183297
vt 0.985655 0.179437
vt -0.000781 0.844034
vt -0.000781 0.718868
vt -0.000781 0.781451
vt 0.156795 0.718868
vt 0.000000 1.000000
vt 0.998987 0.652658
vt 0.905875 0.048121
vt 0.905875 0.034093
vt 0.906075 0.219937
vt -0.000122 0.156096
vt 0.000000 0.093759
vt 0.000000 0.012881
vt 0.000512 0.321630
vt 0.906075 0.296828
vt 0.000000 0.062150
vt 0.000000 0.000000
vt 0.000512 0.312903
vt 0.906075 0.281378
vt 0.000000 0.062150
vt 0.000000 0.048121
vt 0.000200 0.219937
vt -0.000122 0.210448
vt 0.905875 0.121202
vt 0.905875 0.025761
vt 0.000512 0.330358
vt 0.000200 0.296828
vt 0.905875 0.089593
vt 0.905875 0.012881
vt 0.000512 0.321630
vt 0.000200 0.281378
vt 0.999050 0.342604
vt 0.939310 0.342604
vt 0.939310 0.342604
vt 0.939310 0.342604
vt 0.985655 0.179437
vt 0.999050 0.183297
vt 0.999050 0.342604
vt 0.999050 0.342604
vt 0.999050 0.183297
vt 0.985655 0.132863
vt -0.000781 0.844034
vt -0.000781 0.718868
vt -0.000781 0.781451
vt 0.156795 0.718868
vt 1.000000 1.000000
vt 0.001647 0.652658
vt 0.999050 0.342604
vt 0.999050 0.342604
vt 0.939310 0.342604
vt 0.939310 0.342604
vt 0.985655 0.179437
vt 0.999050 0.183297
vt 0.999050 0.183297
vt 0.999050 0.342604
vt 0.999050 0.342604
vt 0.985655 0.132863
vt -0.000781 0.844034
vt 0.145247 0.718868
vt -0.000781 0.781451
vt 0.156795 0.718868
vt 1.000000 1.000000
vt 0.001647 0.652658
vt 0.905875 0.048121
vt 0.000000 0.034093
vt 0.000200 0.219937
vt -0.000122 0.210448
vt 0.000000 0.121202
vt 0.000000 0.012881
vt 0.000512 0.330358
vt 0.906075 0.312903
vt 0.000000 0.062150
vt 0.000000 0.000000
vt 0.000512 0.321630
vt 0.906075 0.297453
vt 0.000000 0.062150
vt 0.000000 0.048121
vt 0.000200 0.259595
vt 0.905753 0.210448
vt 0.905875 0.121202
vt 0.000000 0.025761
vt 0.906387 0.330358
vt 0.906075 0.296828
vt 0.000000 0.089593
vt 0.000000 0.012881
vt 0.906387 0.321630
vt 0.906075 0.281378
vt 0.939310 0.342604
vt 0.999050 0.342604
vt 0.939310 0.342604
vt 0.939310 0.342604
vt 0.939081 0.179437
vt 0.999050 0.183297
vt 0.999050 0.183297
vt 0.999050 0.342604
vt 0.999050 0.342604
vt 0.985655 0.179437
vt -0.000781 0.844034
vt -0.000781 0.718868
vt 0.979692 0.781451
vt 0.156795 0.718868
vt 0.000000 1.000000
vt 0.998987 0.652658
vt 0.939310 0.342604
vt 0.999050 0.342604
vt 0.939310 0.342604
vt 0.939310 0.342604
vt 0.939081 0.179437
vt 0.999050 0.342604
vt 0.999050 0.183297
vt 0.999050 0.183297
vt 0.999050 0.183297
vt 0.985655 0.179437
vt -0.000781 0.844034
vt 0.145247 0.718868
vt -0.000781 0.781451
vt 0.156795 0.718868
vt 0.000000 1.000000
vt 0.998987 0.652658
vt 0.905875 0.048121
vt 0.905875 0.034093
vt 0.403075 0.219937
vt -0.000122 0.210448
vt 0.000000 0.093759
vt 0.000000 0.012881
vt 0.000512 0.321630
vt 0.906075 0.296828
vt 0.000000 0.062150
vt 0.000000 0.000000
vt 0.000512 0.321630
vt 0.906075 0.297453
vt 0.000000 0.062150
vt 0.000000 0.048121
vt 0.000200 0.219937
vt -0.000122 0.210448
vt 0.905875 0.121202
vt 0.000000 0.025761
vt 0.000512 0.330358
vt 0.000200 0.296828
vt 0.905875 0.089593
vt 0.905875 0.012881
vt 0.000512 0.321630
vt 0.000200 0.281378
vt 0.999050 0.342604
vt 0.999050 0.342604
vt 0.939310 0.342604
vt 0.939310 0.342604
vt 0.985655 0.179437
vt 0.999050 0.342604
vt 0.999050 0.183297
vt 0.999050 0.183297
vt 0.999050 0.342604
vt 0.985655 0.132863
vt -0.000781 0.844034
vt 0.145247 0.718868
vt -0.000781 0.781451
vt 0.156795 0.718868
vt 1.000000 1.000000
vt 0.001647 0.652658
vt 0.905875 0.034093
vt 0.000000 0.012881
vt 0.000512 0.330358
vt 0.906075 0.312903
vt 0.999050 0.342604
vt 0.939310 0.342604
vt 0.939310 0.342604
vt 0.939310 0.342604
vt 0.985655 0.179437
vt -0.000781 0.844034
vt -0.000781 0.718868
vt -0.000781 0.781451
vt 0.156795 0.718868
vt 1.000000 1.000000
vt 0.001647 0.652658
vt 0.000000 0.062150
vt 0.000000 0.048121
vt 0.000200 0.259595
vt 0.905753 0.210448
vt 0.905875 0.121202
vt 0.905875 0.025761
vt 0.906387 0.330358
vt 0.906075 0.296828
vt 0.905875 0.089593
vt 0.905875 0.012881
vt 0.906387 0.321630
vt 0.906075 0.281378
vt 0.939310 0.342604
vt 0.999050 0.342604
vt 0.999050 0.342604
vt 0.939310 0.342604
vt 0.939081 0.179437
vt -0.000781 0.844034
vt -0.000781 0.718868
vt -0.000781 0.781451
vt 0.156795 0.718868
vt 0.000000 1.000000
vt 0.998987 0.652658
vt 0.939310 0.342604
vt 0.939310 0.342604
vt 0.939310 0.342604
vt 0.939310 0.342604
vt 0.939081 0.179437
vt -0.000781 0.844034
vt -0.000781 0.718868
vt -0.000781 0.781451
vt 0.156795 0.718868
vt 0.000000 1.000000
vt 0.998987 0.652658
vt 0.000000 0.062150
vt 0.000000 0.048121
vt 0.000200 0.259595
vt 0.905753 0.210448
vt 0.905875 0.121202
vt 0.000000 0.025761
vt 0.906387 0.330358
vt 0.906075 0.296828
vt 0.905875 0.089593
vt 0.905875 0.012881
vt 0.906387 0.321630
vt 0.906075 0.281378
vt 0.999050 0.342604
vt 0.939310 0.342604
vt 0.939310 0.342604
vt 0.999050 0.342604
vt 0.939081 0.179437
vt -0.000781 0.844034
vt -0.000781 0.718868
vt -0.000781 0.781451
vt 0.156795 0.718868
vt 0.000000 1.000000
vt 0.998987 0.652658
vt 0.939310 0.342604
vt 0.999050 0.342604
vt 0.999050 0.342604
vt 0.939310 0.342604
vt 0.985655 0.179437
vt -0.000781 0.844034
vt 0.145247 0.718868
vt -0.000781 0.781451
vt 0.156795 0.718868
vt 1.000000 1.000000
vt 0.001647 0.652658
vt 0.000000 0.062150
vt 0.000000 0.048121
vt 0.000200 0.219937
vt -0.000122 0.210448
vt 0.905875 0.121202
vt 0.905875 0.025761
vt 0.000512 0.330358
vt 0.000200 0.296828
vt 0.905875 0.089593
vt 0.905875 0.012881
vt 0.000512 0.321630
vt 0.000200 0.281378
vt 0.999050 0.342604
vt 0.939310 0.342604
vt 0.999050 0.342604
vt 0.999050 0.342604
vt 0.985655 0.179437
vt -0.000781 0.844034
vt -0.000781 0.718868
vt -0.000781 0.781451
vt 0.156795 0.718868
vt 1.000000 1.000000
vt 0.001647 0.652658
vt 0.999050 0.342604
vt 0.939310 0.342604
vt 0.939310 0.342604
vt 0.939310 0.342604
vt 0.939081 0.179437
vt -0.000781 0.844034
vt -0.000781 0.718868
vt 0.979692 0.781451
vt 0.156795 0.718868
vt 0.000000 1.000000
vt 0.998987 0.652658
vt 0.000000 0.062150
vt 0.000000 0.048121
vt 0.000200 0.259595
vt 0.905753 0.210448
vt 0.905875 0.121202
vt 0.905875 0.025761
vt 0.906387 0.330358
vt 0.906075 0.296828
vt 0.905875 0.089593
vt 0.905875 0.012881
vt 0.906387 0.321630
vt 0.906075 0.281378
vt 0.939310 0.342604
vt 0.939310 0.342604
vt 0.939310 0.342604
vt 0.999050 0.342604
vt 0.939081 0.179437
vt -0.000781 0.844034
vt -0.000781 0.718868
vt -0.000781 0.781451
vt 0.156795 0.718868
vt 0.000000 1.000000
vt 0.998987 0.652658
vt 0.939310 0.342604
vt 0.999050 0.342604
vt 0.939310 0.342604
vt 0.939310 0.342604
vt 0.985655 0.179437
vt -0.000781 0.844034
vt -0.000781 0.718868
vt -0.000781 0.781451
vt 0.156795 0.718868
vt 1.000000 1.000000
vt 0.001647 0.652658
vt 0.000000 0.062150
vt 0.000000 0.048121
vt 0.000200 0.219937
vt -0.000122 0.210448
vt 0.905875 0.121202
vt 0.905875 0.025761
vt 0.000512 0.330358
vt 0.000200 0.296828
vt 0.905875 0.089593
vt 0.905875 0.012881
vt 0.000512 0.321630
vt 0.000200 0.281378
vt 0.999050 0.342604
vt 0.999050 0.342604
vt 0.939310 0.342604
vt 0.939310 0.342604
vt 0.985655 0.179437
vt -0.000781 0.844034
vt 0.145247 0.718868
vt -0.000781 0.781451
vt 0.156795 0.718868
vt 1.000000 1.000000
vt 0.001647 0.652658
vt 0.939310 0.342604
vt 0.939310 0.342604
vt 0.939310 0.342604
vt 0.939310 0.342604
vt 0.939081 0.179437
vt -0.000781 0.844034
vt -0.000781 0.718868
vt -0.000781 0.781451
vt 0.302823 0.718868
vt 0.000000 1.000000
vt 0.998987 0.652658
vt 0.000000 0.062150
vt 0.000000 0.048121
vt 0.000200 0.259595
vt 0.905753 0.210448
vt 0.905875 0.121202
vt 0.905875 0.025761
vt 0.906387 0.330358
vt 0.906075 0.296828
vt 0.905875 0.089593
vt 0.000000 0.012881
vt 0.906387 0.321630
vt 0.906075 0.281378
vt 0.939310 0.342604
vt 0.939310 0.342604
vt 0.939310 0.342604
vt 0.999050 0.342604
vt 0.939081 0.179437
vt -0.000781 0.844034
vt -0.000781 0.718868
vt -0.000781 0.781451
vt 0.156795 0.718868
vt 0.000000 1.000000
vt 0.998987 0.652658
vt 0.999050 0.342604
vt 0.939310 0.342604
vt 0.939310 0.342604
vt 0.939310 0.342604
vt 0.939081 0.179437
vt -0.000781 0.844034
vt -0.000781 0.718868
vt -0.000781 0.781451
vt 0.156795 0.718868
vt 0.000000 1.000000
vt 0.998987 0.652658
vt 0.000000 0.062150
vt 0.000000 0.034093
vt 0.000200 0.219937
vt -0.000122 0.210448
vt 0.000000 0.121202
vt 0.905875 0.025761
vt 0.000512 0.330358
vt 0.000200 0.296828
vt 0.905875 0.089593
vt 0.905875 0.012881
vt 0.000512 0.321630
vt 0.000200 0.281378
vt 0.939310 0.342604
vt 0.939310 0.342604
vt 0.999050 0.342604
vt 0.939310 0.342604
vt 0.985655 0.179437
vt -0.000781 0.844034
vt -0.000781 0.718868
vt -0.000781 0.781451
vt 0.156795 0.718868
vt 1.000000 1.000000
vt 0.001647 0.652658
vt 0.999050 0.342604
vt 0.939310 0.342604
vt 0.939310 0.342604
vt 0.999050 0.342604
vt 0.985655 0.179437
vt -0.000781 0.844034
vt 0.145247 0.718868
vt -0.000781 0.781451
vt 0.156795 0.718868
vt 1.000000 1.000000
vt 0.001647 0.652658
vt 0.000000 0.062150
vt 0.000000 0.048121
vt 0.000200 0.259595
vt 0.905753 0.210448
vt 0.905875 0.121202
vt 0.905875 0.025761
vt 0.906387 0.330358
vt 0.906075 0.296828
vt 0.905875 0.089593
vt 0.905875 0.012881
vt 0.906387 0.321630
vt 0.906075 0.281378
vt 0.939310 0.342604
vt 0.939310 0.342604
vt 0.939310 0.342604
vt 0.999050 0.342604
vt 0.939081 0.179437
vt -0.000781 0.844034
vt 0.145247 0.718868
vt -0.000781 0.781451
vt 0.156795 0.718868
vt 0.000000 1.000000
vt 0.998987 0.652658
vt 0.939310 0.342604
vt 0.999050 0.342604
vt 0.939310 0.342604
vt 0.939310 0.342604
vt 0.939081 0.179437
vt -0.000781 0.844034
vt -0.000781 0.718868
vt -0.000781 0.781451
vt 0.156795 0.718868
vt 0.000000 1.000000
vt 0.998987 0.652658
vt 0.000000 0.062150
vt 0.000000 0.048121
vt 0.000200 0.219937
vt -0.000122 0.210448
vt 0.905875 0.121202
vt 0.905875 0.025761
vt 0.000512 0.330358
vt 0.000200 0.296828
vt 0.905875 0.089593
vt 0.905875 0.012881
vt 0.000512 0.321630
vt 0.000200 0.281378
vt 0.939310 0.342604
vt 0.939310 0.342604
vt 0.939310 0.342604
vt 0.999050 0.342604
vt 0.985655 0.179437
vt -0.000781 0.844034
vt -0.000781 0.718868
vt -0.000781 0.781451
vt 0.156795 0.718868
vt 1.000000 1.000000
vt 0.001647 0.652658
vt 0.939310 0.342604
vt 0.999050 0.342604
vt 0.939310 0.342604
vt 0.939310 0.342604
vt 0.985655 0.179437
vt -0.000781 0.844034
vt -0.000781 0.718868
vt -0.000781 0.781451
vt 0.156795 0.718868
vt 1.000000 1.000000
vt 0.001647 0.652658
vt 0.000000 0.062150
vt 0.000000 0.048121
vt 0.000200 0.259595
vt 0.905753 0.210448
vt 0.905875 0.121202
vt 0.905875 0.025761
vt 0.906387 0.330358
vt 0.906075 0.296828
vt 0.905875 0.089593
vt 0.905875 0.012881
vt 0.906387 0.321630
vt 0.906075 0.281378
vt 0.999050 0.342604
vt 0.999050 0.342604
vt 0.939310 0.342604
vt 0.939310 0.342604
vt 0.939081 0.179437
vt -0.000781 0.844034
vt 0.145247 0.718868
vt -0.000781 0.781451
vt 0.156795 0.718868
vt 0.000000 1.000000
vt 0.998987 0.652658
vt 0.999050 0.342604
vt 0.939310 0.342604
vt 0.939310 0.342604
vt 0.939310 0.342604
vt 0.939081 0.179437
vt -0.000781 0.844034
vt -0.000781 0.718868
vt -0.000781 0.781451
vt 0.156795 0.718868
vt 0.000000 1.000000
vt 0.998987 0.652658
vt 0.000000 0.062150
vt 0.000000 0.048121
vt 0.000200 0.219937
vt -0.000122 0.210448
vt 0.905875 0.121202
vt 0.905875 0.025761
vt 0.000512 0.330358
vt 0.000200 0.296828
vt 0.905875 0.089593
vt 0.905875 0.012881
vt 0.000512 0.321630
vt 0.000200 0.281378
vt 0.999050 0.342604
vt 0.939310 0.342604
vt 0.939310 0.342604
vt 0.939310 0.342604
vt 0.985655 0.179437
vt 0.979692 0.844034
vt 0.145247 0.718868
vt -0.000781 0.781451
vt 0.156795 0.718868
vt 1.000000 1.000000
vt 0.001647 0.652658
vt 0.939310 0.342604
vt 0.999050 0.342604
vt 0.939310 0.342604
vt 0.939310 0.342604
vt 0.985655 0.179437
vt -0.000781 0.844034
vt -0.000781 0.718868
vt -0.000781 0.781451
vt 0.156795 0.718868
vt 1.000000 1.000000
vt 0.001647 0.652658
vt 0.000000 0.048121
vt 0.000000 0.048121
vt 0.000200 0.259595
vt 0.905753 0.210448
vt 0.905875 0.121202
vt 0.905875 0.025761
vt 0.906387 0.330358
vt 0.906075 0.296828
vt 0.905875 0.089593
vt 0.905875 0.012881
vt 0.906387 0.321630
vt 0.906075 0.281378
vt 0.939310 0.342604
vt 0.939310 0.342604
vt 0.999050 0.342604
vt 0.939310 0.342604
vt 0.939081 0.179437
vt -0.000781 0.781451
vt 0.000000 1.000000
vt 0.939310 0.342604
vt 0.939310 0.342604
vt 0.939310 0.342604
vt 0.999050 0.342604
vt 0.939081 0.179437
vt 0.156795 0.718868
vt 0.000000 0.062150
vt 0.000000 0.034093
vt 0.000200 0.219937
vt -0.000122 0.210448
vt 0.905875 0.121202
vt 0.905875 0.025761
vt 0.000512 0.330358
vt 0.000200 0.296828
vt 0.905875 0.089593
vt 0.905875 0.012881
vt 0.000512 0.321630
vt 0.000200 0.281378
vt 0.939310 0.342604
vt 0.939310 0.342604
vt 0.939310 0.342604
vt 0.999050 0.342604
vt 0.939081 0.179437
vt 0.000000 0.000000
vt 0.000000 0.048121
vt 0.000000 0.062150
vt 0.905875 0.062150
vt 0.000000 0.034093
vt 0.000000 0.048121
vt 0.905875 0.048121
vt 0.000200 0.219937
vt 0.000200 0.259595
vt 0.906075 0.259595
vt -0.000122 0.210448
vt 0.905753 0.210448
vt 0.905753 0.156096
vt 0.000000 0.121202
vt 0.905875 0.121202
vt 0.905875 0.093759
vt 0.000000 0.025761
vt 0.905875 0.025761
vt 0.905875 0.012881
vt 0.000512 0.330358
vt 0.906387 0.330358
vt 0.906387 0.321630
vt 0.000200 0.296828
vt 0.000200 0.312903
vt 0.906075 0.312903
vt 0.000000 0.089593
vt 0.905875 0.089593
vt 0.905875 0.062150
vt 0.000000 0.012881
vt 0.905875 0.012881
vt 0.905875 0.000000
vt 0.000512 0.321630
vt 0.906387 0.321630
vt 0.906387 0.312903
vt 0.000200 0.281378
vt 0.000200 0.297453
vt 0.906075 0.297453
vt 0.000000 0.048121
vt 0.000000 0.062150
vt 0.905875 0.062150
vt 0.000000 0.034093
vt 0.000000 0.048121
vt 0.905875 0.048121
vt 0.000200 0.259595
vt 0.906075 0.259595
vt 0.906075 0.219937
vt 0.905753 0.210448
vt 0.905753 0.156096
vt -0.000122 0.156096
vt 0.905875 0.121202
vt 0.905875 0.093759
vt 0.000000 0.093759
vt 0.000000 0.025761
vt 0.905875 0.025761
vt 0.905875 0.012881
vt 0.906387 0.330358
vt 0.906387 0.321630
vt 0.000512 0.321630
vt 0.906075 0.296828
vt 0.000200 0.296828
vt 0.000200 0.312903
vt 0.000000 0.089593
vt 0.905875 0.089593
vt 0.905875 0.062150
vt 0.000000 0.012881
vt 0.905875 0.012881
vt 0.905875 0.000000
vt 0.906387 0.321630
vt 0.906387 0.312903
vt 0.000512 0.312903
vt 0.906075 0.281378
vt 0.000200 0.281378
vt 0.000200 0.297453
vt 0.000000 0.048121
vt 0.000000 0.062150
vt 0.905875 0.062150
vt 0.000000 0.034093
vt 0.000000 0.048121
vt 0.905875 0.048121
vt 0.000200 0.219937
vt 0.000200 0.259595
vt 0.906075 0.259595
vt -0.000122 0.210448
vt 0.905753 0.210448
vt 0.905753 0.156096
vt 0.000000 0.121202
vt 0.905875 0.121202
vt 0.905875 0.093759
vt 0.000000 0.025761
vt 0.905875 0.025761
vt 0.905875 0.012881
vt 0.000512 0.330358
vt 0.906387 0.330358
vt 0.906387 0.321630
vt 0.000200 0.296828
vt 0.000200 0.312903
vt 0.906075 0.312903
vt 0.000000 0.089593
vt 0.905875 0.089593
vt 0.905875 0.062150
vt 0.000000 0.012881
vt 0.905875 0.012881
vt 0.905875 0.000000
vt 0.000512 0.321630
vt 0.906387 0.321630
vt 0.906387 0.312903
vt 0.000200 0.281378
vt 0.000200 0.297453
vt 0.906075 0.297453
vt 0.000000 0.048121
vt 0.000000 0.062150
vt 0.905875 0.062150
vt 0.000000 0.048121
vt 0.905875 0.048121
vt 0.905875 0.034093
vt 0.000200 0.259595
vt 0.906075 0.259595
vt 0.906075 0.219937
vt 0.905753 0.210448
vt 0.905753 0.156096
vt -0.000122 0.156096
vt 0.000000 0.121202
vt 0.905875 0.121202
vt 0.905875 0.093759
vt 0.000000 0.025761
vt 0.905875 0.025761
vt 0.905875 0.012881
vt 0.906387 0.330358
vt 0.906387 0.321630
vt 0.000512 0.321630
vt 0.906075 0.296828
vt 0.000200 0.296828
vt 0.000200 0.312903
vt 0.000000 0.089593
vt 0.905875 0.089593
vt 0.905875 0.062150
vt 0.000000 0.012881
vt 0.905875 0.012881
vt 0.905875 0.000000
vt 0.906387 0.321630
vt 0.906387 0.312903
vt 0.000512 0.312903
vt 0.906075 0.281378
vt 0.000200 0.281378
vt 0.000200 0.297453
vt 0.000000 0.062150
vt 0.905875 0.062150
vt 0.905875 0.048121
vt 0.000000 0.034093
vt 0.000000 0.048121
vt 0.905875 0.048121
vt 0.000200 0.259595
vt 0.906075 0.259595
vt 0.906075 0.219937
vt 0.905753 0.210448
vt 0.905753 0.156096
vt -0.000122 0.156096
vt 0.000000 0.121202
vt 0.905875 0.121202
vt 0.905875 0.093759
vt 0.000000 0.025761
vt 0.905875 0.025761
vt 0.905875 0.012881
vt 0.906387 0.330358
vt 0.906387 0.321630
vt 0.000512 0.321630
vt 0.906075 0.296828
vt 0.000200 0.296828
vt 0.000200 0.312903
vt 0.000000 0.089593
vt 0.905875 0.089593
vt 0.905875 0.062150
vt 0.000000 0.012881
vt 0.905875 0.012881
vt 0.905875 0.000000
vt 0.906387 0.321630
vt 0.906387 0.312903
vt 0.000512 0.312903
vt 0.906075 0.281378
vt 0.000200 0.281378
vt 0.000200 0.297453
vt 0.000000 0.048121
vt 0.000000 0.062150
vt 0.905875 0.062150
vt 0.000000 0.034093
vt 0.000000 0.048121
vt 0.905875 0.048121
vt 0.000200 0.219937
vt 0.000200 0.259595
vt 0.906075 0.259595
vt -0.000122 0.210448
vt 0.905753 0.210448
vt 0.905753 0.156096
vt 0.000000 0.121202
vt 0.905875 0.121202
vt 0.905875 0.093759
vt 0.905875 0.025761
vt 0.905875 0.012881
vt 0.000000 0.012881
vt 0.000512 0.330358
vt 0.906387 0.330358
vt 0.906387 0.321630
vt 0.000200 0.296828
vt 0.000200 0.312903
vt 0.906075 0.312903
vt 0.000000 0.089593
vt 0.905875 0.089593
vt 0.905875 0.062150
vt 0.000000 0.012881
vt 0.905875 0.012881
vt 0.905875 0.000000
vt 0.000512 0.321630
vt 0.906387 0.321630
vt 0.906387 0.312903
vt 0.000200 0.281378
vt 0.000200 0.297453
vt 0.906075 0.297453
vt 0.000000 0.048121
vt 0.000000 0.062150
vt 0.905875 0.062150
vt 0.000000 0.034093
vt 0.000000 0.048121
vt 0.905875 0.048121
vt 0.000200 0.259595
vt 0.906075 0.259595
vt 0.906075 0.219937
vt 0.905753 0.210448
vt 0.905753 0.156096
vt -0.000122 0.156096
vt 0.000000 0.121202
vt 0.905875 0.121202
vt 0.905875 0.093759
vt 0.000000 0.025761
vt 0.905875 0.025761
vt 0.905875 0.012881
vt 0.906387 0.330358
vt 0.906387 0.321630
vt 0.000512 0.321630
vt 0.906075 0.296828
vt 0.000200 0.296828
vt 0.000200 0.312903
vt 0.000000 0.089593
vt 0.905875 0.089593
vt 0.905875 0.062150
vt 0.000000 0.012881
vt 0.905875 0.012881
vt 0.905875 0.000000
vt 0.906387 0.321630
vt 0.906387 0.312903
vt 0.000512 0.312903
vt 0.906075 0.281378
vt 0.000200 0.281378
vt 0.000200 0.297453
vt 0.000000 0.048121
vt 0.000000 0.062150
vt 0.905875 0.062150
vt 0.000000 0.034093
vt 0.000000 0.048121
vt 0.905875 0.048121
vt 0.000200 0.259595
vt 0.906075 0.259595
vt 0.906075 0.219937
vt 0.905753 0.210448
vt 0.905753 0.156096
vt -0.000122 0.156096
vt 0.000000 0.121202
vt 0.905875 0.121202
vt 0.905875 0.093759
vt 0.000000 0.025761
vt 0.905875 0.025761
vt 0.905875 0.012881
vt 0.906387 0.330358
vt 0.906387 0.321630
vt 0.000512 0.321630
vt 0.906075 0.296828
vt 0.000200 0.296828
vt 0.000200 0.312903
vt 0.000000 0.089593
vt 0.905875 0.089593
vt 0.905875 0.062150
vt 0.000000 0.012881
vt 0.905875 0.012881
vt 0.905875 0.000000
vt 0.906387 0.321630
vt 0.906387 0.312903
vt 0.000512 0.312903
vt 0.906075 0.281378
vt 0.000200 0.281378
vt 0.000200 0.297453
vt 0.940396 0.046780
vt 0.957538 0.046780
vt 0.940396 0.031820
vt 0.981215 0.046780
vt 0.998356 0.031820
vt 0.981215 0.076045
vt 0.990521 0.076045
vt 0.990521 0.089780
vt 0.998356 0.046780
vt 0.957538 0.076045
vt 0.948231 0.089780
vt 0.948231 0.076045
vt -0.000122 0.156096
vt -0.000122 0.156096
vt 0.000512 0.312903
vt 0.000512 0.312903
vt 0.905875 0.025761
vt 0.905875 0.012881
vt 0.905875 0.048121
vt 0.905875 0.034093
vt 0.000000 0.062150
vt 0.000000 0.062150
vt 0.000000 0.048121
vt 0.906075 0.297453
vt 0.906075 0.281378
vt 0.000512 0.321630
vt 0.000512 0.321630
vt 0.000512 0.330358
vt 0.000200 0.259595
vt 0.906075 0.259595
vt 0.906075 0.219937
vt 0.905875 0.121202
vt 0.905875 0.093759
vt 0.906075 0.296828
vt 0.906075 0.312903
vt 0.000000 0.000000
vt 0.000000 0.000000
vt 0.000000 0.048121
vt 0.905875 0.048121
vt 0.905875 0.062150
vt 0.000000 0.034093
vt 0.905875 0.034093
vt 0.905875 0.048121
vt 0.000200 0.219937
vt 0.906075 0.219937
vt 0.906075 0.259595
vt -0.000122 0.210448
vt -0.000122 0.156096
vt 0.905753 0.156096
vt 0.000000 0.121202
vt 0.000000 0.093759
vt 0.905875 0.093759
vt 0.000000 0.025761
vt 0.000000 0.012881
vt 0.905875 0.012881
vt 0.000512 0.330358
vt 0.000512 0.321630
vt 0.906387 0.321630
vt 0.906075 0.296828
vt 0.906075 0.312903
vt 0.000200 0.312903
vt 0.000000 0.089593
vt 0.000000 0.062150
vt 0.905875 0.062150
vt 0.000000 0.012881
vt 0.000000 0.000000
vt 0.905875 0.000000
vt 0.000512 0.321630
vt 0.000512 0.312903
vt 0.906387 0.312903
vt 0.906075 0.281378
vt 0.906075 0.297453
vt 0.000200 0.297453
vt 0.000000 0.048121
vt 0.905875 0.048121
vt 0.905875 0.062150
vt 0.000000 0.034093
vt 0.905875 0.034093
vt 0.905875 0.048121
vt 0.000200 0.219937
vt 0.906075 0.219937
vt 0.906075 0.259595
vt -0.000122 0.210448
vt -0.000122 0.156096
vt 0.905753 0.156096
vt 0.000000 0.093759
vt 0.905875 0.093759
vt 0.905875 0.121202
vt 0.000000 0.025761
vt 0.000000 0.012881
vt 0.905875 0.012881
vt 0.000512 0.330358
vt 0.000512 0.321630
vt 0.906387 0.321630
vt 0.906075 0.296828
vt 0.906075 0.312903
vt 0.000200 0.312903
vt 0.000000 0.089593
vt 0.000000 0.062150
vt 0.905875 0.062150
vt 0.000000 0.012881
vt 0.000000 0.000000
vt 0.905875 0.000000
vt 0.000512 0.312903
vt 0.906387 0.312903
vt 0.906387 0.321630
vt 0.906075 0.281378
vt 0.906075 0.297453
vt 0.000200 0.297453
vt 0.000000 0.048121
vt 0.905875 0.048121
vt 0.905875 0.062150
vt 0.000000 0.034093
vt 0.905875 0.034093
vt 0.905875 0.048121
vt 0.000200 0.219937
vt 0.906075 0.219937
vt 0.906075 0.259595
vt -0.000122 0.210448
vt -0.000122 0.156096
vt 0.905753 0.156096
vt 0.000000 0.121202
vt 0.000000 0.093759
vt 0.905875 0.093759
vt 0.000000 0.025761
vt 0.000000 0.012881
vt 0.905875 0.012881
vt 0.000512 0.330358
vt 0.000512 0.321630
vt 0.906387 0.321630
vt 0.906075 0.296828
vt 0.906075 0.312903
vt 0.000200 0.312903
vt 0.000000 0.089593
vt 0.000000 0.062150
vt 0.905875 0.062150
vt 0.000000 0.012881
vt 0.000000 0.000000
vt 0.905875 0.000000
vt 0.000512 0.321630
vt 0.000512 0.312903
vt 0.906387 0.312903
vt 0.906075 0.281378
vt 0.906075 0.297453
vt 0.000200 0.297453
vt 0.000000 0.048121
vt 0.905875 0.048121
vt 0.905875 0.062150
vt 0.000000 0.034093
vt 0.905875 0.034093
vt 0.905875 0.048121
vt 0.906075 0.219937
vt 0.906075 0.259595
vt 0.000200 0.259595
vt -0.000122 0.210448
vt -0.000122 0.156096
vt 0.905753 0.156096
vt 0.000000 0.121202
vt 0.000000 0.093759
vt 0.905875 0.093759
vt 0.000000 0.025761
vt 0.000000 0.012881
vt 0.905875 0.012881
vt 0.000512 0.330358
vt 0.000512 0.321630
vt 0.906387 0.321630
vt 0.906075 0.296828
vt 0.906075 0.312903
vt 0.000200 0.312903
vt 0.000000 0.089593
vt 0.000000 0.062150
vt 0.905875 0.062150
vt 0.000000 0.012881
vt 0.000000 0.000000
vt 0.905875 0.000000
vt 0.000512 0.321630
vt 0.000512 0.312903
vt 0.906387 0.312903
vt 0.906075 0.281378
vt 0.906075 0.297453
vt 0.000200 0.297453
vt 0.905875 0.034093
vt 0.905875 0.048121
vt 0.000000 0.062150
vt 0.000000 0.062150
vt 0.905875 0.025761
vt 0.905875 0.012881
vt 0.905875 0.121202
vt 0.905875 0.093759
vt 0.000512 0.330358
vt 0.000200 0.259595
vt 0.000200 0.219937
vt 0.906075 0.219937
vt 0.906075 0.296828
vt 0.906075 0.281378
vt 0.000512 0.321630
vt -0.000122 0.210448
vt 0.000000 0.012881
vt 0.000000 0.089593
vt 0.998488 0.046688
vt 0.998488 0.031680
vt 0.981291 0.046688
vt 0.957537 0.046688
vt 0.940340 0.031680
vt 0.940340 0.046688
vt 0.981291 0.076047
vt 0.957537 0.076047
vt 0.990627 0.089827
vt 0.990627 0.076047
vt 0.948201 0.089827
vt 0.948201 0.076047
vt 0.905875 0.048121
vt 0.905875 0.034093
vt 0.906075 0.219937
vt 0.000000 0.093759
vt 0.000000 0.012881
vt 0.906075 0.281378
vt 0.905875 0.048121
vt 0.905875 0.034093
vt 0.000200 0.219937
vt -0.000122 0.210448
vt 0.000000 0.121202
vt 0.000000 0.012881
vt 0.000512 0.330358
vt 0.906075 0.312903
vt 0.000000 0.062150
vt 0.000000 0.000000
vt 0.000512 0.321630
vt 0.906075 0.297453
vt 0.905875 0.048121
vt 0.905875 0.034093
vt 0.906075 0.219937
vt -0.000122 0.156096
vt 0.000000 0.093759
vt 0.000000 0.012881
vt 0.000512 0.321630
vt 0.906075 0.296828
vt 0.000000 0.062150
vt 0.000000 0.000000
vt 0.000512 0.312903
vt 0.906075 0.281378
vt 0.905875 0.048121
vt 0.000000 0.034093
vt 0.000200 0.219937
vt -0.000122 0.210448
vt 0.000000 0.093759
vt 0.000000 0.012881
vt 0.000512 0.330358
vt 0.906075 0.312903
vt 0.000000 0.062150
vt 0.000000 0.000000
vt 0.000512 0.321630
vt 0.906075 0.297453
vt 0.000000 0.048121
vt 0.905875 0.034093
vt 0.000200 0.219937
vt -0.000122 0.210448
vt 0.000000 0.093759
vt 0.000000 0.012881
vt 0.000512 0.330358
vt 0.906075 0.312903
vt 0.000000 0.062150
vt 0.000000 0.000000
vt 0.000512 0.321630
vt 0.906075 0.297453
vt 0.905875 0.048121
vt 0.905875 0.034093
vt 0.906075 0.219937
vt -0.000122 0.156096
vt 0.000000 0.093759
vt 0.000000 0.025761
vt 0.000512 0.321630
vt 0.906075 0.296828
vt 0.000000 0.062150
vt 0.000000 0.000000
vt 0.000512 0.312903
vt 0.906075 0.281378
vt 0.905875 0.048121
vt 0.905875 0.034093
vt 0.000200 0.219937
vt -0.000122 0.210448
vt 0.000000 0.093759
vt 0.000000 0.012881
vt 0.000512 0.330358
vt 0.906075 0.312903
vt 0.000000 0.062150
vt 0.000000 0.000000
vt 0.000512 0.321630
vt 0.906075 0.297453
vt 0.905875 0.048121
vt 0.905875 0.034093
vt 0.000200 0.219937
vt -0.000122 0.210448
vt 0.000000 0.093759
vt 0.000000 0.012881
vt 0.000512 0.330358
vt 0.906075 0.312903
vt 0.000000 0.062150
vt 0.000000 0.000000
vt 0.000512 0.321630
vt 0.906075 0.297453
vt -0.000122 0.210448
vt 0.000512 0.321630
vt 0.000000 0.089593
vt 0.000000 0.062150
vt 0.000200 0.219937
vt 0.906075 0.296828
vt 0.000000 0.012881
vt 0.000000 0.062150
vt 0.000000 0.048121
vt 0.000200 0.259595
vt 0.905753 0.210448
vt 0.905875 0.121202
vt 0.905875 0.025761
vt 0.906387 0.330358
vt 0.000200 0.296828
vt 0.905875 0.089593
vt 0.905875 0.012881
vt 0.906387 0.321630
vt 0.000200 0.281378
vt 0.000000 0.062150
vt 0.000000 0.048121
vt 0.000200 0.259595
vt 0.905753 0.210448
vt 0.000000 0.121202
vt 0.905875 0.025761
vt 0.906387 0.330358
vt 0.000200 0.296828
vt 0.905875 0.089593
vt 0.905875 0.012881
vt 0.000512 0.321630
vt 0.000200 0.281378
vt 0.000000 0.062150
vt 0.000000 0.048121
vt 0.000200 0.259595
vt 0.905753 0.210448
vt 0.905875 0.121202
vt 0.905875 0.025761
vt 0.906387 0.330358
vt 0.000200 0.296828
vt 0.905875 0.089593
vt 0.905875 0.012881
vt 0.906387 0.321630
vt 0.000200 0.281378
vt 0.000000 0.048121
vt 0.000200 0.219937
vt 0.905753 0.210448
vt 0.906387 0.330358
vt 0.000200 0.296828
vt 0.905875 0.089593
vt 0.905875 0.012881
vt 0.906387 0.321630
vt 0.000200 0.281378
vt 0.000000 0.048121
vt 0.905875 0.025761
vt 0.905875 0.121202
vt 0.000512 0.321630
vt 0.906075 0.259595
vt 0.906075 0.312903
vt 0.906075 0.297453
vt 0.000512 0.312903
vt -0.000122 0.156096
vt 0.000000 0.000000
vt 0.000000 0.062150
vn -0.8179 0.5452 0.1838
vn 0.9859 0.0000 -0.1675
vn -0.8239 0.5492 0.1400
vn 0.7071 0.0000 -0.7071
vn -0.8321 0.5547 0.0000
vn 1.0000 0.0000 0.0000
vn 0.9757 0.0002 -0.2190
vn 0.7903 0.0000 0.6127
vn 0.8114 0.5428 -0.2168
vn -1.0000 0.0000 -0.0046
vn -0.9995 0.0000 0.0327
vn 0.7973 0.6031 -0.0246
vn 0.8153 0.5790 0.0038
vn 0.7982 0.6016 0.0320
vn -0.7023 0.0000 0.7119
vn 0.8155 0.5788 0.0000
vn 0.8395 0.5428 -0.0257
vn 0.8303 0.5565 0.0291
vn -0.8104 0.0000 -0.5859
vn -0.9661 0.0000 0.2581
vn 0.0587 0.0000 0.9983
vn -0.0002 1.0000 0.0000
vn 0.9857 -0.0001 -0.1688
vn -0.0853 0.9938 -0.0708
vn 0.0511 0.9953 -0.0826
vn -0.0195 0.9998 -0.0010
vn -0.9858 0.0000 0.1677
vn -1.0000 0.0000 -0.0001
vn 0.0113 0.9999 -0.0095
vn -0.0652 0.9955 -0.0695
vn 0.0596 0.9945 -0.0859
vn 0.9999 0.0000 -0.0134
vn 0.0316 -0.0210 -0.9993
vn -0.0278 -0.0631 -0.9976
vn -0.0873 0.0210 -0.9960
vn -0.1672 -0.0218 -0.9857
vn -0.2307 -0.0688 -0.9706
vn -0.2942 0.0218 -0.9555
vn 0.9893 0.1452 -0.0124
vn 0.7378 0.5203 0.4300
vn 0.7303 0.5141 -0.4499
vn -0.8885 -0.0005 0.4589
vn -0.9755 -0.0241 -0.2185
vn -0.9334 0.3417 0.1091
vn 0.9838 0.0687 -0.1659
vn 0.9857 0.0000 -0.1688
vn -1.0000 0.0000 0.0000
vn 0.9661 0.0000 -0.2581
vn 0.0001 1.0000 -0.0000
vn 0.0000 1.0000 0.0000
vn 0.0000 -0.0127 0.9999
vn -0.0125 0.0023 0.9999
vn 0.0127 -0.0000 0.9999
vn -0.9980 0.0631 0.0022
vn 0.0044 0.0000 1.0000
vn 0.0045 -0.0003 1.0000
vn 0.2301 0.0000 0.9732
vn 0.2300 -0.0005 0.9732
vn -0.8607 0.4876 0.1463
vn -0.8583 0.4756 0.1928
vn 0.0000 0.0000 -1.0000
vn -0.8179 0.5453 0.1838
vn 0.9859 0.0002 -0.1676
vn 0.9757 0.0000 -0.2192
vn 0.7903 0.0000 0.6128
vn 0.8153 0.5790 -0.0000
vn 0.8327 0.5530 -0.0296
vn 0.8318 0.5542 0.0296
vn 0.7988 0.6016 0.0096
vn 0.7862 0.6153 -0.0577
vn 0.8184 0.5740 -0.0268
vn 0.0586 0.0000 0.9983
vn 0.0052 1.0000 -0.0046
vn -0.0053 1.0000 0.0045
vn -0.0198 0.9998 -0.0008
vn -0.0854 0.9940 -0.0685
vn 0.0506 0.9951 -0.0849
vn 0.0618 0.9945 -0.0840
vn 0.0127 0.9999 -0.0101
vn -0.0629 0.9954 -0.0724
vn -0.0477 -0.0599 -0.9971
vn -0.0479 -0.0598 -0.9971
vn 0.0352 0.0000 -0.9994
vn -0.2507 -0.0657 -0.9658
vn -0.2509 -0.0657 -0.9658
vn -0.1637 0.0000 -0.9865
vn 0.9528 -0.0015 0.3037
vn 0.9386 0.3418 -0.0473
vn 0.9252 -0.0226 -0.3788
vn -0.9271 0.3404 0.1571
vn -0.6848 0.6497 -0.3300
vn -0.5159 0.6707 0.5329
vn 0.9949 -0.0027 -0.1006
vn 0.9833 0.0688 -0.1684
vn -0.0035 -0.0315 0.9995
vn 0.0043 -0.0135 0.9999
vn 0.0138 -0.0192 0.9997
vn -0.9980 -0.0025 0.0630
vn -0.9980 0.0630 -0.0001
vn -0.0004 0.0036 1.0000
vn 0.0036 -0.0006 1.0000
vn -0.0006 -0.0036 1.0000
vn 0.0036 -0.0010 1.0000
vn 0.2300 0.0003 0.9732
vn -0.9875 0.0000 0.1575
vn -0.9632 0.0005 0.2688
vn -0.9632 0.0000 0.2686
vn 0.0000 0.0000 1.0000
vn 0.0000 -1.0000 0.0000
vn -0.0019 -0.0000 -1.0000
vn 0.0004 0.0000 1.0000
vn 0.0021 1.0000 -0.0000
vn -0.0046 0.0000 -1.0000
vn 0.9998 0.0000 -0.0217
vn 0.0000 -1.0000 -0.0032
vn 0.0000 1.0000 0.0032
vn 0.0001 0.0000 1.0000
vn -0.2668 0.0000 -0.9638
vn -0.2668 0.0000 -0.9637
vn 0.9634 0.0000 -0.2679
vn -0.9634 0.0000 0.2679
vn -0.2667 0.0000 -0.9638
vn -0.2668 0.0001 -0.9638
vn -0.2678 0.0000 -0.9635
vn 0.9634 0.0000 -0.2680
vn 0.2676 0.0000 0.9635
vn -0.2679 0.0000 -0.9634
vn 0.2677 0.0000 0.9635
vn -0.2673 0.0000 -0.9636
vn 0.2666 0.0000 0.9638
vn -0.9634 0.0000 0.2680
vn -0.2635 0.0000 -0.9647
vn 0.2631 0.0000 0.9648
vn -0.2636 0.0000 -0.9646
vn 0.2630 0.0000 0.9648
vn -0.2646 0.0000 -0.9644
vn 0.2620 0.0000 0.9651
vn -0.2589 0.0000 -0.9659
vn 0.2583 0.0000 0.9661
vn -0.2588 0.0000 -0.9659
vn 0.2584 -0.0000 0.9660
vn -0.2599 0.0000 -0.9656
vn 0.9635 0.0000 -0.2679
vn 0.2573 0.0000 0.9663
vn -0.2542 0.0000 -0.9672
vn 0.2536 0.0000 0.9673
vn -0.2543 0.0000 -0.9671
vn -0.2552 0.0000 -0.9669
vn 0.9635 0.0000 -0.2678
vn 0.2526 -0.0000 0.9676
vn -0.9634 0.0000 0.2681
vn 0.9678 0.0000 -0.2516
vn -0.9678 0.0000 0.2516
vn -0.2482 0.0000 -0.9687
vn 0.9720 0.0000 -0.2350
vn 0.2473 0.0000 0.9689
vn -0.9720 0.0000 0.2350
vn -0.9719 0.0000 0.2352
vn 0.9719 0.0000 -0.2353
vn -0.2499 0.0000 -0.9683
vn 0.2456 0.0000 0.9694
vn -0.9720 0.0000 0.2349
vn -0.2405 0.0000 -0.9706
vn 0.9720 0.0000 -0.2351
vn 0.2396 0.0000 0.9709
vn -0.9720 0.0000 0.2351
vn -0.2403 0.0000 -0.9707
vn -0.9720 0.0000 0.2352
vn 0.2395 0.0000 0.9709
vn 0.9719 0.0000 -0.2352
vn -0.2422 0.0000 -0.9702
vn 0.2378 0.0000 0.9713
vn -0.2326 0.0000 -0.9726
vn 0.2317 0.0000 0.9728
vn -0.2327 0.0000 -0.9726
vn -0.2344 0.0000 -0.9721
vn 0.2300 0.0000 0.9732
vn -0.2249 0.0000 -0.9744
vn 0.2239 0.0000 0.9746
vn 0.2240 -0.0000 0.9746
vn -0.2266 0.0000 -0.9740
vn 0.2223 0.0000 0.9750
vn -0.9719 0.0000 0.2353
vn 0.9755 0.0000 -0.2199
vn -0.9755 0.0000 0.2199
vn -0.2179 0.0000 -0.9760
vn 0.9782 0.0000 -0.2074
vn 0.2172 0.0000 0.9761
vn -0.9782 0.0000 0.2074
vn -0.2180 0.0000 -0.9760
vn -0.9782 0.0000 0.2076
vn 0.2173 -0.0000 0.9761
vn 0.9782 0.0000 -0.2076
vn -0.2193 0.0000 -0.9756
vn 0.2159 0.0000 0.9764
vn -0.9783 0.0000 0.2074
vn -0.2118 0.0000 -0.9773
vn 0.9782 0.0000 -0.2075
vn 0.2110 0.0000 0.9775
vn -0.9782 0.0000 0.2075
vn -0.2131 0.0000 -0.9770
vn 0.2096 0.0000 0.9778
vn -0.2055 0.0000 -0.9786
vn 0.2047 0.0000 0.9788
vn -0.2054 0.0000 -0.9787
vn -0.2069 0.0000 -0.9784
vn 0.2034 0.0000 0.9791
vn -0.1993 0.0000 -0.9799
vn 0.1985 0.0000 0.9801
vn -0.2006 0.0000 -0.9797
vn 0.9783 0.0000 -0.2074
vn 0.1971 0.0000 0.9804
vn 0.9805 -0.0000 -0.1963
vn -0.9805 0.0000 0.1963
vn -0.1933 0.0000 -0.9811
vn 0.9831 0.0000 -0.1828
vn 0.1927 0.0000 0.9813
vn -0.9832 0.0000 0.1828
vn -0.9831 0.0000 0.1829
vn 0.9831 -0.0000 -0.1829
vn -0.1945 0.0000 -0.9809
vn 0.9831 0.0000 -0.1830
vn 0.1915 0.0000 0.9815
vn -0.1878 0.0000 -0.9822
vn 0.1872 0.0000 0.9823
vn -0.9831 0.0000 0.1828
vn -0.1879 0.0000 -0.9822
vn -0.1891 0.0000 -0.9820
vn 0.1860 0.0000 0.9825
vn -0.1823 0.0000 -0.9832
vn 0.1818 0.0000 0.9833
vn -0.1824 0.0000 -0.9832
vn -0.1836 0.0000 -0.9830
vn 0.1806 -0.0000 0.9836
vn -0.9830 0.0000 0.1837
vn -0.9833 -0.0000 0.1819
vn -0.1770 0.0000 -0.9842
vn 0.1763 0.0000 0.9843
vn -0.1782 0.0000 -0.9840
vn 0.1751 0.0000 0.9845
vn -0.9842 0.0000 0.1769
vn 0.9842 0.0000 -0.1769
vn -0.1715 0.0000 -0.9852
vn 0.9860 0.0000 -0.1670
vn 0.1709 0.0000 0.9853
vn -0.9860 0.0000 0.1670
vn -0.1727 0.0000 -0.9850
vn 0.9854 0.0000 -0.1704
vn 0.1698 0.0000 0.9855
vn -0.9854 0.0000 0.1704
vn -0.1664 0.0000 -0.9861
vn 0.9872 0.0000 -0.1597
vn 0.1657 0.0000 0.9862
vn -0.9872 0.0000 0.1597
vn -0.1675 0.0000 -0.9859
vn 0.9872 0.0000 -0.1598
vn 0.1646 0.0000 0.9864
vn -0.1613 0.0000 -0.9869
vn 0.1606 0.0000 0.9870
vn -0.1624 0.0000 -0.9867
vn 0.1595 -0.0000 0.9872
vn -0.1562 0.0000 -0.9877
vn 0.1555 0.0000 0.9878
vn -0.9872 0.0000 0.1598
vn -0.1573 0.0000 -0.9876
vn 0.1544 0.0000 0.9880
vn -0.9872 0.0000 0.1593
vn 0.9872 0.0000 -0.1593
vn -0.1510 0.0000 -0.9885
vn 0.1504 0.0000 0.9886
vn -0.1521 0.0000 -0.9884
vn 0.9872 0.0000 -0.1596
vn 0.1492 0.0000 0.9888
vn -0.9871 0.0000 0.1598
vn -0.1458 0.0000 -0.9893
vn 0.9906 0.0000 -0.1368
vn 0.1452 0.0000 0.9894
vn -0.9906 0.0000 0.1368
vn -0.1470 0.0000 -0.9891
vn 0.9906 0.0000 -0.1370
vn 0.1441 0.0000 0.9896
vn 0.9906 0.0000 -0.1369
vn -0.1406 0.0000 -0.9901
vn 0.1400 0.0000 0.9902
vn -0.9906 0.0000 0.1369
vn -0.1418 0.0000 -0.9899
vn 0.1389 -0.0000 0.9903
vn -0.1354 0.0000 -0.9908
vn 0.1348 0.0000 0.9909
vn -0.1366 -0.0000 -0.9906
vn 0.1337 0.0000 0.9910
vn -0.1302 0.0000 -0.9915
vn 0.1296 0.0000 0.9916
vn -0.1314 0.0000 -0.9913
vn 0.1285 0.0000 0.9917
vn -0.9906 0.0000 0.1370
vn -0.1250 0.0000 -0.9922
vn 0.9936 0.0000 -0.1132
vn 0.1243 0.0000 0.9922
vn -0.9936 -0.0000 0.1132
vn -0.1262 0.0000 -0.9920
vn 0.9925 0.0000 -0.1220
vn 0.1231 0.0000 0.9924
vn -0.9925 0.0000 0.1220
vn -0.9930 0.0000 0.1183
vn 0.9930 0.0000 -0.1183
vn -0.1193 0.0000 -0.9929
vn 0.1186 0.0000 0.9929
vn -0.1206 -0.0000 -0.9927
vn 0.9936 0.0000 -0.1133
vn 0.1174 0.0000 0.9931
vn -0.1136 0.0000 -0.9935
vn 0.1130 0.0000 0.9936
vn -0.9936 0.0000 0.1133
vn -0.1149 0.0000 -0.9934
vn 0.1117 0.0000 0.9937
vn -0.1080 0.0000 -0.9942
vn 0.1073 0.0000 0.9942
vn -0.1092 0.0000 -0.9940
vn 0.1060 0.0000 0.9944
vn -0.1023 0.0000 -0.9948
vn 0.1016 0.0000 0.9948
vn -0.1035 -0.0000 -0.9946
vn 0.9936 0.0000 -0.1127
vn 0.1003 0.0000 0.9950
vn -0.9936 0.0000 0.1129
vn -0.9952 0.0000 0.0974
vn 0.9952 0.0000 -0.0974
vn -0.0959 0.0000 -0.9954
vn 0.9962 -0.0000 -0.0875
vn 0.0951 0.0000 0.9955
vn -0.9962 0.0000 0.0875
vn -0.0974 0.0000 -0.9952
vn 0.9962 0.0000 -0.0876
vn 0.0936 0.0000 0.9956
vn -0.9962 0.0000 0.0874
vn -0.0892 0.0000 -0.9960
vn 0.0884 0.0000 0.9961
vn -0.0907 0.0000 -0.9959
vn 0.0869 0.0000 0.9962
vn -0.9962 0.0000 0.0876
vn -0.0825 0.0000 -0.9966
vn 0.0817 0.0000 0.9967
vn -0.0840 0.0000 -0.9965
vn 0.0802 0.0000 0.9968
vn -0.0758 0.0000 -0.9971
vn 0.0750 -0.0000 0.9972
vn -0.2667 -0.0001 -0.9638
vn -0.0772 0.0000 -0.9970
vn 0.9962 0.0000 -0.0874
vn 0.0735 -0.0000 0.9973
vn -0.9961 0.0000 0.0877
vn -0.9975 0.0000 0.0711
vn 0.9975 0.0000 -0.0711
vn -0.0680 0.0000 -0.9977
vn 0.9983 -0.0000 -0.0579
vn 0.0670 0.0000 0.9978
vn -0.9983 0.0000 0.0579
vn -0.2669 0.0001 -0.9637
vn -0.2669 0.0000 -0.9637
vn -0.0699 0.0000 -0.9976
vn 0.9983 0.0000 -0.0581
vn 0.0650 0.0000 0.9979
vn -0.9983 0.0000 0.0578
vn -0.0593 0.0000 -0.9982
vn 0.9983 -0.0000 -0.0580
vn 0.0583 0.0000 0.9983
vn -0.9983 0.0000 0.0580
vn -0.0612 0.0000 -0.9981
vn 0.0564 0.0000 0.9984
vn -0.0507 0.0000 -0.9987
vn 0.0496 0.0000 0.9988
vn -0.9983 0.0000 0.0581
vn -0.0526 0.0000 -0.9986
vn 0.0477 0.0000 0.9989
vn -0.0420 0.0000 -0.9991
vn 0.0410 0.0000 0.9992
vn -0.9983 0.0000 0.0582
vn -0.0439 0.0000 -0.9990
vn 0.9987 0.0000 -0.0512
vn 0.0394 0.0000 0.9992
vn -0.9987 0.0000 0.0515
vn -0.9994 0.0000 0.0341
vn 0.9994 -0.0000 -0.0341
vn -0.0359 0.0000 -0.9994
vn 0.9998 0.0000 -0.0218
vn 0.0352 0.0000 0.9994
vn -0.9998 0.0000 0.0218
vn 0.0031 0.0000 1.0000
vn 0.0020 1.0000 -0.0000
vn -0.0305 0.0000 -0.9995
vn 0.0299 0.0000 0.9996
vn -0.9998 0.0000 0.0220
vn 0.9998 0.0000 -0.0220
vn -0.0252 0.0000 -0.9997
vn 0.9998 0.0000 -0.0219
vn 0.0245 0.0000 0.9997
vn -0.9998 -0.0000 0.0219
vn -0.0001 0.0000 1.0000
vn 0.2678 0.0000 0.9635
vn 0.2629 0.0000 0.9648
vn -0.2590 0.0000 -0.9659
vn -0.2542 0.0000 -0.9671
vn 0.2537 0.0000 0.9673
vn -0.9635 0.0000 0.2679
vn -0.2483 0.0000 -0.9687
vn 0.2472 0.0000 0.9690
vn -0.2404 0.0000 -0.9707
vn -0.2405 0.0000 -0.9707
vn 0.9720 0.0000 -0.2352
vn 0.2318 0.0000 0.9728
vn -0.2117 0.0000 -0.9773
vn -0.2055 0.0000 -0.9787
vn 0.2048 0.0000 0.9788
vn -0.1992 0.0000 -0.9800
vn 0.1926 -0.0000 0.9813
vn -0.1825 0.0000 -0.9832
vn 0.1817 0.0000 0.9833
vn 0.1658 0.0000 0.9862
vn -0.1612 0.0000 -0.9869
vn 0.1607 0.0000 0.9870
vn -0.1561 0.0000 -0.9877
vn -0.1355 0.0000 -0.9908
vn -0.1194 0.0000 -0.9929
vn 0.1187 0.0000 0.9929
vn -0.1137 0.0000 -0.9935
vn 0.0669 0.0000 0.9978
vn -0.0506 0.0000 -0.9987
vn 0.9850 0.0000 -0.1724
vn 0.9871 0.0000 -0.1602
vn -0.9871 -0.0000 0.1602
vn -0.9849 -0.0000 0.1731
vn 0.9850 0.0000 -0.1726
vn 0.9849 -0.0000 -0.1733
vn 0.9888 0.0000 -0.1490
vn -0.9888 -0.0000 0.1490
vn 0.9900 0.0000 -0.1409
vn -0.9900 -0.0000 0.1409
vn 0.9924 -0.0000 -0.1232
vn -0.9924 0.0000 0.1232
vn 0.9944 0.0000 -0.1057
vn -0.9944 0.0000 0.1057
vn 0.9963 0.0008 -0.0854
vn -0.9960 0.0021 0.0889
vn -0.9966 -0.0000 0.0829
vn -0.9964 0.0000 0.0853
vn -0.9961 0.0036 0.0877
vn 0.9965 0.0031 -0.0840
vn 0.9960 -0.0015 -0.0895
vn 0.9961 -0.0047 -0.0885
vn 0.9986 0.0046 -0.0527
vn -0.9970 -0.0045 0.0775
vn -0.9989 0.0066 0.0471
vn -0.9984 0.0085 0.0551
vn -0.9963 0.0041 0.0853
vn -0.9965 0.0000 0.0841
vn 0.9987 0.0125 -0.0503
vn 0.9986 -0.0046 -0.0527
vn 0.9965 -0.0066 -0.0834
vn 0.9986 -0.0102 -0.0528
vn -0.9981 -0.0125 0.0600
vn -0.9990 0.0042 0.0455
vn -0.0003 1.0000 -0.0051
vn -0.0049 -1.0000 -0.0013
vn -0.0065 -0.9999 0.0129
vn -0.9989 0.0066 0.0462
vn -0.9975 0.0190 0.0685
vn -0.9987 0.0139 0.0491
vn -0.0062 -1.0000 0.0070
vn -0.0076 -1.0000 -0.0038
vn 0.0076 1.0000 0.0038
vn 0.0019 1.0000 -0.0038
vn 0.9985 -0.0121 -0.0528
vn 0.9987 -0.0076 -0.0513
vn 0.9986 -0.0051 -0.0528
vn 0.9981 -0.0101 -0.0602
vn -0.0067 -0.9999 0.0106
vn -0.0006 -0.9999 -0.0121
vn -0.0011 1.0000 0.0076
vn -0.0005 0.9999 -0.0101
vn 0.0533 -0.0000 0.9986
vn 0.0677 0.0064 0.9977
vn 0.0619 0.0048 0.9981
vn 0.0593 0.0007 0.9982
vn 0.0510 -0.0072 0.9987
vn 0.0610 -0.0090 0.9981
vn 0.0677 -0.0073 0.9977
vn 0.0495 -0.0037 0.9988
vn 0.0592 -0.0073 0.9982
vn 0.0755 0.0000 0.9971
vn 0.0584 0.0000 0.9983
vn 0.0736 0.0074 0.9973
vn -0.9846 0.0000 0.1749
vn 0.9848 0.0000 -0.1739
vn 0.9848 -0.0000 -0.1735
vn 0.9845 -0.0001 -0.1754
vn -0.9999 0.0000 0.0122
vn 0.9999 0.0000 -0.0122
vn 0.0000 -1.0000 0.0002
vn 0.0000 -1.0000 0.0005
vn 0.0122 0.0000 0.9999
vn 0.9983 0.0016 -0.0576
vn 0.0046 0.9999 0.0137
vn -0.9985 0.0037 0.0549
vn -0.9982 0.0042 0.0601
usemtl Material.003
s off
f 1/1/1 3/2/1 2/3/1
f 2/4/2 5/5/2 4/6/2
f 1/1/3 4/7/3 10/8/3
f 11/9/4 7/10/4 12/11/4
f 10/8/5 13/12/5 11/13/5
f 5/14/6 13/15/6 4/16/6
f 2/17/7 14/18/7 9/19/7
f 15/20/8 14/21/8 3/22/8
f 16/23/9 18/24/9 17/25/9
f 19/26/10 20/27/10 17/28/10
f 23/29/11 24/30/11 20/31/11
f 25/32/12 17/25/13 20/33/14
f 26/34/15 28/35/15 27/36/15
f 25/32/16 24/37/17 26/38/18
f 29/39/19 30/40/19 18/41/19
f 17/42/20 30/43/20 19/44/20
f 32/45/21 34/46/21 33/47/21
f 35/48/22 33/49/22 34/50/22
f 36/51/23 38/52/23 37/53/23
f 39/54/24 37/55/25 38/56/26
f 39/54/27 41/57/27 40/58/27
f 42/59/28 44/60/28 43/61/28
f 45/62/29 41/63/30 44/60/31
f 46/64/32 41/65/32 45/66/32
f 44/60/33 41/63/34 47/67/35
f 41/57/36 38/56/37 48/68/38
f 41/65/39 46/64/40 33/69/41
f 41/70/42 47/71/43 34/72/44
f 49/73/6 16/74/6 25/75/6
f 38/56/45 36/76/46 50/77/46
f 11/13/47 6/78/47 10/8/47
f 16/74/48 31/79/48 29/80/48
f 51/81/49 34/50/49 52/82/49
f 33/49/50 35/48/50 49/83/50
f 46/64/51 43/84/52 53/85/53
f 49/73/6 25/75/6 26/86/6
f 53/85/28 43/84/28 44/60/54
f 32/87/55 33/88/55 53/85/56
f 54/89/57 52/90/57 34/91/57
f 40/92/58 34/93/58 50/94/58
f 10/95/59 52/96/59 1/97/59
f 15/98/60 1/97/60 52/96/60
f 51/99/61 56/100/61 55/101/61
f 1/1/62 15/102/62 3/2/62
f 2/4/63 9/103/63 5/5/63
f 1/1/3 2/104/3 4/7/3
f 11/9/4 13/105/4 7/10/4
f 10/8/5 4/7/5 13/12/5
f 5/14/6 7/106/6 13/15/6
f 2/17/64 3/107/64 14/18/64
f 15/20/65 58/108/65 14/21/65
f 16/23/9 29/109/9 18/24/9
f 19/26/10 23/110/10 20/27/10
f 23/29/11 28/111/11 24/30/11
f 25/32/66 16/23/67 17/25/68
f 26/34/15 24/112/15 28/35/15
f 25/32/69 20/33/70 24/37/71
f 29/39/19 31/113/19 30/40/19
f 17/42/20 18/114/20 30/43/20
f 32/45/72 54/115/72 34/46/72
f 51/81/50 55/116/50 34/50/50
f 55/116/50 57/117/73 34/50/50
f 34/50/50 57/117/74 35/48/50
f 39/54/75 38/56/76 41/57/77
f 45/62/78 44/60/79 42/59/80
f 44/60/81 47/67/82 59/118/83
f 41/57/84 48/68/85 47/119/86
f 41/65/87 33/69/88 47/120/89
f 41/70/90 34/72/91 40/121/92
f 49/73/6 22/122/6 16/74/6
f 38/56/93 50/77/46 48/68/94
f 11/13/47 12/123/47 6/78/47
f 16/74/48 22/122/48 31/79/48
f 46/64/95 53/85/96 33/69/97
f 26/86/6 27/124/6 49/73/6
f 27/124/6 21/125/6 49/73/6
f 53/85/28 44/60/98 59/118/99
f 49/73/100 21/125/101 53/85/102
f 21/125/103 32/87/103 53/85/103
f 54/89/104 8/126/104 52/90/104
f 40/92/57 50/94/57 36/127/57
f 10/95/105 6/128/105 52/96/105
f 52/96/106 8/126/106 58/129/106
f 58/129/107 15/98/107 52/96/107
f 51/99/61 6/128/61 56/100/61
f 22/122/61 35/130/61 55/101/61
f 55/101/61 56/100/61 22/122/61
f 63/131/108 60/132/108 61/133/108
f 62/134/108 63/131/108 67/135/108
f 63/131/108 62/134/108 64/136/108
f 65/137/108 64/136/108 62/134/108
f 63/131/108 64/136/108 60/132/108
f 73/138/61 72/139/61 75/140/61
f 76/141/47 73/142/47 74/143/47
f 76/144/108 77/145/108 79/146/108
f 72/147/6 78/148/6 79/149/6
f 76/150/50 78/151/50 72/152/50
f 81/153/61 80/154/61 83/155/61
f 85/156/6 84/157/6 80/158/6
f 87/159/108 86/160/108 84/161/108
f 82/162/47 83/163/47 86/164/47
f 85/165/50 81/166/50 82/167/50
f 80/168/109 84/169/109 86/170/109
f 89/171/61 88/172/61 91/173/61
f 92/174/47 89/175/47 90/176/47
f 92/177/108 93/178/108 95/179/108
f 88/180/6 94/181/6 95/182/6
f 94/183/50 88/184/50 89/185/50
f 97/186/110 96/187/110 2102/188/110
f 99/189/6 98/190/6 96/191/6
f 2104/192/111 2103/193/111 98/194/111
f 99/195/112 97/196/112 2101/197/112
f 96/198/109 98/199/109 2103/200/109
f 101/201/61 100/202/61 103/203/61
f 104/204/47 101/205/47 102/206/47
f 104/207/108 105/208/108 107/209/108
f 100/210/6 106/211/6 107/212/6
f 104/213/50 106/214/50 100/215/50
f 108/216/113 2083/217/113 2082/218/113
f 111/219/6 110/220/6 108/221/6
f 2082/222/114 2084/223/114 2083/224/114
f 108/225/109 110/226/109 2084/227/109
f 115/228/6 116/229/6 61/230/6
f 64/231/47 65/232/47 118/233/47
f 70/234/50 139/235/50 138/236/50
f 115/237/109 60/238/109 64/239/109
f 67/240/47 137/241/47 117/242/47
f 69/243/47 138/244/47 113/245/47
f 137/246/109 67/247/109 68/248/109
f 118/249/50 65/250/50 62/251/50
f 112/252/6 66/253/6 63/254/6
f 70/255/6 71/256/6 114/257/6
f 114/258/109 71/259/109 66/260/109
f 135/261/50 63/262/50 61/263/50
f 120/264/61 119/265/61 122/266/61
f 123/267/47 120/268/47 121/269/47
f 123/270/108 124/271/108 126/272/108
f 119/273/6 125/274/6 126/275/6
f 123/276/50 125/277/50 119/278/50
f 127/279/61 130/280/61 129/281/61
f 132/282/6 131/283/6 127/284/6
f 134/285/108 133/286/108 131/287/108
f 129/288/47 130/289/47 133/290/47
f 132/291/50 128/292/50 129/293/50
f 127/294/109 131/295/109 133/296/109
f 141/297/61 140/298/61 143/299/61
f 144/300/47 141/301/47 142/302/47
f 144/303/108 145/304/108 147/305/108
f 140/306/6 146/307/6 147/308/6
f 144/309/50 146/310/50 140/311/50
f 149/312/61 148/313/61 151/314/61
f 153/315/6 152/316/6 148/317/6
f 155/318/108 154/319/108 152/320/108
f 150/321/47 151/322/47 154/323/47
f 153/324/50 149/325/50 150/326/50
f 148/327/109 152/328/109 154/329/109
f 157/330/61 156/331/61 159/332/61
f 160/333/47 157/334/47 158/335/47
f 160/336/108 161/337/108 163/338/108
f 156/339/6 162/340/6 163/341/6
f 160/342/50 162/343/50 156/344/50
f 165/345/61 164/346/61 167/347/61
f 169/348/6 168/349/6 164/350/6
f 171/351/108 170/352/108 168/353/108
f 166/354/47 167/355/47 170/356/47
f 169/357/50 165/358/50 166/359/50
f 164/360/109 168/361/109 170/362/109
f 173/363/61 172/364/61 175/365/61
f 176/366/47 173/367/47 174/368/47
f 176/369/108 177/370/108 179/371/108
f 172/372/6 178/373/6 179/374/6
f 176/375/50 178/376/50 172/377/50
f 180/378/61 183/379/61 182/380/61
f 185/381/6 184/382/6 180/383/6
f 187/384/108 186/385/108 184/386/108
f 182/387/47 183/388/47 186/389/47
f 185/390/50 181/391/50 182/392/50
f 180/393/109 184/394/109 186/395/109
f 193/396/6 116/397/6 115/398/6
f 136/399/47 118/400/47 196/401/47
f 138/402/50 139/403/50 215/404/50
f 192/405/109 115/406/109 136/407/109
f 137/408/47 190/409/47 195/410/47
f 138/411/47 214/412/47 189/413/47
f 190/414/109 137/415/109 113/416/109
f 118/417/50 117/418/50 195/419/50
f 188/420/6 112/421/6 135/422/6
f 139/423/6 114/424/6 191/425/6
f 191/426/109 114/427/109 112/428/109
f 194/429/50 135/430/50 116/431/50
f 198/432/61 197/433/61 200/434/61
f 201/435/47 198/436/47 199/437/47
f 201/438/108 202/439/108 204/440/108
f 197/441/6 203/442/6 204/443/6
f 201/444/50 203/445/50 197/446/50
f 206/447/61 205/448/61 208/449/61
f 210/450/6 209/451/6 205/452/6
f 212/453/108 211/454/108 209/455/108
f 207/456/47 208/457/47 211/458/47
f 210/459/50 206/460/50 207/461/50
f 205/462/109 209/463/109 211/464/109
f 217/465/61 216/466/61 219/467/61
f 220/468/47 217/469/47 218/470/47
f 220/471/108 221/472/108 223/473/108
f 222/474/6 223/475/6 219/476/6
f 220/477/50 222/478/50 216/479/50
f 225/480/61 224/481/61 227/482/61
f 229/483/6 228/484/6 224/485/6
f 231/486/108 230/487/108 228/488/108
f 226/489/47 227/490/47 230/491/47
f 229/492/50 225/493/50 226/494/50
f 224/495/109 228/496/109 230/497/109
f 233/498/61 232/499/61 235/500/61
f 236/501/47 233/502/47 234/503/47
f 236/504/108 237/505/108 239/506/108
f 238/507/6 239/508/6 235/509/6
f 236/510/50 238/511/50 232/512/50
f 240/513/61 243/514/61 242/515/61
f 245/516/6 244/517/6 240/518/6
f 247/519/108 246/520/108 244/521/108
f 242/522/47 243/523/47 246/524/47
f 245/525/50 241/526/50 242/527/50
f 240/528/109 244/529/109 246/530/109
f 249/531/61 248/532/61 251/533/61
f 252/534/47 249/535/47 250/536/47
f 252/537/108 253/538/108 255/539/108
f 254/540/6 255/541/6 251/542/6
f 252/543/50 254/544/50 248/545/50
f 256/546/61 259/547/61 258/548/61
f 262/549/108 261/550/108 260/551/108
f 258/552/47 259/553/47 261/550/47
f 260/551/50 257/554/50 258/555/50
f 286/556/6 267/557/6 193/558/6
f 213/559/47 196/560/47 270/561/47
f 214/562/50 215/563/50 289/564/50
f 286/565/109 192/566/109 213/567/109
f 190/568/47 265/569/47 269/570/47
f 214/571/47 288/572/47 264/573/47
f 265/574/109 190/575/109 189/576/109
f 270/577/50 196/578/50 195/579/50
f 263/580/6 188/581/6 194/582/6
f 289/583/6 215/584/6 191/585/6
f 266/586/109 191/587/109 188/588/109
f 268/589/50 194/590/50 193/591/50
f 272/592/61 271/593/61 274/594/61
f 275/595/47 272/596/47 273/597/47
f 275/598/108 276/599/108 278/600/108
f 277/601/6 278/602/6 274/603/6
f 275/604/50 277/605/50 271/606/50
f 280/607/61 279/608/61 282/609/61
f 260/551/6 2144/610/6 256/611/6
f 281/612/47 282/613/47 284/614/47
f 283/615/50 280/616/50 281/617/50
f 283/618/6 2145/619/6 279/620/6
f 291/621/61 290/622/61 293/623/61
f 294/624/47 291/625/47 292/626/47
f 294/627/108 295/628/108 297/629/108
f 296/630/6 297/631/6 293/632/6
f 294/633/50 296/634/50 290/635/50
f 298/636/61 301/637/61 300/638/61
f 260/551/108 261/550/108 2144/610/108
f 300/639/47 301/640/47 303/641/47
f 302/642/50 299/643/50 300/644/50
f 256/611/109 2144/610/109 261/550/109
f 306/645/61 305/646/61 308/647/61
f 309/648/47 306/649/47 307/650/47
f 309/651/108 310/652/108 312/653/108
f 311/654/6 312/655/6 308/656/6
f 309/657/50 311/658/50 305/659/50
f 313/660/61 316/661/61 315/662/61
f 318/663/6 317/664/6 313/665/6
f 320/666/108 319/667/108 317/668/108
f 315/669/47 316/670/47 319/671/47
f 318/672/50 314/673/50 315/674/50
f 313/675/109 317/676/109 319/677/109
f 322/678/61 321/679/61 324/680/61
f 325/681/47 322/682/47 323/683/47
f 325/684/108 326/685/108 328/686/108
f 327/687/6 328/688/6 324/689/6
f 325/690/50 327/691/50 321/692/50
f 330/693/61 329/694/61 332/695/61
f 334/696/6 333/697/6 329/698/6
f 336/699/108 335/700/108 333/701/108
f 331/702/47 332/703/47 335/704/47
f 334/705/50 330/706/50 331/707/50
f 329/708/109 333/709/109 335/710/109
f 342/711/6 267/712/6 286/713/6
f 287/714/47 270/715/47 345/716/47
f 288/717/50 289/718/50 364/719/50
f 341/720/109 286/721/109 287/722/109
f 265/723/47 339/724/47 344/725/47
f 288/726/47 363/727/47 338/728/47
f 339/729/109 265/730/109 264/731/109
f 345/732/50 270/733/50 269/734/50
f 337/735/6 263/736/6 268/737/6
f 364/738/6 289/739/6 266/740/6
f 340/741/109 266/742/109 263/743/109
f 343/744/50 268/745/50 267/746/50
f 347/747/61 346/748/61 349/749/61
f 350/750/47 347/751/47 348/752/47
f 350/753/108 351/754/108 353/755/108
f 352/756/6 353/757/6 349/758/6
f 350/759/50 352/760/50 346/761/50
f 354/762/61 357/763/61 356/764/61
f 359/765/6 358/766/6 354/767/6
f 361/768/108 360/769/108 358/770/108
f 356/771/47 357/772/47 360/773/47
f 359/774/50 355/775/50 356/776/50
f 354/777/109 358/778/109 360/779/109
f 366/780/61 365/781/61 368/782/61
f 369/783/47 366/784/47 367/785/47
f 369/786/108 370/787/108 372/788/108
f 365/789/6 371/790/6 372/791/6
f 369/792/50 371/793/50 365/794/50
f 373/795/61 376/796/61 375/797/61
f 377/798/6 373/799/6 374/800/6
f 380/801/108 379/802/108 377/803/108
f 375/804/47 376/805/47 379/806/47
f 378/807/50 374/808/50 375/809/50
f 373/810/109 377/811/109 379/812/109
f 382/813/61 381/814/61 384/815/61
f 385/816/47 382/817/47 383/818/47
f 385/819/108 386/820/108 388/821/108
f 381/822/6 387/823/6 388/824/6
f 385/825/50 387/826/50 381/827/50
f 390/828/61 389/829/61 392/830/61
f 393/831/6 389/832/6 390/833/6
f 396/834/108 395/835/108 393/836/108
f 391/837/47 392/838/47 395/839/47
f 394/840/50 390/841/50 391/842/50
f 389/843/109 393/844/109 395/845/109
f 398/846/61 397/847/61 400/848/61
f 401/849/47 398/850/47 399/851/47
f 401/852/108 402/853/108 404/854/108
f 397/855/6 403/856/6 404/857/6
f 401/858/50 403/859/50 397/860/50
f 405/861/61 408/862/61 407/863/61
f 409/864/6 405/865/6 406/866/6
f 412/867/108 411/868/108 409/869/108
f 407/870/47 408/871/47 411/872/47
f 410/873/50 406/874/50 407/875/50
f 405/876/109 409/877/109 411/878/109
f 429/879/6 430/880/6 342/881/6
f 345/882/47 434/883/47 433/884/47
f 363/885/50 364/886/50 439/887/50
f 429/888/109 341/889/109 362/890/109
f 339/891/47 436/892/47 431/893/47
f 363/894/47 438/895/47 437/896/47
f 436/897/109 339/898/109 338/899/109
f 434/900/50 345/901/50 344/902/50
f 435/903/6 337/904/6 343/905/6
f 439/906/6 364/907/6 340/908/6
f 440/909/109 340/910/109 337/911/109
f 432/912/50 343/913/50 342/914/50
f 414/915/61 413/916/61 416/917/61
f 417/918/47 414/919/47 415/920/47
f 417/921/108 418/922/108 420/923/108
f 413/924/6 419/925/6 420/926/6
f 417/927/50 419/928/50 413/929/50
f 421/930/61 424/931/61 423/932/61
f 425/933/6 421/934/6 422/935/6
f 428/936/108 427/937/108 425/938/108
f 423/939/47 424/940/47 427/941/47
f 426/942/50 422/943/50 423/944/50
f 421/945/109 425/946/109 427/947/109
f 442/948/61 441/949/61 444/950/61
f 445/951/47 442/952/47 443/953/47
f 445/954/108 446/955/108 448/956/108
f 441/957/6 447/958/6 448/959/6
f 445/960/50 447/961/50 441/962/50
f 450/963/61 449/964/61 452/965/61
f 453/966/6 449/967/6 450/968/6
f 456/969/108 455/970/108 453/971/108
f 451/972/47 452/973/47 455/974/47
f 454/975/50 450/976/50 451/977/50
f 449/978/109 453/979/109 455/980/109
f 458/981/61 457/982/61 460/983/61
f 461/984/47 458/985/47 459/986/47
f 461/987/108 462/988/108 464/989/108
f 457/990/6 463/991/6 464/992/6
f 461/993/50 463/994/50 457/995/50
f 465/996/61 468/997/61 467/998/61
f 469/999/6 465/1000/6 466/1001/6
f 472/1002/108 471/1003/108 469/1004/108
f 467/1005/47 468/1006/47 471/1007/47
f 470/1008/50 466/1009/50 467/1010/50
f 465/1011/109 469/1012/109 471/1013/109
f 474/1014/61 473/1015/61 476/1016/61
f 477/1017/47 474/1018/47 475/1019/47
f 477/1020/108 478/1021/108 480/1022/108
f 473/1023/6 479/1024/6 480/1025/6
f 477/1026/50 479/1027/50 473/1028/50
f 481/1029/61 484/1030/61 483/1031/61
f 485/1032/6 481/1033/6 482/1034/6
f 488/1035/108 487/1036/108 485/1037/108
f 483/1038/47 484/1039/47 487/1040/47
f 486/1041/50 482/1042/50 483/1043/50
f 481/1044/109 485/1045/109 487/1046/109
f 513/1047/6 493/1048/6 430/1049/6
f 433/1050/47 434/1051/47 496/1052/47
f 438/1053/50 439/1054/50 516/1055/50
f 513/1056/109 429/1057/109 433/1058/109
f 436/1059/47 491/1060/47 495/1061/47
f 438/1062/47 515/1063/47 490/1064/47
f 491/1065/109 436/1066/109 437/1067/109
f 496/1068/50 434/1069/50 431/1070/50
f 489/1071/6 435/1072/6 432/1073/6
f 516/1074/6 439/1075/6 440/1076/6
f 492/1077/109 440/1078/109 435/1079/109
f 494/1080/50 432/1081/50 430/1082/50
f 498/1083/61 497/1084/61 500/1085/61
f 501/1086/47 498/1087/47 499/1088/47
f 501/1089/108 502/1090/108 504/1091/108
f 497/1092/6 503/1093/6 504/1094/6
f 501/1095/50 503/1096/50 497/1097/50
f 506/1098/61 505/1099/61 508/1100/61
f 509/1101/6 505/1102/6 506/1103/6
f 512/1104/108 511/1105/108 509/1106/108
f 507/1107/47 508/1108/47 511/1109/47
f 510/1110/50 506/1111/50 507/1112/50
f 505/1113/109 509/1114/109 511/1115/109
f 522/1116/61 521/1117/61 524/1118/61
f 525/1119/47 522/1120/47 523/1121/47
f 525/1122/108 526/1123/108 528/1124/108
f 521/1125/6 527/1126/6 528/1127/6
f 525/1128/50 527/1129/50 521/1130/50
f 529/1131/61 532/1132/61 531/1133/61
f 533/1134/6 529/1135/6 530/1136/6
f 536/1137/108 535/1138/108 533/1139/108
f 531/1140/47 532/1141/47 535/1142/47
f 534/1143/50 530/1144/50 531/1145/50
f 529/1146/109 533/1147/109 535/1148/109
f 563/1149/47 519/1150/47 540/1151/47
f 565/1152/6 567/1153/6 542/1154/6
f 546/1155/50 571/1156/50 538/1157/50
f 563/1158/115 565/1159/115 520/1160/115
f 545/1161/6 541/1162/6 566/1163/6
f 546/1164/6 517/1165/6 537/1166/6
f 569/1167/109 537/1168/109 517/1169/109
f 567/1170/116 566/1171/116 541/1172/116
f 568/1173/47 543/1174/47 518/1175/47
f 538/1176/47 539/1177/47 544/1178/47
f 539/1179/109 570/1180/109 518/1181/109
f 568/1182/116 564/1183/116 540/1184/116
f 548/1185/61 547/1186/61 550/1187/61
f 551/1188/47 548/1189/47 549/1190/47
f 551/1191/108 552/1192/108 554/1193/108
f 547/1194/6 553/1195/6 554/1196/6
f 551/1197/50 553/1198/50 547/1199/50
f 555/1200/61 558/1201/61 557/1202/61
f 559/1203/6 555/1204/6 556/1205/6
f 562/1206/108 561/1207/108 559/1208/108
f 557/1209/47 558/1210/47 561/1211/47
f 560/1212/50 556/1213/50 557/1214/50
f 555/1215/109 559/1216/109 561/1217/109
f 607/1218/47 563/1219/47 564/1220/47
f 565/1221/6 638/1222/6 640/1223/6
f 643/1224/50 606/1225/50 538/1226/50
f 638/1227/109 565/1228/109 563/1229/109
f 569/1230/6 566/1231/6 639/1232/6
f 571/1233/6 537/1234/6 603/1235/6
f 605/1236/109 603/1237/109 537/1238/109
f 640/1239/50 639/1240/50 566/1241/50
f 604/1242/47 641/1243/47 568/1244/47
f 606/1245/47 642/1246/47 539/1247/47
f 642/1248/109 604/1249/109 570/1250/109
f 641/1251/50 637/1252/50 564/1253/50
f 573/1254/61 572/1255/61 575/1256/61
f 577/1257/6 576/1258/6 572/1259/6
f 578/1260/108 576/1261/108 577/1262/108
f 574/1263/47 575/1264/47 578/1265/47
f 577/1266/50 573/1267/50 574/1268/50
f 581/1269/61 580/1270/61 583/1271/61
f 584/1272/47 581/1273/47 582/1274/47
f 584/1275/108 585/1276/108 587/1277/108
f 580/1278/6 586/1279/6 587/1280/6
f 584/1281/50 586/1282/50 580/1283/50
f 588/1284/61 591/1285/61 590/1286/61
f 592/1287/6 588/1288/6 589/1289/6
f 595/1290/108 594/1291/108 592/1292/108
f 590/1293/47 591/1294/47 594/1295/47
f 593/1296/50 589/1297/50 590/1298/50
f 588/1299/109 592/1300/109 594/1301/109
f 632/1302/6 600/1303/6 493/1304/6
f 514/1305/47 496/1306/47 602/1307/47
f 515/1308/50 516/1309/50 636/1310/50
f 632/1311/109 513/1312/109 514/1313/109
f 491/1314/47 598/1315/47 601/1316/47
f 515/1317/47 635/1318/47 597/1319/47
f 598/1320/109 491/1321/109 490/1322/109
f 602/1323/50 496/1324/50 495/1325/50
f 596/1326/6 489/1327/6 494/1328/6
f 636/1329/6 516/1330/6 492/1331/6
f 599/1332/109 492/1333/109 489/1334/109
f 633/1335/50 494/1336/50 493/1337/50
f 609/1338/61 608/1339/61 611/1340/61
f 613/1341/6 612/1342/6 608/1343/6
f 614/1344/108 612/1345/108 613/1346/108
f 610/1347/47 611/1348/47 614/1349/47
f 613/1350/50 609/1351/50 610/1352/50
f 617/1353/61 616/1354/61 619/1355/61
f 620/1356/47 617/1357/47 618/1358/47
f 620/1359/108 621/1360/108 623/1361/108
f 616/1362/6 622/1363/6 623/1364/6
f 620/1365/50 622/1366/50 616/1367/50
f 625/1368/61 624/1369/61 627/1370/61
f 628/1371/6 624/1372/6 625/1373/6
f 631/1374/108 630/1375/108 628/1376/108
f 626/1377/47 627/1378/47 630/1379/47
f 629/1380/50 625/1381/50 626/1382/50
f 624/1383/109 628/1384/109 630/1385/109
f 725/1386/47 607/1387/47 637/1388/47
f 638/1389/6 756/1390/6 758/1391/6
f 643/1392/50 763/1393/50 723/1394/50
f 756/1395/109 638/1396/109 607/1397/109
f 605/1398/6 639/1399/6 757/1400/6
f 643/1401/6 603/1402/6 722/1403/6
f 761/1404/109 722/1405/109 603/1406/109
f 758/1407/50 757/1408/50 639/1409/50
f 762/1410/47 759/1411/47 641/1412/47
f 723/1413/47 760/1414/47 642/1415/47
f 760/1416/109 762/1417/109 604/1418/109
f 759/1419/50 724/1420/50 637/1421/50
f 645/1422/61 644/1423/61 647/1424/61
f 649/1425/6 648/1426/6 644/1427/6
f 650/1428/108 648/1429/108 649/1430/108
f 646/1431/47 647/1432/47 650/1433/47
f 649/1434/50 645/1435/50 646/1436/50
f 653/1437/61 652/1438/61 655/1439/61
f 656/1440/47 653/1441/47 654/1442/47
f 656/1443/108 657/1444/108 659/1445/108
f 652/1446/6 658/1447/6 659/1448/6
f 656/1449/50 658/1450/50 652/1451/50
f 661/1452/61 660/1453/61 663/1454/61
f 664/1455/6 660/1456/6 661/1457/6
f 667/1458/108 666/1459/108 664/1460/108
f 662/1461/47 663/1462/47 666/1463/47
f 665/1464/50 661/1465/50 662/1466/50
f 660/1467/109 664/1468/109 666/1469/109
f 669/1470/61 668/1471/61 671/1472/61
f 673/1473/6 672/1474/6 668/1475/6
f 674/1476/108 672/1477/108 673/1478/108
f 670/1479/47 671/1480/47 674/1481/47
f 669/1482/50 670/1483/50 675/1484/50
f 677/1485/61 676/1486/61 679/1487/61
f 680/1488/47 677/1489/47 678/1490/47
f 680/1491/108 681/1492/108 683/1493/108
f 676/1494/6 682/1495/6 683/1496/6
f 680/1497/50 682/1498/50 676/1499/50
f 684/1500/61 687/1501/61 686/1502/61
f 688/1503/6 684/1504/6 685/1505/6
f 691/1506/108 690/1507/108 688/1508/108
f 686/1509/47 687/1510/47 690/1511/47
f 689/1512/50 685/1513/50 686/1514/50
f 684/1515/109 688/1516/109 690/1517/109
f 693/1518/61 692/1519/61 695/1520/61
f 697/1521/6 696/1522/6 692/1523/6
f 698/1524/108 696/1525/108 697/1526/108
f 694/1527/47 695/1528/47 698/1529/47
f 697/1530/50 693/1531/50 694/1532/50
f 701/1533/61 700/1534/61 703/1535/61
f 704/1536/47 701/1537/47 702/1538/47
f 704/1539/108 705/1540/108 707/1541/108
f 700/1542/6 706/1543/6 707/1544/6
f 704/1545/50 706/1546/50 700/1547/50
f 709/1548/61 708/1549/61 711/1550/61
f 712/1551/6 708/1552/6 709/1553/6
f 715/1554/108 714/1555/108 712/1556/108
f 710/1557/47 711/1558/47 714/1559/47
f 713/1560/50 709/1561/50 710/1562/50
f 708/1563/109 712/1564/109 714/1565/109
f 720/1566/6 600/1567/6 632/1568/6
f 602/1569/47 752/1570/47 751/1571/47
f 635/1572/50 636/1573/50 755/1574/50
f 719/1575/109 632/1576/109 634/1577/109
f 598/1578/47 717/1579/47 721/1580/47
f 635/1581/47 754/1582/47 753/1583/47
f 717/1584/109 598/1585/109 597/1586/109
f 602/1587/50 601/1588/50 721/1589/50
f 716/1590/6 596/1591/6 633/1592/6
f 636/1593/6 599/1594/6 718/1595/6
f 718/1596/109 599/1597/109 596/1598/109
f 633/1599/50 600/1600/50 720/1601/50
f 727/1602/61 726/1603/61 729/1604/61
f 731/1605/6 730/1606/6 726/1607/6
f 732/1608/108 730/1609/108 731/1610/108
f 728/1611/47 729/1612/47 732/1613/47
f 731/1614/50 727/1615/50 728/1616/50
f 735/1617/61 734/1618/61 737/1619/61
f 738/1620/47 735/1621/47 736/1622/47
f 738/1623/108 739/1624/108 741/1625/108
f 734/1626/6 740/1627/6 741/1628/6
f 738/1629/50 740/1630/50 734/1631/50
f 742/1632/61 745/1633/61 744/1634/61
f 747/1635/6 746/1636/6 742/1637/6
f 749/1638/108 748/1639/108 746/1640/108
f 744/1641/47 745/1642/47 748/1643/47
f 747/1644/50 743/1645/50 744/1646/50
f 742/1647/109 746/1648/109 748/1649/109
f 765/1650/61 764/1651/61 767/1652/61
f 769/1653/6 768/1654/6 764/1655/6
f 770/1656/108 768/1657/108 769/1658/108
f 766/1659/47 767/1660/47 770/1661/47
f 769/1662/50 765/1663/50 766/1664/50
f 773/1665/61 772/1666/61 775/1667/61
f 776/1668/47 773/1669/47 774/1670/47
f 776/1671/108 777/1672/108 779/1673/108
f 772/1674/6 778/1675/6 779/1676/6
f 776/1677/50 778/1678/50 772/1679/50
f 780/1680/61 783/1681/61 782/1682/61
f 785/1683/6 784/1684/6 780/1685/6
f 787/1686/108 786/1687/108 784/1688/108
f 782/1689/47 783/1690/47 786/1691/47
f 785/1692/50 781/1693/50 782/1694/50
f 780/1695/109 784/1696/109 786/1697/109
f 789/1698/61 788/1699/61 791/1700/61
f 793/1701/6 792/1702/6 788/1703/6
f 794/1704/108 792/1705/108 793/1706/108
f 790/1707/47 791/1708/47 794/1709/47
f 793/1710/50 789/1711/50 790/1712/50
f 797/1713/61 796/1714/61 799/1715/61
f 800/1716/47 797/1717/47 798/1718/47
f 800/1719/108 801/1720/108 803/1721/108
f 796/1722/6 802/1723/6 803/1724/6
f 800/1725/50 802/1726/50 796/1727/50
f 804/1728/61 807/1729/61 806/1730/61
f 809/1731/6 808/1732/6 804/1733/6
f 811/1734/108 810/1735/108 808/1736/108
f 806/1737/47 807/1738/47 810/1739/47
f 809/1740/50 805/1741/50 806/1742/50
f 804/1743/109 808/1744/109 810/1745/109
f 813/1746/61 812/1747/61 815/1748/61
f 817/1749/6 816/1750/6 812/1751/6
f 818/1752/108 816/1753/108 817/1754/108
f 814/1755/47 815/1756/47 818/1757/47
f 817/1758/50 813/1759/50 814/1760/50
f 821/1761/61 820/1762/61 823/1763/61
f 824/1764/47 821/1765/47 822/1766/47
f 824/1767/108 825/1768/108 827/1769/108
f 820/1770/6 826/1771/6 827/1772/6
f 824/1773/50 826/1774/50 820/1775/50
f 828/1776/61 831/1777/61 830/1778/61
f 833/1779/6 832/1780/6 828/1781/6
f 835/1782/108 834/1783/108 832/1784/108
f 830/1785/47 831/1786/47 834/1787/47
f 833/1788/50 829/1789/50 830/1790/50
f 828/1791/109 832/1792/109 834/1793/109
f 871/1794/6 839/1795/6 720/1796/6
f 752/1797/47 874/1798/47 873/1799/47
f 754/1800/50 755/1801/50 876/1802/50
f 871/1803/109 719/1804/109 751/1805/109
f 717/1806/47 838/1807/47 840/1808/47
f 754/1809/47 875/1810/47 837/1811/47
f 838/1812/109 717/1813/109 753/1814/109
f 874/1815/50 752/1816/50 721/1817/50
f 836/1818/6 716/1819/6 750/1820/6
f 876/1821/6 755/1822/6 718/1823/6
f 877/1824/109 718/1825/109 716/1826/109
f 872/1827/50 750/1828/50 720/1829/50
f 844/1830/47 725/1831/47 724/1832/47
f 756/1833/6 845/1834/6 846/1835/6
f 763/1836/50 883/1837/50 842/1838/50
f 844/1839/109 845/1840/109 756/1841/109
f 761/1842/6 757/1843/6 878/1844/6
f 763/1845/6 722/1846/6 841/1847/6
f 881/1848/109 841/1849/109 722/1850/109
f 846/1851/50 878/1852/50 757/1853/50
f 882/1854/47 879/1855/47 759/1856/47
f 842/1857/47 880/1858/47 760/1859/47
f 880/1860/109 882/1861/109 762/1862/109
f 879/1863/50 843/1864/50 724/1865/50
f 848/1866/61 847/1867/61 850/1868/61
f 852/1869/6 851/1870/6 847/1871/6
f 853/1872/108 851/1873/108 852/1874/108
f 849/1875/47 850/1876/47 853/1877/47
f 852/1878/50 848/1879/50 849/1880/50
f 856/1881/61 855/1882/61 858/1883/61
f 859/1884/47 856/1885/47 857/1886/47
f 859/1887/108 860/1888/108 862/1889/108
f 855/1890/6 861/1891/6 862/1892/6
f 859/1893/50 861/1894/50 855/1895/50
f 863/1896/61 866/1897/61 865/1898/61
f 868/1899/6 867/1900/6 863/1901/6
f 870/1902/108 869/1903/108 867/1904/108
f 865/1905/47 866/1906/47 869/1907/47
f 868/1908/50 864/1909/50 865/1910/50
f 863/1911/109 867/1912/109 869/1913/109
f 885/1914/61 884/1915/61 887/1916/61
f 889/1917/6 888/1918/6 884/1919/6
f 890/1920/108 888/1921/108 889/1922/108
f 886/1923/47 887/1924/47 890/1925/47
f 889/1926/50 885/1927/50 886/1928/50
f 893/1929/61 892/1930/61 895/1931/61
f 896/1932/47 893/1933/47 894/1934/47
f 896/1935/108 897/1936/108 899/1937/108
f 892/1938/6 898/1939/6 899/1940/6
f 896/1941/50 898/1942/50 892/1943/50
f 900/1944/61 903/1945/61 902/1946/61
f 905/1947/6 904/1948/6 900/1949/6
f 907/1950/108 906/1951/108 904/1952/108
f 902/1953/47 903/1954/47 906/1955/47
f 905/1956/50 901/1957/50 902/1958/50
f 900/1959/109 904/1960/109 906/1961/109
f 909/1962/61 908/1963/61 911/1964/61
f 913/1965/6 912/1966/6 908/1967/6
f 914/1968/108 912/1969/108 913/1970/108
f 910/1971/47 911/1972/47 914/1973/47
f 913/1974/50 909/1975/50 910/1976/50
f 917/1977/61 916/1978/61 919/1979/61
f 920/1980/47 917/1981/47 918/1982/47
f 920/1983/108 921/1984/108 923/1985/108
f 916/1986/6 922/1987/6 923/1988/6
f 920/1989/50 922/1990/50 916/1991/50
f 924/1992/61 927/1993/61 926/1994/61
f 929/1995/6 928/1996/6 924/1997/6
f 931/1998/108 930/1999/108 928/2000/108
f 926/2001/47 927/2002/47 930/2003/47
f 929/2004/50 925/2005/50 926/2006/50
f 924/2007/109 928/2008/109 930/2009/109
f 933/2010/61 932/2011/61 935/2012/61
f 937/2013/6 936/2014/6 932/2015/6
f 938/2016/108 936/2017/108 937/2018/108
f 934/2019/47 935/2020/47 938/2021/47
f 937/2022/50 933/2023/50 934/2024/50
f 941/2025/61 940/2026/61 943/2027/61
f 944/2028/47 941/2029/47 942/2030/47
f 944/2031/108 945/2032/108 947/2033/108
f 940/2034/6 946/2035/6 947/2036/6
f 944/2037/50 946/2038/50 940/2039/50
f 948/2040/61 951/2041/61 950/2042/61
f 953/2043/6 952/2044/6 948/2045/6
f 955/2046/108 954/2047/108 952/2048/108
f 950/2049/47 951/2050/47 954/2051/47
f 953/2052/50 949/2053/50 950/2054/50
f 948/2055/109 952/2056/109 954/2057/109
f 960/2058/61 956/2059/61 961/2060/61
f 964/2061/6 839/2062/6 871/2063/6
f 873/2064/47 874/2065/47 967/2066/47
f 875/2067/50 876/2068/50 961/2069/50
f 963/2070/109 871/2071/109 873/2072/109
f 838/2073/47 959/2074/47 966/2075/47
f 875/2076/47 957/2077/47 958/2078/47
f 959/2079/109 838/2080/109 837/2081/109
f 967/2082/50 874/2083/50 840/2084/50
f 956/2085/6 836/2086/6 872/2087/6
f 961/2088/6 876/2089/6 877/2090/6
f 960/2091/109 877/2092/109 836/2093/109
f 965/2094/50 872/2095/50 839/2096/50
f 971/2097/61 969/2098/61 968/2099/61
f 975/2100/47 844/2101/47 843/2102/47
f 845/2103/6 978/2104/6 979/2105/6
f 883/2106/50 969/2107/50 972/2108/50
f 978/2109/109 845/2110/109 844/2111/109
f 881/2112/6 878/2113/6 976/2114/6
f 883/2115/6 841/2116/6 968/2117/6
f 971/2118/109 968/2119/109 841/2120/109
f 979/2121/50 976/2122/50 878/2123/50
f 970/2124/47 977/2125/47 879/2126/47
f 972/2127/47 973/2128/47 880/2129/47
f 973/2130/109 970/2131/109 882/2132/109
f 977/2133/50 974/2134/50 843/2135/50
f 981/2136/61 980/2137/61 983/2138/61
f 985/2139/6 984/2140/6 980/2141/6
f 986/2142/108 984/2143/108 985/2144/108
f 982/2145/47 983/2146/47 986/2147/47
f 985/2148/50 981/2149/50 982/2150/50
f 989/2151/61 988/2152/61 991/2153/61
f 992/2154/47 989/2155/47 990/2156/47
f 992/2157/108 993/2158/108 995/2159/108
f 988/2160/6 994/2161/6 995/2162/6
f 992/2163/50 994/2164/50 988/2165/50
f 996/2166/61 999/2167/61 998/2168/61
f 1001/2169/6 1000/2170/6 996/2171/6
f 1003/2172/108 1002/2173/108 1000/2174/108
f 998/2175/47 999/2176/47 1002/2177/47
f 1001/2178/50 997/2179/50 998/2180/50
f 996/2181/109 1000/2182/109 1002/2183/109
f 544/2184/108 518/1181/108 1557/2185/108
f 1557/2185/108 518/1181/108 545/2186/108
f 1557/2185/108 545/2186/108 546/1155/108
f 545/2186/117 517/1165/117 546/1155/117
f 518/1181/108 543/1174/108 545/2186/108
f 545/2186/108 543/1174/108 541/1162/108
f 543/2187/108 540/1151/108 519/1150/108
f 543/2187/108 519/1150/108 541/1162/108
f 519/1150/108 520/1160/108 541/1162/108
f 541/1162/108 520/1160/108 542/1154/108
f 66/2188/108 67/135/108 63/131/108
f 68/2189/108 67/135/108 69/2190/108
f 67/135/108 66/2188/108 69/2190/108
f 69/2190/108 66/2188/108 70/2191/108
f 71/2192/108 70/2191/108 66/2188/108
f 959/2193/61 961/2060/61 956/2059/61
f 961/2060/61 959/2193/61 957/2194/61
f 958/2195/61 957/2194/61 959/2193/61
f 965/2196/61 959/2193/61 956/2059/61
f 959/2193/61 965/2196/61 966/2197/61
f 964/2198/61 963/2199/61 965/2196/61
f 965/2196/61 963/2199/61 966/2197/61
f 963/2199/61 962/2200/61 966/2197/61
f 966/2197/61 962/2200/61 967/2201/61
f 970/2202/61 969/2098/61 971/2097/61
f 969/2098/61 970/2202/61 972/2203/61
f 973/2204/61 972/2203/61 970/2202/61
f 976/2205/61 970/2202/61 971/2097/61
f 970/2202/61 976/2205/61 977/2206/61
f 979/2207/61 978/2208/61 976/2205/61
f 976/2205/61 978/2208/61 977/2206/61
f 978/2208/61 975/2209/61 977/2206/61
f 975/2209/61 974/2210/61 977/2206/61
f 1006/2211/118 1010/2212/118 2137/2213/118
f 1009/2214/119 2137/2213/119 1004/2215/119
f 1008/2216/118 1007/2217/118 1009/2214/118
f 1009/2214/118 1007/2217/118 2137/2213/118
f 1006/2211/118 2137/2213/118 1007/2217/118
f 1008/2218/120 1048/2219/120 1047/2220/120
f 1013/2221/121 1049/2222/121 1010/2223/121
f 1044/2224/50 1016/2225/50 2141/2226/50
f 1007/2227/109 1047/2228/109 1013/2229/109
f 1045/2230/121 2138/2231/121 2137/2232/121
f 2140/2233/121 2139/2234/121 1015/2235/121
f 2138/2236/109 1045/2237/109 1015/2238/109
f 1049/2239/50 1011/2240/50 2137/2241/50
f 1004/2242/120 1014/2243/120 1012/2244/120
f 2141/2245/120 1016/2246/120 1046/2247/120
f 1005/2248/109 1046/2249/109 1014/2250/109
f 1012/2251/50 1048/2252/50 1008/2253/50
f 2129/2254/118 2130/2255/118 1023/2256/118
f 1022/2257/122 1023/2256/122 1019/2258/122
f 2132/2259/118 1024/2260/118 1022/2257/118
f 1022/2257/122 1024/2260/122 1023/2256/122
f 1023/2256/123 1024/2260/123 2129/2254/123
f 2129/2261/121 1055/2262/121 1054/2263/121
f 1058/2264/120 1024/2265/120 2132/2266/120
f 1017/2267/50 1020/2268/50 1026/2269/50
f 1024/2270/109 1058/2271/109 1055/2272/109
f 1027/2273/120 1056/2274/120 1022/2275/120
f 1051/2276/120 1050/2277/120 2131/2278/120
f 2131/2279/109 1050/2280/109 1027/2281/109
f 2132/2282/50 1022/2283/50 1056/2284/50
f 1018/2285/121 1023/2286/121 1057/2287/121
f 1020/2288/121 1021/2289/121 1053/2290/121
f 1018/2291/109 1052/2292/109 1053/2293/109
f 1023/2294/50 2130/2295/50 1054/2296/50
f 1028/2297/124 2133/2298/124 1030/2299/124
f 1032/2300/125 1031/2301/125 2133/2302/125
f 1034/2303/126 1033/2304/126 1031/2305/126
f 1029/2306/121 1030/2307/121 1033/2308/121
f 1028/2309/50 1029/2310/50 1034/2311/50
f 1035/2312/127 2136/2313/127 2135/2314/127
f 1036/2315/121 2134/2316/121 2135/2317/121
f 1038/2318/128 1036/2319/128 1037/2320/128
f 1035/2321/120 1038/2322/120 1039/2323/120
f 1036/2324/50 1038/2325/50 1035/2326/50
f 2142/2327/129 2143/2328/129 2128/2329/129
f 1041/2330/120 1040/2331/120 2143/2332/120
f 1043/2333/130 1042/2334/130 1040/2335/130
f 2127/2336/131 2128/2337/131 1042/2338/131
f 2142/2339/50 2127/2340/50 1043/2341/50
f 2143/2342/109 1040/2343/109 1042/2344/109
f 1059/2345/132 1062/2346/132 1061/2347/132
f 1064/2348/125 1063/2349/125 1059/2350/125
f 1065/2351/133 1063/2352/133 1064/2353/133
f 1062/2354/131 1065/2355/131 1066/2356/131
f 1060/2357/50 1061/2358/50 1066/2359/50
f 1068/2360/134 1067/2361/134 1070/2362/134
f 1068/2363/121 1069/2364/121 1072/2365/121
f 1073/2366/135 1071/2367/135 1072/2368/135
f 1073/2369/120 1074/2370/120 1070/2371/120
f 1071/2372/50 1073/2373/50 1067/2374/50
f 1076/2375/136 1075/2376/136 1078/2377/136
f 1080/2378/120 1079/2379/120 1075/2380/120
f 1082/2381/137 1081/2382/137 1079/2383/137
f 1077/2384/131 1078/2385/131 1081/2386/131
f 1076/2387/50 1077/2388/50 1082/2389/50
f 1075/2390/109 1079/2391/109 1081/2392/109
f 1047/2393/120 1048/2394/120 1121/2395/120
f 1119/2396/121 1122/2397/121 1049/2398/121
f 1115/2399/50 1118/2400/50 1016/2401/50
f 1047/2402/109 1120/2403/109 1119/2404/109
f 1117/2405/121 1045/2406/121 1011/2407/121
f 1115/2408/121 1044/2409/121 1015/2410/121
f 1045/2411/109 1117/2412/109 1116/2413/109
f 1122/2414/50 1083/2415/50 1011/2416/50
f 1014/2417/120 1114/2418/120 1084/2419/120
f 1016/2420/120 1118/2421/120 1085/2422/120
f 1046/2423/109 1085/2424/109 1114/2425/109
f 1084/2426/50 1121/2427/50 1048/2428/50
f 1055/2429/131 1128/2430/131 1127/2431/131
f 1130/2432/125 1058/2433/125 1025/2434/125
f 1051/2435/50 1026/2436/50 1126/2437/50
f 1058/2438/109 1130/2439/109 1128/2440/109
f 1125/2441/125 1129/2442/125 1056/2443/125
f 1089/2444/125 1123/2445/125 1050/2446/125
f 1050/2447/109 1123/2448/109 1125/2449/109
f 1025/2450/50 1056/2451/50 1129/2452/50
f 1052/2453/131 1057/2454/131 1087/2455/131
f 1026/2456/131 1053/2457/131 1088/2458/131
f 1052/2459/109 1124/2460/109 1088/2461/109
f 1057/2462/50 1054/2463/50 1127/2464/50
f 1091/2465/138 1090/2466/138 1093/2467/138
f 1095/2468/125 1094/2469/125 1090/2470/125
f 1096/2471/139 1094/2472/139 1095/2473/139
f 1093/2474/131 1096/2475/131 1097/2476/131
f 1091/2477/50 1092/2478/50 1097/2479/50
f 1099/2480/140 1098/2481/140 1101/2482/140
f 1099/2483/121 1100/2484/121 1103/2485/121
f 1104/2486/141 1102/2487/141 1103/2488/141
f 1098/2489/120 1104/2490/120 1105/2491/120
f 1102/2492/50 1104/2493/50 1098/2494/50
f 1107/2495/142 1106/2496/142 1109/2497/142
f 1111/2498/143 1110/2499/143 1106/2500/143
f 1113/2501/144 1112/2502/144 1110/2503/144
f 1109/2504/131 1112/2505/131 1113/2506/131
f 1107/2507/50 1108/2508/50 1113/2509/50
f 1106/2510/109 1110/2511/109 1112/2512/109
f 1132/2513/145 1131/2514/145 1134/2515/145
f 1136/2516/125 1135/2517/125 1131/2518/125
f 1138/2519/146 1137/2520/146 1135/2521/146
f 1134/2522/131 1137/2523/131 1138/2524/131
f 1132/2525/50 1133/2526/50 1138/2527/50
f 1140/2528/147 1139/2529/147 1142/2530/147
f 1143/2531/121 1140/2532/121 1141/2533/121
f 1145/2534/146 1143/2535/146 1144/2536/146
f 1145/2537/143 1146/2538/143 1142/2539/143
f 1143/2540/50 1145/2541/50 1139/2542/50
f 1148/2543/148 1147/2544/148 1150/2545/148
f 1151/2546/149 1147/2547/149 1148/2548/149
f 1154/2549/150 1153/2550/150 1151/2551/150
f 1150/2552/151 1153/2553/151 1154/2554/151
f 1148/2555/50 1149/2556/50 1154/2557/50
f 1147/2558/109 1151/2559/109 1153/2560/109
f 1120/2561/152 1121/2562/152 1155/2563/152
f 1157/2564/153 1193/2565/153 1122/2566/153
f 1160/2567/50 1118/2568/50 1115/2569/50
f 1191/2570/109 1157/2571/109 1119/2572/109
f 1159/2573/153 1117/2574/153 1083/2575/153
f 1188/2576/153 1115/2577/153 1116/2578/153
f 1159/2579/109 1189/2580/109 1116/2581/109
f 1122/2582/50 1193/2583/50 1192/2584/50
f 1114/2585/152 1158/2586/152 1156/2587/152
f 1118/2588/152 1160/2589/152 1190/2590/152
f 1190/2591/109 1158/2592/109 1114/2593/109
f 1084/2594/50 1156/2595/50 1155/2596/50
f 1161/2597/153 1200/2598/153 1127/2599/153
f 1162/2600/152 1130/2601/152 1086/2602/152
f 1195/2603/50 1089/2604/50 1126/2605/50
f 1128/2606/109 1130/2607/109 1162/2608/109
f 1197/2609/152 1201/2610/152 1129/2611/152
f 1195/2612/152 1194/2613/152 1123/2614/152
f 1125/2615/109 1123/2616/109 1194/2617/109
f 1129/2618/50 1201/2619/50 1163/2620/50
f 1124/2621/153 1087/2622/153 1202/2623/153
f 1126/2624/153 1088/2625/153 1199/2626/153
f 1088/2627/109 1124/2628/109 1196/2629/109
f 1127/2630/50 1200/2631/50 1202/2632/50
f 1164/2633/154 1167/2634/154 1166/2635/154
f 1168/2636/155 1164/2637/155 1165/2638/155
f 1171/2639/156 1170/2640/156 1168/2641/156
f 1166/2642/157 1167/2643/157 1170/2644/157
f 1169/2645/50 1165/2646/50 1166/2647/50
f 1173/2648/154 1172/2649/154 1175/2650/154
f 1176/2651/158 1173/2652/158 1174/2653/158
f 1178/2654/156 1176/2655/156 1177/2656/156
f 1172/2657/159 1178/2658/159 1179/2659/159
f 1178/2660/50 1172/2661/50 1173/2662/50
f 1180/2663/160 1183/2664/160 1182/2665/160
f 1185/2666/159 1184/2667/159 1180/2668/159
f 1187/2669/161 1186/2670/161 1184/2671/161
f 1182/2672/162 1183/2673/162 1186/2674/162
f 1185/2675/50 1181/2676/50 1182/2677/50
f 1184/2678/109 1186/2679/109 1183/2680/109
f 1204/2681/163 1203/2682/163 1206/2683/163
f 1208/2684/164 1207/2685/164 1203/2686/164
f 1210/2687/165 1209/2688/165 1207/2689/165
f 1206/2690/166 1209/2691/166 1210/2692/166
f 1208/2693/50 1204/2694/50 1205/2695/50
f 1212/2696/167 1211/2697/167 1214/2698/167
f 1215/2699/168 1212/2700/168 1213/2701/168
f 1217/2702/169 1215/2703/169 1216/2704/169
f 1217/2705/170 1218/2706/170 1214/2707/170
f 1217/2708/50 1211/2709/50 1212/2710/50
f 1220/2711/171 1219/2712/171 1222/2713/171
f 1224/2714/170 1223/2715/170 1219/2716/170
f 1226/2717/172 1225/2718/172 1223/2719/172
f 1221/2720/166 1222/2721/166 1225/2722/166
f 1224/2723/50 1220/2724/50 1221/2725/50
f 1223/2726/109 1225/2727/109 1222/2728/109
f 1191/2729/164 1155/2730/164 1227/2731/164
f 1228/2732/166 1265/2733/166 1193/2734/166
f 1258/2735/50 1230/2736/50 1160/2737/50
f 1191/2738/109 1262/2739/109 1228/2740/109
f 1260/2741/166 1159/2742/166 1192/2743/166
f 1258/2744/166 1188/2745/166 1189/2746/166
f 1159/2747/109 1260/2748/109 1259/2749/109
f 1265/2750/50 1264/2751/50 1192/2752/50
f 1158/2753/164 1229/2754/164 1263/2755/164
f 1160/2756/164 1230/2757/164 1261/2758/164
f 1190/2759/109 1261/2760/109 1229/2761/109
f 1263/2762/50 1227/2763/50 1155/2764/50
f 1161/2765/166 1271/2766/166 1270/2767/166
f 1231/2768/164 1162/2769/164 1163/2770/164
f 1195/2771/50 1198/2772/50 1232/2773/50
f 1162/2774/109 1231/2775/109 1271/2776/109
f 1268/2777/164 1272/2778/164 1201/2779/164
f 1233/2780/164 1266/2781/164 1194/2782/164
f 1194/2783/109 1266/2784/109 1268/2785/109
f 1163/2786/50 1201/2787/50 1272/2788/50
f 1196/2789/166 1202/2790/166 1273/2791/166
f 1198/2792/166 1199/2793/166 1269/2794/166
f 1196/2795/109 1267/2796/109 1269/2797/109
f 1202/2798/50 1200/2799/50 1270/2800/50
f 1235/2801/173 1234/2802/173 1237/2803/173
f 1238/2804/170 1234/2805/170 1235/2806/170
f 1241/2807/174 1240/2808/174 1238/2809/174
f 1236/2810/168 1237/2811/168 1240/2812/168
f 1235/2813/50 1236/2814/50 1241/2815/50
f 1242/2816/175 1245/2817/175 1244/2818/175
f 1246/2819/166 1243/2820/166 1244/2821/166
f 1248/2822/174 1246/2823/174 1247/2824/174
f 1248/2825/164 1249/2826/164 1245/2827/164
f 1246/2828/50 1248/2829/50 1242/2830/50
f 1251/2831/176 1250/2832/176 1253/2833/176
f 1254/2834/164 1250/2835/164 1251/2836/164
f 1257/2837/177 1256/2838/177 1254/2839/177
f 1252/2840/168 1253/2841/168 1256/2842/168
f 1251/2843/50 1252/2844/50 1257/2845/50
f 1250/2846/109 1254/2847/109 1256/2848/109
f 1276/2849/178 1275/2850/178 1278/2851/178
f 1279/2852/170 1275/2853/170 1276/2854/170
f 1282/2855/179 1281/2856/179 1279/2857/179
f 1277/2858/158 1278/2859/158 1281/2860/158
f 1276/2861/50 1277/2862/50 1282/2863/50
f 1284/2864/178 1283/2865/178 1286/2866/178
f 1284/2867/157 1285/2868/157 1288/2869/157
f 1289/2870/180 1287/2871/180 1288/2872/180
f 1289/2873/155 1290/2874/155 1286/2875/155
f 1287/2876/50 1289/2877/50 1283/2878/50
f 1292/2879/181 1291/2880/181 1294/2881/181
f 1296/2882/155 1295/2883/155 1291/2884/155
f 1298/2885/182 1297/2886/182 1295/2887/182
f 1293/2888/183 1294/2889/183 1297/2890/183
f 1292/2891/50 1293/2892/50 1298/2893/50
f 1291/2894/109 1295/2895/109 1297/2896/109
f 1262/2897/184 1227/2898/184 1334/2899/184
f 1332/2900/185 1299/2901/185 1265/2902/185
f 1331/2903/50 1230/2904/50 1258/2905/50
f 1333/2906/109 1332/2907/109 1228/2908/109
f 1329/2909/185 1260/2910/185 1264/2911/185
f 1301/2912/185 1258/2913/185 1259/2914/185
f 1329/2915/109 1300/2916/109 1259/2917/109
f 1265/2918/50 1299/2919/50 1336/2920/50
f 1229/2921/184 1328/2922/184 1335/2923/184
f 1230/2924/184 1331/2925/184 1330/2926/184
f 1330/2927/109 1328/2928/109 1229/2929/109
f 1263/2930/50 1335/2931/50 1334/2932/50
f 1271/2933/185 1342/2934/185 1341/2935/185
f 1345/2936/184 1231/2937/184 1274/2938/184
f 1338/2939/50 1233/2940/50 1232/2941/50
f 1271/2942/109 1231/2943/109 1345/2944/109
f 1339/2945/184 1343/2946/184 1272/2947/184
f 1338/2948/184 1337/2949/184 1266/2950/184
f 1268/2951/109 1266/2952/109 1337/2953/109
f 1272/2954/50 1343/2955/50 1346/2956/50
f 1267/2957/185 1273/2958/185 1344/2959/185
f 1269/2960/185 1340/2961/185 1302/2962/185
f 1269/2963/109 1267/2964/109 1303/2965/109
f 1270/2966/50 1341/2967/50 1344/2968/50
f 1305/2969/186 1304/2970/186 1307/2971/186
f 1308/2972/187 1304/2973/187 1305/2974/187
f 1311/2975/188 1310/2976/188 1308/2977/188
f 1306/2978/189 1307/2979/189 1310/2980/189
f 1309/2981/50 1305/2982/50 1306/2983/50
f 1313/2984/190 1312/2985/190 1315/2986/190
f 1316/2987/191 1313/2988/191 1314/2989/191
f 1316/2990/192 1317/2991/192 1319/2992/192
f 1312/2993/193 1318/2994/193 1319/2995/193
f 1318/2996/50 1312/2997/50 1313/2998/50
f 1321/2999/194 1320/3000/194 1323/3001/194
f 1325/3002/193 1324/3003/193 1320/3004/193
f 1327/3005/195 1326/3006/195 1324/3007/195
f 1322/3008/196 1323/3009/196 1326/3010/196
f 1325/3011/50 1321/3012/50 1322/3013/50
f 1324/3014/109 1326/3015/109 1323/3016/109
f 1348/3017/197 1347/3018/197 1350/3019/197
f 1352/3020/198 1351/3021/198 1347/3022/198
f 1353/3023/199 1351/3024/199 1352/3025/199
f 1350/3026/200 1353/3027/200 1354/3028/200
f 1352/3029/50 1348/3030/50 1349/3031/50
f 1356/3032/197 1355/3033/197 1358/3034/197
f 1359/3035/200 1356/3036/200 1357/3037/200
f 1359/3038/199 1360/3039/199 1362/3040/199
f 1355/3041/198 1361/3042/198 1362/3043/198
f 1361/3044/50 1355/3045/50 1356/3046/50
f 1364/3047/201 1363/3048/201 1366/3049/201
f 1368/3050/193 1367/3051/193 1363/3052/193
f 1370/3053/202 1369/3054/202 1367/3055/202
f 1365/3056/200 1366/3057/200 1369/3058/200
f 1368/3059/50 1364/3060/50 1365/3061/50
f 1367/3062/109 1369/3063/109 1366/3064/109
f 1333/3065/198 1334/3066/198 1371/3067/198
f 1406/3068/200 1408/3069/200 1299/3070/200
f 1375/3071/50 1376/3072/50 1331/3073/50
f 1333/3074/109 1407/3075/109 1406/3076/109
f 1374/3077/200 1329/3078/200 1336/3079/200
f 1375/3080/200 1301/3081/200 1300/3082/200
f 1329/3083/109 1374/3084/109 1404/3085/109
f 1408/3086/50 1372/3087/50 1336/3088/50
f 1328/3089/198 1403/3090/198 1373/3091/198
f 1331/3092/198 1376/3093/198 1405/3094/198
f 1330/3095/109 1405/3096/109 1403/3097/109
f 1373/3098/50 1371/3099/50 1334/3100/50
f 1342/3101/200 1377/3102/200 1415/3103/200
f 1418/3104/198 1345/3105/198 1346/3106/198
f 1338/3107/50 1302/3108/50 1413/3109/50
f 1345/3110/109 1418/3111/109 1377/3112/109
f 1412/3113/198 1416/3114/198 1343/3115/198
f 1410/3116/198 1409/3117/198 1337/3118/198
f 1337/3119/109 1409/3120/109 1412/3121/109
f 1346/3122/50 1343/3123/50 1416/3124/50
f 1303/3125/200 1344/3126/200 1417/3127/200
f 1302/3128/200 1340/3129/200 1414/3130/200
f 1303/3131/109 1411/3132/109 1414/3133/109
f 1344/3134/50 1341/3135/50 1415/3136/50
f 1379/3137/203 1382/3138/203 1381/3139/203
f 1384/3140/198 1383/3141/198 1379/3142/198
f 1386/3143/204 1385/3144/204 1383/3145/204
f 1381/3146/200 1382/3147/200 1385/3148/200
f 1380/3149/50 1381/3150/50 1386/3151/50
f 1388/3152/205 1387/3153/205 1390/3154/205
f 1388/3155/200 1389/3156/200 1392/3157/200
f 1391/3158/204 1392/3159/204 1394/3160/204
f 1387/3161/198 1393/3162/198 1394/3163/198
f 1391/3164/50 1393/3165/50 1387/3166/50
f 1396/3167/206 1395/3168/206 1398/3169/206
f 1400/3170/198 1399/3171/198 1395/3172/198
f 1402/3173/207 1401/3174/207 1399/3175/207
f 1397/3176/200 1398/3177/200 1401/3178/200
f 1396/3179/50 1397/3180/50 1402/3181/50
f 1395/3182/109 1399/3183/109 1401/3184/109
f 1419/3185/208 1422/3186/208 1421/3187/208
f 1423/3188/193 1419/3189/193 1420/3190/193
f 1426/3191/209 1425/3192/209 1423/3193/209
f 1421/3194/191 1422/3195/191 1425/3196/191
f 1420/3197/50 1421/3198/50 1426/3199/50
f 1428/3200/208 1427/3201/208 1430/3202/208
f 1431/3203/200 1428/3204/200 1429/3205/200
f 1431/3206/209 1432/3207/209 1434/3208/209
f 1433/3209/187 1434/3210/187 1430/3211/187
f 1431/3212/50 1433/3213/50 1427/3214/50
f 1436/3215/210 1435/3216/210 1438/3217/210
f 1439/3218/211 1435/3219/211 1436/3220/211
f 1442/3221/212 1441/3222/212 1439/3223/212
f 1437/3224/191 1438/3225/191 1441/3226/191
f 1436/3227/50 1437/3228/50 1442/3229/50
f 1435/3230/109 1439/3231/109 1441/3232/109
f 1407/3233/213 1371/3234/213 1443/3235/213
f 1446/3236/214 1408/3237/214 1406/3238/214
f 1451/3239/50 1376/3240/50 1375/3241/50
f 1483/3242/109 1445/3243/109 1406/3244/109
f 1374/3245/214 1372/3246/214 1484/3247/214
f 1450/3248/214 1375/3249/214 1404/3250/214
f 1448/3251/109 1449/3252/109 1404/3253/109
f 1408/3254/50 1446/3255/50 1484/3256/50
f 1403/3257/213 1447/3258/213 1444/3259/213
f 1376/3260/213 1451/3261/213 1452/3262/213
f 1452/3263/109 1447/3264/109 1403/3265/109
f 1373/3266/50 1444/3267/50 1443/3268/50
f 1377/3269/214 1453/3270/214 1454/3271/214
f 1489/3272/213 1418/3273/213 1378/3274/213
f 1485/3275/50 1410/3276/50 1413/3277/50
f 1377/3278/109 1418/3279/109 1489/3280/109
f 1487/3281/213 1488/3282/213 1416/3283/213
f 1458/3284/213 1409/3285/213 1410/3286/213
f 1412/3287/109 1409/3288/109 1458/3289/109
f 1416/3290/50 1488/3291/50 1490/3292/50
f 1417/3293/214 1455/3294/214 1486/3295/214
f 1414/3296/214 1456/3297/214 1457/3298/214
f 1414/3299/109 1411/3300/109 1486/3301/109
f 1415/3302/50 1454/3303/50 1455/3304/50
f 1460/3305/215 1459/3306/215 1462/3307/215
f 1463/3308/216 1459/3309/216 1460/3310/216
f 1466/3311/217 1465/3312/217 1463/3313/217
f 1461/3314/218 1462/3315/218 1465/3316/218
f 1464/3317/50 1460/3318/50 1461/3319/50
f 1468/3320/215 1467/3321/215 1470/3322/215
f 1471/3323/219 1468/3324/219 1469/3325/219
f 1471/3326/217 1472/3327/217 1474/3328/217
f 1473/3329/220 1474/3330/220 1470/3331/220
f 1473/3332/50 1467/3333/50 1468/3334/50
f 1476/3335/221 1475/3336/221 1478/3337/221
f 1480/3338/222 1479/3339/222 1475/3340/222
f 1481/3341/223 1479/3342/223 1480/3343/223
f 1477/3344/218 1478/3345/218 1481/3346/218
f 1480/3347/50 1476/3348/50 1477/3349/50
f 1479/3350/109 1481/3351/109 1478/3352/109
f 1492/3353/224 1491/3354/224 1494/3355/224
f 1495/3356/220 1491/3357/220 1492/3358/220
f 1498/3359/225 1497/3360/225 1495/3361/225
f 1493/3362/226 1494/3363/226 1497/3364/226
f 1496/3365/50 1492/3366/50 1493/3367/50
f 1499/3368/227 1502/3369/227 1501/3370/227
f 1503/3371/219 1500/3372/219 1501/3373/219
f 1505/3374/225 1503/3375/225 1504/3376/225
f 1499/3377/220 1505/3378/220 1506/3379/220
f 1505/3380/50 1499/3381/50 1500/3382/50
f 1508/3383/228 1507/3384/228 1510/3385/228
f 1511/3386/220 1507/3387/220 1508/3388/220
f 1514/3389/229 1513/3390/229 1511/3391/229
f 1509/3392/226 1510/3393/226 1513/3394/226
f 1512/3395/50 1508/3396/50 1509/3397/50
f 1511/3398/109 1513/3399/109 1510/3400/109
f 1483/3401/220 1443/3402/220 1553/3403/220
f 1551/3404/219 1516/3405/219 1446/3406/219
f 1550/3407/50 1451/3408/50 1450/3409/50
f 1515/3410/109 1551/3411/109 1445/3412/109
f 1517/3413/219 1448/3414/219 1484/3415/219
f 1518/3416/219 1450/3417/219 1449/3418/219
f 1448/3419/109 1517/3420/109 1549/3421/109
f 1516/3422/50 1552/3423/50 1484/3424/50
f 1447/3425/220 1548/3426/220 1583/3427/220
f 1451/3428/220 1550/3429/220 1582/3430/220
f 1582/3431/109 1548/3432/109 1447/3433/109
f 1444/3434/50 1583/3435/50 1553/3436/50
f 1453/3437/219 1561/3438/219 1519/3439/219
f 1564/3440/220 1489/3441/220 1490/3442/220
f 1485/3443/50 1457/3444/50 1522/3445/50
f 1489/3446/109 1564/3447/109 1561/3448/109
f 1523/3449/220 1562/3450/220 1488/3451/220
f 1558/3452/220 1458/3453/220 1485/3454/220
f 1458/3455/109 1558/3456/109 1523/3457/109
f 1490/3458/50 1488/3459/50 1562/3460/50
f 1486/3461/219 1455/3462/219 1563/3463/219
f 1457/3464/219 1456/3465/219 1521/3466/219
f 1486/3467/109 1560/3468/109 1521/3469/109
f 1455/3470/50 1454/3471/50 1519/3472/50
f 1524/3473/230 1527/3474/230 1526/3475/230
f 1528/3476/220 1524/3477/220 1525/3478/220
f 1531/3479/231 1530/3480/231 1528/3481/231
f 1526/3482/219 1527/3483/219 1530/3484/219
f 1525/3485/50 1526/3486/50 1531/3487/50
f 1532/3488/232 1535/3489/232 1534/3490/232
f 1536/3491/219 1533/3492/219 1534/3493/219
f 1538/3494/231 1536/3495/231 1537/3496/231
f 1538/3497/220 1539/3498/220 1535/3499/220
f 1536/3500/50 1538/3501/50 1532/3502/50
f 1541/3503/233 1540/3504/233 1543/3505/233
f 1544/3506/220 1540/3507/220 1541/3508/220
f 1547/3509/234 1546/3510/234 1544/3511/234
f 1542/3512/219 1543/3513/219 1546/3514/219
f 1541/3515/50 1542/3516/50 1547/3517/50
f 1540/3518/109 1544/3519/109 1546/3520/109
f 1555/3521/235 1584/3522/235 1516/3523/235
f 1550/3524/50 1518/3525/50 1557/3526/50
f 1515/3527/109 1555/3528/109 1551/3529/109
f 1517/3530/236 1552/3531/236 1554/3532/236
f 1557/3533/226 1518/3534/226 1549/3535/226
f 1556/3536/109 544/2184/109 1549/3537/109
f 1516/3538/50 1584/3539/50 1554/3540/50
f 1565/3541/237 1568/3542/237 1567/3543/237
f 1570/3544/220 1569/3545/220 1565/3546/220
f 1572/3547/238 1571/3548/238 1569/3549/238
f 1567/3550/219 1568/3551/219 1571/3552/219
f 1566/3553/50 1567/3554/50 1572/3555/50
f 1573/3556/236 1556/3557/236 1554/3532/236
f 1575/3558/239 1574/3559/239 1577/3560/239
f 1579/3561/216 1578/3562/216 1574/3563/216
f 1581/3564/240 1580/3565/240 1578/3566/240
f 1576/3567/219 1577/3568/219 1580/3569/219
f 1575/3570/50 1576/3571/50 1581/3572/50
f 1574/3573/109 1578/3574/109 1580/3575/109
f 1561/3576/241 1608/3577/241 1607/3578/241
f 1611/3579/242 1564/3580/242 1520/3581/242
f 1585/3582/50 1559/3583/50 1522/3584/50
f 1561/3585/109 1564/3586/109 1611/3587/109
f 1604/3588/242 1609/3589/242 1562/3590/242
f 1585/3591/242 1602/3592/242 1558/3593/242
f 1523/3594/109 1558/3595/109 1602/3596/109
f 1562/3597/50 1609/3598/50 1612/3599/50
f 1560/3600/241 1563/3601/241 1610/3602/241
f 1522/3603/241 1521/3604/241 1606/3605/241
f 1521/3606/109 1560/3607/109 1603/3608/109
f 1519/3609/50 1607/3610/50 1610/3611/50
f 1587/3612/243 1586/3613/243 1589/3614/243
f 1590/3615/244 1586/3616/244 1587/3617/244
f 1592/3618/245 1590/3619/245 1591/3620/245
f 1588/3621/246 1589/3622/246 1592/3623/246
f 1591/3624/50 1587/3625/50 1588/3626/50
f 1595/3627/247 1594/3628/247 1597/3629/247
f 1599/3630/248 1598/3631/248 1594/3632/248
f 1601/3633/249 1600/3634/249 1598/3635/249
f 1596/3636/250 1597/3637/250 1600/3638/250
f 1599/3639/50 1595/3640/50 1596/3641/50
f 1598/3642/109 1600/3643/109 1597/3644/109
f 1614/3645/251 1613/3646/251 1616/3647/251
f 1618/3648/252 1617/3649/252 1613/3650/252
f 1620/3651/253 1619/3652/253 1617/3653/253
f 1615/3654/254 1616/3655/254 1619/3656/254
f 1618/3657/50 1614/3658/50 1615/3659/50
f 1622/3660/255 1621/3661/255 1624/3662/255
f 1626/3663/256 1625/3664/256 1621/3665/256
f 1628/3666/257 1627/3667/257 1625/3668/257
f 1623/3669/254 1624/3670/254 1627/3671/254
f 1626/3672/50 1622/3673/50 1623/3674/50
f 1625/3675/109 1627/3676/109 1624/3677/109
f 1608/3678/254 1654/3679/254 1653/3680/254
f 1655/3681/252 1611/3682/252 1612/3683/252
f 1649/3684/50 1585/3685/50 1605/3686/50
f 1608/3687/109 1611/3688/109 1655/3689/109
f 1650/3690/252 1629/3691/252 1609/3692/252
f 1648/3693/252 1602/3694/252 1585/3695/252
f 1604/3696/109 1602/3697/109 1648/3698/109
f 1609/3699/50 1629/3700/50 1656/3701/50
f 1603/3702/254 1610/3703/254 1630/3704/254
f 1605/3705/254 1606/3706/254 1652/3707/254
f 1606/3708/109 1603/3709/109 1631/3710/109
f 1607/3711/50 1653/3712/50 1630/3713/50
f 1632/3714/258 1635/3715/258 1634/3716/258
f 1637/3717/252 1636/3718/252 1632/3719/252
f 1639/3720/259 1638/3721/259 1636/3722/259
f 1635/3723/254 1638/3724/254 1639/3725/254
f 1637/3726/50 1633/3727/50 1634/3728/50
f 1641/3729/260 1640/3730/260 1643/3731/260
f 1645/3732/252 1644/3733/252 1640/3734/252
f 1647/3735/261 1646/3736/261 1644/3737/261
f 1642/3738/254 1643/3739/254 1646/3740/254
f 1645/3741/50 1641/3742/50 1642/3743/50
f 1644/3744/109 1646/3745/109 1643/3746/109
f 1658/3747/262 1657/3748/262 1660/3749/262
f 1661/3750/252 1657/3751/252 1658/3752/252
f 1663/3753/263 1661/3754/263 1662/3755/263
f 1659/3756/264 1660/3757/264 1663/3758/264
f 1658/3759/50 1659/3760/50 1664/3761/50
f 1666/3762/265 1665/3763/265 1668/3764/265
f 1669/3765/252 1665/3766/252 1666/3767/252
f 1672/3768/266 1671/3769/266 1669/3770/266
f 1667/3771/264 1668/3772/264 1671/3773/264
f 1666/3774/50 1667/3775/50 1672/3776/50
f 1665/3777/109 1669/3778/109 1671/3779/109
f 1654/3780/267 1697/3781/267 1696/3782/267
f 1673/3783/268 1655/3784/268 1656/3785/268
f 1649/3786/50 1651/3787/50 1674/3788/50
f 1655/3789/109 1673/3790/109 1697/3791/109
f 1694/3792/268 1698/3793/268 1629/3794/268
f 1693/3795/268 1692/3796/268 1648/3797/268
f 1648/3798/109 1692/3799/109 1694/3800/109
f 1656/3801/50 1629/3802/50 1698/3803/50
f 1631/3804/267 1630/3805/267 1699/3806/267
f 1651/3807/267 1652/3808/267 1695/3809/267
f 1631/3810/109 1675/3811/109 1695/3812/109
f 1630/3813/50 1653/3814/50 1696/3815/50
f 1676/3816/269 1679/3817/269 1678/3818/269
f 1681/3819/256 1680/3820/256 1676/3821/256
f 1682/3822/270 1680/3823/270 1681/3824/270
f 1679/3825/264 1682/3826/264 1683/3827/264
f 1677/3828/50 1678/3829/50 1683/3830/50
f 1685/3831/271 1684/3832/271 1687/3833/271
f 1689/3834/272 1688/3835/272 1684/3836/272
f 1691/3837/273 1690/3838/273 1688/3839/273
f 1686/3840/274 1687/3841/274 1690/3842/274
f 1685/3843/50 1686/3844/50 1691/3845/50
f 1684/3846/109 1688/3847/109 1690/3848/109
f 1701/3849/275 1704/3850/275 1703/3851/275
f 1706/3852/276 1705/3853/276 1701/3854/276
f 1708/3855/277 1707/3856/277 1705/3857/277
f 1703/3858/278 1704/3859/278 1707/3860/278
f 1706/3861/50 1702/3862/50 1703/3863/50
f 1710/3864/279 1709/3865/279 1712/3866/279
f 1714/3867/280 1713/3868/280 1709/3869/280
f 1715/3870/281 1713/3871/281 1714/3872/281
f 1711/3873/278 1712/3874/278 1715/3875/278
f 1714/3876/50 1710/3877/50 1711/3878/50
f 1713/3879/109 1715/3880/109 1712/3881/109
f 1697/3882/278 1743/3883/278 1717/3884/278
f 1718/3885/282 1673/3886/282 1700/3887/282
f 1724/3888/50 1693/3889/50 1674/3890/50
f 1697/3891/109 1673/3892/109 1718/3893/109
f 1742/3894/282 1719/3895/282 1698/3896/282
f 1724/3897/282 1741/3898/282 1692/3899/282
f 1694/3900/109 1692/3901/109 1741/3902/109
f 1698/3903/50 1719/3904/50 1744/3905/50
f 1675/3906/278 1699/3907/278 1720/3908/278
f 1674/3909/278 1695/3910/278 1721/3911/278
f 1695/3912/109 1675/3913/109 1723/3914/109
f 1696/3915/50 1717/3916/50 1720/3917/50
f 1726/3918/283 1725/3919/283 1728/3920/283
f 1730/3921/282 1729/3922/282 1725/3923/282
f 1732/3924/284 1731/3925/284 1729/3926/284
f 1728/3927/285 1731/3928/285 1732/3929/285
f 1730/3930/50 1726/3931/50 1727/3932/50
f 1734/3933/286 1733/3934/286 1736/3935/286
f 1738/3936/282 1737/3937/282 1733/3938/282
f 1740/3939/287 1739/3940/287 1737/3941/287
f 1735/3942/285 1736/3943/285 1739/3944/285
f 1738/3945/50 1734/3946/50 1735/3947/50
f 1737/3948/109 1739/3949/109 1736/3950/109
f 1746/3951/288 1745/3952/288 1748/3953/288
f 1749/3954/282 1745/3955/282 1746/3956/282
f 1752/3957/289 1751/3958/289 1749/3959/289
f 1747/3960/285 1748/3961/285 1751/3962/285
f 1746/3963/50 1747/3964/50 1752/3965/50
f 1754/3966/290 1753/3967/290 1756/3968/290
f 1758/3969/282 1757/3970/282 1753/3971/282
f 1760/3972/291 1759/3973/291 1757/3974/291
f 1755/3975/285 1756/3976/285 1759/3977/285
f 1754/3978/50 1755/3979/50 1760/3980/50
f 1753/3981/109 1757/3982/109 1759/3983/109
f 1743/3984/285 1761/3985/285 1784/3986/285
f 1787/3987/282 1718/3988/282 1744/3989/282
f 1724/3990/50 1722/3991/50 1762/3992/50
f 1718/3993/109 1787/3994/109 1761/3995/109
f 1782/3996/282 1785/3997/282 1719/3998/282
f 1780/3999/282 1779/4000/282 1741/4001/282
f 1741/4002/109 1779/4003/109 1782/4004/109
f 1744/4005/50 1719/4006/50 1785/4007/50
f 1723/4008/285 1720/4009/285 1786/4010/285
f 1722/4011/285 1721/4012/285 1783/4013/285
f 1723/4014/109 1781/4015/109 1783/4016/109
f 1720/4017/50 1717/4018/50 1784/4019/50
f 1763/4020/292 1766/4021/292 1765/4022/292
f 1767/4023/282 1763/4024/282 1764/4025/282
f 1770/4026/293 1769/4027/293 1767/4028/293
f 1765/4029/285 1766/4030/285 1769/4031/285
f 1764/4032/50 1765/4033/50 1770/4034/50
f 1772/4035/294 1771/4036/294 1774/4037/294
f 1775/4038/276 1771/4039/276 1772/4040/276
f 1778/4041/295 1777/4042/295 1775/4043/295
f 1773/4044/296 1774/4045/296 1777/4046/296
f 1772/4047/50 1773/4048/50 1778/4049/50
f 1771/4050/109 1775/4051/109 1777/4052/109
f 1790/4053/297 1789/4054/297 1792/4055/297
f 1794/4056/298 1793/4057/298 1789/4058/298
f 1796/4059/299 1795/4060/299 1793/4061/299
f 1791/4062/300 1792/4063/300 1795/4064/300
f 1794/4065/50 1790/4066/50 1791/4067/50
f 1798/4068/301 1797/4069/301 1800/4070/301
f 1802/4071/302 1801/4072/302 1797/4073/302
f 1804/4074/303 1803/4075/303 1801/4076/303
f 1800/4077/304 1803/4078/304 1804/4079/304
f 1802/4080/50 1798/4081/50 1799/4082/50
f 1801/4083/109 1803/4084/109 1800/4085/109
f 1761/4086/305 1828/4087/305 1827/4088/305
f 1831/4089/306 1787/4090/306 1788/4091/306
f 1807/4092/50 1780/4093/50 1762/4094/50
f 1761/4095/109 1787/4096/109 1831/4097/109
f 1805/4098/306 1829/4099/306 1785/4100/306
f 1807/4101/306 1824/4102/306 1779/4103/306
f 1782/4104/109 1779/4105/109 1824/4106/109
f 1785/4107/50 1829/4108/50 1832/4109/50
f 1781/4110/305 1786/4111/305 1830/4112/305
f 1783/4113/305 1826/4114/305 1825/4115/305
f 1783/4116/109 1781/4117/109 1806/4118/109
f 1784/4119/50 1827/4120/50 1830/4121/50
f 1809/4122/307 1808/4123/307 1811/4124/307
f 1813/4125/298 1812/4126/298 1808/4127/298
f 1815/4128/308 1814/4129/308 1812/4130/308
f 1811/4131/300 1814/4132/300 1815/4133/300
f 1813/4134/50 1809/4135/50 1810/4136/50
f 1817/4137/309 1816/4138/309 1819/4139/309
f 1821/4140/310 1820/4141/310 1816/4142/310
f 1823/4143/311 1822/4144/311 1820/4145/311
f 1818/4146/300 1819/4147/300 1822/4148/300
f 1821/4149/50 1817/4150/50 1818/4151/50
f 1820/4152/109 1822/4153/109 1819/4154/109
f 1833/4155/312 1836/4156/312 1835/4157/312
f 1838/4158/310 1837/4159/310 1833/4160/310
f 1840/4161/313 1839/4162/313 1837/4163/313
f 1835/4164/314 1836/4165/314 1839/4166/314
f 1838/4167/50 1834/4168/50 1835/4169/50
f 1842/4170/315 1841/4171/315 1844/4172/315
f 1846/4173/310 1845/4174/310 1841/4175/310
f 1848/4176/316 1847/4177/316 1845/4178/316
f 1843/4179/314 1844/4180/314 1847/4181/314
f 1846/4182/50 1842/4183/50 1843/4184/50
f 1845/4185/109 1847/4186/109 1844/4187/109
f 1828/4188/314 1876/4189/314 1875/4190/314
f 1831/4191/310 1832/4192/310 1851/4193/310
f 1807/4194/50 1825/4195/50 1873/4196/50
f 1831/4197/109 1849/4198/109 1876/4199/109
f 1850/4200/310 1829/4201/310 1805/4202/310
f 1855/4203/310 1872/4204/310 1824/4205/310
f 1824/4206/109 1872/4207/109 1853/4208/109
f 1832/4209/50 1829/4210/50 1850/4211/50
f 1806/4212/314 1830/4213/314 1852/4214/314
f 1825/4215/314 1826/4216/314 1874/4217/314
f 1806/4218/109 1854/4219/109 1874/4220/109
f 1830/4221/50 1827/4222/50 1875/4223/50
f 1857/4224/317 1856/4225/317 1859/4226/317
f 1861/4227/310 1860/4228/310 1856/4229/310
f 1862/4230/318 1860/4231/318 1861/4232/318
f 1858/4233/314 1859/4234/314 1862/4235/314
f 1857/4236/50 1858/4237/50 1863/4238/50
f 1865/4239/319 1864/4240/319 1867/4241/319
f 1869/4242/298 1868/4243/298 1864/4244/298
f 1871/4245/320 1870/4246/320 1868/4247/320
f 1866/4248/314 1867/4249/314 1870/4250/314
f 1865/4251/50 1866/4252/50 1871/4253/50
f 1864/4254/109 1868/4255/109 1870/4256/109
f 1877/4257/321 1880/4258/321 1879/4259/321
f 1882/4260/310 1881/4261/310 1877/4262/310
f 1884/4263/322 1883/4264/322 1881/4265/322
f 1880/4266/314 1883/4267/314 1884/4268/314
f 1878/4269/50 1879/4270/50 1884/4271/50
f 1886/4272/323 1885/4273/323 1888/4274/323
f 1889/4275/324 1885/4276/324 1886/4277/324
f 1892/4278/325 1891/4279/325 1889/4280/325
f 1887/4281/326 1888/4282/326 1891/4283/326
f 1886/4284/50 1887/4285/50 1892/4286/50
f 1885/4287/109 1889/4288/109 1891/4289/109
f 1876/4290/327 1893/4291/327 1918/4292/327
f 1920/4293/328 1849/4294/328 1851/4295/328
f 1913/4296/50 1855/4297/50 1873/4298/50
f 1876/4299/109 1849/4300/109 1920/4301/109
f 1915/4302/328 1894/4303/328 1850/4304/328
f 1913/4305/328 1912/4306/328 1872/4307/328
f 1853/4308/109 1872/4309/109 1912/4310/109
f 1850/4311/50 1894/4312/50 1895/4313/50
f 1854/4314/327 1852/4315/327 1919/4316/327
f 1873/4317/327 1874/4318/327 1917/4319/327
f 1874/4320/109 1854/4321/109 1914/4322/109
f 1875/4323/50 1918/4324/50 1919/4325/50
f 1897/4326/329 1896/4327/329 1899/4328/329
f 1901/4329/330 1900/4330/330 1896/4331/330
f 1903/4332/331 1902/4333/331 1900/4334/331
f 1899/4335/332 1902/4336/332 1903/4337/332
f 1901/4338/50 1897/4339/50 1898/4340/50
f 1905/4341/333 1904/4342/333 1907/4343/333
f 1908/4344/334 1904/4345/334 1905/4346/334
f 1911/4347/335 1910/4348/335 1908/4349/335
f 1906/4350/336 1907/4351/336 1910/4352/336
f 1909/4353/50 1905/4354/50 1906/4355/50
f 1908/4356/109 1910/4357/109 1907/4358/109
f 1922/4359/337 1921/4360/337 1924/4361/337
f 1925/4362/330 1921/4363/330 1922/4364/330
f 1928/4365/338 1927/4366/338 1925/4367/338
f 1923/4368/332 1924/4369/332 1927/4370/332
f 1926/4371/50 1922/4372/50 1923/4373/50
f 1930/4374/339 1929/4375/339 1932/4376/339
f 1934/4377/330 1933/4378/330 1929/4379/330
f 1936/4380/340 1935/4381/340 1933/4382/340
f 1931/4383/332 1932/4384/332 1935/4385/332
f 1934/4386/50 1930/4387/50 1931/4388/50
f 1933/4389/109 1935/4390/109 1932/4391/109
f 1893/4392/341 1937/4393/341 1938/4394/341
f 1964/4395/330 1920/4396/330 1895/4397/330
f 1913/4398/50 1916/4399/50 1940/4400/50
f 1920/4401/109 1964/4402/109 1937/4403/109
f 1960/4404/330 1962/4405/330 1894/4406/330
f 1942/4407/330 1959/4408/330 1912/4409/330
f 1912/4410/109 1959/4411/109 1960/4412/109
f 1895/4413/50 1894/4414/50 1962/4415/50
f 1914/4416/341 1919/4417/341 1963/4418/341
f 1916/4419/341 1917/4420/341 1961/4421/341
f 1914/4422/109 1941/4423/109 1961/4424/109
f 1919/4425/50 1918/4426/50 1938/4427/50
f 1944/4428/342 1943/4429/342 1946/4430/342
f 1948/4431/334 1947/4432/334 1943/4433/334
f 1950/4434/343 1949/4435/343 1947/4436/343
f 1946/4437/341 1949/4438/341 1950/4439/341
f 1944/4440/50 1945/4441/50 1950/4442/50
f 1952/4443/344 1951/4444/344 1954/4445/344
f 1956/4446/330 1955/4447/330 1951/4448/330
f 1958/4449/345 1957/4450/345 1955/4451/345
f 1953/4452/341 1954/4453/341 1957/4454/341
f 1952/4455/50 1953/4456/50 1958/4457/50
f 1951/4458/109 1955/4459/109 1957/4460/109
f 1966/4461/346 1965/4462/346 1968/4463/346
f 1969/4464/334 1965/4465/334 1966/4466/334
f 1972/4467/347 1971/4468/347 1969/4469/347
f 1967/4470/341 1968/4471/341 1971/4472/341
f 1966/4473/50 1967/4474/50 1972/4475/50
f 2141/4476/119 2138/4477/119 2140/4478/119
f 1004/2215/348 2138/4477/348 2141/4476/348
f 2139/4479/122 2140/4478/122 2138/4477/122
f 1974/4480/349 1973/4481/349 1976/4482/349
f 1978/4483/350 1977/4484/350 1973/4485/350
f 1980/4486/351 1979/4487/351 1977/4488/351
f 1975/4489/352 1976/4490/352 1979/4491/352
f 1974/4492/50 1975/4493/50 1980/4494/50
f 1973/4495/109 1977/4496/109 1979/4497/109
f 1937/4498/353 1981/4499/353 2004/4500/353
f 2007/4501/354 1964/4502/354 1939/4503/354
f 2002/4504/50 1942/4505/50 1940/4506/50
f 1937/4507/109 1964/4508/109 2007/4509/109
f 1983/4510/354 2005/4511/354 1962/4512/354
f 2002/4513/354 1985/4514/354 1959/4515/354
f 1960/4516/109 1959/4517/109 1985/4518/109
f 1962/4519/50 2005/4520/50 2008/4521/50
f 1941/4522/353 1963/4523/353 2006/4524/353
f 1940/4525/353 1961/4526/353 2003/4527/353
f 1961/4528/109 1941/4529/109 1984/4530/109
f 1938/4531/50 2004/4532/50 2006/4533/50
f 1986/4534/355 1989/4535/355 1988/4536/355
f 1990/4537/356 1986/4538/356 1987/4539/356
f 1993/4540/357 1992/4541/357 1990/4542/357
f 1988/4543/358 1989/4544/358 1992/4545/358
f 1991/4546/50 1987/4547/50 1988/4548/50
f 2137/2213/122 2138/4477/122 1004/2215/122
f 1017/4549/122 1018/4550/122 1020/4551/122
f 1017/4549/359 1019/2258/359 1018/4550/359
f 1021/4552/122 1020/4551/122 1018/4550/122
f 1005/4553/360 1004/2215/360 2141/4476/360
f 1995/4554/361 1994/4555/361 1997/4556/361
f 1998/4557/362 1994/4558/362 1995/4559/362
f 2001/4560/363 2000/4561/363 1998/4562/363
f 1996/4563/364 1997/4564/364 2000/4565/364
f 1999/4566/50 1995/4567/50 1996/4568/50
f 1998/4569/109 2000/4570/109 1997/4571/109
f 2110/4572/108 2105/4573/108 2108/4574/108
f 2107/4575/108 2108/4574/108 2105/4573/108
f 2109/4576/108 2108/4574/108 2107/4575/108
f 2113/4577/108 2110/4572/108 2108/4574/108
f 2110/4572/108 2106/4578/108 2105/4573/108
f 2009/4579/365 2012/4580/365 2011/4581/365
f 2014/4582/366 2013/4583/366 2009/4584/366
f 2016/4585/367 2015/4586/367 2013/4587/367
f 2011/4588/368 2012/4589/368 2015/4590/368
f 2014/4591/50 2010/4592/50 2011/4593/50
f 1023/2256/119 1018/4550/119 1019/2258/119
f 1019/2258/122 1017/4549/122 2131/4594/122
f 2018/4595/369 2017/4596/369 2020/4597/369
f 2022/4598/366 2021/4599/366 2017/4600/366
f 2024/4601/370 2023/4602/370 2021/4603/370
f 2019/4604/368 2020/4605/368 2023/4606/368
f 2022/4607/50 2018/4608/50 2019/4609/50
f 2021/4610/109 2023/4611/109 2020/4612/109
f 1981/4613/368 2025/4614/368 2051/4615/368
f 2026/4616/366 2007/4617/366 2008/4618/366
f 2002/4619/50 1982/4620/50 2029/4621/50
f 2007/4622/109 2026/4623/109 2025/4624/109
f 2049/4625/366 2027/4626/366 2005/4627/366
f 2031/4628/366 2048/4629/366 1985/4630/366
f 1985/4631/109 2048/4632/109 2049/4633/109
f 2008/4634/50 2005/4635/50 2027/4636/50
f 1984/4637/368 2006/4638/368 2052/4639/368
f 1982/4640/368 2003/4641/368 2050/4642/368
f 1984/4643/109 2030/4644/109 2050/4645/109
f 2006/4646/50 2004/4647/50 2051/4648/50
f 2032/4649/371 2035/4650/371 2034/4651/371
f 2037/4652/362 2036/4653/362 2032/4654/362
f 2039/4655/372 2038/4656/372 2036/4657/372
f 2034/4658/373 2035/4659/373 2038/4660/373
f 2033/4661/50 2034/4662/50 2039/4663/50
f 2040/4664/374 2043/4665/374 2042/4666/374
f 2044/4667/356 2040/4668/356 2041/4669/356
f 2047/4670/375 2046/4671/375 2044/4672/375
f 2042/4673/373 2043/4674/373 2046/4675/373
f 2041/4676/50 2042/4677/50 2047/4678/50
f 2040/4679/109 2044/4680/109 2046/4681/109
f 2054/4682/376 2053/4683/376 2056/4684/376
f 2057/4685/362 2053/4686/362 2054/4687/362
f 2060/4688/377 2059/4689/377 2057/4690/377
f 2055/4691/378 2056/4692/378 2059/4693/378
f 2054/4694/50 2055/4695/50 2060/4696/50
f 2062/4697/379 2061/4698/379 2064/4699/379
f 2066/4700/380 2065/4701/380 2061/4702/380
f 2068/4703/381 2067/4704/381 2065/4705/381
f 2063/4706/382 2064/4707/382 2067/4708/382
f 2062/4709/50 2063/4710/50 2068/4711/50
f 2061/4712/109 2065/4713/109 2067/4714/109
f 2089/4715/383 2088/4716/383 2051/4717/383
f 2069/4718/384 2026/4719/384 2028/4720/384
f 2072/4721/50 2031/4722/50 2029/4723/50
f 2025/4724/109 2026/4725/109 2069/4726/109
f 2071/4727/384 2090/4728/384 2027/4729/384
f 2072/4730/384 2073/4731/384 2048/4732/384
f 2049/4733/109 2048/4734/109 2073/4735/109
f 2027/4736/50 2090/4737/50 2092/4738/50
f 2030/4739/383 2052/4740/383 2091/4741/383
f 2029/4742/383 2050/4743/383 2087/4744/383
f 2050/4745/109 2030/4746/109 2086/4747/109
f 2051/4748/50 2088/4749/50 2091/4750/50
f 2075/4751/385 2074/4752/385 2077/4753/385
f 2079/4754/386 2078/4755/386 2074/4756/386
f 2080/4757/387 2078/4758/387 2079/4759/387
f 2076/4760/388 2077/4761/388 2080/4762/388
f 2079/4763/50 2075/4764/50 2076/4765/50
f 109/4766/113 108/216/113 2083/217/113
f 2085/4767/389 2084/4768/389 110/4769/389
f 2083/224/114 2085/4770/114 2084/223/114
f 111/4771/390 109/4772/390 2082/4773/390
f 110/226/109 2084/227/109 2083/4774/109
f 2094/4775/391 2093/4776/391 2096/4777/391
f 2098/4778/386 2097/4779/386 2093/4780/386
f 2100/4781/392 2099/4782/392 2097/4783/392
f 2096/4784/388 2099/4785/388 2100/4786/388
f 2098/4787/50 2094/4788/50 2095/4789/50
f 2101/4790/388 2102/4791/388 2103/4792/388
f 98/199/109 2103/200/109 2102/4793/109
f 2089/4794/393 2105/4795/393 2106/4796/393
f 2115/4797/108 2113/4577/108 2116/4798/108
f 2114/4799/108 2110/4572/108 2113/4577/108
f 2112/4800/108 2114/4799/108 2113/4577/108
f 2113/4577/108 2115/4797/108 2112/4800/108
f 2112/4800/108 2111/4801/108 2114/4799/108
f 2069/4802/394 2092/4803/394 2109/4804/394
f 2072/4805/50 2070/4806/50 2112/4807/50
f 2069/4808/109 2107/4809/109 2105/4810/109
f 2113/4811/394 2108/4812/394 2090/4813/394
f 2115/4814/394 2116/4815/394 2073/4816/394
f 2073/4817/109 2116/4818/109 2113/4819/109
f 2092/4820/50 2090/4821/50 2108/4822/50
f 2086/4823/393 2091/4824/393 2110/4825/393
f 2070/4826/393 2087/4827/393 2111/4828/393
f 2086/4829/109 2114/4830/109 2111/4831/109
f 2091/4832/50 2088/4833/50 2106/4834/50
f 2118/4835/395 2117/4836/395 2120/4837/395
f 2122/4838/396 2121/4839/396 2117/4840/396
f 2124/4841/397 2123/4842/397 2121/4843/397
f 2120/4844/398 2123/4845/398 2124/4846/398
f 2122/4847/50 2118/4848/50 2119/4849/50
f 1548/3426/220 2125/4850/220 1583/3427/220
f 2125/4850/220 1548/3426/220 2126/4851/220
f 1556/3557/236 1573/3556/236 518/4852/236
f 73/138/61 75/140/61 74/4853/61
f 76/141/47 74/143/47 77/4854/47
f 76/144/108 79/146/108 78/4855/108
f 72/147/6 79/149/6 75/4856/6
f 76/150/50 72/152/50 73/4857/50
f 81/153/61 83/155/61 82/4858/61
f 85/156/6 80/158/6 81/4859/6
f 87/159/108 84/161/108 85/4860/108
f 82/162/47 86/164/47 87/4861/47
f 85/165/50 82/167/50 87/4862/50
f 80/168/109 86/170/109 83/4863/109
f 89/171/61 91/173/61 90/4864/61
f 92/174/47 90/176/47 93/4865/47
f 92/177/108 95/179/108 94/4866/108
f 88/180/6 95/182/6 91/4867/6
f 94/183/50 89/185/50 92/4868/50
f 97/186/110 2102/188/110 2101/4869/110
f 99/189/6 96/191/6 97/4870/6
f 2104/192/111 98/194/111 99/4871/111
f 99/195/112 2101/197/112 2104/4872/112
f 96/198/109 2103/200/109 2102/4793/109
f 101/201/61 103/203/61 102/4873/61
f 104/204/47 102/206/47 105/4874/47
f 104/207/108 107/209/108 106/4875/108
f 100/210/6 107/212/6 103/4876/6
f 104/213/50 100/215/50 101/4877/50
f 108/216/113 2082/218/113 109/4766/113
f 111/219/6 108/221/6 109/4878/6
f 2082/222/114 2085/4770/114 2084/223/114
f 108/225/109 2084/227/109 2083/4774/109
f 115/228/6 61/230/6 60/4879/6
f 64/231/47 118/233/47 136/4880/47
f 70/234/50 138/236/50 69/4881/50
f 115/237/109 64/239/109 136/4882/109
f 67/240/47 117/242/47 62/4883/47
f 69/243/47 113/245/47 68/4884/47
f 137/246/109 68/248/109 113/4885/109
f 118/249/50 62/251/50 117/4886/50
f 112/252/6 63/254/6 135/4887/6
f 70/255/6 114/257/6 139/4888/6
f 114/258/109 66/260/109 112/4889/109
f 135/261/50 61/263/50 116/4890/50
f 120/264/61 122/266/61 121/4891/61
f 123/267/47 121/269/47 124/4892/47
f 123/270/108 126/272/108 125/4893/108
f 119/273/6 126/275/6 122/4894/6
f 123/276/50 119/278/50 120/4895/50
f 127/279/61 129/281/61 128/4896/61
f 132/282/6 127/284/6 128/4897/6
f 134/285/108 131/287/108 132/4898/108
f 129/288/47 133/290/47 134/4899/47
f 132/291/50 129/293/50 134/4900/50
f 127/294/109 133/296/109 130/4901/109
f 141/297/61 143/299/61 142/4902/61
f 144/300/47 142/302/47 145/4903/47
f 144/303/108 147/305/108 146/4904/108
f 140/306/6 147/308/6 143/4905/6
f 144/309/50 140/311/50 141/4906/50
f 149/312/61 151/314/61 150/4907/61
f 153/315/6 148/317/6 149/4908/6
f 155/318/108 152/320/108 153/4909/108
f 150/321/47 154/323/47 155/4910/47
f 153/324/50 150/326/50 155/4911/50
f 148/327/109 154/329/109 151/4912/109
f 157/330/61 159/332/61 158/4913/61
f 160/333/47 158/335/47 161/4914/47
f 160/336/108 163/338/108 162/4915/108
f 156/339/6 163/341/6 159/4916/6
f 160/342/50 156/344/50 157/4917/50
f 165/345/61 167/347/61 166/4918/61
f 169/348/6 164/350/6 165/4919/6
f 171/351/108 168/353/108 169/4920/108
f 166/354/47 170/356/47 171/4921/47
f 169/357/50 166/359/50 171/4922/50
f 164/360/109 170/362/109 167/4923/109
f 173/363/61 175/365/61 174/4924/61
f 176/366/47 174/368/47 177/4925/47
f 176/369/108 179/371/108 178/4926/108
f 172/372/6 179/374/6 175/4927/6
f 176/375/50 172/377/50 173/4928/50
f 180/378/61 182/380/61 181/4929/61
f 185/381/6 180/383/6 181/4930/6
f 187/384/108 184/386/108 185/4931/108
f 182/387/47 186/389/47 187/4932/47
f 185/390/50 182/392/50 187/4933/50
f 180/393/109 186/395/109 183/4934/109
f 193/396/6 115/398/6 192/4935/6
f 136/399/47 196/401/47 213/4936/47
f 138/402/50 215/404/50 214/4937/50
f 192/405/109 136/407/109 213/4938/109
f 137/408/47 195/410/47 117/4939/47
f 138/411/47 189/413/47 113/4940/47
f 190/414/109 113/416/109 189/4941/109
f 118/417/50 195/419/50 196/4942/50
f 188/420/6 135/422/6 194/4943/6
f 139/423/6 191/425/6 215/4944/6
f 191/426/109 112/428/109 188/4945/109
f 194/429/50 116/431/50 193/4946/50
f 198/432/61 200/434/61 199/4947/61
f 201/435/47 199/437/47 202/4948/47
f 201/438/108 204/440/108 203/4949/108
f 197/441/6 204/443/6 200/4950/6
f 201/444/50 197/446/50 198/4951/50
f 206/447/61 208/449/61 207/4952/61
f 210/450/6 205/452/6 206/4953/6
f 212/453/108 209/455/108 210/4954/108
f 207/456/47 211/458/47 212/4955/47
f 210/459/50 207/461/50 212/4956/50
f 205/462/109 211/464/109 208/4957/109
f 217/465/61 219/467/61 218/4958/61
f 220/468/47 218/470/47 221/4959/47
f 220/471/108 223/473/108 222/4960/108
f 222/474/6 219/476/6 216/4961/6
f 220/477/50 216/479/50 217/4962/50
f 225/480/61 227/482/61 226/4963/61
f 229/483/6 224/485/6 225/4964/6
f 231/486/108 228/488/108 229/4965/108
f 226/489/47 230/491/47 231/4966/47
f 229/492/50 226/494/50 231/4967/50
f 224/495/109 230/497/109 227/4968/109
f 233/498/61 235/500/61 234/4969/61
f 236/501/47 234/503/47 237/4970/47
f 236/504/108 239/506/108 238/4971/108
f 238/507/6 235/509/6 232/4972/6
f 236/510/50 232/512/50 233/4973/50
f 240/513/61 242/515/61 241/4974/61
f 245/516/6 240/518/6 241/4975/6
f 247/519/108 244/521/108 245/4976/108
f 242/522/47 246/524/47 247/4977/47
f 245/525/50 242/527/50 247/4978/50
f 240/528/109 246/530/109 243/4979/109
f 249/531/61 251/533/61 250/4980/61
f 252/534/47 250/536/47 253/4981/47
f 252/537/108 255/539/108 254/4982/108
f 254/540/6 251/542/6 248/4983/6
f 252/543/50 248/545/50 249/4984/50
f 256/546/61 258/548/61 257/4985/61
f 260/4986/6 256/611/6 257/4987/6
f 258/552/47 261/550/47 262/4988/47
f 260/551/50 258/555/50 262/549/50
f 256/4989/109 261/4990/109 259/4991/109
f 286/556/6 193/558/6 192/4992/6
f 213/559/47 270/561/47 287/4993/47
f 214/562/50 289/564/50 288/4994/50
f 286/565/109 213/567/109 287/4995/109
f 190/568/47 269/570/47 195/4996/47
f 214/571/47 264/573/47 189/4997/47
f 265/574/109 189/576/109 264/4998/109
f 270/577/50 195/579/50 269/4999/50
f 263/580/6 194/582/6 268/5000/6
f 289/583/6 191/585/6 266/5001/6
f 266/586/109 188/588/109 263/5002/109
f 268/589/50 193/591/50 267/5003/50
f 272/592/61 274/594/61 273/5004/61
f 275/595/47 273/597/47 276/5005/47
f 275/598/108 278/600/108 277/5006/108
f 277/601/6 274/603/6 271/5007/6
f 275/604/50 271/606/50 272/5008/50
f 280/607/61 282/609/61 281/5009/61
f 283/618/6 279/620/6 280/5010/6
f 281/612/47 284/614/47 285/5011/47
f 283/615/50 281/617/50 285/5012/50
f 279/5013/109 284/5014/109 282/5015/109
f 291/621/61 293/623/61 292/5016/61
f 294/624/47 292/626/47 295/5017/47
f 294/627/108 297/629/108 296/5018/108
f 296/630/6 293/632/6 290/5019/6
f 294/633/50 290/635/50 291/5020/50
f 298/636/61 300/638/61 299/5021/61
f 302/5022/6 298/5023/6 299/5024/6
f 300/639/47 303/641/47 304/5025/47
f 302/642/50 300/644/50 304/5026/50
f 298/5027/109 303/5028/109 301/5029/109
f 306/645/61 308/647/61 307/5030/61
f 309/648/47 307/650/47 310/5031/47
f 309/651/108 312/653/108 311/5032/108
f 311/654/6 308/656/6 305/5033/6
f 309/657/50 305/659/50 306/5034/50
f 313/660/61 315/662/61 314/5035/61
f 318/663/6 313/665/6 314/5036/6
f 320/666/108 317/668/108 318/5037/108
f 315/669/47 319/671/47 320/5038/47
f 318/672/50 315/674/50 320/5039/50
f 313/675/109 319/677/109 316/5040/109
f 322/678/61 324/680/61 323/5041/61
f 325/681/47 323/683/47 326/5042/47
f 325/684/108 328/686/108 327/5043/108
f 327/687/6 324/689/6 321/5044/6
f 325/690/50 321/692/50 322/5045/50
f 330/693/61 332/695/61 331/5046/61
f 334/696/6 329/698/6 330/5047/6
f 336/699/108 333/701/108 334/5048/108
f 331/702/47 335/704/47 336/5049/47
f 334/705/50 331/707/50 336/5050/50
f 329/708/109 335/710/109 332/5051/109
f 342/711/6 286/713/6 341/5052/6
f 287/714/47 345/716/47 362/5053/47
f 288/717/50 364/719/50 363/5054/50
f 341/720/109 287/722/109 362/5055/109
f 265/723/47 344/725/47 269/5056/47
f 288/726/47 338/728/47 264/5057/47
f 339/729/109 264/731/109 338/5058/109
f 345/732/50 269/734/50 344/5059/50
f 337/735/6 268/737/6 343/5060/6
f 364/738/6 266/740/6 340/5061/6
f 340/741/109 263/743/109 337/5062/109
f 343/744/50 267/746/50 342/5063/50
f 347/747/61 349/749/61 348/5064/61
f 350/750/47 348/752/47 351/5065/47
f 350/753/108 353/755/108 352/5066/108
f 352/756/6 349/758/6 346/5067/6
f 350/759/50 346/761/50 347/5068/50
f 354/762/61 356/764/61 355/5069/61
f 359/765/6 354/767/6 355/5070/6
f 361/768/108 358/770/108 359/5071/108
f 356/771/47 360/773/47 361/5072/47
f 359/774/50 356/776/50 361/5073/50
f 354/777/109 360/779/109 357/5074/109
f 366/780/61 368/782/61 367/5075/61
f 369/783/47 367/785/47 370/5076/47
f 369/786/108 372/788/108 371/5077/108
f 365/789/6 372/791/6 368/5078/6
f 369/792/50 365/794/50 366/5079/50
f 373/795/61 375/797/61 374/5080/61
f 377/798/6 374/800/6 378/5081/6
f 380/801/108 377/803/108 378/5082/108
f 375/804/47 379/806/47 380/5083/47
f 378/807/50 375/809/50 380/5084/50
f 373/810/109 379/812/109 376/5085/109
f 382/813/61 384/815/61 383/5086/61
f 385/816/47 383/818/47 386/5087/47
f 385/819/108 388/821/108 387/5088/108
f 381/822/6 388/824/6 384/5089/6
f 385/825/50 381/827/50 382/5090/50
f 390/828/61 392/830/61 391/5091/61
f 393/831/6 390/833/6 394/5092/6
f 396/834/108 393/836/108 394/5093/108
f 391/837/47 395/839/47 396/5094/47
f 394/840/50 391/842/50 396/5095/50
f 389/843/109 395/845/109 392/5096/109
f 398/846/61 400/848/61 399/5097/61
f 401/849/47 399/851/47 402/5098/47
f 401/852/108 404/854/108 403/5099/108
f 397/855/6 404/857/6 400/5100/6
f 401/858/50 397/860/50 398/5101/50
f 405/861/61 407/863/61 406/5102/61
f 409/864/6 406/866/6 410/5103/6
f 412/867/108 409/869/108 410/5104/108
f 407/870/47 411/872/47 412/5105/47
f 410/873/50 407/875/50 412/5106/50
f 405/876/109 411/878/109 408/5107/109
f 429/879/6 342/881/6 341/5108/6
f 345/882/47 433/884/47 362/5109/47
f 363/885/50 439/887/50 438/5110/50
f 429/888/109 362/890/109 433/5111/109
f 339/891/47 431/893/47 344/5112/47
f 363/894/47 437/896/47 338/5113/47
f 436/897/109 338/899/109 437/5114/109
f 434/900/50 344/902/50 431/5115/50
f 435/903/6 343/905/6 432/5116/6
f 439/906/6 340/908/6 440/5117/6
f 440/909/109 337/911/109 435/5118/109
f 432/912/50 342/914/50 430/5119/50
f 414/915/61 416/917/61 415/5120/61
f 417/918/47 415/920/47 418/5121/47
f 417/921/108 420/923/108 419/5122/108
f 413/924/6 420/926/6 416/5123/6
f 417/927/50 413/929/50 414/5124/50
f 421/930/61 423/932/61 422/5125/61
f 425/933/6 422/935/6 426/5126/6
f 428/936/108 425/938/108 426/5127/108
f 423/939/47 427/941/47 428/5128/47
f 426/942/50 423/944/50 428/5129/50
f 421/945/109 427/947/109 424/5130/109
f 442/948/61 444/950/61 443/5131/61
f 445/951/47 443/953/47 446/5132/47
f 445/954/108 448/956/108 447/5133/108
f 441/957/6 448/959/6 444/5134/6
f 445/960/50 441/962/50 442/5135/50
f 450/963/61 452/965/61 451/5136/61
f 453/966/6 450/968/6 454/5137/6
f 456/969/108 453/971/108 454/5138/108
f 451/972/47 455/974/47 456/5139/47
f 454/975/50 451/977/50 456/5140/50
f 449/978/109 455/980/109 452/5141/109
f 458/981/61 460/983/61 459/5142/61
f 461/984/47 459/986/47 462/5143/47
f 461/987/108 464/989/108 463/5144/108
f 457/990/6 464/992/6 460/5145/6
f 461/993/50 457/995/50 458/5146/50
f 465/996/61 467/998/61 466/5147/61
f 469/999/6 466/1001/6 470/5148/6
f 472/1002/108 469/1004/108 470/5149/108
f 467/1005/47 471/1007/47 472/5150/47
f 470/1008/50 467/1010/50 472/5151/50
f 465/1011/109 471/1013/109 468/5152/109
f 474/1014/61 476/1016/61 475/5153/61
f 477/1017/47 475/1019/47 478/5154/47
f 477/1020/108 480/1022/108 479/5155/108
f 473/1023/6 480/1025/6 476/5156/6
f 477/1026/50 473/1028/50 474/5157/50
f 481/1029/61 483/1031/61 482/5158/61
f 485/1032/6 482/1034/6 486/5159/6
f 488/1035/108 485/1037/108 486/5160/108
f 483/1038/47 487/1040/47 488/5161/47
f 486/1041/50 483/1043/50 488/5162/50
f 481/1044/109 487/1046/109 484/5163/109
f 513/1047/6 430/1049/6 429/5164/6
f 433/1050/47 496/1052/47 514/5165/47
f 438/1053/50 516/1055/50 515/5166/50
f 513/1056/109 433/1058/109 514/5167/109
f 436/1059/47 495/1061/47 431/5168/47
f 438/1062/47 490/1064/47 437/5169/47
f 491/1065/109 437/1067/109 490/5170/109
f 496/1068/50 431/1070/50 495/5171/50
f 489/1071/6 432/1073/6 494/5172/6
f 516/1074/6 440/1076/6 492/5173/6
f 492/1077/109 435/1079/109 489/5174/109
f 494/1080/50 430/1082/50 493/5175/50
f 498/1083/61 500/1085/61 499/5176/61
f 501/1086/47 499/1088/47 502/5177/47
f 501/1089/108 504/1091/108 503/5178/108
f 497/1092/6 504/1094/6 500/5179/6
f 501/1095/50 497/1097/50 498/5180/50
f 506/1098/61 508/1100/61 507/5181/61
f 509/1101/6 506/1103/6 510/5182/6
f 512/1104/108 509/1106/108 510/5183/108
f 507/1107/47 511/1109/47 512/5184/47
f 510/1110/50 507/1112/50 512/5185/50
f 505/1113/109 511/1115/109 508/5186/109
f 522/1116/61 524/1118/61 523/5187/61
f 525/1119/47 523/1121/47 526/5188/47
f 525/1122/108 528/1124/108 527/5189/108
f 521/1125/6 528/1127/6 524/5190/6
f 525/1128/50 521/1130/50 522/5191/50
f 529/1131/61 531/1133/61 530/5192/61
f 533/1134/6 530/1136/6 534/5193/6
f 536/1137/108 533/1139/108 534/5194/108
f 531/1140/47 535/1142/47 536/5195/47
f 534/1143/50 531/1145/50 536/5196/50
f 529/1146/109 535/1148/109 532/5197/109
f 563/1149/47 540/1151/47 564/5198/47
f 565/1152/6 542/1154/6 520/5199/6
f 546/1155/50 538/1157/50 1557/5200/50
f 563/1158/115 520/1160/115 519/5201/115
f 545/1161/6 566/1163/6 569/5202/6
f 546/1164/6 537/1166/6 571/5203/6
f 569/1167/109 517/1169/109 545/5204/109
f 567/1170/116 541/1172/116 542/5205/116
f 568/1173/47 518/1175/47 570/5206/47
f 538/1176/47 544/1178/47 1557/2185/47
f 539/1179/109 518/1181/109 544/2184/109
f 568/1182/116 540/1184/116 543/2187/116
f 548/1185/61 550/1187/61 549/5207/61
f 551/1188/47 549/1190/47 552/5208/47
f 551/1191/108 554/1193/108 553/5209/108
f 547/1194/6 554/1196/6 550/5210/6
f 551/1197/50 547/1199/50 548/5211/50
f 555/1200/61 557/1202/61 556/5212/61
f 559/1203/6 556/1205/6 560/5213/6
f 562/1206/108 559/1208/108 560/5214/108
f 557/1209/47 561/1211/47 562/5215/47
f 560/1212/50 557/1214/50 562/5216/50
f 555/1215/109 561/1217/109 558/5217/109
f 607/1218/47 564/1220/47 637/5218/47
f 565/1221/6 640/1223/6 567/5219/6
f 643/1224/50 538/1226/50 571/5220/50
f 638/1227/109 563/1229/109 607/5221/109
f 569/1230/6 639/1232/6 605/5222/6
f 571/1233/6 603/1235/6 643/5223/6
f 605/1236/109 537/1238/109 569/5224/109
f 640/1239/50 566/1241/50 567/5225/50
f 604/1242/47 568/1244/47 570/5226/47
f 606/1245/47 539/1247/47 538/5227/47
f 642/1248/109 570/1250/109 539/5228/109
f 641/1251/50 564/1253/50 568/5229/50
f 573/1254/61 575/1256/61 574/5230/61
f 577/1257/6 572/1259/6 573/5231/6
f 578/1260/108 577/1262/108 579/5232/108
f 574/1263/47 578/1265/47 579/5233/47
f 577/1266/50 574/1268/50 579/5234/50
f 581/1269/61 583/1271/61 582/5235/61
f 584/1272/47 582/1274/47 585/5236/47
f 584/1275/108 587/1277/108 586/5237/108
f 580/1278/6 587/1280/6 583/5238/6
f 584/1281/50 580/1283/50 581/5239/50
f 588/1284/61 590/1286/61 589/5240/61
f 592/1287/6 589/1289/6 593/5241/6
f 595/1290/108 592/1292/108 593/5242/108
f 590/1293/47 594/1295/47 595/5243/47
f 593/1296/50 590/1298/50 595/5244/50
f 588/1299/109 594/1301/109 591/5245/109
f 632/1302/6 493/1304/6 513/5246/6
f 514/1305/47 602/1307/47 634/5247/47
f 515/1308/50 636/1310/50 635/5248/50
f 632/1311/109 514/1313/109 634/5249/109
f 491/1314/47 601/1316/47 495/5250/47
f 515/1317/47 597/1319/47 490/5251/47
f 598/1320/109 490/1322/109 597/5252/109
f 602/1323/50 495/1325/50 601/5253/50
f 596/1326/6 494/1328/6 633/5254/6
f 636/1329/6 492/1331/6 599/5255/6
f 599/1332/109 489/1334/109 596/5256/109
f 633/1335/50 493/1337/50 600/5257/50
f 609/1338/61 611/1340/61 610/5258/61
f 613/1341/6 608/1343/6 609/5259/6
f 614/1344/108 613/1346/108 615/5260/108
f 610/1347/47 614/1349/47 615/5261/47
f 613/1350/50 610/1352/50 615/5262/50
f 617/1353/61 619/1355/61 618/5263/61
f 620/1356/47 618/1358/47 621/5264/47
f 620/1359/108 623/1361/108 622/5265/108
f 616/1362/6 623/1364/6 619/5266/6
f 620/1365/50 616/1367/50 617/5267/50
f 625/1368/61 627/1370/61 626/5268/61
f 628/1371/6 625/1373/6 629/5269/6
f 631/1374/108 628/1376/108 629/5270/108
f 626/1377/47 630/1379/47 631/5271/47
f 629/1380/50 626/1382/50 631/5272/50
f 624/1383/109 630/1385/109 627/5273/109
f 725/1386/47 637/1388/47 724/5274/47
f 638/1389/6 758/1391/6 640/5275/6
f 643/1392/50 723/1394/50 606/5276/50
f 756/1395/109 607/1397/109 725/5277/109
f 605/1398/6 757/1400/6 761/5278/6
f 643/1401/6 722/1403/6 763/5279/6
f 761/1404/109 603/1406/109 605/5280/109
f 758/1407/50 639/1409/50 640/5281/50
f 762/1410/47 641/1412/47 604/5282/47
f 723/1413/47 642/1415/47 606/5283/47
f 760/1416/109 604/1418/109 642/5284/109
f 759/1419/50 637/1421/50 641/5285/50
f 645/1422/61 647/1424/61 646/5286/61
f 649/1425/6 644/1427/6 645/5287/6
f 650/1428/108 649/1430/108 651/5288/108
f 646/1431/47 650/1433/47 651/5289/47
f 649/1434/50 646/1436/50 651/5290/50
f 653/1437/61 655/1439/61 654/5291/61
f 656/1440/47 654/1442/47 657/5292/47
f 656/1443/108 659/1445/108 658/5293/108
f 652/1446/6 659/1448/6 655/5294/6
f 656/1449/50 652/1451/50 653/5295/50
f 661/1452/61 663/1454/61 662/5296/61
f 664/1455/6 661/1457/6 665/5297/6
f 667/1458/108 664/1460/108 665/5298/108
f 662/1461/47 666/1463/47 667/5299/47
f 665/1464/50 662/1466/50 667/5300/50
f 660/1467/109 666/1469/109 663/5301/109
f 669/1470/61 671/1472/61 670/5302/61
f 673/1473/6 668/1475/6 669/5303/6
f 674/1476/108 673/1478/108 675/5304/108
f 670/1479/47 674/1481/47 675/5305/47
f 669/1482/50 675/1484/50 673/5306/50
f 677/1485/61 679/1487/61 678/5307/61
f 680/1488/47 678/1490/47 681/5308/47
f 680/1491/108 683/1493/108 682/5309/108
f 676/1494/6 683/1496/6 679/5310/6
f 680/1497/50 676/1499/50 677/5311/50
f 684/1500/61 686/1502/61 685/5312/61
f 688/1503/6 685/1505/6 689/5313/6
f 691/1506/108 688/1508/108 689/5314/108
f 686/1509/47 690/1511/47 691/5315/47
f 689/1512/50 686/1514/50 691/5316/50
f 684/1515/109 690/1517/109 687/5317/109
f 693/1518/61 695/1520/61 694/5318/61
f 697/1521/6 692/1523/6 693/5319/6
f 698/1524/108 697/1526/108 699/5320/108
f 694/1527/47 698/1529/47 699/5321/47
f 697/1530/50 694/1532/50 699/5322/50
f 701/1533/61 703/1535/61 702/5323/61
f 704/1536/47 702/1538/47 705/5324/47
f 704/1539/108 707/1541/108 706/5325/108
f 700/1542/6 707/1544/6 703/5326/6
f 704/1545/50 700/1547/50 701/5327/50
f 709/1548/61 711/1550/61 710/5328/61
f 712/1551/6 709/1553/6 713/5329/6
f 715/1554/108 712/1556/108 713/5330/108
f 710/1557/47 714/1559/47 715/5331/47
f 713/1560/50 710/1562/50 715/5332/50
f 708/1563/109 714/1565/109 711/5333/109
f 720/1566/6 632/1568/6 719/5334/6
f 602/1569/47 751/1571/47 634/5335/47
f 635/1572/50 755/1574/50 754/5336/50
f 719/1575/109 634/1577/109 751/5337/109
f 598/1578/47 721/1580/47 601/5338/47
f 635/1581/47 753/1583/47 597/5339/47
f 717/1584/109 597/1586/109 753/5340/109
f 602/1587/50 721/1589/50 752/5341/50
f 716/1590/6 633/1592/6 750/5342/6
f 636/1593/6 718/1595/6 755/5343/6
f 718/1596/109 596/1598/109 716/5344/109
f 633/1599/50 720/1601/50 750/5345/50
f 727/1602/61 729/1604/61 728/5346/61
f 731/1605/6 726/1607/6 727/5347/6
f 732/1608/108 731/1610/108 733/5348/108
f 728/1611/47 732/1613/47 733/5349/47
f 731/1614/50 728/1616/50 733/5350/50
f 735/1617/61 737/1619/61 736/5351/61
f 738/1620/47 736/1622/47 739/5352/47
f 738/1623/108 741/1625/108 740/5353/108
f 734/1626/6 741/1628/6 737/5354/6
f 738/1629/50 734/1631/50 735/5355/50
f 742/1632/61 744/1634/61 743/5356/61
f 747/1635/6 742/1637/6 743/5357/6
f 749/1638/108 746/1640/108 747/5358/108
f 744/1641/47 748/1643/47 749/5359/47
f 747/1644/50 744/1646/50 749/5360/50
f 742/1647/109 748/1649/109 745/5361/109
f 765/1650/61 767/1652/61 766/5362/61
f 769/1653/6 764/1655/6 765/5363/6
f 770/1656/108 769/1658/108 771/5364/108
f 766/1659/47 770/1661/47 771/5365/47
f 769/1662/50 766/1664/50 771/5366/50
f 773/1665/61 775/1667/61 774/5367/61
f 776/1668/47 774/1670/47 777/5368/47
f 776/1671/108 779/1673/108 778/5369/108
f 772/1674/6 779/1676/6 775/5370/6
f 776/1677/50 772/1679/50 773/5371/50
f 780/1680/61 782/1682/61 781/5372/61
f 785/1683/6 780/1685/6 781/5373/6
f 787/1686/108 784/1688/108 785/5374/108
f 782/1689/47 786/1691/47 787/5375/47
f 785/1692/50 782/1694/50 787/5376/50
f 780/1695/109 786/1697/109 783/5377/109
f 789/1698/61 791/1700/61 790/5378/61
f 793/1701/6 788/1703/6 789/5379/6
f 794/1704/399 793/1706/399 795/5380/399
f 790/1707/47 794/1709/47 795/5381/47
f 793/1710/50 790/1712/50 795/5382/50
f 797/1713/61 799/1715/61 798/5383/61
f 800/1716/47 798/1718/47 801/5384/47
f 800/1719/108 803/1721/108 802/5385/108
f 796/1722/6 803/1724/6 799/5386/6
f 800/1725/50 796/1727/50 797/5387/50
f 804/1728/61 806/1730/61 805/5388/61
f 809/1731/6 804/1733/6 805/5389/6
f 811/1734/108 808/1736/108 809/5390/108
f 806/1737/47 810/1739/47 811/5391/47
f 809/1740/50 806/1742/50 811/5392/50
f 804/1743/109 810/1745/109 807/5393/109
f 813/1746/61 815/1748/61 814/5394/61
f 817/1749/6 812/1751/6 813/5395/6
f 818/1752/108 817/1754/108 819/5396/108
f 814/1755/47 818/1757/47 819/5397/47
f 817/1758/50 814/1760/50 819/5398/50
f 821/1761/61 823/1763/61 822/5399/61
f 824/1764/47 822/1766/47 825/5400/47
f 824/1767/108 827/1769/108 826/5401/108
f 820/1770/6 827/1772/6 823/5402/6
f 824/1773/50 820/1775/50 821/5403/50
f 828/1776/61 830/1778/61 829/5404/61
f 833/1779/6 828/1781/6 829/5405/6
f 835/1782/108 832/1784/108 833/5406/108
f 830/1785/47 834/1787/47 835/5407/47
f 833/1788/50 830/1790/50 835/5408/50
f 828/1791/109 834/1793/109 831/5409/109
f 871/1794/6 720/1796/6 719/5410/6
f 752/1797/47 873/1799/47 751/5411/47
f 754/1800/50 876/1802/50 875/5412/50
f 871/1803/109 751/1805/109 873/5413/109
f 717/1806/47 840/1808/47 721/5414/47
f 754/1809/47 837/1811/47 753/5415/47
f 838/1812/109 753/1814/109 837/5416/109
f 874/1815/50 721/1817/50 840/5417/50
f 836/1818/6 750/1820/6 872/5418/6
f 876/1821/6 718/1823/6 877/5419/6
f 877/1824/109 716/1826/109 836/5420/109
f 872/1827/50 720/1829/50 839/5421/50
f 844/1830/47 724/1832/47 843/5422/47
f 756/1833/6 846/1835/6 758/5423/6
f 763/1836/50 842/1838/50 723/5424/50
f 844/1839/109 756/1841/109 725/5425/109
f 761/1842/6 878/1844/6 881/5426/6
f 763/1845/6 841/1847/6 883/5427/6
f 881/1848/109 722/1850/109 761/5428/109
f 846/1851/50 757/1853/50 758/5429/50
f 882/1854/47 759/1856/47 762/5430/47
f 842/1857/47 760/1859/47 723/5431/47
f 880/1860/109 762/1862/109 760/5432/109
f 879/1863/50 724/1865/50 759/5433/50
f 848/1866/61 850/1868/61 849/5434/61
f 852/1869/6 847/1871/6 848/5435/6
f 853/1872/108 852/1874/108 854/5436/108
f 849/1875/47 853/1877/47 854/5437/47
f 852/1878/50 849/1880/50 854/5438/50
f 856/1881/61 858/1883/61 857/5439/61
f 859/1884/47 857/1886/47 860/5440/47
f 859/1887/108 862/1889/108 861/5441/108
f 855/1890/6 862/1892/6 858/5442/6
f 859/1893/50 855/1895/50 856/5443/50
f 863/1896/61 865/1898/61 864/5444/61
f 868/1899/6 863/1901/6 864/5445/6
f 870/1902/108 867/1904/108 868/5446/108
f 865/1905/47 869/1907/47 870/5447/47
f 868/1908/50 865/1910/50 870/5448/50
f 863/1911/109 869/1913/109 866/5449/109
f 885/1914/61 887/1916/61 886/5450/61
f 889/1917/6 884/1919/6 885/5451/6
f 890/1920/399 889/1922/399 891/5452/399
f 886/1923/47 890/1925/47 891/5453/47
f 889/1926/50 886/1928/50 891/5454/50
f 893/1929/61 895/1931/61 894/5455/61
f 896/1932/47 894/1934/47 897/5456/47
f 896/1935/108 899/1937/108 898/5457/108
f 892/1938/6 899/1940/6 895/5458/6
f 896/1941/50 892/1943/50 893/5459/50
f 900/1944/61 902/1946/61 901/5460/61
f 905/1947/6 900/1949/6 901/5461/6
f 907/1950/108 904/1952/108 905/5462/108
f 902/1953/47 906/1955/47 907/5463/47
f 905/1956/50 902/1958/50 907/5464/50
f 900/1959/109 906/1961/109 903/5465/109
f 909/1962/61 911/1964/61 910/5466/61
f 913/1965/6 908/1967/6 909/5467/6
f 914/1968/108 913/1970/108 915/5468/108
f 910/1971/47 914/1973/47 915/5469/47
f 913/1974/50 910/1976/50 915/5470/50
f 917/1977/61 919/1979/61 918/5471/61
f 920/1980/47 918/1982/47 921/5472/47
f 920/1983/108 923/1985/108 922/5473/108
f 916/1986/6 923/1988/6 919/5474/6
f 920/1989/50 916/1991/50 917/5475/50
f 924/1992/61 926/1994/61 925/5476/61
f 929/1995/6 924/1997/6 925/5477/6
f 931/1998/108 928/2000/108 929/5478/108
f 926/2001/47 930/2003/47 931/5479/47
f 929/2004/50 926/2006/50 931/5480/50
f 924/2007/109 930/2009/109 927/5481/109
f 933/2010/61 935/2012/61 934/5482/61
f 937/2013/6 932/2015/6 933/5483/6
f 938/2016/108 937/2018/108 939/5484/108
f 934/2019/47 938/2021/47 939/5485/47
f 937/2022/50 934/2024/50 939/5486/50
f 941/2025/61 943/2027/61 942/5487/61
f 944/2028/47 942/2030/47 945/5488/47
f 944/2031/108 947/2033/108 946/5489/108
f 940/2034/6 947/2036/6 943/5490/6
f 944/2037/50 940/2039/50 941/5491/50
f 948/2040/61 950/2042/61 949/5492/61
f 953/2043/6 948/2045/6 949/5493/6
f 955/2046/108 952/2048/108 953/5494/108
f 950/2049/47 954/2051/47 955/5495/47
f 953/2052/50 950/2054/50 955/5496/50
f 948/2055/109 954/2057/109 951/5497/109
f 964/2061/6 871/2063/6 963/5498/6
f 873/2064/47 967/2066/47 962/5499/47
f 875/2067/50 961/2069/50 957/5500/50
f 963/2070/109 873/2072/109 962/5501/109
f 838/2073/47 966/2075/47 840/5502/47
f 875/2076/47 958/2078/47 837/5503/47
f 959/2079/109 837/2081/109 958/5504/109
f 967/2082/50 840/2084/50 966/5505/50
f 956/2085/6 872/2087/6 965/5506/6
f 961/2088/6 877/2090/6 960/5507/6
f 960/2091/109 836/2093/109 956/5508/109
f 965/2094/50 839/2096/50 964/5509/50
f 975/2100/47 843/2102/47 974/5510/47
f 845/2103/6 979/2105/6 846/5511/6
f 883/2106/50 972/2108/50 842/5512/50
f 978/2109/109 844/2111/109 975/5513/109
f 881/2112/6 976/2114/6 971/5514/6
f 883/2115/6 968/2117/6 969/5515/6
f 971/2118/109 841/2120/109 881/5516/109
f 979/2121/50 878/2123/50 846/5517/50
f 970/2124/47 879/2126/47 882/5518/47
f 972/2127/47 880/2129/47 842/5519/47
f 973/2130/109 882/2132/109 880/5520/109
f 977/2133/50 843/2135/50 879/5521/50
f 981/2136/61 983/2138/61 982/5522/61
f 985/2139/6 980/2141/6 981/5523/6
f 986/2142/399 985/2144/399 987/5524/399
f 982/2145/47 986/2147/47 987/5525/47
f 985/2148/50 982/2150/50 987/5526/50
f 989/2151/61 991/2153/61 990/5527/61
f 992/2154/47 990/2156/47 993/5528/47
f 992/2157/108 995/2159/108 994/5529/108
f 988/2160/6 995/2162/6 991/5530/6
f 992/2163/50 988/2165/50 989/5531/50
f 996/2166/61 998/2168/61 997/5532/61
f 1001/2169/6 996/2171/6 997/5533/6
f 1003/2172/108 1000/2174/108 1001/5534/108
f 998/2175/47 1002/2177/47 1003/5535/47
f 1001/2178/50 998/2180/50 1003/5536/50
f 996/2181/109 1002/2183/109 999/5537/109
f 1008/2218/120 1047/2220/120 1007/5538/120
f 1013/2221/121 1010/2223/121 1006/5539/121
f 1044/2224/50 2141/2226/50 2140/5540/50
f 1007/2227/109 1013/2229/109 1006/5541/109
f 1045/2230/121 2137/2232/121 1011/5542/121
f 2140/2233/121 1015/2235/121 1044/5543/121
f 2138/2236/109 1015/2238/109 2139/5544/109
f 1049/2239/50 2137/2241/50 1010/5545/50
f 1004/2242/120 1012/2244/120 1009/5546/120
f 2141/2245/120 1046/2247/120 1005/5547/120
f 1005/2248/109 1014/2250/109 1004/5548/109
f 1012/2251/50 1008/2253/50 1009/5549/50
f 2129/2261/121 1054/2263/121 2130/5550/121
f 1058/2264/120 2132/2266/120 1025/5551/120
f 1017/2267/50 1026/2269/50 1051/5552/50
f 1024/2270/109 1055/2272/109 2129/5553/109
f 1027/2273/120 1022/2275/120 1019/5554/120
f 1051/2276/120 2131/2278/120 1017/5555/120
f 2131/2279/109 1027/2281/109 1019/5556/109
f 2132/2282/50 1056/2284/50 1025/5557/50
f 1018/2285/121 1057/2287/121 1052/5558/121
f 1020/2288/121 1053/2290/121 1026/5559/121
f 1018/2291/109 1053/2293/109 1021/5560/109
f 1023/2294/50 1054/2296/50 1057/5561/50
f 1028/2297/124 1030/2299/124 1029/5562/124
f 1032/2300/125 2133/2302/125 1028/5563/125
f 1034/2303/400 1031/2305/400 1032/5564/400
f 1029/2306/131 1033/2308/131 1034/5565/131
f 1028/2309/50 1034/2311/50 1032/5566/50
f 1035/2312/124 2135/2314/124 2134/5567/124
f 1036/2315/131 2135/2317/131 1037/5568/131
f 1038/2318/126 1037/2320/126 1039/5569/126
f 1035/2321/120 1039/2323/120 2136/5570/120
f 1036/2324/50 1035/2326/50 2134/5571/50
f 2142/2327/129 2128/2329/129 2127/5572/129
f 1041/2330/120 2143/2332/120 2142/5573/120
f 1043/2333/130 1040/2335/130 1041/5574/130
f 2127/2336/121 1042/2338/121 1043/5575/121
f 2142/2339/50 1043/2341/50 1041/5576/50
f 2143/2342/109 1042/2344/109 2128/5577/109
f 1059/2345/132 1061/2347/132 1060/5578/132
f 1064/2348/125 1059/2350/125 1060/5579/125
f 1065/2351/135 1064/2353/135 1066/5580/135
f 1062/2354/121 1066/2356/121 1061/5581/121
f 1060/2357/50 1066/2359/50 1064/5582/50
f 1068/2360/132 1070/2362/132 1069/5583/132
f 1068/2363/121 1072/2365/121 1071/5584/121
f 1073/2366/401 1072/2368/401 1074/5585/401
f 1073/2369/120 1070/2371/120 1067/5586/120
f 1071/2372/50 1067/2374/50 1068/5587/50
f 1076/2375/136 1078/2377/136 1077/5588/136
f 1080/2378/120 1075/2380/120 1076/5589/120
f 1082/2381/137 1079/2383/137 1080/5590/137
f 1077/2384/131 1081/2386/131 1082/5591/131
f 1076/2387/50 1082/2389/50 1080/5592/50
f 1075/2390/109 1081/2392/109 1078/5593/109
f 1047/2393/120 1121/2395/120 1120/5594/120
f 1119/2396/121 1049/2398/121 1013/5595/121
f 1115/2399/50 1016/2401/50 1044/5596/50
f 1047/2402/109 1119/2404/109 1013/5597/109
f 1117/2405/121 1011/2407/121 1083/5598/121
f 1115/2408/121 1015/2410/121 1116/5599/121
f 1045/2411/109 1116/2413/109 1015/5600/109
f 1122/2414/50 1011/2416/50 1049/5601/50
f 1014/2417/120 1084/2419/120 1012/5602/120
f 1016/2420/120 1085/2422/120 1046/5603/120
f 1046/2423/109 1114/2425/109 1014/5604/109
f 1084/2426/50 1048/2428/50 1012/5605/50
f 1055/2429/131 1127/2431/131 1054/5606/131
f 1130/2432/125 1025/2434/125 1086/5607/125
f 1051/2435/50 1126/2437/50 1089/5608/50
f 1058/2438/109 1128/2440/109 1055/5609/109
f 1125/2441/125 1056/2443/125 1027/5610/125
f 1089/2444/125 1050/2446/125 1051/5611/125
f 1050/2447/109 1125/2449/109 1027/5612/109
f 1025/2450/50 1129/2452/50 1086/5613/50
f 1052/2453/131 1087/2455/131 1124/5614/131
f 1026/2456/131 1088/2458/131 1126/5615/131
f 1052/2459/109 1088/2461/109 1053/5616/109
f 1057/2462/50 1127/2464/50 1087/5617/50
f 1091/2465/138 1093/2467/138 1092/5618/138
f 1095/2468/125 1090/2470/125 1091/5619/125
f 1096/2471/139 1095/2473/139 1097/5620/139
f 1093/2474/131 1097/2476/131 1092/5621/131
f 1091/2477/50 1097/2479/50 1095/5622/50
f 1099/2480/402 1101/2482/402 1100/5623/402
f 1099/2483/121 1103/2485/121 1102/5624/121
f 1104/2486/139 1103/2488/139 1105/5625/139
f 1098/2489/120 1105/2491/120 1101/5626/120
f 1102/2492/50 1098/2494/50 1099/5627/50
f 1107/2495/142 1109/2497/142 1108/5628/142
f 1111/2498/143 1106/2500/143 1107/5629/143
f 1113/2501/144 1110/2503/144 1111/5630/144
f 1109/2504/131 1113/2506/131 1108/5631/131
f 1107/2507/50 1113/2509/50 1111/5632/50
f 1106/2510/109 1112/2512/109 1109/5633/109
f 1132/2513/403 1134/2515/403 1133/5634/403
f 1136/2516/125 1131/2518/125 1132/5635/125
f 1138/2519/404 1135/2521/404 1136/5636/404
f 1134/2522/131 1138/2524/131 1133/5637/131
f 1132/2525/50 1138/2527/50 1136/5638/50
f 1140/2528/145 1142/2530/145 1141/5639/145
f 1143/2531/405 1141/2533/405 1144/5640/405
f 1145/2534/404 1144/2536/404 1146/5641/404
f 1145/2537/143 1142/2539/143 1139/5642/143
f 1143/2540/50 1139/2542/50 1140/5643/50
f 1148/2543/148 1150/2545/148 1149/5644/148
f 1151/2546/149 1148/2548/149 1152/5645/149
f 1154/2549/150 1151/2551/150 1152/5646/150
f 1150/2552/151 1154/2554/151 1149/5647/151
f 1148/2555/50 1154/2557/50 1152/5648/50
f 1147/2558/109 1153/2560/109 1150/5649/109
f 1120/2561/152 1155/2563/152 1191/5650/152
f 1157/2564/153 1122/2566/153 1119/5651/153
f 1160/2567/50 1115/2569/50 1188/5652/50
f 1191/2570/109 1119/2572/109 1120/5653/109
f 1159/2573/153 1083/2575/153 1192/5654/153
f 1188/2576/153 1116/2578/153 1189/5655/153
f 1159/2579/109 1116/2581/109 1117/5656/109
f 1122/2582/50 1192/2584/50 1083/5657/50
f 1114/2585/152 1156/2587/152 1084/5658/152
f 1118/2588/152 1190/2590/152 1085/5659/152
f 1190/2591/109 1114/2593/109 1085/5660/109
f 1084/2594/50 1155/2596/50 1121/5661/50
f 1161/2597/153 1127/2599/153 1128/5662/153
f 1162/2600/152 1086/2602/152 1163/5663/152
f 1195/2603/50 1126/2605/50 1198/5664/50
f 1128/2606/109 1162/2608/109 1161/5665/109
f 1197/2609/152 1129/2611/152 1125/5666/152
f 1195/2612/152 1123/2614/152 1089/5667/152
f 1125/2615/109 1194/2617/109 1197/5668/109
f 1129/2618/50 1163/2620/50 1086/5669/50
f 1124/2621/153 1202/2623/153 1196/5670/153
f 1126/2624/153 1199/2626/153 1198/5671/153
f 1088/2627/109 1196/2629/109 1199/5672/109
f 1127/2630/50 1202/2632/50 1087/5673/50
f 1164/2633/406 1166/2635/406 1165/5674/406
f 1168/2636/155 1165/2638/155 1169/5675/155
f 1171/2639/407 1168/2641/407 1169/5676/407
f 1166/2642/157 1170/2644/157 1171/5677/157
f 1169/2645/50 1166/2647/50 1171/5678/50
f 1173/2648/154 1175/2650/154 1174/5679/154
f 1176/2651/158 1174/2653/158 1177/5680/158
f 1178/2654/156 1177/2656/156 1179/5681/156
f 1172/2657/159 1179/2659/159 1175/5682/159
f 1178/2660/50 1173/2662/50 1176/5683/50
f 1180/2663/160 1182/2665/160 1181/5684/160
f 1185/2666/159 1180/2668/159 1181/5685/159
f 1187/2669/161 1184/2671/161 1185/5686/161
f 1182/2672/162 1186/2674/162 1187/5687/162
f 1185/2675/50 1182/2677/50 1187/5688/50
f 1184/2678/109 1183/2680/109 1180/5689/109
f 1204/2681/408 1206/2683/408 1205/5690/408
f 1208/2684/164 1203/2686/164 1204/5691/164
f 1210/2687/169 1207/2689/169 1208/5692/169
f 1206/2690/166 1210/2692/166 1205/5693/166
f 1208/2693/50 1205/2695/50 1210/5694/50
f 1212/2696/409 1214/2698/409 1213/5695/409
f 1215/2699/168 1213/2701/168 1216/5696/168
f 1217/2702/165 1216/2704/165 1218/5697/165
f 1217/2705/170 1214/2707/170 1211/5698/170
f 1217/2708/50 1212/2710/50 1215/5699/50
f 1220/2711/171 1222/2713/171 1221/5700/171
f 1224/2714/170 1219/2716/170 1220/5701/170
f 1226/2717/172 1223/2719/172 1224/5702/172
f 1221/2720/166 1225/2722/166 1226/5703/166
f 1224/2723/50 1221/2725/50 1226/5704/50
f 1223/2726/109 1222/2728/109 1219/5705/109
f 1191/2729/164 1227/2731/164 1262/5706/164
f 1228/2732/166 1193/2734/166 1157/5707/166
f 1258/2735/50 1160/2737/50 1188/5708/50
f 1191/2738/109 1228/2740/109 1157/5709/109
f 1260/2741/166 1192/2743/166 1264/5710/166
f 1258/2744/166 1189/2746/166 1259/5711/166
f 1159/2747/109 1259/2749/109 1189/5712/109
f 1265/2750/50 1192/2752/50 1193/5713/50
f 1158/2753/164 1263/2755/164 1156/5714/164
f 1160/2756/164 1261/2758/164 1190/5715/164
f 1190/2759/109 1229/2761/109 1158/5716/109
f 1263/2762/50 1155/2764/50 1156/5717/50
f 1161/2765/166 1270/2767/166 1200/5718/166
f 1231/2768/164 1163/2770/164 1274/5719/164
f 1195/2771/50 1232/2773/50 1233/5720/50
f 1162/2774/109 1271/2776/109 1161/5721/109
f 1268/2777/164 1201/2779/164 1197/5722/164
f 1233/2780/164 1194/2782/164 1195/5723/164
f 1194/2783/109 1268/2785/109 1197/5724/109
f 1163/2786/50 1272/2788/50 1274/5725/50
f 1196/2789/166 1273/2791/166 1267/5726/166
f 1198/2792/166 1269/2794/166 1232/5727/166
f 1196/2795/109 1269/2797/109 1199/5728/109
f 1202/2798/50 1270/2800/50 1273/5729/50
f 1235/2801/175 1237/2803/175 1236/5730/175
f 1238/2804/410 1235/2806/410 1239/5731/410
f 1241/2807/411 1238/2809/411 1239/5732/411
f 1236/2810/168 1240/2812/168 1241/5733/168
f 1235/2813/50 1241/2815/50 1239/5734/50
f 1242/2816/175 1244/2818/175 1243/5735/175
f 1246/2819/166 1244/2821/166 1247/5736/166
f 1248/2822/411 1247/2824/411 1249/5737/411
f 1248/2825/164 1245/2827/164 1242/5738/164
f 1246/2828/50 1242/2830/50 1243/5739/50
f 1251/2831/176 1253/2833/176 1252/5740/176
f 1254/2834/164 1251/2836/164 1255/5741/164
f 1257/2837/177 1254/2839/177 1255/5742/177
f 1252/2840/168 1256/2842/168 1257/5743/168
f 1251/2843/50 1257/2845/50 1255/5744/50
f 1250/2846/109 1256/2848/109 1253/5745/109
f 1276/2849/178 1278/2851/178 1277/5746/178
f 1279/2852/170 1276/2854/170 1280/5747/170
f 1282/2855/180 1279/2857/180 1280/5748/180
f 1277/2858/183 1281/2860/183 1282/5749/183
f 1276/2861/50 1282/2863/50 1280/5750/50
f 1284/2864/178 1286/2866/178 1285/5751/178
f 1284/2867/157 1288/2869/157 1287/5752/157
f 1289/2870/180 1288/2872/180 1290/5753/180
f 1289/2873/155 1286/2875/155 1283/5754/155
f 1287/2876/50 1283/2878/50 1284/5755/50
f 1292/2879/181 1294/2881/181 1293/5756/181
f 1296/2882/155 1291/2884/155 1292/5757/155
f 1298/2885/182 1295/2887/182 1296/5758/182
f 1293/2888/183 1297/2890/183 1298/5759/183
f 1292/2891/50 1298/2893/50 1296/5760/50
f 1291/2894/109 1297/2896/109 1294/5761/109
f 1262/2897/184 1334/2899/184 1333/5762/184
f 1332/2900/185 1265/2902/185 1228/5763/185
f 1331/2903/50 1258/2905/50 1301/5764/50
f 1333/2906/109 1228/2908/109 1262/5765/109
f 1329/2909/185 1264/2911/185 1336/5766/185
f 1301/2912/185 1259/2914/185 1300/5767/185
f 1329/2915/109 1259/2917/109 1260/5768/109
f 1265/2918/50 1336/2920/50 1264/5769/50
f 1229/2921/184 1335/2923/184 1263/5770/184
f 1230/2924/184 1330/2926/184 1261/5771/184
f 1330/2927/109 1229/2929/109 1261/5772/109
f 1263/2930/50 1334/2932/50 1227/5773/50
f 1271/2933/185 1341/2935/185 1270/5774/185
f 1345/2936/184 1274/2938/184 1346/5775/184
f 1338/2939/50 1232/2941/50 1302/5776/50
f 1271/2942/109 1345/2944/109 1342/5777/109
f 1339/2945/184 1272/2947/184 1268/5778/184
f 1338/2948/184 1266/2950/184 1233/5779/184
f 1268/2951/109 1337/2953/109 1339/5780/109
f 1272/2954/50 1346/2956/50 1274/5781/50
f 1267/2957/185 1344/2959/185 1303/5782/185
f 1269/2960/185 1302/2962/185 1232/5783/185
f 1269/2963/109 1303/2965/109 1340/5784/109
f 1270/2966/50 1344/2968/50 1273/5785/50
f 1305/2969/190 1307/2971/190 1306/5786/190
f 1308/2972/198 1305/2974/198 1309/5787/198
f 1311/2975/192 1308/2977/192 1309/5788/192
f 1306/2978/189 1310/2980/189 1311/5789/189
f 1309/2981/50 1306/2983/50 1311/5790/50
f 1313/2984/186 1315/2986/186 1314/5791/186
f 1316/2987/191 1314/2989/191 1317/5792/191
f 1316/2990/188 1319/2992/188 1318/5793/188
f 1312/2993/193 1319/2995/193 1315/5794/193
f 1318/2996/50 1313/2998/50 1316/5795/50
f 1321/2999/194 1323/3001/194 1322/5796/194
f 1325/3002/193 1320/3004/193 1321/5797/193
f 1327/3005/195 1324/3007/195 1325/5798/195
f 1322/3008/196 1326/3010/196 1327/5799/196
f 1325/3011/50 1322/3013/50 1327/5800/50
f 1324/3014/109 1323/3016/109 1320/5801/109
f 1348/3017/412 1350/3019/412 1349/5802/412
f 1352/3020/198 1347/3022/198 1348/5803/198
f 1353/3023/199 1352/3025/199 1354/5804/199
f 1350/3026/200 1354/3028/200 1349/5805/200
f 1352/3029/50 1349/3031/50 1354/5806/50
f 1356/3032/197 1358/3034/197 1357/5807/197
f 1359/3035/200 1357/3037/200 1360/5808/200
f 1359/3038/199 1362/3040/199 1361/5809/199
f 1355/3041/198 1362/3043/198 1358/5810/198
f 1361/3044/50 1356/3046/50 1359/5811/50
f 1364/3047/201 1366/3049/201 1365/5812/201
f 1368/3050/193 1363/3052/193 1364/5813/193
f 1370/3053/202 1367/3055/202 1368/5814/202
f 1365/3056/200 1369/3058/200 1370/5815/200
f 1368/3059/50 1365/3061/50 1370/5816/50
f 1367/3062/109 1366/3064/109 1363/5817/109
f 1333/3065/198 1371/3067/198 1407/5818/198
f 1406/3068/200 1299/3070/200 1332/5819/200
f 1375/3071/50 1331/3073/50 1301/5820/50
f 1333/3074/109 1406/3076/109 1332/5821/109
f 1374/3077/200 1336/3079/200 1372/5822/200
f 1375/3080/200 1300/3082/200 1404/5823/200
f 1329/3083/109 1404/3085/109 1300/5824/109
f 1408/3086/50 1336/3088/50 1299/5825/50
f 1328/3089/198 1373/3091/198 1335/5826/198
f 1331/3092/198 1405/3094/198 1330/5827/198
f 1330/3095/109 1403/3097/109 1328/5828/109
f 1373/3098/50 1334/3100/50 1335/5829/50
f 1342/3101/200 1415/3103/200 1341/5830/200
f 1418/3104/198 1346/3106/198 1378/5831/198
f 1338/3107/50 1413/3109/50 1410/5832/50
f 1345/3110/109 1377/3112/109 1342/5833/109
f 1412/3113/198 1343/3115/198 1339/5834/198
f 1410/3116/198 1337/3118/198 1338/5835/198
f 1337/3119/109 1412/3121/109 1339/5836/109
f 1346/3122/50 1416/3124/50 1378/5837/50
f 1303/3125/200 1417/3127/200 1411/5838/200
f 1302/3128/200 1414/3130/200 1413/5839/200
f 1303/3131/109 1414/3133/109 1340/5840/109
f 1344/3134/50 1415/3136/50 1417/5841/50
f 1379/3137/413 1381/3139/413 1380/5842/413
f 1384/3140/198 1379/3142/198 1380/5843/198
f 1386/3143/204 1383/3145/204 1384/5844/204
f 1381/3146/200 1385/3148/200 1386/5845/200
f 1380/3149/50 1386/3151/50 1384/5846/50
f 1388/3152/203 1390/3154/203 1389/5847/203
f 1388/3155/200 1392/3157/200 1391/5848/200
f 1391/3158/414 1394/3160/414 1393/5849/414
f 1387/3161/198 1394/3163/198 1390/5850/198
f 1391/3164/50 1387/3166/50 1388/5851/50
f 1396/3167/206 1398/3169/206 1397/5852/206
f 1400/3170/198 1395/3172/198 1396/5853/198
f 1402/3173/207 1399/3175/207 1400/5854/207
f 1397/3176/200 1401/3178/200 1402/5855/200
f 1396/3179/50 1402/3181/50 1400/5856/50
f 1395/3182/109 1401/3184/109 1398/5857/109
f 1419/3185/415 1421/3187/415 1420/5858/415
f 1423/3188/193 1420/3190/193 1424/5859/193
f 1426/3191/209 1423/3193/209 1424/5860/209
f 1421/3194/191 1425/3196/191 1426/5861/191
f 1420/3197/50 1426/3199/50 1424/5862/50
f 1428/3200/415 1430/3202/415 1429/5863/415
f 1431/3203/189 1429/3205/189 1432/5864/189
f 1431/3206/209 1434/3208/209 1433/5865/209
f 1433/3209/187 1430/3211/187 1427/5866/187
f 1431/3212/50 1427/3214/50 1428/5867/50
f 1436/3215/210 1438/3217/210 1437/5868/210
f 1439/3218/211 1436/3220/211 1440/5869/211
f 1442/3221/212 1439/3223/212 1440/5870/212
f 1437/3224/191 1441/3226/191 1442/5871/191
f 1436/3227/50 1442/3229/50 1440/5872/50
f 1435/3230/109 1441/3232/109 1438/5873/109
f 1407/3233/213 1443/3235/213 1483/5874/213
f 1446/3236/214 1406/3238/214 1445/5875/214
f 1451/3239/50 1375/3241/50 1450/5876/50
f 1483/3242/109 1406/3244/109 1407/5877/109
f 1374/3245/214 1484/3247/214 1448/5878/214
f 1450/3248/214 1404/3250/214 1449/5879/214
f 1448/3251/109 1404/3253/109 1374/5880/109
f 1408/3254/50 1484/3256/50 1372/5881/50
f 1403/3257/213 1444/3259/213 1373/5882/213
f 1376/3260/213 1452/3262/213 1405/5883/213
f 1452/3263/109 1403/3265/109 1405/5884/109
f 1373/3266/50 1443/3268/50 1371/5885/50
f 1377/3269/214 1454/3271/214 1415/5886/214
f 1489/3272/213 1378/3274/213 1490/5887/213
f 1485/3275/50 1413/3277/50 1457/5888/50
f 1377/3278/109 1489/3280/109 1453/5889/109
f 1487/3281/213 1416/3283/213 1412/5890/213
f 1458/3284/213 1410/3286/213 1485/5891/213
f 1412/3287/109 1458/3289/109 1487/5892/109
f 1416/3290/50 1490/3292/50 1378/5893/50
f 1417/3293/214 1486/3295/214 1411/5894/214
f 1414/3296/214 1457/3298/214 1413/5895/214
f 1414/3299/109 1486/3301/109 1456/5896/109
f 1415/3302/50 1455/3304/50 1417/5897/50
f 1460/3305/215 1462/3307/215 1461/5898/215
f 1463/3308/216 1460/3310/216 1464/5899/216
f 1466/3311/217 1463/3313/217 1464/5900/217
f 1461/3314/218 1465/3316/218 1466/5901/218
f 1464/3317/50 1461/3319/50 1466/5902/50
f 1468/3320/215 1470/3322/215 1469/5903/215
f 1471/3323/219 1469/3325/219 1472/5904/219
f 1471/3326/416 1474/3328/416 1473/5905/416
f 1473/3329/220 1470/3331/220 1467/5906/220
f 1473/3332/50 1468/3334/50 1471/5907/50
f 1476/3335/221 1478/3337/221 1477/5908/221
f 1480/3338/222 1475/3340/222 1476/5909/222
f 1481/3341/223 1480/3343/223 1482/5910/223
f 1477/3344/218 1481/3346/218 1482/5911/218
f 1480/3347/50 1477/3349/50 1482/5912/50
f 1479/3350/109 1478/3352/109 1475/5913/109
f 1492/3353/227 1494/3355/227 1493/5914/227
f 1495/3356/216 1492/3358/216 1496/5915/216
f 1498/3359/225 1495/3361/225 1496/5916/225
f 1493/3362/219 1497/3364/219 1498/5917/219
f 1496/3365/50 1493/3367/50 1498/5918/50
f 1499/3368/227 1501/3370/227 1500/5919/227
f 1503/3371/219 1501/3373/219 1504/5920/219
f 1505/3374/225 1504/3376/225 1506/5921/225
f 1499/3377/220 1506/3379/220 1502/5922/220
f 1505/3380/50 1500/3382/50 1503/5923/50
f 1508/3383/228 1510/3385/228 1509/5924/228
f 1511/3386/220 1508/3388/220 1512/5925/220
f 1514/3389/229 1511/3391/229 1512/5926/229
f 1509/3392/226 1513/3394/226 1514/5927/226
f 1512/3395/50 1509/3397/50 1514/5928/50
f 1511/3398/109 1510/3400/109 1507/5929/109
f 1483/3401/220 1553/3403/220 1515/5930/220
f 1551/3404/219 1446/3406/219 1445/5931/219
f 1550/3407/50 1450/3409/50 1518/5932/50
f 1515/3410/109 1445/3412/109 1483/5933/109
f 1517/3413/219 1484/3415/219 1552/5934/219
f 1518/3416/219 1449/3418/219 1549/5935/219
f 1448/3419/109 1549/3421/109 1449/5936/109
f 1516/3422/50 1484/3424/50 1446/5937/50
f 1447/3425/220 1583/3427/220 1444/5938/220
f 1451/3428/220 1582/3430/220 1452/5939/220
f 1582/3431/109 1447/3433/109 1452/5940/109
f 1444/3434/50 1553/3436/50 1443/5941/50
f 1453/3437/219 1519/3439/219 1454/5942/219
f 1564/3440/220 1490/3442/220 1520/5943/220
f 1485/3443/50 1522/3445/50 1559/5944/50
f 1489/3446/109 1561/3448/109 1453/5945/109
f 1523/3449/220 1488/3451/220 1487/5946/220
f 1558/3452/220 1485/3454/220 1559/5947/220
f 1458/3455/109 1523/3457/109 1487/5948/109
f 1490/3458/50 1562/3460/50 1520/5949/50
f 1486/3461/219 1563/3463/219 1560/5950/219
f 1457/3464/219 1521/3466/219 1522/5951/219
f 1486/3467/109 1521/3469/109 1456/5952/109
f 1455/3470/50 1519/3472/50 1563/5953/50
f 1524/3473/417 1526/3475/417 1525/5954/417
f 1528/3476/220 1525/3478/220 1529/5955/220
f 1531/3479/418 1528/3481/418 1529/5956/418
f 1526/3482/219 1530/3484/219 1531/5957/219
f 1525/3485/50 1531/3487/50 1529/5958/50
f 1532/3488/232 1534/3490/232 1533/5959/232
f 1536/3491/219 1534/3493/219 1537/5960/219
f 1538/3494/231 1537/3496/231 1539/5961/231
f 1538/3497/220 1535/3499/220 1532/5962/220
f 1536/3500/50 1532/3502/50 1533/5963/50
f 1541/3503/233 1543/3505/233 1542/5964/233
f 1544/3506/220 1541/3508/220 1545/5965/220
f 1547/3509/234 1544/3511/234 1545/5966/234
f 1542/3512/219 1546/3514/219 1547/5967/219
f 1541/3515/50 1547/3517/50 1545/5968/50
f 1540/3518/109 1546/3520/109 1543/5969/109
f 1555/3521/235 1516/3523/235 1551/5970/235
f 1517/3530/236 1554/3532/236 1556/3557/236
f 1557/3533/226 1549/3535/226 544/5971/226
f 1556/3536/109 1549/3537/109 1517/5972/109
f 1516/3538/50 1554/3540/50 1552/5973/50
f 1565/3541/237 1567/3543/237 1566/5974/237
f 1570/3544/220 1565/3546/220 1566/5975/220
f 1572/3547/238 1569/3549/238 1570/5976/238
f 1567/3550/219 1571/3552/219 1572/5977/219
f 1566/3553/50 1572/3555/50 1570/5978/50
f 1575/3558/239 1577/3560/239 1576/5979/239
f 1579/3561/216 1574/3563/216 1575/5980/216
f 1581/3564/240 1578/3566/240 1579/5981/240
f 1576/3567/219 1580/3569/219 1581/5982/219
f 1575/3570/50 1581/3572/50 1579/5983/50
f 1574/3573/109 1580/3575/109 1577/5984/109
f 1561/3576/241 1607/3578/241 1519/5985/241
f 1611/3579/242 1520/3581/242 1612/5986/242
f 1585/3582/50 1522/3584/50 1605/5987/50
f 1561/3585/109 1611/3587/109 1608/5988/109
f 1604/3588/242 1562/3590/242 1523/5989/242
f 1585/3591/242 1558/3593/242 1559/5990/242
f 1523/3594/109 1602/3596/109 1604/5991/109
f 1562/3597/50 1612/3599/50 1520/5992/50
f 1560/3600/241 1610/3602/241 1603/5993/241
f 1522/3603/241 1606/3605/241 1605/5994/241
f 1521/3606/109 1603/3608/109 1606/5995/109
f 1519/3609/50 1610/3611/50 1563/5996/50
f 1587/3612/243 1589/3614/243 1588/5997/243
f 1590/3615/244 1587/3617/244 1591/5998/244
f 1592/3618/245 1591/3620/245 1593/5999/245
f 1588/3621/246 1592/3623/246 1593/6000/246
f 1591/3624/50 1588/3626/50 1593/6001/50
f 1595/3627/247 1597/3629/247 1596/6002/247
f 1599/3630/248 1594/3632/248 1595/6003/248
f 1601/3633/249 1598/3635/249 1599/6004/249
f 1596/3636/250 1600/3638/250 1601/6005/250
f 1599/3639/50 1596/3641/50 1601/6006/50
f 1598/3642/109 1597/3644/109 1594/6007/109
f 1614/3645/251 1616/3647/251 1615/6008/251
f 1618/3648/252 1613/3650/252 1614/6009/252
f 1620/3651/419 1617/3653/419 1618/6010/419
f 1615/3654/254 1619/3656/254 1620/6011/254
f 1618/3657/50 1615/3659/50 1620/6012/50
f 1622/3660/255 1624/3662/255 1623/6013/255
f 1626/3663/256 1621/3665/256 1622/6014/256
f 1628/3666/257 1625/3668/257 1626/6015/257
f 1623/3669/254 1627/3671/254 1628/6016/254
f 1626/3672/50 1623/3674/50 1628/6017/50
f 1625/3675/109 1624/3677/109 1621/6018/109
f 1608/3678/254 1653/3680/254 1607/6019/254
f 1655/3681/252 1612/3683/252 1656/6020/252
f 1649/3684/50 1605/3686/50 1651/6021/50
f 1608/3687/109 1655/3689/109 1654/6022/109
f 1650/3690/252 1609/3692/252 1604/6023/252
f 1648/3693/252 1585/3695/252 1649/6024/252
f 1604/3696/109 1648/3698/109 1650/6025/109
f 1609/3699/50 1656/3701/50 1612/6026/50
f 1603/3702/254 1630/3704/254 1631/6027/254
f 1605/3705/254 1652/3707/254 1651/6028/254
f 1606/3708/109 1631/3710/109 1652/6029/109
f 1607/3711/50 1630/3713/50 1610/6030/50
f 1632/3714/420 1634/3716/420 1633/6031/420
f 1637/3717/252 1632/3719/252 1633/6032/252
f 1639/3720/421 1636/3722/421 1637/6033/421
f 1635/3723/254 1639/3725/254 1634/6034/254
f 1637/3726/50 1634/3728/50 1639/6035/50
f 1641/3729/260 1643/3731/260 1642/6036/260
f 1645/3732/252 1640/3734/252 1641/6037/252
f 1647/3735/261 1644/3737/261 1645/6038/261
f 1642/3738/254 1646/3740/254 1647/6039/254
f 1645/3741/50 1642/3743/50 1647/6040/50
f 1644/3744/109 1643/3746/109 1640/6041/109
f 1658/3747/422 1660/3749/422 1659/6042/422
f 1661/3750/256 1658/3752/256 1662/6043/256
f 1663/3753/263 1662/3755/263 1664/6044/263
f 1659/3756/264 1663/3758/264 1664/6045/264
f 1658/3759/50 1664/3761/50 1662/6046/50
f 1666/3762/265 1668/3764/265 1667/6047/265
f 1669/3765/252 1666/3767/252 1670/6048/252
f 1672/3768/266 1669/3770/266 1670/6049/266
f 1667/3771/264 1671/3773/264 1672/6050/264
f 1666/3774/50 1672/3776/50 1670/6051/50
f 1665/3777/109 1671/3779/109 1668/6052/109
f 1654/3780/267 1696/3782/267 1653/6053/267
f 1673/3783/268 1656/3785/268 1700/6054/268
f 1649/3786/50 1674/3788/50 1693/6055/50
f 1655/3789/109 1697/3791/109 1654/6056/109
f 1694/3792/268 1629/3794/268 1650/6057/268
f 1693/3795/268 1648/3797/268 1649/6058/268
f 1648/3798/109 1694/3800/109 1650/6059/109
f 1656/3801/50 1698/3803/50 1700/6060/50
f 1631/3804/267 1699/3806/267 1675/6061/267
f 1651/3807/267 1695/3809/267 1674/6062/267
f 1631/3810/109 1695/3812/109 1652/6063/109
f 1630/3813/50 1696/3815/50 1699/6064/50
f 1676/3816/269 1678/3818/269 1677/6065/269
f 1681/3819/256 1676/3821/256 1677/6066/256
f 1682/3822/270 1681/3824/270 1683/6067/270
f 1679/3825/264 1683/3827/264 1678/6068/264
f 1677/3828/50 1683/3830/50 1681/6069/50
f 1685/3831/271 1687/3833/271 1686/6070/271
f 1689/3834/272 1684/3836/272 1685/6071/272
f 1691/3837/273 1688/3839/273 1689/6072/273
f 1686/3840/274 1690/3842/274 1691/6073/274
f 1685/3843/50 1691/3845/50 1689/6074/50
f 1684/3846/109 1690/3848/109 1687/6075/109
f 1701/3849/275 1703/3851/275 1702/6076/275
f 1706/3852/276 1701/3854/276 1702/6077/276
f 1708/3855/277 1705/3857/277 1706/6078/277
f 1703/3858/278 1707/3860/278 1708/6079/278
f 1706/3861/50 1703/3863/50 1708/6080/50
f 1710/3864/279 1712/3866/279 1711/6081/279
f 1714/3867/280 1709/3869/280 1710/6082/280
f 1715/3870/281 1714/3872/281 1716/6083/281
f 1711/3873/278 1715/3875/278 1716/6084/278
f 1714/3876/50 1711/3878/50 1716/6085/50
f 1713/3879/109 1712/3881/109 1709/6086/109
f 1697/3882/278 1717/3884/278 1696/6087/278
f 1718/3885/282 1700/3887/282 1744/6088/282
f 1724/3888/50 1674/3890/50 1722/6089/50
f 1697/3891/109 1718/3893/109 1743/6090/109
f 1742/3894/282 1698/3896/282 1694/6091/282
f 1724/3897/282 1692/3899/282 1693/6092/282
f 1694/3900/109 1741/3902/109 1742/6093/109
f 1698/3903/50 1744/3905/50 1700/6094/50
f 1675/3906/285 1720/3908/285 1723/6095/285
f 1674/3909/278 1721/3911/278 1722/6096/278
f 1695/3912/109 1723/3914/109 1721/6097/109
f 1696/3915/50 1720/3917/50 1699/6098/50
f 1726/3918/283 1728/3920/283 1727/6099/283
f 1730/3921/282 1725/3923/282 1726/6100/282
f 1732/3924/284 1729/3926/284 1730/6101/284
f 1728/3927/285 1732/3929/285 1727/6102/285
f 1730/3930/50 1727/3932/50 1732/6103/50
f 1734/3933/286 1736/3935/286 1735/6104/286
f 1738/3936/282 1733/3938/282 1734/6105/282
f 1740/3939/287 1737/3941/287 1738/6106/287
f 1735/3942/285 1739/3944/285 1740/6107/285
f 1738/3945/50 1735/3947/50 1740/6108/50
f 1737/3948/109 1736/3950/109 1733/6109/109
f 1746/3951/423 1748/3953/423 1747/6110/423
f 1749/3954/282 1746/3956/282 1750/6111/282
f 1752/3957/289 1749/3959/289 1750/6112/289
f 1747/3960/285 1751/3962/285 1752/6113/285
f 1746/3963/50 1752/3965/50 1750/6114/50
f 1754/3966/290 1756/3968/290 1755/6115/290
f 1758/3969/282 1753/3971/282 1754/6116/282
f 1760/3972/291 1757/3974/291 1758/6117/291
f 1755/3975/285 1759/3977/285 1760/6118/285
f 1754/3978/50 1760/3980/50 1758/6119/50
f 1753/3981/109 1759/3983/109 1756/6120/109
f 1743/3984/285 1784/3986/285 1717/6121/285
f 1787/3987/282 1744/3989/282 1788/6122/282
f 1724/3990/50 1762/3992/50 1780/6123/50
f 1718/3993/109 1761/3995/109 1743/6124/109
f 1782/3996/282 1719/3998/282 1742/6125/282
f 1780/3999/282 1741/4001/282 1724/6126/282
f 1741/4002/109 1782/4004/109 1742/6127/109
f 1744/4005/50 1785/4007/50 1788/6128/50
f 1723/4008/285 1786/4010/285 1781/6129/285
f 1722/4011/285 1783/4013/285 1762/6130/285
f 1723/4014/109 1783/4016/109 1721/6131/109
f 1720/4017/50 1784/4019/50 1786/6132/50
f 1763/4020/292 1765/4022/292 1764/6133/292
f 1767/4023/282 1764/4025/282 1768/6134/282
f 1770/4026/293 1767/4028/293 1768/6135/293
f 1765/4029/285 1769/4031/285 1770/6136/285
f 1764/4032/50 1770/4034/50 1768/6137/50
f 1772/4035/294 1774/4037/294 1773/6138/294
f 1775/4038/276 1772/4040/276 1776/6139/276
f 1778/4041/295 1775/4043/295 1776/6140/295
f 1773/4044/296 1777/4046/296 1778/6141/296
f 1772/4047/50 1778/4049/50 1776/6142/50
f 1771/4050/109 1777/4052/109 1774/6143/109
f 1790/4053/297 1792/4055/297 1791/6144/297
f 1794/4056/298 1789/4058/298 1790/6145/298
f 1796/4059/299 1793/4061/299 1794/6146/299
f 1791/4062/300 1795/4064/300 1796/6147/300
f 1794/4065/50 1791/4067/50 1796/6148/50
f 1798/4068/301 1800/4070/301 1799/6149/301
f 1802/4071/302 1797/4073/302 1798/6150/302
f 1804/4074/303 1801/4076/303 1802/6151/303
f 1800/4077/304 1804/4079/304 1799/6152/304
f 1802/4080/50 1799/4082/50 1804/6153/50
f 1801/4083/109 1800/4085/109 1797/6154/109
f 1761/4086/305 1827/4088/305 1784/6155/305
f 1831/4089/306 1788/4091/306 1832/6156/306
f 1807/4092/50 1762/4094/50 1825/6157/50
f 1761/4095/109 1831/4097/109 1828/6158/109
f 1805/4098/306 1785/4100/306 1782/6159/306
f 1807/4101/306 1779/4103/306 1780/6160/306
f 1782/4104/109 1824/4106/109 1805/6161/109
f 1785/4107/50 1832/4109/50 1788/6162/50
f 1781/4110/305 1830/4112/305 1806/6163/305
f 1783/4113/305 1825/4115/305 1762/6164/305
f 1783/4116/109 1806/4118/109 1826/6165/109
f 1784/4119/50 1830/4121/50 1786/6166/50
f 1809/4122/424 1811/4124/424 1810/6167/424
f 1813/4125/298 1808/4127/298 1809/6168/298
f 1815/4128/425 1812/4130/425 1813/6169/425
f 1811/4131/300 1815/4133/300 1810/6170/300
f 1813/4134/50 1810/4136/50 1815/6171/50
f 1817/4137/309 1819/4139/309 1818/6172/309
f 1821/4140/310 1816/4142/310 1817/6173/310
f 1823/4143/311 1820/4145/311 1821/6174/311
f 1818/4146/300 1822/4148/300 1823/6175/300
f 1821/4149/50 1818/4151/50 1823/6176/50
f 1820/4152/109 1819/4154/109 1816/6177/109
f 1833/4155/426 1835/4157/426 1834/6178/426
f 1838/4158/298 1833/4160/298 1834/6179/298
f 1840/4161/313 1837/4163/313 1838/6180/313
f 1835/4164/314 1839/4166/314 1840/6181/314
f 1838/4167/50 1835/4169/50 1840/6182/50
f 1842/4170/315 1844/4172/315 1843/6183/315
f 1846/4173/310 1841/4175/310 1842/6184/310
f 1848/4176/316 1845/4178/316 1846/6185/316
f 1843/4179/314 1847/4181/314 1848/6186/314
f 1846/4182/50 1843/4184/50 1848/6187/50
f 1845/4185/109 1844/4187/109 1841/6188/109
f 1828/4188/314 1875/4190/314 1827/6189/314
f 1831/4191/310 1851/4193/310 1849/6190/310
f 1807/4194/50 1873/4196/50 1855/6191/50
f 1831/4197/109 1876/4199/109 1828/6192/109
f 1850/4200/310 1805/4202/310 1853/6193/310
f 1855/4203/310 1824/4205/310 1807/6194/310
f 1824/4206/109 1853/4208/109 1805/6195/109
f 1832/4209/50 1850/4211/50 1851/6196/50
f 1806/4212/314 1852/4214/314 1854/6197/314
f 1825/4215/314 1874/4217/314 1873/6198/314
f 1806/4218/109 1874/4220/109 1826/6199/109
f 1830/4221/50 1875/4223/50 1852/6200/50
f 1857/4224/317 1859/4226/317 1858/6201/317
f 1861/4227/310 1856/4229/310 1857/6202/310
f 1862/4230/318 1861/4232/318 1863/6203/318
f 1858/4233/314 1862/4235/314 1863/6204/314
f 1857/4236/50 1863/4238/50 1861/6205/50
f 1865/4239/319 1867/4241/319 1866/6206/319
f 1869/4242/298 1864/4244/298 1865/6207/298
f 1871/4245/320 1868/4247/320 1869/6208/320
f 1866/4248/314 1870/4250/314 1871/6209/314
f 1865/4251/50 1871/4253/50 1869/6210/50
f 1864/4254/109 1870/4256/109 1867/6211/109
f 1877/4257/321 1879/4259/321 1878/6212/321
f 1882/4260/310 1877/4262/310 1878/6213/310
f 1884/4263/322 1881/4265/322 1882/6214/322
f 1880/4266/314 1884/4268/314 1879/6215/314
f 1878/4269/50 1884/4271/50 1882/6216/50
f 1886/4272/323 1888/4274/323 1887/6217/323
f 1889/4275/324 1886/4277/324 1890/6218/324
f 1892/4278/325 1889/4280/325 1890/6219/325
f 1887/4281/326 1891/4283/326 1892/6220/326
f 1886/4284/50 1892/4286/50 1890/6221/50
f 1885/4287/109 1891/4289/109 1888/6222/109
f 1876/4290/327 1918/4292/327 1875/6223/327
f 1920/4293/328 1851/4295/328 1895/6224/328
f 1913/4296/50 1873/4298/50 1916/6225/50
f 1876/4299/109 1920/4301/109 1893/6226/109
f 1915/4302/328 1850/4304/328 1853/6227/328
f 1913/4305/328 1872/4307/328 1855/6228/328
f 1853/4308/109 1912/4310/109 1915/6229/109
f 1850/4311/50 1895/4313/50 1851/6230/50
f 1854/4314/327 1919/4316/327 1914/6231/327
f 1873/4317/327 1917/4319/327 1916/6232/327
f 1874/4320/109 1914/4322/109 1917/6233/109
f 1875/4323/50 1919/4325/50 1852/6234/50
f 1897/4326/329 1899/4328/329 1898/6235/329
f 1901/4329/330 1896/4331/330 1897/6236/330
f 1903/4332/331 1900/4334/331 1901/6237/331
f 1899/4335/332 1903/4337/332 1898/6238/332
f 1901/4338/50 1898/4340/50 1903/6239/50
f 1905/4341/333 1907/4343/333 1906/6240/333
f 1908/4344/334 1905/4346/334 1909/6241/334
f 1911/4347/335 1908/4349/335 1909/6242/335
f 1906/4350/336 1910/4352/336 1911/6243/336
f 1909/4353/50 1906/4355/50 1911/6244/50
f 1908/4356/109 1907/4358/109 1904/6245/109
f 1922/4359/337 1924/4361/337 1923/6246/337
f 1925/4362/330 1922/4364/330 1926/6247/330
f 1928/4365/338 1925/4367/338 1926/6248/338
f 1923/4368/332 1927/4370/332 1928/6249/332
f 1926/4371/50 1923/4373/50 1928/6250/50
f 1930/4374/339 1932/4376/339 1931/6251/339
f 1934/4377/330 1929/4379/330 1930/6252/330
f 1936/4380/340 1933/4382/340 1934/6253/340
f 1931/4383/332 1935/4385/332 1936/6254/332
f 1934/4386/50 1931/4388/50 1936/6255/50
f 1933/4389/109 1932/4391/109 1929/6256/109
f 1893/4392/341 1938/4394/341 1918/6257/341
f 1964/4395/330 1895/4397/330 1939/6258/330
f 1913/4398/50 1940/4400/50 1942/6259/50
f 1920/4401/109 1937/4403/109 1893/6260/109
f 1960/4404/330 1894/4406/330 1915/6261/330
f 1942/4407/330 1912/4409/330 1913/6262/330
f 1912/4410/109 1960/4412/109 1915/6263/109
f 1895/4413/50 1962/4415/50 1939/6264/50
f 1914/4416/341 1963/4418/341 1941/6265/341
f 1916/4419/341 1961/4421/341 1940/6266/341
f 1914/4422/109 1961/4424/109 1917/6267/109
f 1919/4425/50 1938/4427/50 1963/6268/50
f 1944/4428/342 1946/4430/342 1945/6269/342
f 1948/4431/334 1943/4433/334 1944/6270/334
f 1950/4434/343 1947/4436/343 1948/6271/343
f 1946/4437/341 1950/4439/341 1945/6272/341
f 1944/4440/50 1950/4442/50 1948/6273/50
f 1952/4443/344 1954/4445/344 1953/6274/344
f 1956/4446/330 1951/4448/330 1952/6275/330
f 1958/4449/345 1955/4451/345 1956/6276/345
f 1953/4452/341 1957/4454/341 1958/6277/341
f 1952/4455/50 1958/4457/50 1956/6278/50
f 1951/4458/109 1957/4460/109 1954/6279/109
f 1966/4461/346 1968/4463/346 1967/6280/346
f 1969/4464/334 1966/4466/334 1970/6281/334
f 1972/4467/347 1969/4469/347 1970/6282/347
f 1967/4470/341 1971/4472/341 1972/6283/341
f 1966/4473/50 1972/4475/50 1970/6284/50
f 1974/4480/349 1976/4482/349 1975/6285/349
f 1978/4483/350 1973/4485/350 1974/6286/350
f 1980/4486/351 1977/4488/351 1978/6287/351
f 1975/4489/352 1979/4491/352 1980/6288/352
f 1974/4492/50 1980/4494/50 1978/6289/50
f 1973/4495/109 1979/4497/109 1976/6290/109
f 1937/4498/353 2004/4500/353 1938/6291/353
f 2007/4501/354 1939/4503/354 2008/6292/354
f 2002/4504/50 1940/4506/50 1982/6293/50
f 1937/4507/109 2007/4509/109 1981/6294/109
f 1983/4510/354 1962/4512/354 1960/6295/354
f 2002/4513/354 1959/4515/354 1942/6296/354
f 1960/4516/109 1985/4518/109 1983/6297/109
f 1962/4519/50 2008/4521/50 1939/6298/50
f 1941/4522/353 2006/4524/353 1984/6299/353
f 1940/4525/353 2003/4527/353 1982/6300/353
f 1961/4528/109 1984/4530/109 2003/6301/109
f 1938/4531/50 2006/4533/50 1963/6302/50
f 1986/4534/355 1988/4536/355 1987/6303/355
f 1990/4537/356 1987/4539/356 1991/6304/356
f 1993/4540/427 1990/4542/427 1991/6305/427
f 1988/4543/358 1992/4545/358 1993/6306/358
f 1991/4546/50 1988/4548/50 1993/6307/50
f 1995/4554/361 1997/4556/361 1996/6308/361
f 1998/4557/362 1995/4559/362 1999/6309/362
f 2001/4560/363 1998/4562/363 1999/6310/363
f 1996/4563/364 2000/4565/364 2001/6311/364
f 1999/4566/50 1996/4568/50 2001/6312/50
f 1998/4569/109 1997/4571/109 1994/6313/109
f 2009/4579/365 2011/4581/365 2010/6314/365
f 2014/4582/366 2009/4584/366 2010/6315/366
f 2016/4585/367 2013/4587/367 2014/6316/367
f 2011/4588/368 2015/4590/368 2016/6317/368
f 2014/4591/50 2011/4593/50 2016/6318/50
f 2018/4595/369 2020/4597/369 2019/6319/369
f 2022/4598/366 2017/4600/366 2018/6320/366
f 2024/4601/370 2021/4603/370 2022/6321/370
f 2019/4604/368 2023/4606/368 2024/6322/368
f 2022/4607/50 2019/4609/50 2024/6323/50
f 2021/4610/109 2020/4612/109 2017/6324/109
f 1981/4613/368 2051/4615/368 2004/6325/368
f 2026/4616/366 2008/4618/366 2028/6326/366
f 2002/4619/50 2029/4621/50 2031/6327/50
f 2007/4622/109 2025/4624/109 1981/6328/109
f 2049/4625/366 2005/4627/366 1983/6329/366
f 2031/4628/366 1985/4630/366 2002/6330/366
f 1985/4631/109 2049/4633/109 1983/6331/109
f 2008/4634/50 2027/4636/50 2028/6332/50
f 1984/4637/368 2052/4639/368 2030/6333/368
f 1982/4640/368 2050/4642/368 2029/6334/368
f 1984/4643/109 2050/4645/109 2003/6335/109
f 2006/4646/50 2051/4648/50 2052/6336/50
f 2032/4649/428 2034/4651/428 2033/6337/428
f 2037/4652/362 2032/4654/362 2033/6338/362
f 2039/4655/372 2036/4657/372 2037/6339/372
f 2034/4658/373 2038/4660/373 2039/6340/373
f 2033/4661/50 2039/4663/50 2037/6341/50
f 2040/4664/374 2042/4666/374 2041/6342/374
f 2044/4667/356 2041/4669/356 2045/6343/356
f 2047/4670/375 2044/4672/375 2045/6344/375
f 2042/4673/373 2046/4675/373 2047/6345/373
f 2041/4676/50 2047/4678/50 2045/6346/50
f 2040/4679/109 2046/4681/109 2043/6347/109
f 2054/4682/376 2056/4684/376 2055/6348/376
f 2057/4685/362 2054/4687/362 2058/6349/362
f 2060/4688/377 2057/4690/377 2058/6350/377
f 2055/4691/378 2059/4693/378 2060/6351/378
f 2054/4694/50 2060/4696/50 2058/6352/50
f 2062/4697/379 2064/4699/379 2063/6353/379
f 2066/4700/380 2061/4702/380 2062/6354/380
f 2068/4703/381 2065/4705/381 2066/6355/381
f 2063/4706/382 2067/4708/382 2068/6356/382
f 2062/4709/50 2068/4711/50 2066/6357/50
f 2061/4712/109 2067/4714/109 2064/6358/109
f 2089/4715/383 2051/4717/383 2025/6359/383
f 2069/4718/384 2028/4720/384 2092/6360/384
f 2072/4721/50 2029/4723/50 2070/6361/50
f 2025/4724/109 2069/4726/109 2089/6362/109
f 2071/4727/384 2027/4729/384 2049/6363/384
f 2072/4730/384 2048/4732/384 2031/6364/384
f 2049/4733/109 2073/4735/109 2071/6365/109
f 2027/4736/50 2092/4738/50 2028/6366/50
f 2030/4739/383 2091/4741/383 2086/6367/383
f 2029/4742/383 2087/4744/383 2070/6368/383
f 2050/4745/109 2086/4747/109 2087/6369/109
f 2051/4748/50 2091/4750/50 2052/6370/50
f 2075/4751/385 2077/4753/385 2076/6371/385
f 2079/4754/386 2074/4756/386 2075/6372/386
f 2080/4757/387 2079/4759/387 2081/6373/387
f 2076/4760/388 2080/4762/388 2081/6374/388
f 2079/4763/50 2076/4765/50 2081/6375/50
f 109/4766/113 2083/217/113 2082/218/113
f 2085/4767/389 110/4769/389 111/6376/389
f 2083/224/114 2082/222/114 2085/4770/114
f 111/4771/112 2082/4773/112 2085/6377/112
f 110/226/109 2083/4774/109 108/225/109
f 2094/4775/391 2096/4777/391 2095/6378/391
f 2098/4778/386 2093/4780/386 2094/6379/386
f 2100/4781/392 2097/4783/392 2098/6380/392
f 2096/4784/388 2100/4786/388 2095/6381/388
f 2098/4787/50 2095/4789/50 2100/6382/50
f 2101/4790/388 2103/4792/388 2104/6383/388
f 98/199/109 2102/4793/109 96/198/109
f 2089/4794/393 2106/4796/393 2088/6384/393
f 2069/4802/394 2109/4804/394 2107/6385/394
f 2072/4805/50 2112/4807/50 2115/6386/50
f 2069/4808/109 2105/4810/109 2089/6387/109
f 2113/4811/394 2090/4813/394 2071/6388/394
f 2115/4814/394 2073/4816/394 2072/6389/394
f 2073/4817/109 2113/4819/109 2071/6390/109
f 2092/4820/50 2108/4822/50 2109/6391/50
f 2086/4823/393 2110/4825/393 2114/6392/393
f 2070/4826/393 2111/4828/393 2112/6393/393
f 2086/4829/109 2111/4831/109 2087/6394/109
f 2091/4832/50 2106/4834/50 2110/6395/50
f 2118/4835/395 2120/4837/395 2119/6396/395
f 2122/4838/396 2117/4840/396 2118/6397/396
f 2124/4841/397 2121/4843/397 2122/6398/397
f 2120/4844/398 2124/4846/398 2119/6399/398
f 2122/4847/50 2119/4849/50 2124/6400/50
f 285/5012/108 284/614/108 283/615/108
f 283/615/108 284/614/108 2145/619/108
f 284/614/109 279/620/109 2145/619/109
f 302/5022/6 2146/6401/6 298/5023/6
f 304/5026/108 303/641/108 302/642/108
f 302/642/108 303/641/108 2146/6401/108
f 303/641/109 298/5023/109 2146/6401/109
s 1
f 2157/6402/429 2147/6403/429 2167/6404/430
f 2166/6405/431 2170/6406/431 2158/6407/432
f 2162/6408/50 2161/6409/50 2155/6410/50
f 2157/6411/109 2159/6412/109 2166/6413/109
f 2164/6414/431 2153/6415/432 2148/6416/432
f 2162/6417/431 2152/6418/432 2150/6419/432
f 2153/6420/109 2164/6421/109 2163/6422/109
f 2170/6423/50 2169/6424/50 2148/6425/50
f 2151/6426/433 2160/6427/430 2168/6428/430
f 2155/6429/434 2161/6430/430 2165/6431/430
f 2154/6432/109 2165/6433/109 2160/6434/109
f 2168/6435/50 2167/6436/50 2147/6437/50
f 2159/6438/430 2167/6439/430 2171/6440/435
f 2179/6441/436 2172/6442/436 2170/6443/431
f 2178/6444/50 2161/6445/50 2162/6446/50
f 2180/6447/109 2179/6448/109 2166/6449/109
f 2164/6450/431 2169/6451/431 2182/6452/436
f 2174/6453/436 2162/6454/431 2163/6455/431
f 2173/6456/109 2176/6457/109 2163/6458/109
f 2170/6459/50 2172/6460/50 2182/6461/50
f 2160/6462/430 2175/6463/435 2181/6464/435
f 2161/6465/430 2178/6466/435 2177/6467/435
f 2177/6468/109 2175/6469/109 2160/6470/109
f 2168/6471/50 2181/6472/50 2171/6473/50
f 2180/6474/435 2171/6475/435 2191/6476/437
f 2189/6477/438 2194/6478/438 2172/6479/436
f 2186/6480/50 2184/6481/50 2178/6482/50
f 2180/6483/109 2190/6484/109 2189/6485/109
f 2183/6486/438 2173/6487/436 2182/6488/436
f 2186/6489/438 2174/6490/436 2176/6491/436
f 2173/6492/109 2183/6493/109 2187/6494/109
f 2194/6495/50 2193/6496/50 2182/6497/50
f 2175/6498/435 2185/6499/437 2192/6500/437
f 2178/6501/435 2184/6502/437 2188/6503/437
f 2177/6504/109 2188/6505/109 2185/6506/109
f 2192/6507/50 2191/6508/50 2171/6509/50
f 2190/6510/437 2191/6511/437 2205/6512/439
f 2206/6513/440 2194/6514/438 2189/6515/438
f 2202/6516/50 2184/6517/50 2186/6518/50
f 2204/6519/109 2203/6520/109 2189/6521/109
f 2200/6522/440 2183/6523/438 2193/6524/438
f 2198/6525/440 2186/6526/438 2187/6527/438
f 2200/6528/109 2199/6529/109 2187/6530/109
f 2194/6531/50 2206/6532/50 2195/6533/50
f 2185/6534/437 2197/6535/439 2196/6536/439
f 2184/6537/437 2202/6538/439 2201/6539/439
f 2201/6540/109 2197/6541/109 2185/6542/109
f 2192/6543/50 2196/6544/50 2205/6545/50
f 2205/6546/439 2208/6547/441 2207/6548/441
f 2216/6549/442 2209/6550/442 2206/6551/440
f 2213/6552/50 2202/6553/50 2198/6554/50
f 2207/6555/109 2216/6556/109 2203/6557/109
f 2210/6558/442 2200/6559/440 2195/6560/440
f 2212/6561/442 2198/6562/440 2199/6563/440
f 2210/6564/109 2211/6565/109 2199/6566/109
f 2206/6567/50 2209/6568/50 2218/6569/50
f 2197/6570/439 2214/6571/441 2217/6572/441
f 2202/6573/439 2213/6574/441 2215/6575/441
f 2215/6576/109 2214/6577/109 2197/6578/109
f 2196/6579/50 2217/6580/50 2208/6581/50
f 2207/6582/441 2208/6583/441 2229/6584/443
f 2227/6585/444 2220/6586/445 2209/6587/442
f 2223/6588/50 2226/6589/50 2213/6590/50
f 2207/6591/109 2228/6592/109 2227/6593/109
f 2222/6594/446 2210/6595/442 2218/6596/442
f 2212/6597/442 2211/6598/442 2224/6599/447
f 2210/6600/109 2222/6601/109 2224/6602/109
f 2220/6603/50 2230/6604/50 2218/6605/50
f 2214/6606/441 2221/6607/448 2219/6608/449
f 2213/6609/441 2226/6610/448 2225/6611/449
f 2215/6612/109 2225/6613/109 2221/6614/109
f 2219/6615/50 2229/6616/50 2208/6617/50
f 2228/6618/450 2229/6619/443 2239/6620/451
f 2237/6621/452 2242/6622/453 2220/6623/445
f 2236/6624/50 2226/6625/50 2223/6626/50
f 2238/6627/109 2237/6628/109 2227/6629/109
f 2231/6630/454 2222/6631/446 2230/6632/455
f 2234/6633/454 2223/6634/456 2224/6635/447
f 2231/6636/109 2232/6637/109 2224/6638/109
f 2220/6639/50 2242/6640/50 2241/6641/50
f 2221/6642/448 2233/6643/457 2240/6644/458
f 2226/6645/448 2236/6646/457 2235/6647/458
f 2235/6648/109 2233/6649/109 2221/6650/109
f 2219/6651/50 2240/6652/50 2239/6653/50
f 2238/6654/459 2239/6655/451 2252/6656/460
f 2250/6657/461 2254/6658/462 2242/6659/453
f 2249/6660/463 2236/6661/50 2234/6662/50
f 2251/6663/464 2250/6664/465 2237/6665/109
f 2245/6666/466 2231/6667/454 2241/6668/467
f 2247/6669/468 2234/6670/454 2232/6671/467
f 2245/6672/469 2248/6673/470 2232/6674/109
f 2242/6675/50 2254/6676/471 2243/6677/472
f 2233/6678/457 2244/6679/473 2253/6680/474
f 2236/6681/457 2249/6682/475 2246/6683/476
f 2246/6684/477 2244/6685/478 2233/6686/109
f 2240/6687/50 2253/6688/479 2252/6689/480
f 2252/6690/481 2253/6691/482 2251/6692/483
f 2253/6691/482 2243/6693/484 2250/6694/485
f 2243/6693/484 2253/6691/482 2245/6695/486
f 2251/6692/483 2253/6691/482 2250/6694/485
f 2248/6696/487 2245/6695/486 2247/6697/488
f 2254/6698/489 2250/6694/485 2243/6693/484
f 2244/6699/490 2245/6695/486 2253/6691/482
f 2247/6697/488 2244/6699/490 2249/6700/491
f 2245/6695/486 2244/6699/490 2247/6697/488
f 2244/6699/490 2246/6701/492 2249/6700/491
f 2157/6411/109 2156/6702/109 2261/6703/109
f 2154/6432/109 2151/6704/109 2255/6705/109
f 2152/6418/432 2258/6706/493 2257/6707/493
f 2158/6407/432 2266/6708/493 2261/6709/493
f 2151/6426/433 2149/6710/433 2264/6711/494
f 2147/6403/429 2157/6402/429 2262/6712/495
f 2147/6437/50 2263/6713/50 2264/6714/50
f 2150/6715/109 2257/6716/109 2256/6717/109
f 2155/6718/50 2260/6719/50 2258/6720/50
f 2153/6415/432 2256/6721/493 2265/6722/493
f 2158/6723/50 2148/6425/50 2265/6724/50
f 2155/6429/434 2154/6725/434 2259/6726/496
f 2283/6727/497 2269/6728/497 2270/6729/497
f 2271/6730/498 2285/6731/498 2282/6732/498
f 2278/6733/50 2290/6734/50 2289/6735/50
f 2283/6736/109 2285/6737/109 2271/6738/109
f 2276/6739/498 2272/6740/498 2286/6741/498
f 2278/6742/498 2267/6743/498 2279/6744/498
f 2281/6745/109 2279/6746/109 2267/6747/109
f 2282/6748/50 2286/6749/50 2272/6750/50
f 2280/6751/497 2287/6752/497 2268/6753/497
f 2289/6754/497 2288/6755/497 2274/6756/497
f 2288/6757/109 2280/6758/109 2277/6759/109
f 2287/6760/50 2284/6761/50 2270/6762/50
f 2293/6763/497 2283/6764/497 2284/6765/497
f 2285/6766/498 2294/6767/498 2296/6768/498
f 2290/6769/50 2302/6770/50 2299/6771/50
f 2293/6772/109 2294/6773/109 2285/6774/109
f 2286/6775/498 2295/6776/498 2300/6777/498
f 2290/6778/498 2279/6779/498 2291/6780/498
f 2300/6781/109 2291/6782/109 2279/6783/109
f 2296/6784/50 2295/6785/50 2286/6786/50
f 2301/6787/497 2297/6788/497 2287/6789/497
f 2299/6790/497 2298/6791/497 2288/6792/497
f 2301/6793/109 2280/6794/109 2288/6795/109
f 2297/6796/50 2292/6797/50 2284/6798/50
f 2305/6799/497 2293/6800/497 2292/6801/497
f 2294/6802/498 2306/6803/498 2307/6804/498
f 2302/6805/50 2314/6806/50 2311/6807/50
f 2305/6808/109 2306/6809/109 2294/6810/109
f 2300/6811/498 2295/6812/498 2308/6813/498
f 2302/6814/498 2291/6815/498 2303/6816/498
f 2312/6817/109 2303/6818/109 2291/6819/109
f 2307/6820/50 2308/6821/50 2295/6822/50
f 2313/6823/497 2309/6824/497 2297/6825/497
f 2311/6826/497 2310/6827/497 2298/6828/497
f 2310/6829/109 2313/6830/109 2301/6831/109
f 2309/6832/50 2304/6833/50 2292/6834/50
f 2315/6835/497 2305/6836/497 2304/6837/497
f 2306/6838/498 2317/6839/498 2319/6840/498
f 2325/6841/50 2322/6842/50 2311/6843/50
f 2315/6844/499 2317/6845/499 2306/6846/109
f 2312/6847/498 2308/6848/498 2318/6849/498
f 2314/6850/498 2303/6851/498 2326/6852/498
f 2323/6853/109 2326/6854/109 2303/6855/109
f 2319/6856/50 2318/6857/50 2308/6858/50
f 2324/6859/497 2320/6860/497 2309/6861/497
f 2322/6862/497 2321/6863/497 2310/6864/497
f 2321/6865/109 2324/6866/109 2313/6867/109
f 2320/6868/50 2316/6869/50 2304/6870/50
f 2317/6839/498 2333/6871/498 2331/6872/498
f 2315/6835/497 2316/6873/497 2330/6874/497
f 2325/6875/498 2326/6852/498 2327/6876/498
f 2323/6877/498 2318/6849/498 2334/6878/498
f 2326/6854/109 2323/6853/109 2337/6879/109
f 2322/6880/50 2325/6881/50 2338/6882/50
f 2318/6857/50 2319/6856/50 2331/6883/50
f 2316/6869/50 2320/6868/50 2335/6884/50
f 2324/6866/109 2321/6865/109 2336/6885/109
f 2317/6845/499 2315/6844/499 2332/6886/500
f 2321/6863/497 2322/6862/497 2329/6887/497
f 2320/6860/497 2324/6859/497 2328/6888/497
f 2270/6889/501 2269/6890/501 2268/6891/501
f 2272/6892/501 2268/6891/501 2269/6890/501
f 2271/6893/501 2272/6892/501 2269/6890/501
f 2273/6894/501 2272/6892/501 2271/6893/501
f 2268/6891/501 2272/6892/501 2277/6895/501
f 2272/6892/501 2276/6896/501 2277/6895/501
f 2275/6897/501 2274/6898/501 2277/6895/501
f 2277/6895/501 2276/6896/501 2275/6897/501
f 2275/6897/501 2276/6896/501 2278/6899/501
f 2276/6896/501 2267/6900/501 2278/6899/501
f 2157/6402/429 2167/6404/430 2159/6901/430
f 2166/6405/431 2158/6407/432 2156/6902/432
f 2162/6408/50 2155/6410/50 2152/6903/50
f 2157/6411/109 2166/6413/109 2156/6702/109
f 2164/6414/431 2148/6416/432 2169/6904/431
f 2162/6417/431 2150/6419/432 2163/6905/431
f 2153/6420/109 2163/6422/109 2150/6715/109
f 2170/6423/50 2148/6425/50 2158/6723/50
f 2151/6426/433 2168/6428/430 2149/6710/433
f 2155/6429/434 2165/6431/430 2154/6725/434
f 2154/6432/109 2160/6434/109 2151/6704/109
f 2168/6435/50 2147/6437/50 2149/6906/50
f 2159/6438/430 2171/6440/435 2180/6907/435
f 2179/6441/436 2170/6443/431 2166/6908/431
f 2178/6444/50 2162/6446/50 2174/6909/50
f 2180/6447/109 2166/6449/109 2159/6910/109
f 2164/6450/431 2182/6452/436 2173/6911/436
f 2174/6453/436 2163/6455/431 2176/6912/436
f 2173/6456/109 2163/6458/109 2164/6913/109
f 2170/6459/50 2182/6461/50 2169/6914/50
f 2160/6462/430 2181/6464/435 2168/6915/430
f 2161/6465/430 2177/6467/435 2165/6916/430
f 2177/6468/109 2160/6470/109 2165/6917/109
f 2168/6471/50 2171/6473/50 2167/6918/50
f 2180/6474/435 2191/6476/437 2190/6919/437
f 2189/6477/438 2172/6479/436 2179/6920/436
f 2186/6480/50 2178/6482/50 2174/6921/50
f 2180/6483/109 2189/6485/109 2179/6922/109
f 2183/6486/438 2182/6488/436 2193/6923/438
f 2186/6489/438 2176/6491/436 2187/6924/438
f 2173/6492/109 2187/6494/109 2176/6925/109
f 2194/6495/50 2182/6497/50 2172/6926/50
f 2175/6498/435 2192/6500/437 2181/6927/435
f 2178/6501/435 2188/6503/437 2177/6928/435
f 2177/6504/109 2185/6506/109 2175/6929/109
f 2192/6507/50 2171/6509/50 2181/6930/50
f 2190/6510/437 2205/6512/439 2204/6931/439
f 2206/6513/440 2189/6515/438 2203/6932/440
f 2202/6516/50 2186/6518/50 2198/6933/50
f 2204/6519/109 2189/6521/109 2190/6934/109
f 2200/6522/440 2193/6524/438 2195/6935/440
f 2198/6525/440 2187/6527/438 2199/6936/440
f 2200/6528/109 2187/6530/109 2183/6937/109
f 2194/6531/50 2195/6533/50 2193/6938/50
f 2185/6534/437 2196/6536/439 2192/6939/437
f 2184/6537/437 2201/6539/439 2188/6940/437
f 2201/6540/109 2185/6542/109 2188/6941/109
f 2192/6543/50 2205/6545/50 2191/6942/50
f 2205/6546/439 2207/6548/441 2204/6943/439
f 2216/6549/442 2206/6551/440 2203/6944/440
f 2213/6552/50 2198/6554/50 2212/6945/50
f 2207/6555/109 2203/6557/109 2204/6946/109
f 2210/6558/442 2195/6560/440 2218/6947/442
f 2212/6561/442 2199/6563/440 2211/6948/442
f 2210/6564/109 2199/6566/109 2200/6949/109
f 2206/6567/50 2218/6569/50 2195/6950/50
f 2197/6570/439 2217/6572/441 2196/6951/439
f 2202/6573/439 2215/6575/441 2201/6952/439
f 2215/6576/109 2197/6578/109 2201/6953/109
f 2196/6579/50 2208/6581/50 2205/6954/50
f 2207/6582/441 2229/6584/443 2228/6955/450
f 2227/6585/444 2209/6587/442 2216/6956/442
f 2223/6588/50 2213/6590/50 2212/6957/50
f 2207/6591/109 2227/6593/109 2216/6958/109
f 2222/6594/446 2218/6596/442 2230/6959/455
f 2212/6597/442 2224/6599/447 2223/6960/456
f 2210/6600/109 2224/6602/109 2211/6961/109
f 2220/6603/50 2218/6605/50 2209/6962/50
f 2214/6606/441 2219/6608/449 2217/6963/441
f 2213/6609/441 2225/6611/449 2215/6964/441
f 2215/6612/109 2221/6614/109 2214/6965/109
f 2219/6615/50 2208/6617/50 2217/6966/50
f 2228/6618/450 2239/6620/451 2238/6967/459
f 2237/6621/452 2220/6623/445 2227/6968/444
f 2236/6624/50 2223/6626/50 2234/6969/50
f 2238/6627/109 2227/6629/109 2228/6970/109
f 2231/6630/454 2230/6632/455 2241/6971/467
f 2234/6633/454 2224/6635/447 2232/6972/467
f 2231/6636/109 2224/6638/109 2222/6973/109
f 2220/6639/50 2241/6641/50 2230/6974/50
f 2221/6642/448 2240/6644/458 2219/6975/449
f 2226/6645/448 2235/6647/458 2225/6976/449
f 2235/6648/109 2221/6650/109 2225/6977/109
f 2219/6651/50 2239/6653/50 2229/6978/50
f 2238/6654/459 2252/6656/460 2251/6979/502
f 2250/6657/461 2242/6659/453 2237/6980/452
f 2249/6660/463 2234/6662/50 2247/6981/503
f 2251/6663/464 2237/6665/109 2238/6982/109
f 2245/6666/466 2241/6668/467 2243/6983/504
f 2247/6669/468 2232/6671/467 2248/6984/505
f 2245/6672/469 2232/6674/109 2231/6985/109
f 2242/6675/50 2243/6677/472 2241/6986/50
f 2233/6678/457 2253/6680/474 2240/6987/458
f 2236/6681/457 2246/6683/476 2235/6988/458
f 2246/6684/477 2233/6686/109 2235/6989/109
f 2240/6687/50 2252/6689/480 2239/6990/50
f 2157/6411/109 2261/6703/109 2262/6991/109
f 2154/6432/109 2255/6705/109 2259/6992/109
f 2152/6418/432 2257/6707/493 2150/6419/432
f 2158/6407/432 2261/6709/493 2156/6902/432
f 2151/6426/433 2264/6711/494 2255/6993/494
f 2147/6403/429 2262/6712/495 2263/6994/495
f 2147/6437/50 2264/6714/50 2149/6906/50
f 2150/6715/109 2256/6717/109 2153/6420/109
f 2155/6718/50 2258/6720/50 2152/6995/50
f 2153/6415/432 2265/6722/493 2148/6416/432
f 2158/6723/50 2265/6724/50 2266/6996/50
f 2155/6429/434 2259/6726/496 2260/6997/496
f 2283/6727/497 2270/6729/497 2284/6998/497
f 2271/6730/498 2282/6732/498 2273/6999/498
f 2278/6733/50 2289/6735/50 2275/7000/50
f 2283/6736/109 2271/6738/109 2269/7001/109
f 2276/6739/498 2286/6741/498 2281/7002/498
f 2278/6742/498 2279/6744/498 2290/7003/498
f 2281/6745/109 2267/6747/109 2276/7004/109
f 2282/6748/50 2272/6750/50 2273/7005/50
f 2280/6751/497 2268/6753/497 2277/7006/497
f 2289/6754/497 2274/6756/497 2275/7007/497
f 2288/6757/109 2277/6759/109 2274/7008/109
f 2287/6760/50 2270/6762/50 2268/7009/50
f 2293/6763/497 2284/6765/497 2292/7010/497
f 2285/6766/498 2296/6768/498 2282/7011/498
f 2290/6769/50 2299/6771/50 2289/7012/50
f 2293/6772/109 2285/6774/109 2283/7013/109
f 2286/6775/498 2300/6777/498 2281/7014/498
f 2290/6778/498 2291/6780/498 2302/7015/498
f 2300/6781/109 2279/6783/109 2281/7016/109
f 2296/6784/50 2286/6786/50 2282/7017/50
f 2301/6787/497 2287/6789/497 2280/7018/497
f 2299/6790/497 2288/6792/497 2289/7019/497
f 2301/6793/109 2288/6795/109 2298/7020/109
f 2297/6796/50 2284/6798/50 2287/7021/50
f 2305/6799/497 2292/6801/497 2304/7022/497
f 2294/6802/498 2307/6804/498 2296/7023/498
f 2302/6805/50 2311/6807/50 2299/7024/50
f 2305/6808/109 2294/6810/109 2293/7025/109
f 2300/6811/498 2308/6813/498 2312/7026/498
f 2302/6814/498 2303/6816/498 2314/7027/498
f 2312/6817/109 2291/6819/109 2300/7028/109
f 2307/6820/50 2295/6822/50 2296/7029/50
f 2313/6823/497 2297/6825/497 2301/7030/497
f 2311/6826/497 2298/6828/497 2299/7031/497
f 2310/6829/109 2301/6831/109 2298/7032/109
f 2309/6832/50 2292/6834/50 2297/7033/50
f 2315/6835/497 2304/6837/497 2316/6873/497
f 2306/6838/498 2319/6840/498 2307/7034/498
f 2325/6841/50 2311/6843/50 2314/7035/50
f 2315/6844/499 2306/6846/109 2305/7036/109
f 2312/6847/498 2318/6849/498 2323/6877/498
f 2314/6850/498 2326/6852/498 2325/6875/498
f 2323/6853/109 2303/6855/109 2312/7037/109
f 2319/6856/50 2308/6858/50 2307/7038/50
f 2324/6859/497 2309/6861/497 2313/7039/497
f 2322/6862/497 2310/6864/497 2311/7040/497
f 2321/6865/109 2313/6867/109 2310/7041/109
f 2320/6868/50 2304/6870/50 2309/7042/50
f 2317/6839/498 2331/6872/498 2319/6840/498
f 2315/6835/497 2330/6874/497 2332/7043/497
f 2325/6875/498 2327/6876/498 2338/7044/498
f 2323/6877/498 2334/6878/498 2337/7045/498
f 2326/6854/109 2337/6879/109 2327/7046/109
f 2322/6880/50 2338/6882/50 2329/7047/50
f 2318/6857/50 2331/6883/50 2334/7048/50
f 2316/6869/50 2335/6884/50 2330/7049/50
f 2324/6866/109 2336/6885/109 2328/7050/109
f 2317/6845/499 2332/6886/500 2333/7051/500
f 2321/6863/497 2329/6887/497 2336/7052/497
f 2320/6860/497 2328/6888/497 2335/7053/497
